Date,ABBV
2010-01-04,
2010-01-05,
2010-01-06,
2010-01-07,
2010-01-08,
2010-01-11,
2010-01-12,
2010-01-13,
2010-01-14,
2010-01-15,
2010-01-19,
2010-01-20,
2010-01-21,
2010-01-22,
2010-01-25,
2010-01-26,
2010-01-27,
2010-01-28,
2010-01-29,
2010-02-01,
2010-02-02,
2010-02-03,
2010-02-04,
2010-02-05,
2010-02-08,
2010-02-09,
2010-02-10,
2010-02-11,
2010-02-12,
2010-02-16,
2010-02-17,
2010-02-18,
2010-02-19,
2010-02-22,
2010-02-23,
2010-02-24,
2010-02-25,
2010-02-26,
2010-03-01,
2010-03-02,
2010-03-03,
2010-03-04,
2010-03-05,
2010-03-08,
2010-03-09,
2010-03-10,
2010-03-11,
2010-03-12,
2010-03-15,
2010-03-16,
2010-03-17,
2010-03-18,
2010-03-19,
2010-03-22,
2010-03-23,
2010-03-24,
2010-03-25,
2010-03-26,
2010-03-29,
2010-03-30,
2010-03-31,
2010-04-01,
2010-04-05,
2010-04-06,
2010-04-07,
2010-04-08,
2010-04-09,
2010-04-12,
2010-04-13,
2010-04-14,
2010-04-15,
2010-04-16,
2010-04-19,
2010-04-20,
2010-04-21,
2010-04-22,
2010-04-23,
2010-04-26,
2010-04-27,
2010-04-28,
2010-04-29,
2010-04-30,
2010-05-03,
2010-05-04,
2010-05-05,
2010-05-06,
2010-05-07,
2010-05-10,
2010-05-11,
2010-05-12,
2010-05-13,
2010-05-14,
2010-05-17,
2010-05-18,
2010-05-19,
2010-05-20,
2010-05-21,
2010-05-24,
2010-05-25,
2010-05-26,
2010-05-27,
2010-05-28,
2010-06-01,
2010-06-02,
2010-06-03,
2010-06-04,
2010-06-07,
2010-06-08,
2010-06-09,
2010-06-10,
2010-06-11,
2010-06-14,
2010-06-15,
2010-06-16,
2010-06-17,
2010-06-18,
2010-06-21,
2010-06-22,
2010-06-23,
2010-06-24,
2010-06-25,
2010-06-28,
2010-06-29,
2010-06-30,
2010-07-01,
2010-07-02,
2010-07-06,
2010-07-07,
2010-07-08,
2010-07-09,
2010-07-12,
2010-07-13,
2010-07-14,
2010-07-15,
2010-07-16,
2010-07-19,
2010-07-20,
2010-07-21,
2010-07-22,
2010-07-23,
2010-07-26,
2010-07-27,
2010-07-28,
2010-07-29,
2010-07-30,
2010-08-02,
2010-08-03,
2010-08-04,
2010-08-05,
2010-08-06,
2010-08-09,
2010-08-10,
2010-08-11,
2010-08-12,
2010-08-13,
2010-08-16,
2010-08-17,
2010-08-18,
2010-08-19,
2010-08-20,
2010-08-23,
2010-08-24,
2010-08-25,
2010-08-26,
2010-08-27,
2010-08-30,
2010-08-31,
2010-09-01,
2010-09-02,
2010-09-03,
2010-09-07,
2010-09-08,
2010-09-09,
2010-09-10,
2010-09-13,
2010-09-14,
2010-09-15,
2010-09-16,
2010-09-17,
2010-09-20,
2010-09-21,
2010-09-22,
2010-09-23,
2010-09-24,
2010-09-27,
2010-09-28,
2010-09-29,
2010-09-30,
2010-10-01,
2010-10-04,
2010-10-05,
2010-10-06,
2010-10-07,
2010-10-08,
2010-10-11,
2010-10-12,
2010-10-13,
2010-10-14,
2010-10-15,
2010-10-18,
2010-10-19,
2010-10-20,
2010-10-21,
2010-10-22,
2010-10-25,
2010-10-26,
2010-10-27,
2010-10-28,
2010-10-29,
2010-11-01,
2010-11-02,
2010-11-03,
2010-11-04,
2010-11-05,
2010-11-08,
2010-11-09,
2010-11-10,
2010-11-11,
2010-11-12,
2010-11-15,
2010-11-16,
2010-11-17,
2010-11-18,
2010-11-19,
2010-11-22,
2010-11-23,
2010-11-24,
2010-11-26,
2010-11-29,
2010-11-30,
2010-12-01,
2010-12-02,
2010-12-03,
2010-12-06,
2010-12-07,
2010-12-08,
2010-12-09,
2010-12-10,
2010-12-13,
2010-12-14,
2010-12-15,
2010-12-16,
2010-12-17,
2010-12-20,
2010-12-21,
2010-12-22,
2010-12-23,
2010-12-27,
2010-12-28,
2010-12-29,
2010-12-30,
2010-12-31,
2011-01-03,
2011-01-04,
2011-01-05,
2011-01-06,
2011-01-07,
2011-01-10,
2011-01-11,
2011-01-12,
2011-01-13,
2011-01-14,
2011-01-18,
2011-01-19,
2011-01-20,
2011-01-21,
2011-01-24,
2011-01-25,
2011-01-26,
2011-01-27,
2011-01-28,
2011-01-31,
2011-02-01,
2011-02-02,
2011-02-03,
2011-02-04,
2011-02-07,
2011-02-08,
2011-02-09,
2011-02-10,
2011-02-11,
2011-02-14,
2011-02-15,
2011-02-16,
2011-02-17,
2011-02-18,
2011-02-22,
2011-02-23,
2011-02-24,
2011-02-25,
2011-02-28,
2011-03-01,
2011-03-02,
2011-03-03,
2011-03-04,
2011-03-07,
2011-03-08,
2011-03-09,
2011-03-10,
2011-03-11,
2011-03-14,
2011-03-15,
2011-03-16,
2011-03-17,
2011-03-18,
2011-03-21,
2011-03-22,
2011-03-23,
2011-03-24,
2011-03-25,
2011-03-28,
2011-03-29,
2011-03-30,
2011-03-31,
2011-04-01,
2011-04-04,
2011-04-05,
2011-04-06,
2011-04-07,
2011-04-08,
2011-04-11,
2011-04-12,
2011-04-13,
2011-04-14,
2011-04-15,
2011-04-18,
2011-04-19,
2011-04-20,
2011-04-21,
2011-04-25,
2011-04-26,
2011-04-27,
2011-04-28,
2011-04-29,
2011-05-02,
2011-05-03,
2011-05-04,
2011-05-05,
2011-05-06,
2011-05-09,
2011-05-10,
2011-05-11,
2011-05-12,
2011-05-13,
2011-05-16,
2011-05-17,
2011-05-18,
2011-05-19,
2011-05-20,
2011-05-23,
2011-05-24,
2011-05-25,
2011-05-26,
2011-05-27,
2011-05-31,
2011-06-01,
2011-06-02,
2011-06-03,
2011-06-06,
2011-06-07,
2011-06-08,
2011-06-09,
2011-06-10,
2011-06-13,
2011-06-14,
2011-06-15,
2011-06-16,
2011-06-17,
2011-06-20,
2011-06-21,
2011-06-22,
2011-06-23,
2011-06-24,
2011-06-27,
2011-06-28,
2011-06-29,
2011-06-30,
2011-07-01,
2011-07-05,
2011-07-06,
2011-07-07,
2011-07-08,
2011-07-11,
2011-07-12,
2011-07-13,
2011-07-14,
2011-07-15,
2011-07-18,
2011-07-19,
2011-07-20,
2011-07-21,
2011-07-22,
2011-07-25,
2011-07-26,
2011-07-27,
2011-07-28,
2011-07-29,
2011-08-01,
2011-08-02,
2011-08-03,
2011-08-04,
2011-08-05,
2011-08-08,
2011-08-09,
2011-08-10,
2011-08-11,
2011-08-12,
2011-08-15,
2011-08-16,
2011-08-17,
2011-08-18,
2011-08-19,
2011-08-22,
2011-08-23,
2011-08-24,
2011-08-25,
2011-08-26,
2011-08-29,
2011-08-30,
2011-08-31,
2011-09-01,
2011-09-02,
2011-09-06,
2011-09-07,
2011-09-08,
2011-09-09,
2011-09-12,
2011-09-13,
2011-09-14,
2011-09-15,
2011-09-16,
2011-09-19,
2011-09-20,
2011-09-21,
2011-09-22,
2011-09-23,
2011-09-26,
2011-09-27,
2011-09-28,
2011-09-29,
2011-09-30,
2011-10-03,
2011-10-04,
2011-10-05,
2011-10-06,
2011-10-07,
2011-10-10,
2011-10-11,
2011-10-12,
2011-10-13,
2011-10-14,
2011-10-17,
2011-10-18,
2011-10-19,
2011-10-20,
2011-10-21,
2011-10-24,
2011-10-25,
2011-10-26,
2011-10-27,
2011-10-28,
2011-10-31,
2011-11-01,
2011-11-02,
2011-11-03,
2011-11-04,
2011-11-07,
2011-11-08,
2011-11-09,
2011-11-10,
2011-11-11,
2011-11-14,
2011-11-15,
2011-11-16,
2011-11-17,
2011-11-18,
2011-11-21,
2011-11-22,
2011-11-23,
2011-11-25,
2011-11-28,
2011-11-29,
2011-11-30,
2011-12-01,
2011-12-02,
2011-12-05,
2011-12-06,
2011-12-07,
2011-12-08,
2011-12-09,
2011-12-12,
2011-12-13,
2011-12-14,
2011-12-15,
2011-12-16,
2011-12-19,
2011-12-20,
2011-12-21,
2011-12-22,
2011-12-23,
2011-12-27,
2011-12-28,
2011-12-29,
2011-12-30,
2012-01-03,
2012-01-04,
2012-01-05,
2012-01-06,
2012-01-09,
2012-01-10,
2012-01-11,
2012-01-12,
2012-01-13,
2012-01-17,
2012-01-18,
2012-01-19,
2012-01-20,
2012-01-23,
2012-01-24,
2012-01-25,
2012-01-26,
2012-01-27,
2012-01-30,
2012-01-31,
2012-02-01,
2012-02-02,
2012-02-03,
2012-02-06,
2012-02-07,
2012-02-08,
2012-02-09,
2012-02-10,
2012-02-13,
2012-02-14,
2012-02-15,
2012-02-16,
2012-02-17,
2012-02-21,
2012-02-22,
2012-02-23,
2012-02-24,
2012-02-27,
2012-02-28,
2012-02-29,
2012-03-01,
2012-03-02,
2012-03-05,
2012-03-06,
2012-03-07,
2012-03-08,
2012-03-09,
2012-03-12,
2012-03-13,
2012-03-14,
2012-03-15,
2012-03-16,
2012-03-19,
2012-03-20,
2012-03-21,
2012-03-22,
2012-03-23,
2012-03-26,
2012-03-27,
2012-03-28,
2012-03-29,
2012-03-30,
2012-04-02,
2012-04-03,
2012-04-04,
2012-04-05,
2012-04-09,
2012-04-10,
2012-04-11,
2012-04-12,
2012-04-13,
2012-04-16,
2012-04-17,
2012-04-18,
2012-04-19,
2012-04-20,
2012-04-23,
2012-04-24,
2012-04-25,
2012-04-26,
2012-04-27,
2012-04-30,
2012-05-01,
2012-05-02,
2012-05-03,
2012-05-04,
2012-05-07,
2012-05-08,
2012-05-09,
2012-05-10,
2012-05-11,
2012-05-14,
2012-05-15,
2012-05-16,
2012-05-17,
2012-05-18,
2012-05-21,
2012-05-22,
2012-05-23,
2012-05-24,
2012-05-25,
2012-05-29,
2012-05-30,
2012-05-31,
2012-06-01,
2012-06-04,
2012-06-05,
2012-06-06,
2012-06-07,
2012-06-08,
2012-06-11,
2012-06-12,
2012-06-13,
2012-06-14,
2012-06-15,
2012-06-18,
2012-06-19,
2012-06-20,
2012-06-21,
2012-06-22,
2012-06-25,
2012-06-26,
2012-06-27,
2012-06-28,
2012-06-29,
2012-07-02,
2012-07-03,
2012-07-05,
2012-07-06,
2012-07-09,
2012-07-10,
2012-07-11,
2012-07-12,
2012-07-13,
2012-07-16,
2012-07-17,
2012-07-18,
2012-07-19,
2012-07-20,
2012-07-23,
2012-07-24,
2012-07-25,
2012-07-26,
2012-07-27,
2012-07-30,
2012-07-31,
2012-08-01,
2012-08-02,
2012-08-03,
2012-08-06,
2012-08-07,
2012-08-08,
2012-08-09,
2012-08-10,
2012-08-13,
2012-08-14,
2012-08-15,
2012-08-16,
2012-08-17,
2012-08-20,
2012-08-21,
2012-08-22,
2012-08-23,
2012-08-24,
2012-08-27,
2012-08-28,
2012-08-29,
2012-08-30,
2012-08-31,
2012-09-04,
2012-09-05,
2012-09-06,
2012-09-07,
2012-09-10,
2012-09-11,
2012-09-12,
2012-09-13,
2012-09-14,
2012-09-17,
2012-09-18,
2012-09-19,
2012-09-20,
2012-09-21,
2012-09-24,
2012-09-25,
2012-09-26,
2012-09-27,
2012-09-28,
2012-10-01,
2012-10-02,
2012-10-03,
2012-10-04,
2012-10-05,
2012-10-08,
2012-10-09,
2012-10-10,
2012-10-11,
2012-10-12,
2012-10-15,
2012-10-16,
2012-10-17,
2012-10-18,
2012-10-19,
2012-10-22,
2012-10-23,
2012-10-24,
2012-10-25,
2012-10-26,
2012-10-31,
2012-11-01,
2012-11-02,
2012-11-05,
2012-11-06,
2012-11-07,
2012-11-08,
2012-11-09,
2012-11-12,
2012-11-13,
2012-11-14,
2012-11-15,
2012-11-16,
2012-11-19,
2012-11-20,
2012-11-21,
2012-11-23,
2012-11-26,
2012-11-27,
2012-11-28,
2012-11-29,
2012-11-30,
2012-12-03,
2012-12-04,
2012-12-05,
2012-12-06,
2012-12-07,
2012-12-10,
2012-12-11,
2012-12-12,
2012-12-13,
2012-12-14,
2012-12-17,
2012-12-18,
2012-12-19,
2012-12-20,
2012-12-21,
2012-12-24,
2012-12-26,
2012-12-27,
2012-12-28,
2012-12-31,
2013-01-02,21.04910659790039
2013-01-03,20.87530517578125
2013-01-04,20.611583709716797
2013-01-07,20.653533935546875
2013-01-08,20.20402717590332
2013-01-09,20.317907333374023
2013-01-10,20.377838134765625
2013-01-11,20.529455184936523
2013-01-14,20.675020217895508
2013-01-15,20.984317779541016
2013-01-16,21.554418563842773
2013-01-17,22.08812141418457
2013-01-18,22.63395881652832
2013-01-22,22.08812141418457
2013-01-23,22.92506980895996
2013-01-24,22.718860626220703
2013-01-25,22.80376434326172
2013-01-28,22.37316131591797
2013-01-29,22.62788963317871
2013-01-30,22.39742088317871
2013-01-31,22.251869201660156
2013-02-01,22.549047470092773
2013-02-04,22.609691619873047
2013-02-05,22.561182022094727
2013-02-06,22.524789810180664
2013-02-07,22.08812141418457
2013-02-08,21.985017776489258
2013-02-11,21.74242401123047
2013-02-12,21.48163604736328
2013-02-13,21.390666961669922
2013-02-14,22.179096221923828
2013-02-15,22.791635513305664
2013-02-19,23.161590576171875
2013-02-20,23.416318893432617
2013-02-21,23.51941680908203
2013-02-22,23.325342178344727
2013-02-25,22.66427993774414
2013-02-26,22.49445915222168
2013-02-27,22.27613639831543
2013-02-28,22.3913631439209
2013-03-01,22.93113899230957
2013-03-04,23.19192123413086
2013-03-05,22.74918556213379
2013-03-06,22.888681411743164
2013-03-07,22.7370662689209
2013-03-08,22.646081924438477
2013-03-11,22.846227645874023
2013-03-12,22.542984008789062
2013-03-13,22.542984008789062
2013-03-14,22.779510498046875
2013-03-15,23.349605560302734
2013-03-18,23.143402099609375
2013-03-19,23.264699935913086
2013-03-20,23.689233779907227
2013-03-21,23.34354591369629
2013-03-22,23.634658813476562
2013-03-25,23.846925735473633
2013-03-26,24.38669204711914
2013-03-27,24.350303649902344
2013-03-28,24.732393264770508
2013-04-01,24.938589096069336
2013-04-02,24.689931869506836
2013-04-03,24.605030059814453
2013-04-04,25.229707717895508
2013-04-05,25.053829193115234
2013-04-08,25.332799911499023
2013-04-09,25.805870056152344
2013-04-10,26.454790115356445
2013-04-11,26.442556381225586
2013-04-12,26.37522315979004
2013-04-15,25.365266799926758
2013-04-16,25.98348617553711
2013-04-17,25.854949951171875
2013-04-18,25.903913497924805
2013-04-19,25.946758270263672
2013-04-22,27.054658889770508
2013-04-23,27.630020141601562
2013-04-24,27.12810516357422
2013-04-25,27.079139709472656
2013-04-26,28.05849266052246
2013-04-29,27.685117721557617
2013-04-30,28.18702507019043
2013-05-01,27.880985260009766
2013-05-02,26.926111221313477
2013-05-03,27.348453521728516
2013-05-06,27.293376922607422
2013-05-07,27.48925018310547
2013-05-08,26.62006378173828
2013-05-09,27.079139709472656
2013-05-10,27.55045509338379
2013-05-13,27.262767791748047
2013-05-14,27.758556365966797
2013-05-15,28.174789428710938
2013-05-16,28.284975051879883
2013-05-17,28.872573852539062
2013-05-20,28.315574645996094
2013-05-21,28.486949920654297
2013-05-22,28.62161636352539
2013-05-23,28.517560958862305
2013-05-24,27.813655853271484
2013-05-28,27.783052444458008
2013-05-29,26.858776092529297
2013-05-30,27.268892288208008
2013-05-31,26.130395889282227
2013-06-03,26.540489196777344
2013-06-04,26.70575714111328
2013-06-05,26.344623565673828
2013-06-06,26.626192092895508
2013-06-07,26.932241439819336
2013-06-10,26.88326644897461
2013-06-11,26.6812801361084
2013-06-12,26.179359436035156
2013-06-13,26.411954879760742
2013-06-14,26.448684692382812
2013-06-17,26.326265335083008
2013-06-18,26.650663375854492
2013-06-19,26.344623565673828
2013-06-20,25.132665634155273
2013-06-21,26.087541580200195
2013-06-24,25.640714645385742
2013-06-25,26.093671798706055
2013-06-26,26.552738189697266
2013-06-27,26.399717330932617
2013-06-28,25.304058074951172
2013-07-01,25.469322204589844
2013-07-02,25.836580276489258
2013-07-03,25.84882354736328
2013-07-05,26.148757934570312
2013-07-08,26.736364364624023
2013-07-09,26.516014099121094
2013-07-10,26.87715721130371
2013-07-11,27.043935775756836
2013-07-12,27.828439712524414
2013-07-15,27.56281852722168
2013-07-16,27.062469482421875
2013-07-17,27.155126571655273
2013-07-18,27.37750816345215
2013-07-19,27.501049041748047
2013-07-22,27.779027938842773
2013-07-23,27.371320724487305
2013-07-24,26.957456588745117
2013-07-25,27.32808494567871
2013-07-26,27.667827606201172
2013-07-29,27.83462142944336
2013-07-30,27.612239837646484
2013-07-31,28.094064712524414
2013-08-01,27.951980590820312
2013-08-02,27.995235443115234
2013-08-05,27.618410110473633
2013-08-06,27.72342872619629
2013-08-07,27.531930923461914
2013-08-08,27.83462142944336
2013-08-09,27.618410110473633
2013-08-12,27.82225799560547
2013-08-13,27.754318237304688
2013-08-14,27.53811264038086
2013-08-15,26.69183349609375
2013-08-16,26.56210708618164
2013-08-19,26.790660858154297
2013-08-20,26.543577194213867
2013-08-21,26.135879516601562
2013-08-22,26.512685775756836
2013-08-23,26.827735900878906
2013-08-26,26.840084075927734
2013-08-27,26.333559036254883
2013-08-28,26.290313720703125
2013-08-29,26.327377319335938
2013-08-30,26.32120132446289
2013-09-03,26.308839797973633
2013-09-04,26.642417907714844
2013-09-05,26.87715721130371
2013-09-06,27.11187744140625
2013-09-09,27.445451736450195
2013-09-10,27.661657333374023
2013-09-11,27.766672134399414
2013-09-12,27.612239837646484
2013-09-13,27.72960090637207
2013-09-16,28.3040828704834
2013-09-17,29.403636932373047
2013-09-18,29.601306915283203
2013-09-19,29.28009605407715
2013-09-20,29.551883697509766
2013-09-23,29.094772338867188
2013-09-24,28.40291976928711
2013-09-25,28.001405715942383
2013-09-26,27.797557830810547
2013-09-27,27.383676528930664
2013-09-30,27.630775451660156
2013-10-01,28.291725158691406
2013-10-02,28.384397506713867
2013-10-03,28.42145347595215
2013-10-04,28.909461975097656
2013-10-07,28.470874786376953
2013-10-08,27.501049041748047
2013-10-09,27.680187225341797
2013-10-10,28.471765518188477
2013-10-11,28.453067779541016
2013-10-14,28.87689971923828
2013-10-15,28.721078872680664
2013-10-16,29.331893920898438
2013-10-17,30.02374267578125
2013-10-18,30.12348175048828
2013-10-21,30.135942459106445
2013-10-22,30.541080474853516
2013-10-23,30.12348175048828
2013-10-24,29.874155044555664
2013-10-25,30.72806739807129
2013-10-28,30.802845001220703
2013-10-29,31.033472061157227
2013-10-30,30.41641616821289
2013-10-31,30.19826316833496
2013-11-01,30.516130447387695
2013-11-04,30.391489028930664
2013-11-05,30.02374267578125
2013-11-06,29.948951721191406
2013-11-07,29.444093704223633
2013-11-08,29.93648338317871
2013-11-11,30.273069381713867
2013-11-12,29.593685150146484
2013-11-13,29.824296951293945
2013-11-14,29.942716598510742
2013-11-15,30.192039489746094
2013-11-18,30.46004867553711
2013-11-19,30.204498291015625
2013-11-20,29.88662338256836
2013-11-21,30.273069381713867
2013-11-22,30.503681182861328
2013-11-25,30.1733341217041
2013-11-26,30.2917537689209
2013-11-27,30.073612213134766
2013-11-29,30.19826316833496
2013-12-02,30.160879135131836
2013-12-03,31.145668029785156
2013-12-04,30.95867347717285
2013-12-05,31.01477813720703
2013-12-06,32.00580978393555
2013-12-09,31.91853141784668
2013-12-10,32.498199462890625
2013-12-11,32.82853698730469
2013-12-12,32.65402603149414
2013-12-13,32.64154815673828
2013-12-16,33.26483917236328
2013-12-17,33.42689895629883
2013-12-18,33.85696029663086
2013-12-19,32.803611755371094
2013-12-20,32.7786750793457
2013-12-23,32.77244567871094
2013-12-24,32.63531494140625
2013-12-26,33.02798843383789
2013-12-27,32.75373840332031
2013-12-30,33.04046630859375
2013-12-31,32.91580581665039
2014-01-02,32.398460388183594
2014-01-03,32.597930908203125
2014-01-06,31.407447814941406
2014-01-07,31.469772338867188
2014-01-08,31.388751983642578
2014-01-09,31.92477035522461
2014-01-10,31.72533416748047
2014-01-13,31.304414749145508
2014-01-14,31.788150787353516
2014-01-15,31.48031234741211
2014-01-16,31.725322723388672
2014-01-17,31.448894500732422
2014-01-21,31.41120719909668
2014-01-22,30.833242416381836
2014-01-23,30.701316833496094
2014-01-24,30.022838592529297
2014-01-27,29.419742584228516
2014-01-28,29.960006713867188
2014-01-29,29.90975570678711
2014-01-30,30.34950828552246
2014-01-31,30.927488327026367
2014-02-03,29.746416091918945
2014-02-04,30.12335205078125
2014-02-05,29.985136032104492
2014-02-06,30.110782623291016
2014-02-07,30.71388053894043
2014-02-10,31.12850570678711
2014-02-11,31.197628021240234
2014-02-12,31.763023376464844
2014-02-13,31.631092071533203
2014-02-14,31.869810104370117
2014-02-18,32.328407287597656
2014-02-19,32.15879821777344
2014-02-20,32.57970428466797
2014-02-21,32.06455993652344
2014-02-24,31.94519805908203
2014-02-25,31.86353874206543
2014-02-26,31.8760929107666
2014-02-27,31.982891082763672
2014-02-28,31.982891082763672
2014-03-03,31.467748641967773
2014-03-04,32.41008377075195
2014-03-05,32.47919845581055
2014-03-06,32.69279861450195
2014-03-07,32.328407287597656
2014-03-10,32.45406723022461
2014-03-11,32.51060485839844
2014-03-12,32.441490173339844
2014-03-13,32.24045944213867
2014-03-14,32.17135238647461
2014-03-17,32.65508270263672
2014-03-18,33.35871124267578
2014-03-19,33.364986419677734
2014-03-20,33.72307205200195
2014-03-21,33.584861755371094
2014-03-24,32.265594482421875
2014-03-25,32.472904205322266
2014-03-26,32.35353469848633
2014-03-27,32.45406723022461
2014-03-28,32.026878356933594
2014-03-31,32.29072570800781
2014-04-01,32.73047637939453
2014-04-02,33.50947570800781
2014-04-03,33.6099967956543
2014-04-04,32.79328918457031
2014-04-07,31.800710678100586
2014-04-08,30.845813751220703
2014-04-09,31.80699348449707
2014-04-10,29.746416091918945
2014-04-11,29.44850730895996
2014-04-14,29.683032989501953
2014-04-15,30.335906982421875
2014-04-16,30.500701904296875
2014-04-17,30.77324676513672
2014-04-21,31.331024169921875
2014-04-22,31.698657989501953
2014-04-23,31.78106117248535
2014-04-24,31.26130485534668
2014-04-25,31.147207260131836
2014-04-28,32.24376678466797
2014-04-29,32.560691833496094
2014-04-30,33.01072692871094
2014-05-01,32.712825775146484
2014-05-02,32.44026184082031
2014-05-05,32.55436325073242
2014-05-06,32.26911544799805
2014-05-07,33.46076583862305
2014-05-08,33.05509567260742
2014-05-09,33.124813079833984
2014-05-12,33.19453811645508
2014-05-13,33.08677673339844
2014-05-14,33.5114631652832
2014-05-15,33.397369384765625
2014-05-16,33.549503326416016
2014-05-19,34.29745101928711
2014-05-20,33.93614959716797
2014-05-21,33.764991760253906
2014-05-22,33.99317932128906
2014-05-23,34.196014404296875
2014-05-27,34.221378326416016
2014-05-28,34.27208709716797
2014-05-29,34.24672317504883
2014-05-30,34.43688201904297
2014-06-02,34.32278823852539
2014-06-03,34.46223449707031
2014-06-04,34.5953369140625
2014-06-05,35.05171203613281
2014-06-06,34.92494201660156
2014-06-09,34.12629699707031
2014-06-10,34.20869827270508
2014-06-11,34.373497009277344
2014-06-12,34.0121955871582
2014-06-13,34.329132080078125
2014-06-16,34.22770690917969
2014-06-17,34.41786575317383
2014-06-18,34.58900833129883
2014-06-19,34.348148345947266
2014-06-20,33.784019470214844
2014-06-23,34.069252014160156
2014-06-24,33.967830657958984
2014-06-25,34.8615608215332
2014-06-26,35.81865692138672
2014-06-27,35.99614715576172
2014-06-30,35.774295806884766
2014-07-01,36.059532165527344
2014-07-02,36.832820892333984
2014-07-03,36.902549743652344
2014-07-07,36.382789611816406
2014-07-08,35.29890823364258
2014-07-09,34.867897033691406
2014-07-10,35.362300872802734
2014-07-11,35.10044479370117
2014-07-14,35.03020477294922
2014-07-15,34.129695892333984
2014-07-16,34.26380920410156
2014-07-17,34.180789947509766
2014-07-18,35.068519592285156
2014-07-21,34.48733901977539
2014-07-22,34.51927185058594
2014-07-23,34.79387664794922
2014-07-24,34.53843307495117
2014-07-25,33.96364974975586
2014-07-28,34.32129669189453
2014-07-29,34.1233024597168
2014-07-30,34.32767868041992
2014-07-31,33.42717742919922
2014-08-01,33.51658630371094
2014-08-04,34.03388214111328
2014-08-05,33.71457290649414
2014-08-06,33.241966247558594
2014-08-07,33.48464584350586
2014-08-08,33.73373031616211
2014-08-11,34.046669006347656
2014-08-12,33.74650192260742
2014-08-13,34.23188400268555
2014-08-14,34.60869598388672
2014-08-15,34.42347717285156
2014-08-18,34.685340881347656
2014-08-19,35.31120300292969
2014-08-20,35.164310455322266
2014-08-21,35.10044479370117
2014-08-22,35.25373077392578
2014-08-25,35.68162536621094
2014-08-26,35.60498046875
2014-08-27,35.57304763793945
2014-08-28,35.50918197631836
2014-08-29,35.3048210144043
2014-09-02,35.17070007324219
2014-09-03,35.45170593261719
2014-09-04,35.47087097167969
2014-09-05,35.72632598876953
2014-09-08,35.49002456665039
2014-09-09,36.371360778808594
2014-09-10,36.524654388427734
2014-09-11,36.9461669921875
2014-09-12,36.965328216552734
2014-09-15,36.99724578857422
2014-09-16,37.42515182495117
2014-09-17,38.076576232910156
2014-09-18,37.9680061340332
2014-09-19,37.71894454956055
2014-09-22,37.495399475097656
2014-09-23,36.760955810546875
2014-09-24,37.71255111694336
2014-09-25,37.041954040527344
2014-09-26,37.80195999145508
2014-09-29,37.374053955078125
2014-09-30,36.888675689697266
2014-10-01,36.550201416015625
2014-10-02,36.192543029785156
2014-10-03,37.48263168334961
2014-10-06,36.92061996459961
2014-10-07,36.17977523803711
2014-10-08,37.25910186767578
2014-10-09,36.2244873046875
2014-10-10,35.36872863769531
2014-10-13,34.5001335144043
2014-10-14,34.8282585144043
2014-10-15,35.14997100830078
2014-10-16,34.036861419677734
2014-10-17,34.33926010131836
2014-10-20,35.0084114074707
2014-10-21,36.218048095703125
2014-10-22,36.61053466796875
2014-10-23,38.29629135131836
2014-10-24,38.791725158691406
2014-10-27,38.920406341552734
2014-10-28,39.20350646972656
2014-10-29,38.59225082397461
2014-10-30,39.36437225341797
2014-10-31,40.831356048583984
2014-11-03,40.69623947143555
2014-11-04,40.3166389465332
2014-11-05,40.23942565917969
2014-11-06,40.34878921508789
2014-11-07,39.57025909423828
2014-11-10,41.04368591308594
2014-11-11,41.082298278808594
2014-11-12,41.02438735961914
2014-11-13,40.94075012207031
2014-11-14,41.17880630493164
2014-11-17,41.847965240478516
2014-11-18,42.49781799316406
2014-11-19,42.1439323425293
2014-11-20,41.94447326660156
2014-11-21,43.340694427490234
2014-11-24,43.61092758178711
2014-11-25,43.79108810424805
2014-11-26,44.202877044677734
2014-11-28,44.52457809448242
2014-12-01,44.466678619384766
2014-12-02,44.56962203979492
2014-12-03,44.07419967651367
2014-12-04,44.76264953613281
2014-12-05,44.85272979736328
2014-12-08,44.6661376953125
2014-12-09,44.48598098754883
2014-12-10,43.48225021362305
2014-12-11,43.12836456298828
2014-12-12,41.99594497680664
2014-12-15,42.22114944458008
2014-12-16,41.98307800292969
2014-12-17,42.83238220214844
2014-12-18,43.70100784301758
2014-12-19,43.565887451171875
2014-12-22,43.089759826660156
2014-12-23,41.40399932861328
2014-12-24,42.60076141357422
2014-12-26,43.096195220947266
2014-12-29,43.19913101196289
2014-12-30,42.658668518066406
2014-12-31,42.105323791503906
2015-01-02,42.394866943359375
2015-01-05,41.597042083740234
2015-01-06,41.39113235473633
2015-01-07,43.06401443481445
2015-01-08,43.5144157409668
2015-01-09,42.32408905029297
2015-01-12,42.31122589111328
2015-01-13,41.0925178527832
2015-01-14,41.2934684753418
2015-01-15,40.76839065551758
2015-01-16,41.8380012512207
2015-01-20,41.13139724731445
2015-01-21,40.64521789550781
2015-01-22,40.82672882080078
2015-01-23,40.47019958496094
2015-01-26,40.72949981689453
2015-01-27,40.90452575683594
2015-01-28,40.094215393066406
2015-01-29,40.917484283447266
2015-01-30,39.1218376159668
2015-02-02,39.348731994628906
2015-02-03,39.964561462402344
2015-02-04,36.89186477661133
2015-02-05,37.59196853637695
2015-02-06,36.885379791259766
2015-02-09,35.96487045288086
2015-02-10,36.87889862060547
2015-02-11,36.749244689941406
2015-02-12,36.98261260986328
2015-02-13,37.630859375
2015-02-17,38.06520080566406
2015-02-18,38.40229034423828
2015-02-19,38.24668502807617
2015-02-20,39.7376823425293
2015-02-23,39.26445007324219
2015-02-24,39.458927154541016
2015-02-25,39.29686737060547
2015-02-26,39.23203659057617
2015-02-27,39.219078063964844
2015-03-02,39.193138122558594
2015-03-03,38.648616790771484
2015-03-04,39.06998825073242
2015-03-05,36.859458923339844
2015-03-06,36.06858444213867
2015-03-09,36.00375747680664
2015-03-10,36.1982421875
2015-03-11,36.7038688659668
2015-03-12,37.59846115112305
2015-03-13,37.59846115112305
2015-03-16,38.32448196411133
2015-03-17,38.71992111206055
2015-03-18,38.823646545410156
2015-03-19,39.66636276245117
2015-03-20,39.15424728393555
2015-03-23,39.20610427856445
2015-03-24,38.655113220214844
2015-03-25,37.74107360839844
2015-03-26,37.12523651123047
2015-03-27,37.37156677246094
2015-03-30,37.7540397644043
2015-03-31,37.94850158691406
2015-04-01,37.015037536621094
2015-04-02,36.95668029785156
2015-04-06,37.345638275146484
2015-04-07,37.87071228027344
2015-04-08,38.123538970947266
2015-04-09,39.102394104003906
2015-04-10,40.19145202636719
2015-04-13,40.001895904541016
2015-04-14,40.34178161621094
2015-04-15,40.54439926147461
2015-04-16,40.91044235229492
2015-04-17,40.714351654052734
2015-04-20,41.53138732910156
2015-04-21,41.57714080810547
2015-04-22,42.17192459106445
2015-04-23,41.995460510253906
2015-04-24,43.18505859375
2015-04-27,42.49874496459961
2015-04-28,43.4595832824707
2015-04-29,42.897457122802734
2015-04-30,42.26343536376953
2015-05-01,42.04121398925781
2015-05-04,42.27652359008789
2015-05-05,41.74054718017578
2015-05-06,41.79283142089844
2015-05-07,42.289588928222656
2015-05-08,42.64255905151367
2015-05-11,42.61640548706055
2015-05-12,42.361473083496094
2015-05-13,42.6817626953125
2015-05-14,43.11970901489258
2015-05-15,43.13276290893555
2015-05-18,42.8843879699707
2015-05-19,42.96282196044922
2015-05-20,43.067405700683594
2015-05-21,42.91053009033203
2015-05-22,42.79942321777344
2015-05-26,43.204673767089844
2015-05-27,44.041297912597656
2015-05-28,44.100135803222656
2015-05-29,43.52494812011719
2015-06-01,43.74715805053711
2015-06-02,43.54456329345703
2015-06-03,43.799461364746094
2015-06-04,44.06745147705078
2015-06-05,44.05438995361328
2015-06-08,44.30929183959961
2015-06-09,44.23085403442383
2015-06-10,44.603431701660156
2015-06-11,44.47270965576172
2015-06-12,43.825618743896484
2015-06-15,43.734107971191406
2015-06-16,43.64259338378906
2015-06-17,44.29621505737305
2015-06-18,45.08711242675781
2015-06-19,45.41391372680664
2015-06-22,45.83224105834961
2015-06-23,45.766876220703125
2015-06-24,45.24397277832031
2015-06-25,45.63616180419922
2015-06-26,46.05446243286133
2015-06-29,43.910587310791016
2015-06-30,43.9171142578125
2015-07-01,44.7799072265625
2015-07-02,44.58381271362305
2015-07-06,44.59035110473633
2015-07-07,44.81258010864258
2015-07-08,44.22432327270508
2015-07-09,44.426944732666016
2015-07-10,45.250518798828125
2015-07-13,45.81022262573242
2015-07-14,45.961669921875
2015-07-15,45.928749084472656
2015-07-16,46.086769104003906
2015-07-17,46.086769104003906
2015-07-20,46.62013626098633
2015-07-21,46.448951721191406
2015-07-22,46.46210861206055
2015-07-23,46.43577575683594
2015-07-24,44.82908630371094
2015-07-27,45.65876388549805
2015-07-28,46.90329360961914
2015-07-29,46.600399017333984
2015-07-30,46.19871520996094
2015-07-31,46.09994125366211
2015-08-03,45.91557693481445
2015-08-04,46.06043243408203
2015-08-05,46.29090881347656
2015-08-06,45.59291076660156
2015-08-07,45.184654235839844
2015-08-10,45.57316589355469
2015-08-11,44.9410400390625
2015-08-12,45.270259857177734
2015-08-13,45.13199234008789
2015-08-14,45.20442581176758
2015-08-17,45.67851257324219
2015-08-18,45.342716217041016
2015-08-19,45.164894104003906
2015-08-20,44.433998107910156
2015-08-21,43.393611907958984
2015-08-24,41.78034210205078
2015-08-25,39.97611618041992
2015-08-26,41.57622146606445
2015-08-27,42.47832489013672
2015-08-28,42.129337310791016
2015-08-31,41.09552764892578
2015-09-01,39.83784103393555
2015-09-02,40.153900146484375
2015-09-03,40.548980712890625
2015-09-04,39.357154846191406
2015-09-08,39.88391876220703
2015-09-09,39.02131652832031
2015-09-10,39.2320442199707
2015-09-11,39.08058547973633
2015-09-14,38.81062316894531
2015-09-15,38.9818229675293
2015-09-16,39.185951232910156
2015-09-17,39.41641616821289
2015-09-18,40.31194305419922
2015-09-21,39.106929779052734
2015-09-22,38.02044677734375
2015-09-23,37.81631088256836
2015-09-24,37.250022888183594
2015-09-25,36.70348358154297
2015-09-28,34.57001495361328
2015-09-29,34.760986328125
2015-09-30,35.82771301269531
2015-10-01,36.301822662353516
2015-10-02,36.75615692138672
2015-10-05,37.32244873046875
2015-10-06,36.26889419555664
2015-10-07,36.63105010986328
2015-10-08,36.901031494140625
2015-10-09,36.63764190673828
2015-10-12,36.72323989868164
2015-10-13,35.752994537353516
2015-10-14,35.84602737426758
2015-10-15,37.308048248291016
2015-10-16,37.567222595214844
2015-10-19,37.321346282958984
2015-10-20,36.43748474121094
2015-10-21,35.772926330566406
2015-10-22,32.07801818847656
2015-10-23,33.45363235473633
2015-10-26,34.470401763916016
2015-10-27,34.942237854003906
2015-10-28,35.39413833618164
2015-10-29,35.95237350463867
2015-10-30,39.57417678833008
2015-11-02,42.11941146850586
2015-11-03,41.488094329833984
2015-11-04,42.398529052734375
2015-11-05,41.71404266357422
2015-11-06,42.61783218383789
2015-11-09,42.019737243652344
2015-11-10,41.40170669555664
2015-11-11,40.444740295410156
2015-11-12,40.02607727050781
2015-11-13,39.78019714355469
2015-11-16,39.87987518310547
2015-11-17,40.125755310058594
2015-11-18,40.531124114990234
2015-11-19,40.238731384277344
2015-11-20,40.61088562011719
2015-11-23,40.6374626159668
2015-11-24,40.624168395996094
2015-11-25,40.06595993041992
2015-11-27,39.873226165771484
2015-11-30,38.64380645751953
2015-12-01,39.22195816040039
2015-12-02,38.35803985595703
2015-12-03,37.29475021362305
2015-12-04,37.99918746948242
2015-12-07,37.39444351196289
2015-12-08,37.66026306152344
2015-12-09,37.23494338989258
2015-12-10,37.06880569458008
2015-12-11,35.912479400634766
2015-12-14,36.842857360839844
2015-12-15,37.474185943603516
2015-12-16,38.2982292175293
2015-12-17,37.46754455566406
2015-12-18,37.042236328125
2015-12-21,37.34792709350586
2015-12-22,38.271663665771484
2015-12-23,38.929561614990234
2015-12-24,38.84980392456055
2015-12-28,39.04253387451172
2015-12-29,39.507720947265625
2015-12-30,39.74032211303711
2015-12-31,39.3681755065918
2016-01-04,38.28494644165039
2016-01-05,38.125457763671875
2016-01-06,38.13209533691406
2016-01-07,38.01912307739258
2016-01-08,36.982418060302734
2016-01-11,35.80615234375
2016-01-12,36.444122314453125
2016-01-13,34.36909484863281
2016-01-14,36.638877868652344
2016-01-15,38.505741119384766
2016-01-19,36.92762756347656
2016-01-20,38.378143310546875
2016-01-21,39.190704345703125
2016-01-22,39.50632858276367
2016-01-25,39.385433197021484
2016-01-26,39.123558044433594
2016-01-27,38.351287841796875
2016-01-28,37.50514602661133
2016-01-29,36.86719512939453
2016-02-01,36.52470779418945
2016-02-02,36.229244232177734
2016-02-03,38.16997146606445
2016-02-04,38.11625289916992
2016-02-05,35.6718635559082
2016-02-08,35.51741409301758
2016-02-09,35.91361999511719
2016-02-10,35.403263092041016
2016-02-11,35.04061508178711
2016-02-12,35.30923080444336
2016-02-16,35.93375778198242
2016-02-17,36.94105911254883
2016-02-18,36.63215637207031
2016-02-19,36.45756530761719
2016-02-22,37.122379302978516
2016-02-23,36.981361389160156
2016-02-24,36.860496520996094
2016-02-25,37.74018859863281
2016-02-26,37.60588455200195
2016-02-29,36.672462463378906
2016-03-01,37.83419418334961
2016-03-02,37.404422760009766
2016-03-03,37.55887985229492
2016-03-04,37.706607818603516
2016-03-07,37.87450408935547
2016-03-08,37.14923858642578
2016-03-09,37.867774963378906
2016-03-10,37.760337829589844
2016-03-11,38.76763916015625
2016-03-14,38.41844177246094
2016-03-15,37.350704193115234
2016-03-16,37.814064025878906
2016-03-17,37.14923858642578
2016-03-18,37.98865509033203
2016-03-21,37.61259841918945
2016-03-22,38.61317825317383
2016-03-23,37.847625732421875
2016-03-24,37.686466217041016
2016-03-28,37.679752349853516
2016-03-29,38.31099319458008
2016-03-30,38.27741241455078
2016-03-31,38.358001708984375
2016-04-01,38.55945587158203
2016-04-04,39.76150131225586
2016-04-05,39.31157684326172
2016-04-06,40.21815490722656
2016-04-07,39.82194900512695
2016-04-08,39.26457595825195
2016-04-11,39.284706115722656
2016-04-12,40.21815490722656
2016-04-13,40.04187774658203
2016-04-14,40.19103240966797
2016-04-15,40.34695816040039
2016-04-18,40.59782791137695
2016-04-19,40.79443359375
2016-04-20,41.00460433959961
2016-04-21,41.60801696777344
2016-04-22,41.64192581176758
2016-04-25,41.33683395385742
2016-04-26,41.30971145629883
2016-04-27,41.15376663208008
2016-04-28,41.492759704589844
2016-04-29,41.3571662902832
2016-05-02,41.65547561645508
2016-05-03,41.879215240478516
2016-05-04,41.669044494628906
2016-05-05,42.26566696166992
2016-05-06,42.380924224853516
2016-05-09,43.18772888183594
2016-05-10,43.21485137939453
2016-05-11,42.50974655151367
2016-05-12,42.36737060546875
2016-05-13,42.035152435302734
2016-05-16,42.34025573730469
2016-05-17,40.84867858886719
2016-05-18,40.991050720214844
2016-05-19,40.19103240966797
2016-05-20,40.46900939941406
2016-05-23,40.204586029052734
2016-05-24,41.15376663208008
2016-05-25,41.50632095336914
2016-05-26,41.96735382080078
2016-05-27,42.51652145385742
2016-05-31,42.66568374633789
2016-06-01,42.59788131713867
2016-06-02,44.130123138427734
2016-06-03,44.06911087036133
2016-06-06,42.59109878540039
2016-06-07,42.78092575073242
2016-06-08,41.85209655761719
2016-06-09,41.187660217285156
2016-06-10,41.3571662902832
2016-06-13,40.631717681884766
2016-06-14,40.61137771606445
2016-06-15,40.95037078857422
2016-06-16,41.289371490478516
2016-06-17,40.68595886230469
2016-06-20,40.753761291503906
2016-06-21,40.66561508178711
2016-06-22,40.9435920715332
2016-06-23,41.56734848022461
2016-06-24,40.584266662597656
2016-06-27,39.784244537353516
2016-06-28,40.672401428222656
2016-06-29,41.90633773803711
2016-06-30,41.97412872314453
2016-07-01,42.51652145385742
2016-07-05,41.980918884277344
2016-07-06,42.96399688720703
2016-07-07,43.004676818847656
2016-07-08,43.499595642089844
2016-07-11,43.62841796875
2016-07-12,44.408103942871094
2016-07-13,44.29867935180664
2016-07-14,43.51213455200195
2016-07-15,43.30696105957031
2016-07-18,43.47111129760742
2016-07-19,43.30696105957031
2016-07-20,43.368526458740234
2016-07-21,43.69680404663086
2016-07-22,43.642093658447266
2016-07-25,43.99089813232422
2016-07-26,44.07980728149414
2016-07-27,44.38758087158203
2016-07-28,44.26447677612305
2016-07-29,45.2972297668457
2016-08-01,45.78281021118164
2016-08-02,45.67338943481445
2016-08-03,45.529762268066406
2016-08-04,45.208309173583984
2016-08-05,45.509239196777344
2016-08-08,45.37245178222656
2016-08-09,45.65971755981445
2016-08-10,45.43401336669922
2016-08-11,45.78966522216797
2016-08-12,45.95380783081055
2016-08-15,46.09059524536133
2016-08-16,45.64603042602539
2016-08-17,45.70759201049805
2016-08-18,45.66653823852539
2016-08-19,45.892242431640625
2016-08-22,45.830692291259766
2016-08-23,45.25617980957031
2016-08-24,44.49700927734375
2016-08-25,44.26447677612305
2016-08-26,44.18924331665039
2016-08-29,44.12084197998047
2016-08-30,43.8814697265625
2016-08-31,43.84043884277344
2016-09-01,43.79254913330078
2016-09-02,43.8541145324707
2016-09-06,44.18924331665039
2016-09-07,44.43545150756836
2016-09-08,43.81307601928711
2016-09-09,43.334327697753906
2016-09-12,43.82676315307617
2016-09-13,43.32063674926758
2016-09-14,43.32063674926758
2016-09-15,43.327484130859375
2016-09-16,43.27275848388672
2016-09-19,43.026546478271484
2016-09-20,43.279605865478516
2016-09-21,43.84043884277344
2016-09-22,44.51068878173828
2016-09-23,44.442298889160156
2016-09-26,43.81991195678711
2016-09-27,44.161888122558594
2016-09-28,43.92251205444336
2016-09-29,42.964996337890625
2016-09-30,43.1359748840332
2016-10-03,43.24541091918945
2016-10-04,43.08808898925781
2016-10-05,43.35483932495117
2016-10-06,42.971832275390625
2016-10-07,43.04022216796875
2016-10-10,43.30012512207031
2016-10-11,42.67090606689453
2016-10-12,42.24985122680664
2016-10-13,42.208431243896484
2016-10-14,41.53200149536133
2016-10-17,41.51128387451172
2016-10-18,42.484535217285156
2016-10-19,42.40169906616211
2016-10-20,42.62948989868164
2016-10-21,42.09109878540039
2016-10-24,42.18772888183594
2016-10-25,42.484535217285156
2016-10-26,42.11871337890625
2016-10-27,42.42241287231445
2016-10-28,39.7580680847168
2016-10-31,38.5018196105957
2016-11-01,38.96427917480469
2016-11-02,39.198974609375
2016-11-03,38.577754974365234
2016-11-04,38.6812858581543
2016-11-07,40.66228103637695
2016-11-08,40.593265533447266
2016-11-09,43.236900329589844
2016-11-10,44.17564010620117
2016-11-11,43.554405212402344
2016-11-14,43.46468734741211
2016-11-15,43.39565658569336
2016-11-16,42.477622985839844
2016-11-17,42.588077545166016
2016-11-18,41.77357864379883
2016-11-21,41.70454788208008
2016-11-22,40.67609405517578
2016-11-23,41.53889465332031
2016-11-25,41.76667785644531
2016-11-28,41.04191589355469
2016-11-29,42.512142181396484
2016-11-30,41.96685028076172
2016-12-01,40.83485794067383
2016-12-02,41.02121353149414
2016-12-05,42.008270263671875
2016-12-06,42.5328483581543
2016-12-07,41.407752990722656
2016-12-08,42.03587341308594
2016-12-09,42.477622985839844
2016-12-12,42.822757720947266
2016-12-13,42.78823471069336
2016-12-14,42.56736755371094
2016-12-15,42.8089485168457
2016-12-16,42.94700241088867
2016-12-19,42.94700241088867
2016-12-20,42.90557098388672
2016-12-21,42.4155158996582
2016-12-22,42.56046676635742
2016-12-23,43.02982711791992
2016-12-27,43.1402702331543
2016-12-28,42.98150634765625
2016-12-29,43.29901885986328
2016-12-30,43.22308349609375
2017-01-03,43.07814407348633
2017-01-04,43.68557357788086
2017-01-05,44.01688003540039
2017-01-06,44.03068161010742
2017-01-09,44.32057189941406
2017-01-10,44.22394943237305
2017-01-11,42.62733840942383
2017-01-12,42.72494888305664
2017-01-13,43.21996307373047
2017-01-17,43.129337310791016
2017-01-18,42.98988723754883
2017-01-19,42.794673919677734
2017-01-20,42.63431930541992
2017-01-23,42.50185775756836
2017-01-24,42.23689270019531
2017-01-25,42.794673919677734
2017-01-26,42.71797561645508
2017-01-27,41.832523345947266
2017-01-30,42.13232421875
2017-01-31,42.606422424316406
2017-02-01,42.453041076660156
2017-02-02,42.453041076660156
2017-02-03,42.299659729003906
2017-02-06,42.28571701049805
2017-02-07,42.222965240478516
2017-02-08,42.195072174072266
2017-02-09,42.418182373046875
2017-02-10,42.12534713745117
2017-02-13,42.1880989074707
2017-02-14,42.404232025146484
2017-02-15,42.9829216003418
2017-02-16,42.8643913269043
2017-02-17,43.06658172607422
2017-02-21,43.10841751098633
2017-02-22,42.78072738647461
2017-02-23,43.185096740722656
2017-02-24,43.28968811035156
2017-02-27,43.380332946777344
2017-02-28,43.11539077758789
2017-03-01,43.80561828613281
2017-03-02,44.098453521728516
2017-03-03,44.16120529174805
2017-03-06,44.3076171875
2017-03-07,44.40522003173828
2017-03-08,44.71897506713867
2017-03-09,44.96995544433594
2017-03-10,45.93211364746094
2017-03-13,45.91119384765625
2017-03-14,45.785701751708984
2017-03-15,46.39924240112305
2017-03-16,45.94606399536133
2017-03-17,45.799652099609375
2017-03-20,45.87632751464844
2017-03-21,45.562591552734375
2017-03-22,45.68111038208008
2017-03-23,45.771759033203125
2017-03-24,45.75083541870117
2017-03-27,46.08548355102539
2017-03-28,46.001834869384766
2017-03-29,45.85541534423828
2017-03-30,45.639286041259766
2017-03-31,45.430118560791016
2017-04-03,45.33948516845703
2017-04-04,45.39527130126953
2017-04-05,45.29066848754883
2017-04-06,45.37434005737305
2017-04-07,45.6950569152832
2017-04-10,45.29765701293945
2017-04-11,45.19202423095703
2017-04-12,45.32581329345703
2017-04-13,45.15681457519531
2017-04-17,45.283565521240234
2017-04-18,44.81882858276367
2017-04-19,44.67800521850586
2017-04-20,44.91036605834961
2017-04-21,44.93854904174805
2017-04-24,45.5300178527832
2017-04-25,45.83983612060547
2017-04-26,45.79759216308594
2017-04-27,46.522857666015625
2017-04-28,46.43132781982422
2017-05-01,46.81156539916992
2017-05-02,46.91719436645508
2017-05-03,46.9946403503418
2017-05-04,47.33967208862305
2017-05-05,47.17067337036133
2017-05-08,46.62143325805664
2017-05-09,46.59327697753906
2017-05-10,46.45948791503906
2017-05-11,45.980674743652344
2017-05-12,46.51582717895508
2017-05-15,46.945350646972656
2017-05-16,47.07210159301758
2017-05-17,46.02996826171875
2017-05-18,46.21302032470703
2017-05-19,46.1778450012207
2017-05-22,46.079254150390625
2017-05-23,46.360904693603516
2017-05-24,46.424285888671875
2017-05-25,46.69890594482422
2017-05-26,46.51582717895508
2017-05-30,46.48765563964844
2017-05-31,46.48765563964844
2017-06-01,46.973514556884766
2017-06-02,47.35375213623047
2017-06-05,47.536842346191406
2017-06-06,47.79031753540039
2017-06-07,48.409969329833984
2017-06-08,48.41701889038086
2017-06-09,49.05778884887695
2017-06-12,48.95920181274414
2017-06-13,49.05778884887695
2017-06-14,49.65630340576172
2017-06-15,49.712642669677734
2017-06-16,50.02950668334961
2017-06-19,50.23371505737305
2017-06-20,50.14922332763672
2017-06-21,50.23371505737305
2017-06-22,51.529335021972656
2017-06-23,51.14909362792969
2017-06-26,51.21950912475586
2017-06-27,50.973060607910156
2017-06-28,51.34625244140625
2017-06-29,51.036434173583984
2017-06-30,51.05756759643555
2017-07-03,50.99418640136719
2017-07-05,51.036434173583984
2017-07-06,50.508323669433594
2017-07-07,50.71955490112305
2017-07-10,50.578731536865234
2017-07-11,50.585777282714844
2017-07-12,51.06890106201172
2017-07-13,51.60175323486328
2017-07-14,51.942787170410156
2017-07-17,51.6514892578125
2017-07-18,51.31756591796875
2017-07-19,51.70121383666992
2017-07-20,52.58219909667969
2017-07-21,53.02271270751953
2017-07-24,52.511173248291016
2017-07-25,51.52360153198242
2017-07-26,51.57334518432617
2017-07-27,50.96232986450195
2017-07-28,50.04581069946289
2017-07-31,49.669273376464844
2017-08-01,50.00318908691406
2017-08-02,50.237640380859375
2017-08-03,50.436580657958984
2017-08-04,50.436580657958984
2017-08-07,50.60000228881836
2017-08-08,50.77759552001953
2017-08-09,51.168357849121094
2017-08-10,50.04581069946289
2017-08-11,50.18080139160156
2017-08-14,50.31578063964844
2017-08-15,49.974754333496094
2017-08-16,50.031612396240234
2017-08-17,49.626644134521484
2017-08-18,49.70479202270508
2017-08-21,50.23054122924805
2017-08-22,50.976539611816406
2017-08-23,50.81312561035156
2017-08-24,51.232303619384766
2017-08-25,51.49518966674805
2017-08-28,52.09199142456055
2017-08-29,52.496944427490234
2017-08-30,52.518272399902344
2017-08-31,53.49872589111328
2017-09-01,53.583988189697266
2017-09-05,53.46320343017578
2017-09-06,54.742061614990234
2017-09-07,58.10261535644531
2017-09-08,60.63188171386719
2017-09-11,61.811279296875
2017-09-12,62.34413528442383
2017-09-13,62.85565948486328
2017-09-14,63.388526916503906
2017-09-15,62.07415008544922
2017-09-18,60.61768341064453
2017-09-19,61.363670349121094
2017-09-20,62.10255813598633
2017-09-21,62.10255813598633
2017-09-22,62.152305603027344
2017-09-25,61.50577163696289
2017-09-26,60.63899612426758
2017-09-27,60.21273422241211
2017-09-28,63.20380783081055
2017-09-29,63.13277053833008
2017-10-02,64.21978759765625
2017-10-03,63.729557037353516
2017-10-04,63.87165451049805
2017-10-05,64.07059478759766
2017-10-06,64.29080963134766
2017-10-09,64.49687957763672
2017-10-10,64.77395629882812
2017-10-11,65.63362884521484
2017-10-12,65.40469360351562
2017-10-13,64.86812591552734
2017-10-16,65.13282775878906
2017-10-17,65.94125366210938
2017-10-18,68.70996856689453
2017-10-19,69.02477264404297
2017-10-20,68.75289154052734
2017-10-23,67.6153793334961
2017-10-24,65.59786224365234
2017-10-25,65.65509033203125
2017-10-26,64.07398986816406
2017-10-27,65.76954650878906
2017-10-30,65.07559204101562
2017-10-31,64.56763458251953
2017-11-01,66.1344223022461
2017-11-02,65.1185302734375
2017-11-03,66.04141235351562
2017-11-06,66.5064468383789
2017-11-07,67.22188568115234
2017-11-08,68.47389221191406
2017-11-09,68.60266876220703
2017-11-10,68.27357482910156
2017-11-13,68.05179595947266
2017-11-14,67.78707122802734
2017-11-15,67.07881164550781
2017-11-16,67.58674621582031
2017-11-17,66.97147369384766
2017-11-20,66.96434020996094
2017-11-21,67.73699188232422
2017-11-22,67.58674621582031
2017-11-24,67.7656021118164
2017-11-27,68.26640319824219
2017-11-28,68.26640319824219
2017-11-29,68.55258178710938
2017-11-30,69.33953094482422
2017-12-01,68.91029357910156
2017-12-04,68.12333679199219
2017-12-05,68.25924682617188
2017-12-06,67.53669738769531
2017-12-07,67.4222183227539
2017-12-08,68.64559936523438
2017-12-11,69.01762390136719
2017-12-12,68.89598846435547
2017-12-13,69.64720916748047
2017-12-14,68.89598846435547
2017-12-15,69.71874237060547
2017-12-18,70.24815368652344
2017-12-19,70.05497741699219
2017-12-20,69.69012451171875
2017-12-21,70.04783630371094
2017-12-22,70.2624740600586
2017-12-26,69.93334197998047
2017-12-27,70.17662811279297
2017-12-28,69.96199035644531
2017-12-29,69.18932342529297
2018-01-02,70.40554809570312
2018-01-03,71.50729370117188
2018-01-04,71.09953308105469
2018-01-05,72.33722686767578
2018-01-08,71.17821502685547
2018-01-09,71.71475982666016
2018-01-10,71.32132720947266
2018-01-11,71.53026580810547
2018-01-12,72.30126190185547
2018-01-16,73.85047912597656
2018-01-17,75.19794464111328
2018-01-18,74.80162048339844
2018-01-19,75.39969635009766
2018-01-22,76.73271942138672
2018-01-23,75.93289184570312
2018-01-24,76.02658081054688
2018-01-25,78.0369644165039
2018-01-26,88.78054809570312
2018-01-29,88.13201904296875
2018-01-30,83.49880981445312
2018-01-31,80.86156463623047
2018-02-01,83.83026123046875
2018-02-02,82.98721313476562
2018-02-05,78.90882110595703
2018-02-06,80.12659454345703
2018-02-07,81.87035369873047
2018-02-08,78.16667938232422
2018-02-09,80.19861602783203
2018-02-12,80.65258026123047
2018-02-13,80.6021499633789
2018-02-14,81.48125457763672
2018-02-15,82.79267120361328
2018-02-16,85.45874786376953
2018-02-20,85.01199340820312
2018-02-21,84.96156311035156
2018-02-22,84.70936584472656
2018-02-23,85.56684112548828
2018-02-26,87.57718658447266
2018-02-27,85.2137680053711
2018-02-28,83.4627914428711
2018-03-01,82.02887725830078
2018-03-02,82.89356994628906
2018-03-05,83.3403091430664
2018-03-06,82.54768371582031
2018-03-07,82.66295623779297
2018-03-08,84.31303405761719
2018-03-09,85.9559097290039
2018-03-12,85.2425765991211
2018-03-13,86.28741455078125
2018-03-14,85.70372772216797
2018-03-15,82.81427764892578
2018-03-16,81.9351806640625
2018-03-19,80.72464752197266
2018-03-20,81.1714096069336
2018-03-21,81.02727508544922
2018-03-22,70.68721008300781
2018-03-23,70.2260513305664
2018-03-26,68.65522766113281
2018-03-27,66.29898834228516
2018-03-28,67.92745208740234
2018-03-29,68.20126342773438
2018-04-02,65.90267944335938
2018-04-03,65.27578735351562
2018-04-04,66.96910858154297
2018-04-05,66.44308471679688
2018-04-06,64.69213104248047
2018-04-09,65.19651794433594
2018-04-10,67.4591064453125
2018-04-11,67.47349548339844
2018-04-12,67.06581115722656
2018-04-13,66.85468292236328
2018-04-16,67.41523742675781
2018-04-17,68.13600158691406
2018-04-18,68.6674575805664
2018-04-19,67.71376037597656
2018-04-20,67.41523742675781
2018-04-23,67.83023071289062
2018-04-24,66.51249694824219
2018-04-25,66.88380432128906
2018-04-26,70.93889617919922
2018-04-27,71.8780746459961
2018-04-30,70.29094696044922
2018-05-01,74.30966186523438
2018-05-02,73.07201385498047
2018-05-03,73.00650024414062
2018-05-04,72.92642974853516
2018-05-07,72.53328704833984
2018-05-08,72.3658447265625
2018-05-09,73.66172790527344
2018-05-10,74.87751770019531
2018-05-11,75.84579467773438
2018-05-14,77.0907211303711
2018-05-15,75.84579467773438
2018-05-16,76.47191619873047
2018-05-17,76.67577362060547
2018-05-18,77.15625
2018-05-21,77.33826446533203
2018-05-22,77.33826446533203
2018-05-23,76.87960815429688
2018-05-24,75.0886459350586
2018-05-25,73.58892822265625
2018-05-29,72.41680908203125
2018-05-30,74.99401092529297
2018-05-31,72.03092956542969
2018-06-01,71.38300323486328
2018-06-04,72.14743041992188
2018-06-05,72.24934387207031
2018-06-06,72.78809356689453
2018-06-07,72.3075942993164
2018-06-08,73.11572265625
2018-06-11,72.63520050048828
2018-06-12,72.00909423828125
2018-06-13,71.04081726074219
2018-06-14,71.89260864257812
2018-06-15,72.48957824707031
2018-06-18,71.696044921875
2018-06-19,71.3538818359375
2018-06-20,71.52860260009766
2018-06-21,69.56295776367188
2018-06-22,68.0632095336914
2018-06-25,67.74288940429688
2018-06-26,67.06581115722656
2018-06-27,66.62171173095703
2018-06-28,67.29148864746094
2018-06-29,67.45165252685547
2018-07-02,67.78654479980469
2018-07-03,68.15055847167969
2018-07-05,68.7839584350586
2018-07-06,70.56031799316406
2018-07-09,70.64769744873047
2018-07-10,71.95812225341797
2018-07-11,69.13339233398438
2018-07-12,70.31749725341797
2018-07-13,71.0676498413086
2018-07-16,70.78817749023438
2018-07-17,70.17039489746094
2018-07-18,69.42758178710938
2018-07-19,66.15480041503906
2018-07-20,65.38990783691406
2018-07-23,65.75027465820312
2018-07-24,67.32418060302734
2018-07-25,68.48619079589844
2018-07-26,69.08927154541016
2018-07-27,66.6034164428711
2018-07-30,67.25797271728516
2018-07-31,67.83163452148438
2018-08-01,69.06721496582031
2018-08-02,69.95712280273438
2018-08-03,70.99411010742188
2018-08-06,71.38391876220703
2018-08-07,69.17752075195312
2018-08-08,68.93484497070312
2018-08-09,70.21452331542969
2018-08-10,70.45722198486328
2018-08-13,71.17800903320312
2018-08-14,70.54548645019531
2018-08-15,71.67073059082031
2018-08-16,72.23704528808594
2018-08-17,72.67097473144531
2018-08-20,71.80313110351562
2018-08-21,71.88402557373047
2018-08-22,71.81047058105469
2018-08-23,71.4500961303711
2018-08-24,71.63398742675781
2018-08-27,72.08997344970703
2018-08-28,71.531005859375
2018-08-29,71.766357421875
2018-08-30,71.18534088134766
2018-08-31,70.5896224975586
2018-09-04,69.5452651977539
2018-09-05,70.00861358642578
2018-09-06,68.94216918945312
2018-09-07,69.25843811035156
2018-09-10,69.00100708007812
2018-09-11,68.53032684326172
2018-09-12,68.57444763183594
2018-09-13,70.8470230102539
2018-09-14,70.36897277832031
2018-09-17,70.14100646972656
2018-09-18,68.11112213134766
2018-09-19,66.94172668457031
2018-09-20,68.16258239746094
2018-09-21,67.85369873046875
2018-09-24,68.70681762695312
2018-09-25,68.97161865234375
2018-09-26,69.26577758789062
2018-09-27,69.23635864257812
2018-09-28,69.55995178222656
2018-10-01,69.86886596679688
2018-10-02,69.30256652832031
2018-10-03,70.61167907714844
2018-10-04,69.0157241821289
2018-10-05,69.4128646850586
2018-10-08,69.72913360595703
2018-10-09,69.55260467529297
2018-10-10,68.45677185058594
2018-10-11,66.70639038085938
2018-10-12,67.41254425048828
2018-10-15,66.29013061523438
2018-10-16,68.31940460205078
2018-10-17,68.58699798583984
2018-10-18,66.8253173828125
2018-10-19,65.39067077636719
2018-10-22,62.640357971191406
2018-10-23,61.666603088378906
2018-10-24,59.02778625488281
2018-10-25,60.7523193359375
2018-10-26,60.053592681884766
2018-10-29,60.47726058959961
2018-10-30,60.64824295043945
2018-10-31,57.868202209472656
2018-11-01,59.6224365234375
2018-11-02,59.13927459716797
2018-11-05,61.38413619995117
2018-11-06,62.186927795410156
2018-11-07,64.63993072509766
2018-11-08,65.21228790283203
2018-11-09,66.00020599365234
2018-11-12,66.66919708251953
2018-11-13,65.5765151977539
2018-11-14,65.6434097290039
2018-11-15,67.00370025634766
2018-11-16,68.03693389892578
2018-11-19,66.51309967041016
2018-11-20,65.47987365722656
2018-11-21,64.03782653808594
2018-11-23,63.651309967041016
2018-11-26,64.10472106933594
2018-11-27,65.17511749267578
2018-11-28,66.11170959472656
2018-11-29,66.83273315429688
2018-11-30,70.07365417480469
2018-12-03,69.6202392578125
2018-12-04,67.30848693847656
2018-12-06,67.14494323730469
2018-12-07,64.63993072509766
2018-12-10,65.12310028076172
2018-12-11,65.53936004638672
2018-12-12,65.85897827148438
2018-12-13,65.19743347167969
2018-12-14,63.636436462402344
2018-12-17,63.13093948364258
2018-12-18,62.127479553222656
2018-12-19,62.082862854003906
2018-12-20,63.45803451538086
2018-12-21,63.123531341552734
2018-12-24,62.55860137939453
2018-12-26,66.18605041503906
2018-12-27,66.83273315429688
2018-12-28,67.73218536376953
2018-12-31,68.52753448486328
2019-01-02,66.32728576660156
2019-01-03,64.14188385009766
2019-01-04,66.20834350585938
2019-01-07,67.1746826171875
2019-01-08,67.48687744140625
2019-01-09,65.2717514038086
2019-01-10,65.56165313720703
2019-01-11,65.6434097290039
2019-01-14,63.77734375
2019-01-15,64.33415985107422
2019-01-16,64.37178039550781
2019-01-17,65.61331939697266
2019-01-18,67.34394073486328
2019-01-22,66.71187591552734
2019-01-23,66.55388641357422
2019-01-24,64.62008666992188
2019-01-25,60.60203552246094
2019-01-28,58.04370880126953
2019-01-29,58.29200744628906
2019-01-30,59.488399505615234
2019-01-31,60.41390609741211
2019-02-01,60.571922302246094
2019-02-04,59.08961486816406
2019-02-05,59.96243667602539
2019-02-06,59.503456115722656
2019-02-07,59.5711555480957
2019-02-08,59.94740295410156
2019-02-11,60.02263641357422
2019-02-12,60.14303207397461
2019-02-13,60.79013442993164
2019-02-14,60.586978912353516
2019-02-15,60.83529281616211
2019-02-19,60.586978912353516
2019-02-20,60.18819046020508
2019-02-21,59.255130767822266
2019-02-22,60.210731506347656
2019-02-25,60.41390609741211
2019-02-26,60.579463958740234
2019-02-27,59.751773834228516
2019-02-28,59.623844146728516
2019-03-01,60.270973205566406
2019-03-04,59.789390563964844
2019-03-05,59.37553024291992
2019-03-06,58.7585334777832
2019-03-07,58.87140655517578
2019-03-08,58.374794006347656
2019-03-11,58.75101089477539
2019-03-12,59.24760818481445
2019-03-13,59.39059066772461
2019-03-14,60.15808868408203
2019-03-15,61.203983306884766
2019-03-18,60.6848030090332
2019-03-19,60.81270980834961
2019-03-20,60.51925277709961
2019-03-21,61.12873840332031
2019-03-22,60.01512145996094
2019-03-25,59.827003479003906
2019-03-26,60.76756286621094
2019-03-27,60.112953186035156
2019-03-28,60.16560363769531
2019-03-29,60.63964080810547
2019-04-01,60.78262710571289
2019-04-02,62.50571060180664
2019-04-03,62.51324462890625
2019-04-04,62.31007385253906
2019-04-05,62.79165267944336
2019-04-08,63.190452575683594
2019-04-09,62.21977996826172
2019-04-10,62.41542053222656
2019-04-11,61.52754211425781
2019-04-12,61.588539123535156
2019-04-15,61.77913284301758
2019-04-16,61.153953552246094
2019-04-17,59.4537467956543
2019-04-18,59.14115905761719
2019-04-22,59.5833625793457
2019-04-23,59.97220993041992
2019-04-24,59.979835510253906
2019-04-25,60.49065399169922
2019-04-26,60.765098571777344
2019-04-29,61.222572326660156
2019-04-30,60.52875900268555
2019-05-01,60.14754867553711
2019-05-02,59.82733154296875
2019-05-03,60.010318756103516
2019-05-06,60.42963790893555
2019-05-07,59.430877685546875
2019-05-08,59.461360931396484
2019-05-09,59.4003791809082
2019-05-10,59.04964065551758
2019-05-13,58.60744857788086
2019-05-14,59.80446243286133
2019-05-15,60.063697814941406
2019-05-16,60.61262893676758
2019-05-17,60.58213806152344
2019-05-20,60.856605529785156
2019-05-21,61.66476821899414
2019-05-22,62.206092834472656
2019-05-23,61.87061309814453
2019-05-24,61.03958511352539
2019-05-28,59.49187088012695
2019-05-29,59.514739990234375
2019-05-30,59.17166519165039
2019-05-31,58.485477447509766
2019-06-03,57.71541976928711
2019-06-04,58.51596450805664
2019-06-05,58.75231170654297
2019-06-06,58.759944915771484
2019-06-07,59.03440475463867
2019-06-10,58.668426513671875
2019-06-11,59.59861373901367
2019-06-12,59.90357208251953
2019-06-13,60.19329833984375
2019-06-14,59.995079040527344
2019-06-17,59.96458053588867
2019-06-18,59.65959930419922
2019-06-19,59.17166519165039
2019-06-20,59.728214263916016
2019-06-21,60.063697814941406
2019-06-24,59.81208038330078
2019-06-25,50.091182708740234
2019-06-26,51.84477615356445
2019-06-27,53.36960220336914
2019-06-28,55.44340896606445
2019-07-01,55.96184158325195
2019-07-02,56.594669342041016
2019-07-03,57.15123748779297
2019-07-05,55.64925003051758
2019-07-08,54.29977035522461
2019-07-09,54.31502914428711
2019-07-10,54.62760543823242
2019-07-11,54.31502914428711
2019-07-12,54.4001579284668
2019-07-15,54.39241027832031
2019-07-16,53.53322219848633
2019-07-17,52.883018493652344
2019-07-18,52.82884216308594
2019-07-19,53.053314208984375
2019-07-22,52.63533401489258
2019-07-23,52.42633056640625
2019-07-24,52.217342376708984
2019-07-25,51.598106384277344
2019-07-26,52.44955062866211
2019-07-29,52.0006103515625
2019-07-30,52.0006103515625
2019-07-31,51.56714630126953
2019-08-01,50.93241882324219
2019-08-02,50.58409881591797
2019-08-05,50.49123001098633
2019-08-06,50.13514709472656
2019-08-07,49.89519500732422
2019-08-08,50.6614990234375
2019-08-09,50.76213455200195
2019-08-12,49.94938278198242
2019-08-13,50.3209114074707
2019-08-14,49.15210723876953
2019-08-15,48.74959945678711
2019-08-16,49.87197494506836
2019-08-19,51.520687103271484
2019-08-20,51.40458297729492
2019-08-21,52.279258728027344
2019-08-22,52.26378631591797
2019-08-23,51.06401824951172
2019-08-26,51.44329071044922
2019-08-27,50.83179473876953
2019-08-28,51.141422271728516
2019-08-29,51.25752258300781
2019-08-30,50.88597869873047
2019-09-03,50.622802734375
2019-09-04,51.3813591003418
2019-09-05,51.88450241088867
2019-09-06,52.34119415283203
2019-09-09,51.62907028198242
2019-09-10,52.774658203125
2019-09-11,53.788673400878906
2019-09-12,54.825870513916016
2019-09-13,54.578189849853516
2019-09-16,54.63238525390625
2019-09-17,55.42191696166992
2019-09-18,55.16646194458008
2019-09-19,55.47608184814453
2019-09-20,56.03340530395508
2019-09-23,56.45138168334961
2019-09-24,56.466861724853516
2019-09-25,55.80119705200195
2019-09-26,57.30284118652344
2019-09-27,57.937564849853516
2019-09-30,58.610992431640625
2019-10-01,56.6836051940918
2019-10-02,55.832149505615234
2019-10-03,57.163509368896484
2019-10-04,57.79050827026367
2019-10-07,57.53505325317383
2019-10-08,56.91582107543945
2019-10-09,56.737789154052734
2019-10-10,57.627933502197266
2019-10-11,57.82427215576172
2019-10-14,57.926368713378906
2019-10-15,58.50752258300781
2019-10-16,58.703861236572266
2019-10-17,59.010128021240234
2019-10-18,60.046775817871094
2019-10-21,60.70645523071289
2019-10-22,61.15410232543945
2019-10-23,61.05984878540039
2019-10-24,60.313785552978516
2019-10-25,60.10175323486328
2019-10-28,61.51536178588867
2019-10-29,61.625301361083984
2019-10-30,62.559871673583984
2019-10-31,62.47348403930664
2019-11-01,64.20120239257812
2019-11-04,65.17501068115234
2019-11-05,64.27188873291016
2019-11-06,64.46037292480469
2019-11-07,64.40538787841797
2019-11-08,66.91848754882812
2019-11-11,67.2718505859375
2019-11-12,67.88443756103516
2019-11-13,68.05722045898438
2019-11-14,68.8189697265625
2019-11-15,69.60428619384766
2019-11-18,69.68284606933594
2019-11-19,69.91059112548828
2019-11-20,68.48127746582031
2019-11-21,67.947265625
2019-11-22,67.57814025878906
2019-11-25,68.92108154296875
2019-11-26,68.8896713256836
2019-11-27,69.36871337890625
2019-11-29,68.89751434326172
2019-12-02,68.34777069091797
2019-12-03,67.49961853027344
2019-12-04,68.48127746582031
2019-12-05,68.10433197021484
2019-12-06,68.30852508544922
2019-12-09,67.88443756103516
2019-12-10,67.9786605834961
2019-12-11,68.08860778808594
2019-12-12,69.68284606933594
2019-12-13,68.98390197753906
2019-12-16,70.23259735107422
2019-12-17,70.74305725097656
2019-12-18,70.15403747558594
2019-12-19,69.71426391601562
2019-12-20,70.12264251708984
2019-12-23,70.8765640258789
2019-12-24,70.56243896484375
2019-12-26,70.54670715332031
2019-12-27,70.05194854736328
2019-12-30,69.51791381835938
2019-12-31,69.53364562988281
2020-01-02,70.32682800292969
2020-01-03,69.65929412841797
2020-01-06,70.20902252197266
2020-01-07,69.80850982666016
2020-01-08,70.30326080322266
2020-01-09,70.84514617919922
2020-01-10,69.94200897216797
2020-01-13,69.51791381835938
2020-01-14,70.20243835449219
2020-01-15,71.04615020751953
2020-01-16,71.04615020751953
2020-01-17,70.04325866699219
2020-01-21,70.03530883789062
2020-01-22,69.41445922851562
2020-01-23,67.87033081054688
2020-01-24,66.49333953857422
2020-01-27,66.87539672851562
2020-01-28,66.67639923095703
2020-01-29,66.22270965576172
2020-01-30,65.09245300292969
2020-01-31,64.48754119873047
2020-02-03,65.50636291503906
2020-02-04,67.1460189819336
2020-02-05,68.95280456542969
2020-02-06,69.39058685302734
2020-02-07,73.4578857421875
2020-02-10,75.4158935546875
2020-02-11,76.41083526611328
2020-02-12,77.83557891845703
2020-02-13,75.8934555053711
2020-02-14,74.85872650146484
2020-02-18,74.50851440429688
2020-02-19,74.93036651611328
2020-02-20,75.00199890136719
2020-02-21,75.58303833007812
2020-02-24,74.13441467285156
2020-02-25,70.98247528076172
2020-02-26,70.36959838867188
2020-02-27,67.98971557617188
2020-02-28,68.22054290771484
2020-03-02,70.59246826171875
2020-03-03,69.70100402832031
2020-03-04,73.02806091308594
2020-03-05,72.12068176269531
2020-03-06,70.69593811035156
2020-03-09,67.87033081054688
2020-03-10,69.66914367675781
2020-03-11,67.53601837158203
2020-03-12,62.5693244934082
2020-03-13,67.9499282836914
2020-03-16,59.11492156982422
2020-03-17,58.119972229003906
2020-03-18,56.536048889160156
2020-03-19,56.55992889404297
2020-03-20,54.77701187133789
2020-03-23,51.33852767944336
2020-03-24,53.71840286254883
2020-03-25,54.052703857421875
2020-03-26,58.764686584472656
2020-03-27,57.84139633178711
2020-03-30,59.886966705322266
2020-03-31,60.643131256103516
2020-04-01,58.438350677490234
2020-04-02,59.7994270324707
2020-04-03,58.398563385009766
2020-04-06,60.27701187133789
2020-04-07,60.00638198852539
2020-04-08,62.529537200927734
2020-04-09,63.476707458496094
2020-04-13,63.914466857910156
2020-04-14,66.34598541259766
2020-04-15,66.09556579589844
2020-04-16,66.12789916992188
2020-04-17,67.41231536865234
2020-04-20,67.8485336303711
2020-04-21,64.91615295410156
2020-04-22,65.81282806396484
2020-04-23,66.27328491210938
2020-04-24,67.5254135131836
2020-04-27,68.41400146484375
2020-04-28,66.85491943359375
2020-04-29,67.6627426147461
2020-04-30,66.4025650024414
2020-05-01,66.91954040527344
2020-05-04,66.12789916992188
2020-05-05,68.96331787109375
2020-05-06,69.00370788574219
2020-05-07,68.03433227539062
2020-05-08,67.82431030273438
2020-05-11,71.00708770751953
2020-05-12,73.07510375976562
2020-05-13,71.7906723022461
2020-05-14,72.6550521850586
2020-05-15,73.27706909179688
2020-05-18,73.89100646972656
2020-05-19,73.67289733886719
2020-05-20,73.6648178100586
2020-05-21,75.14310455322266
2020-05-22,74.39994049072266
2020-05-26,73.27706909179688
2020-05-27,72.6873779296875
2020-05-28,72.72775268554688
2020-05-29,74.86038970947266
2020-06-01,73.26898193359375
2020-06-02,73.54364013671875
2020-06-03,73.42245483398438
2020-06-04,75.15928649902344
2020-06-05,75.81361389160156
2020-06-08,76.411376953125
2020-06-09,77.68772888183594
2020-06-10,78.2774429321289
2020-06-11,74.52918243408203
2020-06-12,74.69073486328125
2020-06-15,75.19158935546875
2020-06-16,77.59888458251953
2020-06-17,77.34037780761719
2020-06-18,77.73622131347656
2020-06-19,78.12395477294922
2020-06-22,78.57634735107422
2020-06-23,78.6086654663086
2020-06-24,76.85567474365234
2020-06-25,78.35015869140625
2020-06-26,77.65544128417969
2020-06-29,77.90585327148438
2020-06-30,79.31145477294922
2020-07-01,80.08695983886719
2020-07-02,79.87691497802734
2020-07-06,79.9819564819336
2020-07-07,80.25659942626953
2020-07-08,80.20006561279297
2020-07-09,79.11758422851562
2020-07-10,78.22090911865234
2020-07-13,79.05294799804688
2020-07-14,80.84365844726562
2020-07-15,82.16011810302734
2020-07-16,81.70223999023438
2020-07-17,82.44630432128906
2020-07-20,81.39151000976562
2020-07-21,79.64166259765625
2020-07-22,79.88697814941406
2020-07-23,80.15680694580078
2020-07-24,79.40454864501953
2020-07-27,79.4454345703125
2020-07-28,79.0774917602539
2020-07-29,79.32278442382812
2020-07-30,78.52965545654297
2020-07-31,77.60565948486328
2020-08-03,78.4478759765625
2020-08-04,77.09871673583984
2020-08-05,76.2483139038086
2020-08-06,75.69229888916016
2020-08-07,75.9784927368164
2020-08-10,75.53693389892578
2020-08-11,75.7740478515625
2020-08-12,78.09628295898438
2020-08-13,77.4176025390625
2020-08-14,77.73651123046875
2020-08-17,78.78311157226562
2020-08-18,78.21074676513672
2020-08-19,78.57868957519531
2020-08-20,77.8427963256836
2020-08-21,77.56477355957031
2020-08-24,77.27860260009766
2020-08-25,76.91064453125
2020-08-26,77.14777374267578
2020-08-27,77.10689544677734
2020-08-28,77.00057220458984
2020-08-31,78.3088607788086
2020-09-01,75.42247009277344
2020-09-02,76.8206787109375
2020-09-03,75.11993408203125
2020-09-04,75.11993408203125
2020-09-08,73.77076721191406
2020-09-09,74.92367553710938
2020-09-10,73.30467987060547
2020-09-11,73.34557342529297
2020-09-14,73.99152374267578
2020-09-15,74.3349609375
2020-09-16,73.41098022460938
2020-09-17,73.28833770751953
2020-09-18,73.68081665039062
2020-09-21,72.84678649902344
2020-09-22,72.44612884521484
2020-09-23,71.25232696533203
2020-09-24,70.24658966064453
2020-09-25,70.50824737548828
2020-09-28,71.3667984008789
2020-09-29,71.04792022705078
2020-09-30,71.62027740478516
2020-10-01,71.25232696533203
2020-10-02,70.41828155517578
2020-10-05,71.89828491210938
2020-10-06,70.23020935058594
2020-10-07,71.19507598876953
2020-10-08,71.41584777832031
2020-10-09,71.71021270751953
2020-10-12,72.21719360351562
2020-10-13,71.8165054321289
2020-10-14,71.33580780029297
2020-10-15,70.63961029052734
2020-10-16,71.5015640258789
2020-10-19,69.8770980834961
2020-10-20,69.82736206054688
2020-10-21,68.7001724243164
2020-10-22,69.8770980834961
2020-10-23,69.90194702148438
2020-10-26,69.55386352539062
2020-10-27,68.5510025024414
2020-10-28,66.7110366821289
2020-10-29,66.8602294921875
2020-10-30,70.5318603515625
2020-11-02,73.14261627197266
2020-11-03,72.90226745605469
2020-11-04,78.32268524169922
2020-11-05,77.65135955810547
2020-11-06,76.95514678955078
2020-11-09,78.8365478515625
2020-11-10,81.9446029663086
2020-11-11,81.34785461425781
2020-11-12,80.8919906616211
2020-11-13,82.08549499511719
2020-11-16,81.52191162109375
2020-11-17,82.22640228271484
2020-11-18,81.82026672363281
2020-11-19,82.60762786865234
2020-11-20,83.57735443115234
2020-11-23,84.6879653930664
2020-11-24,86.16324615478516
2020-11-25,86.36215209960938
2020-11-27,86.93405151367188
2020-11-30,86.6771011352539
2020-12-01,86.22955322265625
2020-12-02,87.01692199707031
2020-12-03,86.80972290039062
2020-12-04,88.91488647460938
2020-12-07,87.7214126586914
2020-12-08,89.25472259521484
2020-12-09,90.06694030761719
2020-12-10,89.08892822265625
2020-12-11,88.13581085205078
2020-12-14,86.36215209960938
2020-12-15,85.21839904785156
2020-12-16,86.72683715820312
2020-12-17,86.93405151367188
2020-12-18,86.5693588256836
2020-12-21,85.95603942871094
2020-12-22,85.20182037353516
2020-12-23,85.59966278076172
2020-12-24,85.58309173583984
2020-12-28,85.74055480957031
2020-12-29,86.77655792236328
2020-12-30,87.24897766113281
2020-12-31,88.80715942382812
2021-01-04,87.36503601074219
2021-01-05,88.26840209960938
2021-01-06,87.50591278076172
2021-01-07,88.44246673583984
2021-01-08,88.90660858154297
2021-01-11,90.3570327758789
2021-01-12,90.9869155883789
2021-01-13,93.1998519897461
2021-01-14,93.6023178100586
2021-01-15,92.67160034179688
2021-01-19,94.06351470947266
2021-01-20,94.43245697021484
2021-01-21,93.29208374023438
2021-01-22,92.9566879272461
2021-01-25,92.65483093261719
2021-01-26,91.22936248779297
2021-01-27,86.18993377685547
2021-01-28,87.38062286376953
2021-01-29,85.9300308227539
2021-02-01,85.77908325195312
2021-02-02,86.76013946533203
2021-02-03,89.67813873291016
2021-02-04,91.00296783447266
2021-02-05,91.17068481445312
2021-02-08,89.58589172363281
2021-02-09,88.37844848632812
2021-02-10,87.24646759033203
2021-02-11,86.99491882324219
2021-02-12,87.573486328125
2021-02-16,87.37223815917969
2021-02-17,89.12472534179688
2021-02-18,88.93184661865234
2021-02-19,88.05142974853516
2021-02-22,89.7703628540039
2021-02-23,89.10794830322266
2021-02-24,91.13712310791016
2021-02-25,89.99676513671875
2021-02-26,90.3405532836914
2021-03-01,90.9023666381836
2021-03-02,90.43278503417969
2021-03-03,89.47688293457031
2021-03-04,88.58807373046875
2021-03-05,89.46849822998047
2021-03-08,88.9737777709961
2021-03-09,89.54396057128906
2021-03-10,90.5585708618164
2021-03-11,90.4495620727539
2021-03-12,90.7430419921875
2021-03-15,92.45358276367188
2021-03-16,92.9399185180664
2021-03-17,88.07658386230469
2021-03-18,87.01168823242188
2021-03-19,86.71823120117188
2021-03-22,88.79769897460938
2021-03-23,87.90888977050781
2021-03-24,86.41634368896484
2021-03-25,87.10391235351562
2021-03-26,88.86479187011719
2021-03-29,89.49365234375
2021-03-30,89.54396057128906
2021-03-31,90.7430419921875
2021-04-01,90.99456787109375
2021-04-05,88.99894714355469
2021-04-06,88.36168670654297
2021-04-07,88.2191390991211
2021-04-08,88.96540832519531
2021-04-09,90.17284393310547
2021-04-12,90.76817321777344
2021-04-13,90.7430419921875
2021-04-14,89.87734985351562
2021-04-15,90.71755981445312
2021-04-16,91.58325958251953
2021-04-19,92.17733001708984
2021-04-20,92.53377532958984
2021-04-21,94.0359878540039
2021-04-22,93.39946746826172
2021-04-23,94.52821350097656
2021-04-26,94.53673553466797
2021-04-27,94.57916259765625
2021-04-28,94.9950180053711
2021-04-29,94.11236572265625
2021-04-30,94.63008117675781
2021-05-03,97.32894897460938
2021-05-04,96.6669692993164
2021-05-05,98.26251220703125
2021-05-06,98.5171127319336
2021-05-07,98.23706817626953
2021-05-10,98.63594818115234
2021-05-11,97.50717163085938
2021-05-12,97.56658935546875
2021-05-13,98.95845031738281
2021-05-14,98.81416320800781
2021-05-17,99.20459747314453
2021-05-18,99.47616577148438
2021-05-19,98.32192993164062
2021-05-20,99.39128875732422
2021-05-21,98.55107116699219
2021-05-24,98.37285614013672
2021-05-25,97.22710418701172
2021-05-26,97.34593200683594
2021-05-27,95.3260269165039
2021-05-28,96.07286071777344
2021-06-01,95.23265838623047
2021-06-02,94.54521942138672
2021-06-03,95.23265838623047
2021-06-04,95.3599624633789
2021-06-07,95.91160583496094
2021-06-08,95.34297943115234
2021-06-09,96.75182342529297
2021-06-10,98.65291595458984
2021-06-11,97.9570083618164
2021-06-14,97.94001770019531
2021-06-15,98.3049545288086
2021-06-16,98.05033874511719
2021-06-17,97.51566314697266
2021-06-18,96.00497436523438
2021-06-21,97.37137603759766
2021-06-22,97.34593200683594
2021-06-23,96.75182342529297
2021-06-24,97.3798828125
2021-06-25,95.88614654541016
2021-06-28,95.90312957763672
2021-06-29,95.30902862548828
2021-06-30,95.59759521484375
2021-07-01,96.97250366210938
2021-07-02,97.74479675292969
2021-07-06,98.22007751464844
2021-07-07,99.08573913574219
2021-07-08,98.74627685546875
2021-07-09,98.94146728515625
2021-07-12,99.83262634277344
2021-07-13,100.07025909423828
2021-07-14,100.7138671875
2021-07-15,100.55941772460938
2021-07-16,100.83399963378906
2021-07-19,99.04903411865234
2021-07-20,99.58967590332031
2021-07-21,100.39634704589844
2021-07-22,100.86833190917969
2021-07-23,101.4261474609375
2021-07-26,101.08287811279297
2021-07-27,101.22877502441406
2021-07-28,101.7350845336914
2021-07-29,102.00968933105469
2021-07-30,99.80420684814453
2021-08-02,99.07479095458984
2021-08-03,99.76130676269531
2021-08-04,98.75727081298828
2021-08-05,98.79158782958984
2021-08-06,98.21662139892578
2021-08-09,97.8819351196289
2021-08-10,98.53413391113281
2021-08-11,97.59015655517578
2021-08-12,99.2378158569336
2021-08-13,99.95870971679688
2021-08-16,101.61495971679688
2021-08-17,102.68765258789062
2021-08-18,100.65380096435547
2021-08-19,101.20301055908203
2021-08-20,101.96678161621094
2021-08-23,102.43019104003906
2021-08-24,102.70479583740234
2021-08-25,103.32267761230469
2021-08-26,103.32267761230469
2021-08-27,102.61898803710938
2021-08-30,103.46857452392578
2021-08-31,103.6487808227539
2021-09-01,96.34584045410156
2021-09-02,96.13128662109375
2021-09-03,95.78801727294922
2021-09-07,93.56536865234375
2021-09-08,94.70673370361328
2021-09-09,92.05502319335938
2021-09-10,91.54869842529297
2021-09-13,92.2352294921875
2021-09-14,91.37708282470703
2021-09-15,92.48408508300781
2021-09-16,92.75012969970703
2021-09-17,92.44976806640625
2021-09-20,91.30842590332031
2021-09-21,91.95204162597656
2021-09-22,91.3169937133789
2021-09-23,92.13223266601562
2021-09-24,91.88338470458984
2021-09-27,92.44120025634766
2021-09-28,92.11509704589844
2021-09-29,93.4023208618164
2021-09-30,92.5699234008789
2021-10-01,93.61687469482422
2021-10-04,93.30793762207031
2021-10-05,93.97730255126953
2021-10-06,93.81423950195312
2021-10-07,95.1444091796875
2021-10-08,95.41041564941406
2021-10-11,94.6895751953125
2021-10-12,93.17060852050781
2021-10-13,93.13629150390625
2021-10-14,94.59549713134766
2021-10-15,94.96028137207031
2021-10-18,93.31002807617188
2021-10-19,93.32737731933594
2021-10-20,94.16120910644531
2021-10-21,94.46521759033203
2021-10-22,94.79525756835938
2021-10-25,94.23938751220703
2021-10-26,95.0992660522461
2021-10-27,94.15252685546875
2021-10-28,95.25560760498047
2021-10-29,99.59844207763672
2021-11-01,99.72002410888672
2021-11-02,101.21395874023438
2021-11-03,102.11727905273438
2021-11-04,101.67430877685547
2021-11-05,101.77852630615234
2021-11-08,100.80574798583984
2021-11-09,100.41487884521484
2021-11-10,101.40503692626953
2021-11-11,101.30082702636719
2021-11-12,101.59613037109375
2021-11-15,101.48322296142578
2021-11-16,101.11841583251953
2021-11-17,101.92619323730469
2021-11-18,101.68297576904297
2021-11-19,100.96207427978516
2021-11-22,100.44961547851562
2021-11-23,103.25508880615234
2021-11-24,103.06400299072266
2021-11-26,101.19659423828125
2021-11-29,101.52664947509766
2021-11-30,100.12825012207031
2021-12-01,100.67546081542969
2021-12-02,101.50927734375
2021-12-03,103.22903442382812
2021-12-06,105.40044403076172
2021-12-07,105.53942108154297
2021-12-08,105.85211181640625
2021-12-09,107.83244323730469
2021-12-10,108.97894287109375
2021-12-13,109.88225555419922
2021-12-14,110.55973052978516
2021-12-15,113.11331939697266
2021-12-16,114.4595947265625
2021-12-17,112.50531768798828
2021-12-20,113.66050720214844
2021-12-21,112.8701171875
2021-12-22,114.6941146850586
2021-12-23,115.59740447998047
2021-12-27,116.74391174316406
2021-12-28,116.72654724121094
2021-12-29,117.56906127929688
2021-12-30,118.06414031982422
2021-12-31,117.60377502441406
2022-01-03,117.62117767333984
2022-01-04,117.39533996582031
2022-01-05,118.01202392578125
2022-01-06,117.4561538696289
2022-01-07,117.15214538574219
2022-01-10,118.46366882324219
2022-01-11,118.96744537353516
2022-01-12,119.24539184570312
2022-01-13,117.17430877685547
2022-01-14,119.23660278320312
2022-01-18,120.03522491455078
2022-01-19,118.65742492675781
2022-01-20,116.7442855834961
2022-01-21,115.82283020019531
2022-01-24,115.9808120727539
2022-01-25,116.79694366455078
2022-01-26,117.79737854003906
2022-01-27,119.32437896728516
2022-01-28,121.03565979003906
2022-01-31,120.1317367553711
2022-02-01,120.22828674316406
2022-02-02,121.64994812011719
2022-02-03,123.50164031982422
2022-02-04,123.43143463134766
2022-02-07,125.0812759399414
2022-02-08,125.9412841796875
2022-02-09,125.66926574707031
2022-02-10,125.2392807006836
2022-02-11,124.62494659423828
2022-02-14,125.4937515258789
2022-02-15,127.03829956054688
2022-02-16,128.01239013671875
2022-02-17,127.22256469726562
2022-02-18,126.39764404296875
2022-02-22,127.74034881591797
2022-02-23,128.79344177246094
2022-02-24,127.48584747314453
2022-02-25,131.2330780029297
2022-02-28,129.6798095703125
2022-03-01,129.609619140625
2022-03-02,131.25946044921875
2022-03-03,131.99659729003906
2022-03-04,132.1282501220703
2022-03-07,131.15414428710938
2022-03-08,129.13571166992188
2022-03-09,130.61880493164062
2022-03-10,130.90838623046875
2022-03-11,130.81185913085938
2022-03-14,133.47972106933594
2022-03-15,136.79701232910156
2022-03-16,136.94615173339844
2022-03-17,139.1752166748047
2022-03-18,139.7105255126953
2022-03-21,140.45645141601562
2022-03-22,140.42140197753906
2022-03-23,139.02601623535156
2022-03-24,140.65830993652344
2022-03-25,141.5797576904297
2022-03-28,142.1414031982422
2022-03-29,142.32571411132812
2022-03-30,143.70350646972656
2022-03-31,142.26426696777344
2022-04-01,142.76451110839844
2022-04-04,142.07122802734375
2022-04-05,143.4226837158203
2022-04-06,148.2318115234375
2022-04-07,152.06683349609375
2022-04-08,153.54115295410156
2022-04-11,149.03916931152344
2022-04-12,146.8276824951172
2022-04-13,140.67666625976562
2022-04-14,143.650390625
2022-04-18,141.03952026367188
2022-04-19,138.37559509277344
2022-04-20,138.68536376953125
2022-04-21,140.2960968017578
2022-04-22,137.17193603515625
2022-04-25,138.33131408691406
2022-04-26,138.22511291503906
2022-04-27,139.49957275390625
2022-04-28,138.34017944335938
2022-04-29,129.99432373046875
2022-05-02,130.8704833984375
2022-05-03,132.40155029296875
2022-05-04,134.16278076171875
2022-05-05,134.6849365234375
2022-05-06,135.26026916503906
2022-05-09,133.60523986816406
2022-05-10,134.60531616210938
2022-05-11,134.49026489257812
2022-05-12,136.55239868164062
2022-05-13,135.8532257080078
2022-05-16,137.5967559814453
2022-05-17,136.9860382080078
2022-05-18,134.90625
2022-05-19,134.27786254882812
2022-05-20,133.6494598388672
2022-05-23,131.01206970214844
2022-05-24,131.96792602539062
2022-05-25,134.49026489257812
2022-05-26,133.2600555419922
2022-05-27,132.75559997558594
2022-05-31,130.4279327392578
2022-06-01,129.23313903808594
2022-06-02,129.87921142578125
2022-06-03,130.2509307861328
2022-06-06,129.6845245361328
2022-06-07,131.99444580078125
2022-06-08,132.091796875
2022-06-09,128.7109832763672
2022-06-10,126.73733520507812
2022-06-13,123.39188385009766
2022-06-14,121.79882049560547
2022-06-15,122.21479797363281
2022-06-16,123.1529312133789
2022-06-17,122.38297271728516
2022-06-21,126.97630310058594
2022-06-22,130.59613037109375
2022-06-23,132.26882934570312
2022-06-24,134.82656860351562
2022-06-27,135.5346221923828
2022-06-28,134.9593505859375
2022-06-29,136.41964721679688
2022-06-30,135.55230712890625
2022-07-01,136.1187286376953
2022-07-05,136.23379516601562
2022-07-06,134.9947509765625
2022-07-07,134.5256805419922
2022-07-08,135.2779541015625
2022-07-11,135.6142578125
2022-07-12,134.93276977539062
2022-07-13,134.65843200683594
2022-07-14,134.39041137695312
2022-07-15,137.2311553955078
2022-07-18,133.61326599121094
2022-07-19,133.76512145996094
2022-07-20,131.93382263183594
2022-07-21,131.9873809814453
2022-07-22,132.63058471679688
2022-07-25,134.1938934326172
2022-07-26,134.77456665039062
2022-07-27,135.02467346191406
2022-07-28,133.77406311035156
2022-07-29,128.19972229003906
2022-08-01,125.26073455810547
2022-08-02,125.41259765625
2022-08-03,126.13618469238281
2022-08-04,124.09941101074219
2022-08-05,123.31332397460938
2022-08-08,125.36793518066406
2022-08-09,125.28752136230469
2022-08-10,125.90393829345703
2022-08-11,126.92228698730469
2022-08-12,127.3868408203125
2022-08-15,127.10989379882812
2022-08-16,127.34217071533203
2022-08-17,126.35057830810547
2022-08-18,126.21658325195312
2022-08-19,126.71685791015625
2022-08-22,125.36793518066406
2022-08-23,124.18875122070312
2022-08-24,123.19718933105469
2022-08-25,124.46568298339844
2022-08-26,121.80361938476562
2022-08-29,121.23189544677734
2022-08-30,121.08894348144531
2022-08-31,120.11524200439453
2022-09-01,123.67955780029297
2022-09-02,121.74108123779297
2022-09-06,122.91132354736328
2022-09-07,123.91185760498047
2022-09-08,125.52873992919922
2022-09-09,126.33271026611328
2022-09-12,127.06525421142578
2022-09-13,123.75102233886719
2022-09-14,124.66222381591797
2022-09-15,127.30643463134766
2022-09-16,128.6910400390625
2022-09-19,127.44044494628906
2022-09-20,126.6453628540039
2022-09-21,125.34111785888672
2022-09-22,127.75308990478516
2022-09-23,127.79776000976562
2022-09-26,126.1451416015625
2022-09-27,126.6007080078125
2022-09-28,129.17344665527344
2022-09-29,127.49402618408203
2022-09-30,119.89191436767578
2022-10-03,123.56342315673828
2022-10-04,126.84191131591797
2022-10-05,128.03895568847656
2022-10-06,125.32328033447266
2022-10-07,123.95648193359375
2022-10-10,123.55451965332031
2022-10-11,126.41311645507812
2022-10-12,125.04633331298828
2022-10-13,128.97178649902344
2022-10-14,128.9898223876953
2022-10-17,130.31639099121094
2022-10-18,130.4878387451172
2022-10-19,129.1613006591797
2022-10-20,128.98081970214844
2022-10-21,132.707763671875
2022-10-24,136.16397094726562
2022-10-25,135.19842529296875
2022-10-26,137.62588500976562
2022-10-27,138.51925659179688
2022-10-28,133.2041015625
2022-10-31,132.11216735839844
2022-11-01,132.57241821289062
2022-11-02,130.41566467285156
2022-11-03,130.32542419433594
2022-11-04,131.10147094726562
2022-11-07,133.64627075195312
2022-11-08,134.0343017578125
2022-11-09,133.21310424804688
2022-11-10,135.10816955566406
2022-11-11,135.5052490234375
2022-11-14,136.9309844970703
2022-11-15,138.1041259765625
2022-11-16,137.04830932617188
2022-11-17,137.31002807617188
2022-11-18,139.85482788085938
2022-11-21,141.77694702148438
2022-11-22,144.19540405273438
2022-11-23,143.8344268798828
2022-11-25,144.0419464111328
2022-11-28,142.96810913085938
2022-11-29,142.7605743408203
2022-11-30,145.4497528076172
2022-12-01,145.85580444335938
2022-12-02,147.6876983642578
2022-12-05,147.94039916992188
2022-12-06,147.74183654785156
2022-12-07,149.25787353515625
2022-12-08,149.79031372070312
2022-12-09,147.14627075195312
2022-12-12,149.18568420410156
2022-12-13,148.70742797851562
2022-12-14,148.7705841064453
2022-12-15,147.18235778808594
2022-12-16,144.81805419921875
2022-12-19,145.72946166992188
2022-12-20,144.9082794189453
2022-12-21,146.3791961669922
2022-12-22,147.3357696533203
2022-12-23,147.18235778808594
2022-12-27,147.08311462402344
2022-12-28,146.3972625732422
2022-12-29,146.69503784179688
2022-12-30,145.83775329589844
2023-01-03,146.53260803222656
2023-01-04,147.7147979736328
2023-01-05,147.53428649902344
2023-01-06,150.29563903808594
2023-01-09,145.88291931152344
2023-01-10,144.06002807617188
2023-01-11,141.83108520507812
2023-01-12,138.66998291015625
2023-01-13,139.92713928222656
2023-01-17,139.22567749023438
2023-01-18,135.91879272460938
2023-01-19,135.472412109375
2023-01-20,136.27407836914062
2023-01-23,135.32666015625
2023-01-24,134.543212890625
2023-01-25,134.63430786132812
2023-01-26,134.27902221679688
2023-01-27,133.25872802734375
2023-01-30,132.68479919433594
2023-01-31,134.59786987304688
2023-02-01,133.5502471923828
2023-02-02,131.94692993164062
2023-02-03,132.27487182617188
2023-02-06,132.1108856201172
2023-02-07,132.22019958496094
2023-02-08,131.7374267578125
2023-02-09,135.4633026123047
2023-02-10,138.5150909423828
2023-02-13,140.0455322265625
2023-02-14,139.0070343017578
2023-02-15,137.61322021484375
2023-02-16,136.2194061279297
2023-02-17,137.84097290039062
2023-02-21,138.4695587158203
2023-02-22,137.25794982910156
2023-02-23,138.5333251953125
2023-02-24,139.1163787841797
2023-02-27,140.54660034179688
2023-02-28,140.20042419433594
2023-03-01,141.44850158691406
2023-03-02,140.6376953125
2023-03-03,142.1681671142578
2023-03-06,141.45758056640625
2023-03-07,139.3167724609375
2023-03-08,136.28321838378906
2023-03-09,134.23350524902344
2023-03-10,136.38340759277344
2023-03-13,138.4240264892578
2023-03-14,140.15489196777344
2023-03-15,140.34619140625
2023-03-16,141.47581481933594
2023-03-17,140.491943359375
2023-03-20,142.22280883789062
2023-03-21,142.81495666503906
2023-03-22,139.99090576171875
2023-03-23,141.47581481933594
2023-03-24,143.9536895751953
2023-03-27,143.5164031982422
2023-03-28,144.1632080078125
2023-03-29,143.9354705810547
2023-03-30,143.86260986328125
2023-03-31,145.18348693847656
2023-04-03,146.14004516601562
2023-04-04,145.5570068359375
2023-04-05,146.4862060546875
2023-04-06,147.16946411132812
2023-04-10,146.92347717285156
2023-04-11,147.01461791992188
2023-04-12,147.9073486328125
2023-04-13,149.57142639160156
2023-04-14,148.5601043701172
2023-04-17,148.18313598632812
2023-04-18,146.72134399414062
2023-04-19,148.2107391357422
2023-04-20,148.697998046875
2023-04-21,149.31398010253906
2023-04-24,150.84930419921875
2023-04-25,151.60316467285156
2023-04-26,148.753173828125
2023-04-27,136.8657684326172
2023-04-28,138.93434143066406
2023-05-01,141.31549072265625
2023-05-02,139.39404296875
2023-05-03,137.2151641845703
2023-05-04,135.47755432128906
2023-05-05,136.09352111816406
2023-05-08,135.56027221679688
2023-05-09,134.9902801513672
2023-05-10,134.61334228515625
2023-05-11,134.76962280273438
2023-05-12,135.2844696044922
2023-05-15,134.76962280273438
2023-05-16,131.7357177734375
2023-05-17,131.7908935546875
2023-05-18,131.87362670898438
2023-05-19,133.4089813232422
2023-05-22,133.2158966064453
2023-05-23,131.02780151367188
2023-05-24,129.76829528808594
2023-05-25,127.44231414794922
2023-05-26,126.46778106689453
2023-05-30,125.43807983398438
2023-05-31,126.83553314208984
2023-06-01,122.68000030517578
2023-06-02,125.83341979980469
2023-06-05,125.82422637939453
2023-06-06,124.50951385498047
2023-06-07,125.49322509765625
2023-06-08,126.54132080078125
2023-06-09,127.03777313232422
2023-06-12,126.62406158447266
2023-06-13,127.15730285644531
2023-06-14,125.24501037597656
2023-06-15,124.93241882324219
2023-06-16,127.46068572998047
2023-06-20,126.70681762695312
2023-06-21,125.82422637939453
2023-06-22,126.3298568725586
2023-06-23,124.96000671386719
2023-06-26,124.06822967529297
2023-06-27,121.90773010253906
2023-06-28,121.82498168945312
2023-06-29,122.48690032958984
2023-06-30,123.86598205566406
2023-07-03,124.1233901977539
2023-07-05,126.5229263305664
2023-07-06,126.1827621459961
2023-07-07,124.57389831542969
2023-07-10,123.64533233642578
2023-07-11,124.63824462890625
2023-07-12,124.0958023071289
2023-07-13,124.1794662475586
2023-07-14,126.42898559570312
2023-07-17,125.3321304321289
2023-07-18,126.9588394165039
2023-07-19,127.98136138916016
2023-07-20,132.1736602783203
2023-07-21,133.6144561767578
2023-07-24,133.0939178466797
2023-07-25,131.65310668945312
2023-07-26,131.90408325195312
2023-07-27,138.36451721191406
2023-07-28,140.2236328125
2023-07-31,139.04307556152344
2023-08-01,138.07632446289062
2023-08-02,138.85716247558594
2023-08-03,138.55043029785156
2023-08-04,137.3234100341797
2023-08-07,139.740234375
2023-08-08,139.08026123046875
2023-08-09,140.14926147460938
2023-08-10,140.77206420898438
2023-08-11,141.45993041992188
2023-08-14,141.5436248779297
2023-08-15,141.40415954589844
2023-08-16,140.87429809570312
2023-08-17,139.4520721435547
2023-08-18,139.56361389160156
2023-08-21,139.58224487304688
2023-08-22,137.7974853515625
2023-08-23,136.7191925048828
2023-08-24,136.30091857910156
2023-08-25,136.35665893554688
2023-08-28,137.04452514648438
2023-08-29,137.19325256347656
2023-08-30,137.87181091308594
2023-08-31,136.6076202392578
2023-09-01,137.7602996826172
2023-09-05,135.8082275390625
2023-09-06,135.35272216796875
2023-09-07,138.4202880859375
2023-09-08,138.52252197265625
2023-09-11,138.54110717773438
2023-09-12,138.7549285888672
2023-09-13,140.5117950439453
2023-09-14,142.8170928955078
2023-09-15,141.40415954589844
2023-09-18,143.09593200683594
2023-09-19,142.67764282226562
2023-09-20,142.7891845703125
2023-09-21,142.62185668945312
2023-09-22,141.98048400878906
2023-09-25,143.7559356689453
2023-09-26,143.06805419921875
2023-09-27,142.34303283691406
2023-09-28,141.52500915527344
2023-09-29,138.55970764160156
2023-10-02,137.80674743652344
2023-10-03,137.04452514648438
2023-10-04,137.28622436523438
2023-10-05,137.0631103515625
2023-10-06,137.7974853515625
2023-10-09,138.60618591308594
2023-10-10,138.40170288085938
2023-10-11,138.81997680664062
2023-10-12,139.23309326171875
2023-10-13,138.9138641357422
2023-10-16,138.22850036621094
2023-10-17,140.05926513671875
2023-10-18,140.15316772460938
2023-10-19,136.62306213378906
2023-10-20,137.28964233398438
2023-10-23,135.88134765625
2023-10-24,137.36476135253906
2023-10-25,136.37893676757812
2023-10-26,136.32260131835938
2023-10-27,130.4359588623047
2023-10-30,133.21498107910156
2023-10-31,132.5483856201172
2023-11-01,133.75953674316406
2023-11-02,134.50123596191406
2023-11-03,132.77374267578125
2023-11-06,132.56715393066406
2023-11-07,133.4684600830078
2023-11-08,133.34642028808594
2023-11-09,129.60035705566406
2023-11-10,130.11672973632812
2023-11-13,130.1636962890625
2023-11-14,129.619140625
2023-11-15,129.1873016357422
2023-11-16,129.82568359375
2023-11-17,129.84446716308594
2023-11-20,129.85385131835938
2023-11-21,130.2481689453125
2023-11-22,130.0040740966797
2023-11-24,130.19186401367188
2023-11-27,130.58616638183594
2023-11-28,129.63792419433594
2023-11-29,130.03224182128906
2023-11-30,133.68441772460938
2023-12-01,134.6420440673828
2023-12-04,135.3367919921875
2023-12-05,135.73114013671875
2023-12-06,137.43048095703125
2023-12-07,138.92324829101562
2023-12-08,140.15316772460938
2023-12-11,141.99334716796875
2023-12-12,143.87106323242188
2023-12-13,144.86624145507812
2023-12-14,145.41079711914062
2023-12-15,144.6221160888672
2023-12-18,144.0400390625
2023-12-19,144.20907592773438
2023-12-20,142.41583251953125
2023-12-21,143.26080322265625
2023-12-22,145.46714782714844
2023-12-26,145.16668701171875
2023-12-27,145.41079711914062
2023-12-28,145.28872680664062
2023-12-29,145.49530029296875
2024-01-02,150.04876708984375
2024-01-03,150.6496124267578
2024-01-04,151.58848571777344
2024-01-05,152.22691345214844
2024-01-08,151.56031799316406
2024-01-09,152.3865509033203
2024-01-10,154.80877685546875
2024-01-11,153.7666473388672
2024-01-12,153.92776489257812
2024-01-16,153.05577087402344
2024-01-17,153.5865478515625
2024-01-18,154.78082275390625
2024-01-19,156.1741485595703
2024-01-22,156.7617950439453
2024-01-23,158.76173400878906
2024-01-24,155.65283203125
2024-01-25,156.51536560058594
2024-01-26,155.8234405517578
2024-01-29,155.3590087890625
2024-01-30,156.3163299560547
2024-01-31,155.8234405517578
2024-02-01,158.84701538085938
2024-02-02,159.8706817626953
2024-02-05,162.32557678222656
2024-02-06,164.24966430664062
2024-02-07,165.87994384765625
2024-02-08,165.67140197753906
2024-02-09,164.9984588623047
2024-02-12,164.0411376953125
2024-02-13,164.24966430664062
2024-02-14,165.32070922851562
2024-02-15,167.3775177001953
2024-02-16,168.23056030273438
2024-02-20,166.58132934570312
2024-02-21,166.00314331054688
2024-02-22,167.52915954589844
2024-02-23,168.7992401123047
2024-02-26,169.481689453125
2024-02-27,169.6522979736328
2024-02-28,168.71395874023438
2024-02-29,166.8656768798828
2024-03-01,169.57647705078125
2024-03-04,167.8135223388672
2024-03-05,169.8134307861328
2024-03-06,171.6143035888672
2024-03-07,171.14987182617188
2024-03-08,169.5196075439453
2024-03-11,170.2589111328125
2024-03-12,171.48162841796875
2024-03-13,170.4769287109375
2024-03-14,171.74700927734375
2024-03-15,168.60020446777344
2024-03-18,169.1783905029297
2024-03-19,170.28736877441406
2024-03-20,167.07421875
2024-03-21,168.24002075195312
2024-03-22,169.14048767089844
2024-03-25,169.21630859375
2024-03-26,169.8418731689453
2024-03-27,170.94137573242188
2024-03-28,172.60006713867188
2024-04-01,171.3299560546875
2024-04-02,171.26361083984375
2024-04-03,168.07891845703125
2024-04-04,159.14085388183594
2024-04-05,161.13128662109375
2024-04-08,160.9417266845703
2024-04-09,161.2639923095703
2024-04-10,160.2119140625
2024-04-11,158.78067016601562
2024-04-12,155.2505340576172
2024-04-15,154.66693115234375
2024-04-16,155.49925231933594
2024-04-17,157.1351776123047
2024-04-18,157.52743530273438
2024-04-19,159.2016143798828
2024-04-22,160.6175079345703
2024-04-23,162.19602966308594
2024-04-24,160.53140258789062
2024-04-25,160.04348754882812
2024-04-26,152.7057342529297
2024-04-29,154.52342224121094
2024-04-30,155.5949249267578
2024-05-01,154.7147674560547
2024-05-02,153.8441925048828
2024-05-03,156.69509887695312
2024-05-06,155.68101501464844
2024-05-07,155.50881958007812
2024-05-08,153.49978637695312
2024-05-09,153.4519500732422
2024-05-10,153.78677368164062
2024-05-13,154.29383850097656
2024-05-14,154.5904083251953
2024-05-15,156.69509887695312
2024-05-16,157.23085021972656
2024-05-17,159.211181640625
2024-05-20,157.43174743652344
2024-05-21,155.87232971191406
2024-05-22,152.6961669921875
2024-05-23,151.40464782714844
2024-05-24,150.25662231445312
2024-05-28,148.61114501953125
2024-05-29,148.08494567871094
2024-05-30,149.5391082763672
2024-05-31,154.2555694580078
2024-06-03,153.2510528564453
2024-06-04,155.11659240722656
2024-06-05,158.27362060546875
2024-06-06,161.26808166503906
2024-06-07,162.08123779296875
2024-06-10,163.07618713378906
2024-06-11,160.43572998046875
2024-06-12,158.89547729492188
2024-06-13,159.34510803222656
2024-06-14,161.2871856689453
2024-06-17,162.32997131347656
2024-06-18,163.9371795654297
2024-06-20,164.67385864257812
2024-06-21,163.00921630859375
2024-06-24,165.25743103027344
2024-06-25,163.3536376953125
2024-06-26,163.73629760742188
2024-06-27,161.6698455810547
2024-06-28,164.09027099609375
2024-07-01,162.99008178710938
2024-07-02,158.7711181640625
2024-07-03,156.742919921875
2024-07-05,160.00523376464844
2024-07-08,159.30685424804688
2024-07-09,160.7705841064453
2024-07-10,160.85667419433594
2024-07-11,162.55001831054688
2024-07-12,162.9039764404297
2024-07-15,162.2281494140625
2024-07-16,163.35772705078125
2024-07-17,169.21817016601562
2024-07-18,165.23077392578125
2024-07-19,166.37002563476562
2024-07-22,167.615478515625
2024-07-23,167.17135620117188
2024-07-24,170.12570190429688
2024-07-25,175.87991333007812
2024-07-26,178.7666778564453
2024-07-29,175.65785217285156
2024-07-30,180.33074951171875
2024-07-31,178.92115783691406
2024-08-01,183.15957641601562
2024-08-02,182.75405883789062
2024-08-05,177.9943084716797
2024-08-06,179.2976837158203
2024-08-07,181.0355224609375
2024-08-08,183.82574462890625
2024-08-09,183.37196350097656
2024-08-12,183.61334228515625
2024-08-13,184.6270751953125
2024-08-14,186.33595275878906
2024-08-15,186.72215270996094
2024-08-16,187.2048797607422
2024-08-19,190.07232666015625
2024-08-20,189.377197265625
2024-08-21,189.74407958984375
2024-08-22,189.58961486816406
2024-08-23,190.72886657714844
2024-08-26,190.62265014648438
2024-08-27,189.15513610839844
2024-08-28,188.65309143066406
2024-08-29,188.44068908691406
2024-08-30,189.53167724609375
2024-09-03,190.86402893066406
2024-09-04,190.20750427246094
2024-09-05,186.2008056640625
2024-09-06,186.72215270996094
2024-09-09,189.63787841796875
2024-09-10,192.4667205810547
2024-09-11,187.87107849121094
2024-09-12,187.3207550048828
2024-09-13,187.5041961669922
2024-09-16,188.97171020507812
2024-09-17,186.77044677734375
2024-09-18,186.27804565429688
2024-09-19,186.93455505371094
2024-09-20,186.78973388671875
2024-09-23,187.13729858398438
2024-09-24,186.82835388183594
2024-09-25,184.6560516357422
2024-09-26,185.27394104003906
2024-09-27,188.0641632080078
2024-09-30,190.66127014160156
2024-10-01,190.1592559814453
2024-10-02,190.02406311035156
2024-10-03,188.7013702392578
2024-10-04,187.5814208984375
2024-10-07,186.92489624023438
2024-10-08,186.34559631347656
2024-10-09,188.02554321289062
2024-10-10,187.63934326171875
2024-10-11,187.48487854003906
2024-10-14,188.8944549560547
2024-10-15,186.71453857421875
2024-10-16,185.35208129882812
2024-10-17,183.5127716064453
2024-10-18,183.7949981689453
2024-10-21,181.53720092773438
2024-10-22,183.6976776123047
2024-10-23,182.84127807617188
2024-10-24,184.56381225585938
2024-10-25,182.8120880126953
2024-10-28,184.59300231933594
2024-10-29,184.36917114257812
2024-10-30,196.09600830078125
2024-10-31,198.40243530273438
2024-11-01,198.09103393554688
2024-11-04,195.0936279296875
2024-11-05,196.2711639404297
2024-11-06,195.80404663085938
2024-11-07,195.13255310058594
2024-11-08,194.14962768554688
2024-11-11,169.75198364257812
2024-11-12,166.50155639648438
2024-11-13,165.78140258789062
2024-11-14,165.0807342529297
2024-11-15,160.56515502929688
2024-11-18,161.820556640625
2024-11-19,162.102783203125
2024-11-20,163.2608642578125
2024-11-21,167.1243896484375
2024-11-22,172.20440673828125
2024-11-25,172.3114471435547
2024-11-26,176.28204345703125
2024-11-27,178.1699981689453
2024-11-29,178.02401733398438
2024-12-02,176.8951416015625
2024-12-03,176.63238525390625
2024-12-04,171.72755432128906
2024-12-05,171.44532775878906
2024-12-06,171.4647979736328
2024-12-09,171.83460998535156
2024-12-10,170.958740234375
2024-12-11,169.693603515625
2024-12-12,168.5452423095703
2024-12-13,168.7204132080078
2024-12-16,167.027099609375
2024-12-17,170.676513671875
2024-12-18,168.37982177734375
2024-12-19,166.92002868652344
2024-12-20,170.87115478515625
2024-12-23,173.6057891845703
2024-12-24,175.17262268066406
2024-12-26,174.39407348632812
2024-12-27,173.2359619140625
2024-12-30,171.47451782226562
2024-12-31,172.9342803955078
