Date,ALLE
2010-01-04,
2010-01-05,
2010-01-06,
2010-01-07,
2010-01-08,
2010-01-11,
2010-01-12,
2010-01-13,
2010-01-14,
2010-01-15,
2010-01-19,
2010-01-20,
2010-01-21,
2010-01-22,
2010-01-25,
2010-01-26,
2010-01-27,
2010-01-28,
2010-01-29,
2010-02-01,
2010-02-02,
2010-02-03,
2010-02-04,
2010-02-05,
2010-02-08,
2010-02-09,
2010-02-10,
2010-02-11,
2010-02-12,
2010-02-16,
2010-02-17,
2010-02-18,
2010-02-19,
2010-02-22,
2010-02-23,
2010-02-24,
2010-02-25,
2010-02-26,
2010-03-01,
2010-03-02,
2010-03-03,
2010-03-04,
2010-03-05,
2010-03-08,
2010-03-09,
2010-03-10,
2010-03-11,
2010-03-12,
2010-03-15,
2010-03-16,
2010-03-17,
2010-03-18,
2010-03-19,
2010-03-22,
2010-03-23,
2010-03-24,
2010-03-25,
2010-03-26,
2010-03-29,
2010-03-30,
2010-03-31,
2010-04-01,
2010-04-05,
2010-04-06,
2010-04-07,
2010-04-08,
2010-04-09,
2010-04-12,
2010-04-13,
2010-04-14,
2010-04-15,
2010-04-16,
2010-04-19,
2010-04-20,
2010-04-21,
2010-04-22,
2010-04-23,
2010-04-26,
2010-04-27,
2010-04-28,
2010-04-29,
2010-04-30,
2010-05-03,
2010-05-04,
2010-05-05,
2010-05-06,
2010-05-07,
2010-05-10,
2010-05-11,
2010-05-12,
2010-05-13,
2010-05-14,
2010-05-17,
2010-05-18,
2010-05-19,
2010-05-20,
2010-05-21,
2010-05-24,
2010-05-25,
2010-05-26,
2010-05-27,
2010-05-28,
2010-06-01,
2010-06-02,
2010-06-03,
2010-06-04,
2010-06-07,
2010-06-08,
2010-06-09,
2010-06-10,
2010-06-11,
2010-06-14,
2010-06-15,
2010-06-16,
2010-06-17,
2010-06-18,
2010-06-21,
2010-06-22,
2010-06-23,
2010-06-24,
2010-06-25,
2010-06-28,
2010-06-29,
2010-06-30,
2010-07-01,
2010-07-02,
2010-07-06,
2010-07-07,
2010-07-08,
2010-07-09,
2010-07-12,
2010-07-13,
2010-07-14,
2010-07-15,
2010-07-16,
2010-07-19,
2010-07-20,
2010-07-21,
2010-07-22,
2010-07-23,
2010-07-26,
2010-07-27,
2010-07-28,
2010-07-29,
2010-07-30,
2010-08-02,
2010-08-03,
2010-08-04,
2010-08-05,
2010-08-06,
2010-08-09,
2010-08-10,
2010-08-11,
2010-08-12,
2010-08-13,
2010-08-16,
2010-08-17,
2010-08-18,
2010-08-19,
2010-08-20,
2010-08-23,
2010-08-24,
2010-08-25,
2010-08-26,
2010-08-27,
2010-08-30,
2010-08-31,
2010-09-01,
2010-09-02,
2010-09-03,
2010-09-07,
2010-09-08,
2010-09-09,
2010-09-10,
2010-09-13,
2010-09-14,
2010-09-15,
2010-09-16,
2010-09-17,
2010-09-20,
2010-09-21,
2010-09-22,
2010-09-23,
2010-09-24,
2010-09-27,
2010-09-28,
2010-09-29,
2010-09-30,
2010-10-01,
2010-10-04,
2010-10-05,
2010-10-06,
2010-10-07,
2010-10-08,
2010-10-11,
2010-10-12,
2010-10-13,
2010-10-14,
2010-10-15,
2010-10-18,
2010-10-19,
2010-10-20,
2010-10-21,
2010-10-22,
2010-10-25,
2010-10-26,
2010-10-27,
2010-10-28,
2010-10-29,
2010-11-01,
2010-11-02,
2010-11-03,
2010-11-04,
2010-11-05,
2010-11-08,
2010-11-09,
2010-11-10,
2010-11-11,
2010-11-12,
2010-11-15,
2010-11-16,
2010-11-17,
2010-11-18,
2010-11-19,
2010-11-22,
2010-11-23,
2010-11-24,
2010-11-26,
2010-11-29,
2010-11-30,
2010-12-01,
2010-12-02,
2010-12-03,
2010-12-06,
2010-12-07,
2010-12-08,
2010-12-09,
2010-12-10,
2010-12-13,
2010-12-14,
2010-12-15,
2010-12-16,
2010-12-17,
2010-12-20,
2010-12-21,
2010-12-22,
2010-12-23,
2010-12-27,
2010-12-28,
2010-12-29,
2010-12-30,
2010-12-31,
2011-01-03,
2011-01-04,
2011-01-05,
2011-01-06,
2011-01-07,
2011-01-10,
2011-01-11,
2011-01-12,
2011-01-13,
2011-01-14,
2011-01-18,
2011-01-19,
2011-01-20,
2011-01-21,
2011-01-24,
2011-01-25,
2011-01-26,
2011-01-27,
2011-01-28,
2011-01-31,
2011-02-01,
2011-02-02,
2011-02-03,
2011-02-04,
2011-02-07,
2011-02-08,
2011-02-09,
2011-02-10,
2011-02-11,
2011-02-14,
2011-02-15,
2011-02-16,
2011-02-17,
2011-02-18,
2011-02-22,
2011-02-23,
2011-02-24,
2011-02-25,
2011-02-28,
2011-03-01,
2011-03-02,
2011-03-03,
2011-03-04,
2011-03-07,
2011-03-08,
2011-03-09,
2011-03-10,
2011-03-11,
2011-03-14,
2011-03-15,
2011-03-16,
2011-03-17,
2011-03-18,
2011-03-21,
2011-03-22,
2011-03-23,
2011-03-24,
2011-03-25,
2011-03-28,
2011-03-29,
2011-03-30,
2011-03-31,
2011-04-01,
2011-04-04,
2011-04-05,
2011-04-06,
2011-04-07,
2011-04-08,
2011-04-11,
2011-04-12,
2011-04-13,
2011-04-14,
2011-04-15,
2011-04-18,
2011-04-19,
2011-04-20,
2011-04-21,
2011-04-25,
2011-04-26,
2011-04-27,
2011-04-28,
2011-04-29,
2011-05-02,
2011-05-03,
2011-05-04,
2011-05-05,
2011-05-06,
2011-05-09,
2011-05-10,
2011-05-11,
2011-05-12,
2011-05-13,
2011-05-16,
2011-05-17,
2011-05-18,
2011-05-19,
2011-05-20,
2011-05-23,
2011-05-24,
2011-05-25,
2011-05-26,
2011-05-27,
2011-05-31,
2011-06-01,
2011-06-02,
2011-06-03,
2011-06-06,
2011-06-07,
2011-06-08,
2011-06-09,
2011-06-10,
2011-06-13,
2011-06-14,
2011-06-15,
2011-06-16,
2011-06-17,
2011-06-20,
2011-06-21,
2011-06-22,
2011-06-23,
2011-06-24,
2011-06-27,
2011-06-28,
2011-06-29,
2011-06-30,
2011-07-01,
2011-07-05,
2011-07-06,
2011-07-07,
2011-07-08,
2011-07-11,
2011-07-12,
2011-07-13,
2011-07-14,
2011-07-15,
2011-07-18,
2011-07-19,
2011-07-20,
2011-07-21,
2011-07-22,
2011-07-25,
2011-07-26,
2011-07-27,
2011-07-28,
2011-07-29,
2011-08-01,
2011-08-02,
2011-08-03,
2011-08-04,
2011-08-05,
2011-08-08,
2011-08-09,
2011-08-10,
2011-08-11,
2011-08-12,
2011-08-15,
2011-08-16,
2011-08-17,
2011-08-18,
2011-08-19,
2011-08-22,
2011-08-23,
2011-08-24,
2011-08-25,
2011-08-26,
2011-08-29,
2011-08-30,
2011-08-31,
2011-09-01,
2011-09-02,
2011-09-06,
2011-09-07,
2011-09-08,
2011-09-09,
2011-09-12,
2011-09-13,
2011-09-14,
2011-09-15,
2011-09-16,
2011-09-19,
2011-09-20,
2011-09-21,
2011-09-22,
2011-09-23,
2011-09-26,
2011-09-27,
2011-09-28,
2011-09-29,
2011-09-30,
2011-10-03,
2011-10-04,
2011-10-05,
2011-10-06,
2011-10-07,
2011-10-10,
2011-10-11,
2011-10-12,
2011-10-13,
2011-10-14,
2011-10-17,
2011-10-18,
2011-10-19,
2011-10-20,
2011-10-21,
2011-10-24,
2011-10-25,
2011-10-26,
2011-10-27,
2011-10-28,
2011-10-31,
2011-11-01,
2011-11-02,
2011-11-03,
2011-11-04,
2011-11-07,
2011-11-08,
2011-11-09,
2011-11-10,
2011-11-11,
2011-11-14,
2011-11-15,
2011-11-16,
2011-11-17,
2011-11-18,
2011-11-21,
2011-11-22,
2011-11-23,
2011-11-25,
2011-11-28,
2011-11-29,
2011-11-30,
2011-12-01,
2011-12-02,
2011-12-05,
2011-12-06,
2011-12-07,
2011-12-08,
2011-12-09,
2011-12-12,
2011-12-13,
2011-12-14,
2011-12-15,
2011-12-16,
2011-12-19,
2011-12-20,
2011-12-21,
2011-12-22,
2011-12-23,
2011-12-27,
2011-12-28,
2011-12-29,
2011-12-30,
2012-01-03,
2012-01-04,
2012-01-05,
2012-01-06,
2012-01-09,
2012-01-10,
2012-01-11,
2012-01-12,
2012-01-13,
2012-01-17,
2012-01-18,
2012-01-19,
2012-01-20,
2012-01-23,
2012-01-24,
2012-01-25,
2012-01-26,
2012-01-27,
2012-01-30,
2012-01-31,
2012-02-01,
2012-02-02,
2012-02-03,
2012-02-06,
2012-02-07,
2012-02-08,
2012-02-09,
2012-02-10,
2012-02-13,
2012-02-14,
2012-02-15,
2012-02-16,
2012-02-17,
2012-02-21,
2012-02-22,
2012-02-23,
2012-02-24,
2012-02-27,
2012-02-28,
2012-02-29,
2012-03-01,
2012-03-02,
2012-03-05,
2012-03-06,
2012-03-07,
2012-03-08,
2012-03-09,
2012-03-12,
2012-03-13,
2012-03-14,
2012-03-15,
2012-03-16,
2012-03-19,
2012-03-20,
2012-03-21,
2012-03-22,
2012-03-23,
2012-03-26,
2012-03-27,
2012-03-28,
2012-03-29,
2012-03-30,
2012-04-02,
2012-04-03,
2012-04-04,
2012-04-05,
2012-04-09,
2012-04-10,
2012-04-11,
2012-04-12,
2012-04-13,
2012-04-16,
2012-04-17,
2012-04-18,
2012-04-19,
2012-04-20,
2012-04-23,
2012-04-24,
2012-04-25,
2012-04-26,
2012-04-27,
2012-04-30,
2012-05-01,
2012-05-02,
2012-05-03,
2012-05-04,
2012-05-07,
2012-05-08,
2012-05-09,
2012-05-10,
2012-05-11,
2012-05-14,
2012-05-15,
2012-05-16,
2012-05-17,
2012-05-18,
2012-05-21,
2012-05-22,
2012-05-23,
2012-05-24,
2012-05-25,
2012-05-29,
2012-05-30,
2012-05-31,
2012-06-01,
2012-06-04,
2012-06-05,
2012-06-06,
2012-06-07,
2012-06-08,
2012-06-11,
2012-06-12,
2012-06-13,
2012-06-14,
2012-06-15,
2012-06-18,
2012-06-19,
2012-06-20,
2012-06-21,
2012-06-22,
2012-06-25,
2012-06-26,
2012-06-27,
2012-06-28,
2012-06-29,
2012-07-02,
2012-07-03,
2012-07-05,
2012-07-06,
2012-07-09,
2012-07-10,
2012-07-11,
2012-07-12,
2012-07-13,
2012-07-16,
2012-07-17,
2012-07-18,
2012-07-19,
2012-07-20,
2012-07-23,
2012-07-24,
2012-07-25,
2012-07-26,
2012-07-27,
2012-07-30,
2012-07-31,
2012-08-01,
2012-08-02,
2012-08-03,
2012-08-06,
2012-08-07,
2012-08-08,
2012-08-09,
2012-08-10,
2012-08-13,
2012-08-14,
2012-08-15,
2012-08-16,
2012-08-17,
2012-08-20,
2012-08-21,
2012-08-22,
2012-08-23,
2012-08-24,
2012-08-27,
2012-08-28,
2012-08-29,
2012-08-30,
2012-08-31,
2012-09-04,
2012-09-05,
2012-09-06,
2012-09-07,
2012-09-10,
2012-09-11,
2012-09-12,
2012-09-13,
2012-09-14,
2012-09-17,
2012-09-18,
2012-09-19,
2012-09-20,
2012-09-21,
2012-09-24,
2012-09-25,
2012-09-26,
2012-09-27,
2012-09-28,
2012-10-01,
2012-10-02,
2012-10-03,
2012-10-04,
2012-10-05,
2012-10-08,
2012-10-09,
2012-10-10,
2012-10-11,
2012-10-12,
2012-10-15,
2012-10-16,
2012-10-17,
2012-10-18,
2012-10-19,
2012-10-22,
2012-10-23,
2012-10-24,
2012-10-25,
2012-10-26,
2012-10-31,
2012-11-01,
2012-11-02,
2012-11-05,
2012-11-06,
2012-11-07,
2012-11-08,
2012-11-09,
2012-11-12,
2012-11-13,
2012-11-14,
2012-11-15,
2012-11-16,
2012-11-19,
2012-11-20,
2012-11-21,
2012-11-23,
2012-11-26,
2012-11-27,
2012-11-28,
2012-11-29,
2012-11-30,
2012-12-03,
2012-12-04,
2012-12-05,
2012-12-06,
2012-12-07,
2012-12-10,
2012-12-11,
2012-12-12,
2012-12-13,
2012-12-14,
2012-12-17,
2012-12-18,
2012-12-19,
2012-12-20,
2012-12-21,
2012-12-24,
2012-12-26,
2012-12-27,
2012-12-28,
2012-12-31,
2013-01-02,
2013-01-03,
2013-01-04,
2013-01-07,
2013-01-08,
2013-01-09,
2013-01-10,
2013-01-11,
2013-01-14,
2013-01-15,
2013-01-16,
2013-01-17,
2013-01-18,
2013-01-22,
2013-01-23,
2013-01-24,
2013-01-25,
2013-01-28,
2013-01-29,
2013-01-30,
2013-01-31,
2013-02-01,
2013-02-04,
2013-02-05,
2013-02-06,
2013-02-07,
2013-02-08,
2013-02-11,
2013-02-12,
2013-02-13,
2013-02-14,
2013-02-15,
2013-02-19,
2013-02-20,
2013-02-21,
2013-02-22,
2013-02-25,
2013-02-26,
2013-02-27,
2013-02-28,
2013-03-01,
2013-03-04,
2013-03-05,
2013-03-06,
2013-03-07,
2013-03-08,
2013-03-11,
2013-03-12,
2013-03-13,
2013-03-14,
2013-03-15,
2013-03-18,
2013-03-19,
2013-03-20,
2013-03-21,
2013-03-22,
2013-03-25,
2013-03-26,
2013-03-27,
2013-03-28,
2013-04-01,
2013-04-02,
2013-04-03,
2013-04-04,
2013-04-05,
2013-04-08,
2013-04-09,
2013-04-10,
2013-04-11,
2013-04-12,
2013-04-15,
2013-04-16,
2013-04-17,
2013-04-18,
2013-04-19,
2013-04-22,
2013-04-23,
2013-04-24,
2013-04-25,
2013-04-26,
2013-04-29,
2013-04-30,
2013-05-01,
2013-05-02,
2013-05-03,
2013-05-06,
2013-05-07,
2013-05-08,
2013-05-09,
2013-05-10,
2013-05-13,
2013-05-14,
2013-05-15,
2013-05-16,
2013-05-17,
2013-05-20,
2013-05-21,
2013-05-22,
2013-05-23,
2013-05-24,
2013-05-28,
2013-05-29,
2013-05-30,
2013-05-31,
2013-06-03,
2013-06-04,
2013-06-05,
2013-06-06,
2013-06-07,
2013-06-10,
2013-06-11,
2013-06-12,
2013-06-13,
2013-06-14,
2013-06-17,
2013-06-18,
2013-06-19,
2013-06-20,
2013-06-21,
2013-06-24,
2013-06-25,
2013-06-26,
2013-06-27,
2013-06-28,
2013-07-01,
2013-07-02,
2013-07-03,
2013-07-05,
2013-07-08,
2013-07-09,
2013-07-10,
2013-07-11,
2013-07-12,
2013-07-15,
2013-07-16,
2013-07-17,
2013-07-18,
2013-07-19,
2013-07-22,
2013-07-23,
2013-07-24,
2013-07-25,
2013-07-26,
2013-07-29,
2013-07-30,
2013-07-31,
2013-08-01,
2013-08-02,
2013-08-05,
2013-08-06,
2013-08-07,
2013-08-08,
2013-08-09,
2013-08-12,
2013-08-13,
2013-08-14,
2013-08-15,
2013-08-16,
2013-08-19,
2013-08-20,
2013-08-21,
2013-08-22,
2013-08-23,
2013-08-26,
2013-08-27,
2013-08-28,
2013-08-29,
2013-08-30,
2013-09-03,
2013-09-04,
2013-09-05,
2013-09-06,
2013-09-09,
2013-09-10,
2013-09-11,
2013-09-12,
2013-09-13,
2013-09-16,
2013-09-17,
2013-09-18,
2013-09-19,
2013-09-20,
2013-09-23,
2013-09-24,
2013-09-25,
2013-09-26,
2013-09-27,
2013-09-30,
2013-10-01,
2013-10-02,
2013-10-03,
2013-10-04,
2013-10-07,
2013-10-08,
2013-10-09,
2013-10-10,
2013-10-11,
2013-10-14,
2013-10-15,
2013-10-16,
2013-10-17,
2013-10-18,
2013-10-21,
2013-10-22,
2013-10-23,
2013-10-24,
2013-10-25,
2013-10-28,
2013-10-29,
2013-10-30,
2013-10-31,
2013-11-01,
2013-11-04,
2013-11-05,
2013-11-06,
2013-11-07,
2013-11-08,
2013-11-11,
2013-11-12,
2013-11-13,
2013-11-14,
2013-11-15,
2013-11-18,42.76502990722656
2013-11-19,40.400943756103516
2013-11-20,39.38652038574219
2013-11-21,38.627899169921875
2013-11-22,38.8043212890625
2013-11-25,38.97193145751953
2013-11-26,38.107452392578125
2013-11-27,38.142730712890625
2013-11-29,38.142730712890625
2013-12-02,38.05452346801758
2013-12-03,37.84281921386719
2013-12-04,36.898956298828125
2013-12-05,36.210899353027344
2013-12-06,35.90216064453125
2013-12-09,36.32556915283203
2013-12-10,37.54289627075195
2013-12-11,37.45468521118164
2013-12-12,37.904571533203125
2013-12-13,38.151554107666016
2013-12-16,38.53968811035156
2013-12-17,38.59261703491211
2013-12-18,39.05131530761719
2013-12-19,39.2100830078125
2013-12-20,39.042484283447266
2013-12-23,39.38652038574219
2013-12-24,39.32476806640625
2013-12-26,39.43061065673828
2013-12-27,39.37769317626953
2013-12-30,38.91899490356445
2013-12-31,38.980743408203125
2014-01-02,38.504398345947266
2014-01-03,38.77785873413086
2014-01-06,38.53085708618164
2014-01-07,38.6984748840332
2014-01-08,38.7072868347168
2014-01-09,38.92782211303711
2014-01-10,40.339202880859375
2014-01-13,41.494781494140625
2014-01-14,42.1651725769043
2014-01-15,41.90054702758789
2014-01-16,41.812355041503906
2014-01-17,42.341609954833984
2014-01-21,42.49155807495117
2014-01-22,42.791481018066406
2014-01-23,42.09461212158203
2014-01-24,41.31835174560547
2014-01-27,41.10664749145508
2014-01-28,42.10344696044922
2014-01-29,42.14754104614258
2014-01-30,43.59420394897461
2014-01-31,43.532474517822266
2014-02-03,41.84762954711914
2014-02-04,42.385711669921875
2014-02-05,41.98875427246094
2014-02-06,43.435420989990234
2014-02-07,44.05290985107422
2014-02-10,43.96470260620117
2014-02-11,44.00880813598633
2014-02-12,44.1058349609375
2014-02-13,44.21170425415039
2014-02-14,43.779457092285156
2014-02-18,44.202877044677734
2014-02-19,43.364864349365234
2014-02-20,45.44666290283203
2014-02-21,46.19645309448242
2014-02-24,46.62870407104492
2014-02-25,48.1282958984375
2014-02-26,48.21650695800781
2014-02-27,48.825164794921875
2014-02-28,47.94306182861328
2014-03-03,47.184425354003906
2014-03-04,47.634300231933594
2014-03-05,47.5901985168457
2014-03-06,46.9197998046875
2014-03-07,47.096214294433594
2014-03-10,47.00800704956055
2014-03-11,48.075374603271484
2014-03-12,47.881290435791016
2014-03-13,47.351261138916016
2014-03-14,47.08622741699219
2014-03-17,46.78586196899414
2014-03-18,47.06855010986328
2014-03-19,47.06855010986328
2014-03-20,47.85477828979492
2014-03-21,47.536773681640625
2014-03-24,47.23640060424805
2014-03-25,47.0067138671875
2014-03-26,45.97312545776367
2014-03-27,45.4519157409668
2014-03-28,46.07913589477539
2014-03-31,46.08795166015625
2014-04-01,47.633941650390625
2014-04-02,48.296504974365234
2014-04-03,48.54387283325195
2014-04-04,47.46609878540039
2014-04-07,45.60207748413086
2014-04-08,45.416568756103516
2014-04-09,45.496063232421875
2014-04-10,44.77165985107422
2014-04-11,44.179779052734375
2014-04-14,43.967769622802734
2014-04-15,44.13560485839844
2014-04-16,44.37413024902344
2014-04-17,44.303462982177734
2014-04-21,44.72750473022461
2014-04-22,45.054359436035156
2014-04-23,44.52431106567383
2014-04-24,44.38296127319336
2014-04-25,43.76456832885742
2014-04-28,43.12850570678711
2014-04-29,43.199188232421875
2014-04-30,43.59674072265625
2014-05-01,45.27521514892578
2014-05-02,44.78935241699219
2014-05-05,44.22394943237305
2014-05-06,44.07375717163086
2014-05-07,44.10910415649414
2014-05-08,43.60554504394531
2014-05-09,44.17094421386719
2014-05-12,44.59497833251953
2014-05-13,44.59497833251953
2014-05-14,43.98542785644531
2014-05-15,42.660301208496094
2014-05-16,43.534881591796875
2014-05-19,44.356468200683594
2014-05-20,44.61265563964844
2014-05-21,44.79817581176758
2014-05-22,45.487239837646484
2014-05-23,46.34415054321289
2014-05-27,46.35299301147461
2014-05-28,46.7681999206543
2014-05-29,47.280574798583984
2014-05-30,46.28230285644531
2014-06-02,45.9996223449707
2014-06-03,46.29997634887695
2014-06-04,46.95372009277344
2014-06-05,47.97848129272461
2014-06-06,49.32128143310547
2014-06-09,49.78065872192383
2014-06-10,50.11634826660156
2014-06-11,49.771812438964844
2014-06-12,49.64796829223633
2014-06-13,49.62142562866211
2014-06-16,50.54148864746094
2014-06-17,50.647647857666016
2014-06-18,50.72726058959961
2014-06-19,50.665340423583984
2014-06-20,50.97499084472656
2014-06-23,50.92189407348633
2014-06-24,50.14338302612305
2014-06-25,50.152225494384766
2014-06-26,49.824893951416016
2014-06-27,49.17023849487305
2014-06-30,50.14338302612305
2014-07-01,50.47957229614258
2014-07-02,50.753814697265625
2014-07-03,50.568031311035156
2014-07-07,49.57718276977539
2014-07-08,49.10831832885742
2014-07-09,49.1967887878418
2014-07-10,49.18793869018555
2014-07-11,49.56833267211914
2014-07-14,49.52411651611328
2014-07-15,49.1967887878418
2014-07-16,49.03754425048828
2014-07-17,48.01131057739258
2014-07-18,48.5598258972168
2014-07-21,48.444801330566406
2014-07-22,48.56866455078125
2014-07-23,48.17055892944336
2014-07-24,48.63058853149414
2014-07-25,48.74558639526367
2014-07-28,47.39204025268555
2014-07-29,46.40120315551758
2014-07-30,47.4716682434082
2014-07-31,45.49884796142578
2014-08-01,44.55224609375
2014-08-04,44.33992004394531
2014-08-05,44.587623596191406
2014-08-06,44.33992004394531
2014-08-07,44.118743896484375
2014-08-08,44.773399353027344
2014-08-11,44.55224609375
2014-08-12,45.083045959472656
2014-08-13,46.215415954589844
2014-08-14,46.020790100097656
2014-08-15,46.23310852050781
2014-08-18,46.56929397583008
2014-08-19,46.542762756347656
2014-08-20,46.4631462097168
2014-08-21,46.12696838378906
2014-08-22,45.976566314697266
2014-08-25,46.41890335083008
2014-08-26,46.33927536010742
2014-08-27,46.011966705322266
2014-08-28,45.605003356933594
2014-08-29,45.49884796142578
2014-09-02,46.241973876953125
2014-09-03,46.17119216918945
2014-09-04,46.2950439453125
2014-09-05,46.427738189697266
2014-09-08,46.1977424621582
2014-09-09,45.77309036254883
2014-09-10,45.958866119384766
2014-09-11,46.056190490722656
2014-09-12,45.07267379760742
2014-09-15,45.010658264160156
2014-09-16,45.2764778137207
2014-09-17,45.24103927612305
2014-09-18,44.851173400878906
2014-09-19,44.17777633666992
2014-09-22,43.59300994873047
2014-09-23,43.34492111206055
2014-09-24,43.415794372558594
2014-09-25,42.71582794189453
2014-09-26,42.88417434692383
2014-09-29,42.529754638671875
2014-09-30,42.210777282714844
2014-10-01,42.32597351074219
2014-10-02,42.414573669433594
2014-10-03,43.539852142333984
2014-10-06,43.052520751953125
2014-10-07,41.28044509887695
2014-10-08,41.85637664794922
2014-10-09,41.3779296875
2014-10-10,40.97919845581055
2014-10-13,40.15517807006836
2014-10-14,39.9248161315918
2014-10-15,40.50960159301758
2014-10-16,41.050079345703125
2014-10-17,41.42219924926758
2014-10-20,41.555110931396484
2014-10-21,42.733558654785156
2014-10-22,41.732330322265625
2014-10-23,42.928462982177734
2014-10-24,43.522117614746094
2014-10-27,43.548702239990234
2014-10-28,44.47904968261719
2014-10-29,44.55877685546875
2014-10-30,46.640968322753906
2014-10-31,47.03969192504883
2014-11-03,47.340946197509766
2014-11-04,47.0662727355957
2014-11-05,47.004249572753906
2014-11-06,47.33208084106445
2014-11-07,46.92451477050781
2014-11-10,46.67641067504883
2014-11-11,46.5346565246582
2014-11-12,46.51692581176758
2014-11-13,46.18022537231445
2014-11-14,46.313140869140625
2014-11-17,46.81818389892578
2014-11-18,47.730804443359375
2014-11-19,47.84597396850586
2014-11-20,47.925724029541016
2014-11-21,48.0231819152832
2014-11-24,47.801666259765625
2014-11-25,47.4649772644043
2014-11-26,47.01311111450195
2014-11-28,47.71308135986328
2014-12-01,47.58016586303711
2014-12-02,48.164955139160156
2014-12-03,48.45734786987305
2014-12-04,48.36874008178711
2014-12-05,49.21935272216797
2014-12-08,48.65227127075195
2014-12-09,48.73200225830078
2014-12-10,47.9788818359375
2014-12-11,48.014320373535156
2014-12-12,47.74812698364258
2014-12-15,47.6505126953125
2014-12-16,47.41093444824219
2014-12-17,48.01432418823242
2014-12-18,48.75969314575195
2014-12-19,48.795188903808594
2014-12-22,49.345359802246094
2014-12-23,49.4074592590332
2014-12-24,49.45183181762695
2014-12-26,49.380836486816406
2014-12-29,49.611541748046875
2014-12-30,49.38970947265625
2014-12-31,49.21224594116211
2015-01-02,48.848426818847656
2015-01-05,48.750823974609375
2015-01-06,48.670955657958984
2015-01-07,49.33646774291992
2015-01-08,50.00197219848633
2015-01-09,49.58492660522461
2015-01-12,48.795188903808594
2015-01-13,48.892799377441406
2015-01-14,49.09689712524414
2015-01-15,47.73925018310547
2015-01-16,47.357688903808594
2015-01-20,46.843021392822266
2015-01-21,46.958370208740234
2015-01-22,48.23617172241211
2015-01-23,48.3426513671875
2015-01-26,47.836856842041016
2015-01-27,47.73925018310547
2015-01-28,48.22728729248047
2015-01-29,48.61771011352539
2015-01-30,47.92558670043945
2015-02-02,48.35151672363281
2015-02-03,48.848426818847656
2015-02-04,49.363094329833984
2015-02-05,50.57876205444336
2015-02-06,51.06680679321289
2015-02-09,50.498897552490234
2015-02-10,50.47227478027344
2015-02-11,50.330299377441406
2015-02-12,51.25313186645508
2015-02-13,52.05174255371094
2015-02-17,51.963035583496094
2015-02-18,49.69141387939453
2015-02-19,51.12889862060547
2015-02-20,51.998512268066406
2015-02-23,51.767799377441406
2015-02-24,51.8210334777832
2015-02-25,51.954139709472656
2015-02-26,51.723426818847656
2015-02-27,51.22651672363281
2015-03-02,52.193729400634766
2015-03-03,51.90978240966797
2015-03-04,51.86540222167969
2015-03-05,51.56372833251953
2015-03-06,50.978057861328125
2015-03-09,51.45722198486328
2015-03-10,51.12003707885742
2015-03-11,51.38623809814453
2015-03-12,51.8210334777832
2015-03-13,51.69659423828125
2015-03-16,52.2121467590332
2015-03-17,51.85660171508789
2015-03-18,53.18989562988281
2015-03-19,53.34101104736328
2015-03-20,54.345436096191406
2015-03-23,54.13209915161133
2015-03-24,54.13209915161133
2015-03-25,53.6076774597168
2015-03-26,53.785438537597656
2015-03-27,54.42542266845703
2015-03-30,55.029869079589844
2015-03-31,54.372100830078125
2015-04-01,54.292091369628906
2015-04-02,54.6209831237793
2015-04-06,54.79874801635742
2015-04-07,54.72764587402344
2015-04-08,54.83430099487305
2015-04-09,54.61209487915039
2015-04-10,54.43431091308594
2015-04-13,53.58100891113281
2015-04-14,53.305442810058594
2015-04-15,53.76765823364258
2015-04-16,53.47433853149414
2015-04-17,52.532135009765625
2015-04-20,52.71879196166992
2015-04-21,53.163246154785156
2015-04-22,53.65211868286133
2015-04-23,53.101009368896484
2015-04-24,54.185447692871094
2015-04-27,53.85655212402344
2015-04-28,54.05209732055664
2015-04-29,53.82099533081055
2015-04-30,54.35432052612305
2015-05-01,54.6209831237793
2015-05-04,55.33207702636719
2015-05-05,54.6654167175293
2015-05-06,54.46986389160156
2015-05-07,54.656532287597656
2015-05-08,55.447628021240234
2015-05-11,56.15871810913086
2015-05-12,54.91429901123047
2015-05-13,54.87874984741211
2015-05-14,54.994300842285156
2015-05-15,54.923187255859375
2015-05-18,55.012081146240234
2015-05-19,54.95875549316406
2015-05-20,54.70097732543945
2015-05-21,54.57655334472656
2015-05-22,54.45209503173828
2015-05-26,54.12321472167969
2015-05-27,54.949859619140625
2015-05-28,55.0565185546875
2015-05-29,55.500972747802734
2015-06-01,55.145416259765625
2015-06-02,55.456512451171875
2015-06-03,55.8298454284668
2015-06-04,54.95875549316406
2015-06-05,55.02097702026367
2015-06-08,54.57655334472656
2015-06-09,54.176544189453125
2015-06-10,54.77208709716797
2015-06-11,54.79874801635742
2015-06-12,54.39811325073242
2015-06-15,54.18444061279297
2015-06-16,53.96186447143555
2015-06-17,54.460426330566406
2015-06-18,54.67410659790039
2015-06-19,54.905601501464844
2015-06-22,55.270626068115234
2015-06-23,55.270626068115234
2015-06-24,55.243900299072266
2015-06-25,54.95899963378906
2015-06-26,54.869972229003906
2015-06-29,53.329750061035156
2015-06-30,53.54341125488281
2015-07-01,53.605735778808594
2015-07-02,53.21399688720703
2015-07-06,53.02702331542969
2015-07-07,53.10715866088867
2015-07-08,52.065486907958984
2015-07-09,52.697628021240234
2015-07-10,53.65916061401367
2015-07-13,54.3001708984375
2015-07-14,54.77204132080078
2015-07-15,54.21114730834961
2015-07-16,54.549461364746094
2015-07-17,54.65629577636719
2015-07-20,54.905601501464844
2015-07-21,54.148826599121094
2015-07-22,54.37139892578125
2015-07-23,54.38030242919922
2015-07-24,54.69192123413086
2015-07-27,54.487144470214844
2015-07-28,55.54661178588867
2015-07-29,56.7574462890625
2015-07-30,56.267765045166016
2015-07-31,56.28557586669922
2015-08-03,55.81370162963867
2015-08-04,55.760284423828125
2015-08-05,55.982872009277344
2015-08-06,55.45758056640625
2015-08-07,55.795902252197266
2015-08-10,56.428016662597656
2015-08-11,56.23214340209961
2015-08-12,56.15203857421875
2015-08-13,56.347900390625
2015-08-14,56.623897552490234
2015-08-17,57.58542251586914
2015-08-18,57.48749542236328
2015-08-19,57.18479537963867
2015-08-20,55.73358917236328
2015-08-21,53.75709533691406
2015-08-24,52.136722564697266
2015-08-25,50.70331573486328
2015-08-26,52.546260833740234
2015-08-27,53.872825622558594
2015-08-28,53.65916061401367
2015-08-31,53.071537017822266
2015-09-01,52.136722564697266
2015-09-02,52.813350677490234
2015-09-03,53.2318000793457
2015-09-04,52.2791748046875
2015-09-08,53.739295959472656
2015-09-09,53.59683609008789
2015-09-10,53.685855865478516
2015-09-11,53.97966384887695
2015-09-14,54.14909362792969
2015-09-15,54.96954345703125
2015-09-16,55.12114715576172
2015-09-17,55.32627487182617
2015-09-18,54.50582504272461
2015-09-21,55.04088592529297
2015-09-22,53.83699417114258
2015-09-23,54.033172607421875
2015-09-24,53.66754150390625
2015-09-25,53.18598175048828
2015-09-28,51.063541412353516
2015-09-29,50.00230407714844
2015-09-30,51.420249938964844
2015-10-01,52.22285461425781
2015-10-02,51.794795989990234
2015-10-05,52.62416458129883
2015-10-06,52.30311584472656
2015-10-07,53.18598175048828
2015-10-08,53.27515411376953
2015-10-09,53.212730407714844
2015-10-12,52.74009323120117
2015-10-13,52.49037551879883
2015-10-14,52.46363067626953
2015-10-15,53.810237884521484
2015-10-16,53.792388916015625
2015-10-19,53.489173889160156
2015-10-20,55.28167724609375
2015-10-21,54.63957977294922
2015-10-22,57.074153900146484
2015-10-23,56.83336639404297
2015-10-26,57.13658142089844
2015-10-27,57.52003860473633
2015-10-28,58.1442985534668
2015-10-29,57.528968811035156
2015-10-30,58.11752700805664
2015-11-02,59.52655792236328
2015-11-03,58.26023483276367
2015-11-04,57.698394775390625
2015-11-05,57.21683883666992
2015-11-06,57.31492233276367
2015-11-09,56.788787841796875
2015-11-10,56.47666549682617
2015-11-11,57.974857330322266
2015-11-12,57.68055725097656
2015-11-13,56.797706604003906
2015-11-16,57.71624755859375
2015-11-17,57.600303649902344
2015-11-18,58.72395706176758
2015-11-19,59.46413803100586
2015-11-20,59.312538146972656
2015-11-23,58.58127212524414
2015-11-24,58.126461029052734
2015-11-25,59.21442413330078
2015-11-27,59.865440368652344
2015-11-30,59.936798095703125
2015-12-01,60.66802215576172
2015-12-02,60.025962829589844
2015-12-03,58.9469108581543
2015-12-04,59.85651779174805
2015-12-07,59.20552444458008
2015-12-08,58.72395706176758
2015-12-09,58.126461029052734
2015-12-10,58.313720703125
2015-12-11,57.600303649902344
2015-12-14,57.97542953491211
2015-12-15,58.439884185791016
2015-12-16,59.35984420776367
2015-12-17,58.60960006713867
2015-12-18,57.74320602416992
2015-12-21,57.84147644042969
2015-12-22,58.20766067504883
2015-12-23,58.78822326660156
2015-12-24,58.60064697265625
2015-12-28,59.22584915161133
2015-12-29,59.80641174316406
2015-12-30,59.49381637573242
2015-12-31,58.87752914428711
2016-01-04,57.636024475097656
2016-01-05,57.573509216308594
2016-01-06,56.06406784057617
2016-01-07,54.44742965698242
2016-01-08,53.38456726074219
2016-01-11,53.13447570800781
2016-01-12,53.688236236572266
2016-01-13,52.527130126953125
2016-01-14,53.795406341552734
2016-01-15,52.4110107421875
2016-01-19,51.81256866455078
2016-01-20,51.276695251464844
2016-01-21,51.09804916381836
2016-01-22,53.55427551269531
2016-01-25,52.86653137207031
2016-01-26,53.536407470703125
2016-01-27,53.34883499145508
2016-01-28,52.8933219909668
2016-01-29,54.09016799926758
2016-02-01,53.991905212402344
2016-02-02,52.45566177368164
2016-02-03,53.03621292114258
2016-02-04,53.41135025024414
2016-02-05,50.25847244262695
2016-02-08,48.025569915771484
2016-02-09,48.48107147216797
2016-02-10,48.99018096923828
2016-02-11,50.67827224731445
2016-02-12,51.35707092285156
2016-02-16,52.2502326965332
2016-02-17,52.527130126953125
2016-02-18,52.33061981201172
2016-02-19,52.48245620727539
2016-02-22,54.54568099975586
2016-02-23,54.58141326904297
2016-02-24,55.938995361328125
2016-02-25,56.98401641845703
2016-02-26,57.05546951293945
2016-02-29,56.26948165893555
2016-03-01,57.903995513916016
2016-03-02,57.73427963256836
2016-03-03,57.91291046142578
2016-03-04,57.109066009521484
2016-03-07,56.7071418762207
2016-03-08,56.22482681274414
2016-03-09,56.555301666259766
2016-03-10,56.35880661010742
2016-03-11,56.939361572265625
2016-03-14,57.42258071899414
2016-03-15,56.94831848144531
2016-03-16,57.05568313598633
2016-03-17,57.60155487060547
2016-03-18,57.77156448364258
2016-03-21,57.70894241333008
2016-03-22,57.467323303222656
2016-03-23,56.697750091552734
2016-03-24,56.50088119506836
2016-03-28,56.70669937133789
2016-03-29,56.94831848144531
2016-03-30,57.127288818359375
2016-03-31,57.01095199584961
2016-04-01,58.50535202026367
2016-04-04,58.04001998901367
2016-04-05,57.89685821533203
2016-04-06,59.24808883666992
2016-04-07,57.24361801147461
2016-04-08,57.32415771484375
2016-04-11,56.74249267578125
2016-04-12,56.74249267578125
2016-04-13,57.521018981933594
2016-04-14,57.00200653076172
2016-04-15,57.06465148925781
2016-04-18,57.49416732788086
2016-04-19,57.1630744934082
2016-04-20,57.189918518066406
2016-04-21,56.59037399291992
2016-04-22,57.48522186279297
2016-04-25,57.89685821533203
2016-04-26,58.76486587524414
2016-04-27,59.80287551879883
2016-04-28,58.38007354736328
2016-04-29,58.56798553466797
2016-05-02,59.507598876953125
2016-05-03,58.78276062011719
2016-05-04,58.576942443847656
2016-05-05,58.49639892578125
2016-05-06,59.0691032409668
2016-05-09,59.21228790283203
2016-05-10,59.901309967041016
2016-05-11,59.0064811706543
2016-05-12,59.176483154296875
2016-05-13,59.0691032409668
2016-05-16,59.364410400390625
2016-05-17,59.80287551879883
2016-05-18,60.11608123779297
2016-05-19,60.1429328918457
2016-05-20,60.27716064453125
2016-05-23,60.151885986328125
2016-05-24,60.95724868774414
2016-05-25,60.805118560791016
2016-05-26,60.608238220214844
2016-05-27,60.84090805053711
2016-05-31,60.52771759033203
2016-06-01,61.01988220214844
2016-06-02,60.96617889404297
2016-06-03,60.75142288208008
2016-06-06,60.7603874206543
2016-06-07,60.62614059448242
2016-06-08,61.75368118286133
2016-06-09,61.726810455322266
2016-06-10,60.769317626953125
2016-06-13,60.5003776550293
2016-06-14,60.62588882446289
2016-06-15,61.10100173950195
2016-06-16,61.136863708496094
2016-06-17,60.6796760559082
2016-06-20,61.8091926574707
2016-06-21,61.871925354003906
2016-06-22,61.71058654785156
2016-06-23,62.078128814697266
2016-06-24,58.9137077331543
2016-06-27,57.38975524902344
2016-06-28,59.532249450683594
2016-06-29,60.966529846191406
2016-06-30,62.239463806152344
2016-07-01,61.67472839355469
2016-07-05,60.966529846191406
2016-07-06,61.19063186645508
2016-07-07,61.53129196166992
2016-07-08,62.51737594604492
2016-07-11,62.68769073486328
2016-07-12,63.22555923461914
2016-07-13,63.144901275634766
2016-07-14,63.655860900878906
2016-07-15,63.96062469482422
2016-07-18,63.593101501464844
2016-07-19,64.3998794555664
2016-07-20,64.48056030273438
2016-07-21,64.14889526367188
2016-07-22,64.8481216430664
2016-07-25,64.42678833007812
2016-07-26,64.9556655883789
2016-07-27,64.43576049804688
2016-07-28,65.24252319335938
2016-07-29,64.89292907714844
2016-08-01,64.90187072753906
2016-08-02,64.26543426513672
2016-08-03,63.691715240478516
2016-08-04,63.646888732910156
2016-08-05,64.0144271850586
2016-08-08,63.628963470458984
2016-08-09,63.92476272583008
2016-08-10,63.96062469482422
2016-08-11,64.37299346923828
2016-08-12,64.85708618164062
2016-08-15,65.27839660644531
2016-08-16,64.74949645996094
2016-08-17,64.23851776123047
2016-08-18,64.44469451904297
2016-08-19,63.89789581298828
2016-08-22,64.46263885498047
2016-08-23,64.70465087890625
2016-08-24,64.36402893066406
2016-08-25,64.62398529052734
2016-08-26,64.16680908203125
2016-08-29,64.63294219970703
2016-08-30,63.879966735839844
2016-08-31,63.84409713745117
2016-09-01,64.3998794555664
2016-09-02,64.89292907714844
2016-09-06,64.60606384277344
2016-09-07,63.54826736450195
2016-09-08,62.64287567138672
2016-09-09,59.908748626708984
2016-09-12,60.40178298950195
2016-09-13,59.791114807128906
2016-09-14,59.3510856628418
2016-09-15,60.033592224121094
2016-09-16,59.49479293823242
2016-09-19,60.50056457519531
2016-09-20,60.491607666015625
2016-09-21,60.958580017089844
2016-09-22,62.009273529052734
2016-09-23,61.66801452636719
2016-09-26,61.29084014892578
2016-09-27,61.91047668457031
2016-09-28,62.33256912231445
2016-09-29,61.299808502197266
2016-09-30,61.883544921875
2016-10-03,61.21897888183594
2016-10-04,60.50954818725586
2016-10-05,60.662200927734375
2016-10-06,61.02143859863281
2016-10-07,60.06053161621094
2016-10-10,60.419742584228516
2016-10-11,59.476810455322266
2016-10-12,60.19524383544922
2016-10-13,59.75520706176758
2016-10-14,60.787940979003906
2016-10-17,61.37166976928711
2016-10-18,60.97652816772461
2016-10-19,60.347900390625
2016-10-20,60.419742584228516
2016-10-21,60.32994079589844
2016-10-24,60.85081100463867
2016-10-25,58.83919143676758
2016-10-26,58.90207290649414
2016-10-27,56.432491302490234
2016-10-28,57.105995178222656
2016-10-31,57.33051300048828
2016-11-01,56.9892463684082
2016-11-02,56.89046096801758
2016-11-03,56.83658218383789
2016-11-04,57.15090560913086
2016-11-07,58.7494010925293
2016-11-08,59.00983810424805
2016-11-09,59.943782806396484
2016-11-10,62.06315231323242
2016-11-11,62.24274826049805
2016-11-14,61.5961799621582
2016-11-15,61.7578010559082
2016-11-16,60.6801872253418
2016-11-17,61.31777572631836
2016-11-18,60.45567321777344
2016-11-21,61.00346755981445
2016-11-22,61.06632995605469
2016-11-23,60.79692840576172
2016-11-25,60.985504150390625
2016-11-28,60.52751159667969
2016-11-29,60.59934997558594
2016-11-30,60.08748245239258
2016-12-01,58.78533172607422
2016-12-02,58.2554817199707
2016-12-05,58.0219841003418
2016-12-06,58.37221145629883
2016-12-07,59.07270050048828
2016-12-08,58.713478088378906
2016-12-09,58.98288345336914
2016-12-12,58.47999572753906
2016-12-13,59.064796447753906
2016-12-14,58.87587356567383
2016-12-15,58.39003372192383
2016-12-16,57.778221130371094
2016-12-19,58.399009704589844
2016-12-20,58.776893615722656
2016-12-21,58.974830627441406
2016-12-22,58.704925537109375
2016-12-23,58.83086013793945
2016-12-27,58.96583557128906
2016-12-28,58.30006408691406
2016-12-29,58.2730598449707
2016-12-30,57.58029556274414
2017-01-03,58.2100830078125
2017-01-04,59.316707611083984
2017-01-05,59.64060592651367
2017-01-06,59.28071594238281
2017-01-09,58.85786056518555
2017-01-10,58.030147552490234
2017-01-11,59.109771728515625
2017-01-12,59.487648010253906
2017-01-13,58.929840087890625
2017-01-17,59.26271438598633
2017-01-18,59.81153106689453
2017-01-19,59.9015007019043
2017-01-20,58.623939514160156
2017-01-23,58.54296875
2017-01-24,59.75754165649414
2017-01-25,59.919490814208984
2017-01-26,59.334693908691406
2017-01-27,59.84752655029297
2017-01-30,59.2357292175293
2017-01-31,59.08277893066406
2017-02-01,59.32570266723633
2017-02-02,59.03780746459961
2017-02-03,60.57628631591797
2017-02-06,60.58527374267578
2017-02-07,60.29735565185547
2017-02-08,60.81919479370117
2017-02-09,64.53492736816406
2017-02-10,64.70586395263672
2017-02-13,64.28298950195312
2017-02-14,63.95010757446289
2017-02-15,64.6248779296875
2017-02-16,65.61455535888672
2017-02-17,65.92044067382812
2017-02-21,67.03604888916016
2017-02-22,66.63121032714844
2017-02-23,66.5322494506836
2017-02-24,66.5322494506836
2017-02-27,66.21733856201172
2017-02-28,65.30865478515625
2017-03-01,66.29830932617188
2017-03-02,66.5412368774414
2017-03-03,66.41527557373047
2017-03-06,65.86646270751953
2017-03-07,65.55155181884766
2017-03-08,65.77649688720703
2017-03-09,66.09136199951172
2017-03-10,67.0000991821289
2017-03-13,67.40580749511719
2017-03-14,67.05419921875
2017-03-15,67.5500717163086
2017-03-16,67.75745391845703
2017-03-17,68.05498504638672
2017-03-20,67.82957458496094
2017-03-21,66.9640121459961
2017-03-22,67.4148178100586
2017-03-23,67.4959716796875
2017-03-24,67.66730499267578
2017-03-27,67.52299499511719
2017-03-28,67.73038482666016
2017-03-29,67.99188995361328
2017-03-30,68.39759826660156
2017-03-31,68.25331115722656
2017-04-03,68.2713623046875
2017-04-04,67.53205108642578
2017-04-05,66.8377685546875
2017-04-06,67.35169982910156
2017-04-07,67.34268951416016
2017-04-10,67.27957916259766
2017-04-11,67.88367462158203
2017-04-12,67.83856964111328
2017-04-13,67.72139739990234
2017-04-17,68.73120880126953
2017-04-18,68.46971130371094
2017-04-19,69.2721939086914
2017-04-20,70.07462310791016
2017-04-21,70.24595642089844
2017-04-24,70.54347229003906
2017-04-25,71.00330352783203
2017-04-26,71.87789916992188
2017-04-27,72.68934631347656
2017-04-28,70.90413665771484
2017-05-01,70.05661010742188
2017-05-02,69.9844741821289
2017-05-03,69.67792510986328
2017-05-04,69.74103546142578
2017-05-05,69.87625885009766
2017-05-08,69.24512481689453
2017-05-09,69.4074478149414
2017-05-10,69.2721939086914
2017-05-11,69.68692779541016
2017-05-12,69.18201446533203
2017-05-15,69.64183044433594
2017-05-16,70.75987243652344
2017-05-17,69.43447875976562
2017-05-18,69.71398162841797
2017-05-19,71.28282165527344
2017-05-22,71.64347839355469
2017-05-23,71.13856506347656
2017-05-24,71.27379608154297
2017-05-25,71.64347839355469
2017-05-26,71.57133483886719
2017-05-30,70.74183654785156
2017-05-31,70.8951416015625
2017-06-01,71.35492706298828
2017-06-02,72.18446350097656
2017-06-05,72.1303482055664
2017-06-06,70.81396484375
2017-06-07,70.62461853027344
2017-06-08,70.01153564453125
2017-06-09,69.63285827636719
2017-06-12,70.73286437988281
2017-06-13,71.62724304199219
2017-06-14,72.05189514160156
2017-06-15,72.9553451538086
2017-06-16,73.70523834228516
2017-06-19,74.23828887939453
2017-06-20,74.00338745117188
2017-06-21,73.64202117919922
2017-06-22,73.3529281616211
2017-06-23,73.58777618408203
2017-06-26,73.55165100097656
2017-06-27,72.81079864501953
2017-06-28,73.39805603027344
2017-06-29,72.11511993408203
2017-06-30,73.28963470458984
2017-07-03,73.51551055908203
2017-07-05,74.21118927001953
2017-07-06,72.8740463256836
2017-07-07,73.37999725341797
2017-07-10,73.66006469726562
2017-07-11,73.60588073730469
2017-07-12,74.07565307617188
2017-07-13,72.99149322509766
2017-07-14,72.97342681884766
2017-07-17,73.02765655517578
2017-07-18,72.8198471069336
2017-07-19,72.91017150878906
2017-07-20,73.26253509521484
2017-07-21,72.64817810058594
2017-07-24,72.5578384399414
2017-07-25,71.46463775634766
2017-07-26,70.91350555419922
2017-07-27,73.36190032958984
2017-07-28,73.5426254272461
2017-07-31,73.39805603027344
2017-08-01,73.60588073730469
2017-08-02,73.04572296142578
2017-08-03,72.96440124511719
2017-08-04,73.47034454345703
2017-08-07,74.07565307617188
2017-08-08,73.51551055908203
2017-08-09,72.81079864501953
2017-08-10,71.30203247070312
2017-08-11,71.62724304199219
2017-08-14,71.79891204833984
2017-08-15,71.3291015625
2017-08-16,71.63630676269531
2017-08-17,71.22071075439453
2017-08-18,70.62438201904297
2017-08-21,70.00099182128906
2017-08-22,70.54308319091797
2017-08-23,69.6486587524414
2017-08-24,69.7028579711914
2017-08-25,70.12749481201172
2017-08-28,70.51600646972656
2017-08-29,70.26300811767578
2017-08-30,70.74185943603516
2017-08-31,71.1122817993164
2017-09-01,71.50981140136719
2017-09-05,71.73567199707031
2017-09-06,72.51265716552734
2017-09-07,72.47652435302734
2017-09-08,73.00955963134766
2017-09-11,73.24446105957031
2017-09-12,73.18122863769531
2017-09-13,73.91304016113281
2017-09-14,74.6448745727539
2017-09-15,74.92549133300781
2017-09-18,74.81685638427734
2017-09-19,74.99789428710938
2017-09-20,75.649658203125
2017-09-21,75.55915832519531
2017-09-22,76.53675842285156
2017-09-25,76.49151611328125
2017-09-26,77.26094818115234
2017-09-27,77.24284362792969
2017-09-28,77.63208770751953
2017-09-29,78.27481079101562
2017-10-02,78.32911682128906
2017-10-03,79.18002319335938
2017-10-04,78.51016235351562
2017-10-05,78.81794738769531
2017-10-06,78.92655944824219
2017-10-09,79.31584930419922
2017-10-10,79.48780059814453
2017-10-11,79.79559326171875
2017-10-12,81.07193756103516
2017-10-13,79.93135070800781
2017-10-16,79.78651428222656
2017-10-17,78.75456237792969
2017-10-18,79.2977066040039
2017-10-19,79.42443084716797
2017-10-20,79.67790222167969
2017-10-23,79.03519439697266
2017-10-24,80.09430694580078
2017-10-25,78.29289245605469
2017-10-26,73.05164337158203
2017-10-27,72.68050384521484
2017-10-30,74.2012939453125
2017-10-31,75.48670196533203
2017-11-01,74.88928985595703
2017-11-02,74.43666076660156
2017-11-03,74.24652862548828
2017-11-06,75.21513366699219
2017-11-07,75.61343383789062
2017-11-08,75.52293395996094
2017-11-09,74.30086517333984
2017-11-10,75.25135803222656
2017-11-13,75.98458099365234
2017-11-14,75.04317474365234
2017-11-15,74.25559997558594
2017-11-16,74.59959411621094
2017-11-17,74.81685638427734
2017-11-20,75.35089111328125
2017-11-21,75.4957504272461
2017-11-22,75.27851104736328
2017-11-24,75.0612564086914
2017-11-27,75.22418212890625
2017-11-28,75.43240356445312
2017-11-29,75.07938385009766
2017-11-30,76.16561889648438
2017-12-01,76.56391906738281
2017-12-04,75.52293395996094
2017-12-05,74.22843933105469
2017-12-06,74.03836059570312
2017-12-07,75.2332534790039
2017-12-08,74.64486694335938
2017-12-11,74.38231658935547
2017-12-12,74.36422729492188
2017-12-13,74.80780029296875
2017-12-14,73.93877410888672
2017-12-15,74.62808990478516
2017-12-18,74.88204956054688
2017-12-19,72.62361907958984
2017-12-20,73.46714782714844
2017-12-21,73.46714782714844
2017-12-22,72.86851501464844
2017-12-26,72.91386413574219
2017-12-27,72.56015014648438
2017-12-28,72.16104888916016
2017-12-29,72.16104888916016
2018-01-02,72.478515625
2018-01-03,72.78688049316406
2018-01-04,73.8027114868164
2018-01-05,73.98413848876953
2018-01-08,73.68479919433594
2018-01-09,75.21766662597656
2018-01-10,74.91835021972656
2018-01-11,76.53279113769531
2018-01-12,77.13142395019531
2018-01-16,76.25164031982422
2018-01-17,76.37861633300781
2018-01-18,76.23348236083984
2018-01-19,78.21075439453125
2018-01-22,77.82073974609375
2018-01-23,77.41258239746094
2018-01-24,77.62120056152344
2018-01-25,77.41258239746094
2018-01-26,78.33772277832031
2018-01-29,78.61891174316406
2018-01-30,77.49423217773438
2018-01-31,78.10192108154297
2018-02-01,77.24935150146484
2018-02-02,74.23809814453125
2018-02-05,71.7529067993164
2018-02-06,72.659912109375
2018-02-07,72.52384185791016
2018-02-08,70.12936401367188
2018-02-09,71.1905746459961
2018-02-12,72.3333969116211
2018-02-13,72.24268341064453
2018-02-14,72.53292083740234
2018-02-15,74.6099624633789
2018-02-16,75.02719116210938
2018-02-20,77.69376373291016
2018-02-21,78.65518951416016
2018-02-22,78.03843688964844
2018-02-23,78.15634155273438
2018-02-26,79.68009948730469
2018-02-27,78.88194274902344
2018-02-28,76.28788757324219
2018-03-01,74.4376220703125
2018-03-02,74.58274841308594
2018-03-05,75.29021453857422
2018-03-06,76.1155776977539
2018-03-07,76.1246566772461
2018-03-08,76.87748718261719
2018-03-09,79.09962463378906
2018-03-12,79.27194213867188
2018-03-13,78.0837631225586
2018-03-14,77.6109848022461
2018-03-15,77.72010040283203
2018-03-16,78.08377075195312
2018-03-19,77.51097106933594
2018-03-20,77.8564682006836
2018-03-21,78.13833618164062
2018-03-22,76.91996002197266
2018-03-23,75.42884826660156
2018-03-26,76.88361358642578
2018-03-27,76.37443542480469
2018-03-28,75.58341979980469
2018-03-29,77.54732513427734
2018-04-02,75.68344116210938
2018-04-03,76.91088104248047
2018-04-04,77.95648193359375
2018-04-05,78.13833618164062
2018-04-06,77.05638122558594
2018-04-09,76.86540222167969
2018-04-10,77.49279022216797
2018-04-11,76.86540222167969
2018-04-12,77.56553649902344
2018-04-13,76.88361358642578
2018-04-16,77.62008666992188
2018-04-17,77.84737396240234
2018-04-18,78.64747619628906
2018-04-19,77.63825988769531
2018-04-20,77.05638122558594
2018-04-23,76.84725189208984
2018-04-24,74.6923828125
2018-04-25,75.49249267578125
2018-04-26,71.45555114746094
2018-04-27,70.76457977294922
2018-04-30,70.173583984375
2018-05-01,70.13719177246094
2018-05-02,68.30056762695312
2018-05-03,68.02782440185547
2018-05-04,69.23706817626953
2018-05-07,68.86426544189453
2018-05-08,69.00067138671875
2018-05-09,69.35525512695312
2018-05-10,70.29177856445312
2018-05-11,70.26448822021484
2018-05-14,69.87351989746094
2018-05-15,69.51893615722656
2018-05-16,70.028076171875
2018-05-17,69.89169311523438
2018-05-18,71.25552368164062
2018-05-21,71.62833404541016
2018-05-22,71.5282974243164
2018-05-23,72.02838134765625
2018-05-24,72.06471252441406
2018-05-25,71.63741302490234
2018-05-29,71.16461181640625
2018-05-30,72.019287109375
2018-05-31,69.49163818359375
2018-06-01,70.81910705566406
2018-06-04,71.2100830078125
2018-06-05,71.9829330444336
2018-06-06,72.0374755859375
2018-06-07,72.92851257324219
2018-06-08,73.75591278076172
2018-06-11,73.8831787109375
2018-06-12,74.71056365966797
2018-06-13,73.55585479736328
2018-06-14,74.55860137939453
2018-06-15,74.81385040283203
2018-06-18,74.27600860595703
2018-06-19,73.08182525634766
2018-06-20,72.92688751220703
2018-06-21,70.99429321289062
2018-06-22,70.82109069824219
2018-06-25,69.62689971923828
2018-06-26,69.58134460449219
2018-06-27,70.54761505126953
2018-06-28,70.35619354248047
2018-06-29,70.52030181884766
2018-07-02,70.76639556884766
2018-07-03,70.21033477783203
2018-07-05,70.99429321289062
2018-07-06,70.06449890136719
2018-07-09,71.04900360107422
2018-07-10,71.42276000976562
2018-07-11,71.02164459228516
2018-07-12,72.08821868896484
2018-07-13,72.66248321533203
2018-07-16,72.23406219482422
2018-07-17,72.99978637695312
2018-07-18,72.22494506835938
2018-07-19,71.72356414794922
2018-07-20,72.46195983886719
2018-07-23,71.75091552734375
2018-07-24,72.76277160644531
2018-07-25,73.00890350341797
2018-07-26,74.27600860595703
2018-07-27,74.38539123535156
2018-07-30,73.77465057373047
2018-07-31,74.3306884765625
2018-08-01,73.72904205322266
2018-08-02,74.0207748413086
2018-08-03,74.49479675292969
2018-08-06,75.26964569091797
2018-08-07,75.7527847290039
2018-08-08,75.22406005859375
2018-08-09,75.26052856445312
2018-08-10,74.56771850585938
2018-08-13,74.50391387939453
2018-08-14,75.90776062011719
2018-08-15,77.75828552246094
2018-08-16,77.87677764892578
2018-08-17,79.03448486328125
2018-08-20,79.27149200439453
2018-08-21,80.02812194824219
2018-08-22,79.39912414550781
2018-08-23,78.79747772216797
2018-08-24,79.55411529541016
2018-08-27,79.93697357177734
2018-08-28,79.96431732177734
2018-08-29,79.27149200439453
2018-08-30,79.57234191894531
2018-08-31,79.50851440429688
2018-09-04,79.44471740722656
2018-09-05,81.31344604492188
2018-09-06,81.06732940673828
2018-09-07,80.86676788330078
2018-09-10,81.86041259765625
2018-09-11,81.7692642211914
2018-09-12,81.80571746826172
2018-09-13,81.44107055664062
2018-09-14,80.24407958984375
2018-09-17,81.22176361083984
2018-09-18,82.57411193847656
2018-09-19,82.7659912109375
2018-09-20,83.0675048828125
2018-09-21,82.29998016357422
2018-09-24,81.67864990234375
2018-09-25,81.44107055664062
2018-09-26,81.80655670166016
2018-09-27,82.22687530517578
2018-09-28,82.7568359375
2018-10-01,83.27769470214844
2018-10-02,83.44214630126953
2018-10-03,83.35079193115234
2018-10-04,82.40965270996094
2018-10-05,81.82482147216797
2018-10-08,80.74664306640625
2018-10-09,80.06133270263672
2018-10-10,77.26532745361328
2018-10-11,75.62059020996094
2018-10-12,76.54348754882812
2018-10-15,76.59828186035156
2018-10-16,77.87751007080078
2018-10-17,76.9089584350586
2018-10-18,75.57491302490234
2018-10-19,74.73426818847656
2018-10-22,74.47844696044922
2018-10-23,75.61146545410156
2018-10-24,72.8611068725586
2018-10-25,75.78506469726562
2018-10-26,75.57491302490234
2018-10-29,74.62461853027344
2018-10-30,77.3018569946289
2018-10-31,78.33438873291016
2018-11-01,79.86944580078125
2018-11-02,80.5364761352539
2018-11-05,80.95679473876953
2018-11-06,81.42279815673828
2018-11-07,82.02586364746094
2018-11-08,82.61978149414062
2018-11-09,81.67864990234375
2018-11-12,80.94763946533203
2018-11-13,81.2035140991211
2018-11-14,79.5953369140625
2018-11-15,80.828857421875
2018-11-16,81.56900024414062
2018-11-19,81.72434997558594
2018-11-20,81.0938491821289
2018-11-21,82.05328369140625
2018-11-23,81.42279815673828
2018-11-26,82.02586364746094
2018-11-27,82.46443939208984
2018-11-28,84.24622344970703
2018-11-29,83.83505249023438
2018-11-30,83.68885040283203
2018-12-03,85.06858825683594
2018-12-04,82.49187469482422
2018-12-06,81.99845886230469
2018-12-07,81.02075958251953
2018-12-10,79.70499420166016
2018-12-11,79.77806854248047
2018-12-12,80.2623519897461
2018-12-13,79.8968734741211
2018-12-14,79.09083557128906
2018-12-17,76.6361312866211
2018-12-18,77.22233581542969
2018-12-19,75.08821868896484
2018-12-20,73.65022277832031
2018-12-21,71.93740844726562
2018-12-24,69.07054138183594
2018-12-26,72.00152587890625
2018-12-27,72.6335220336914
2018-12-28,71.94657897949219
2018-12-31,73.00904083251953
2019-01-02,74.23639678955078
2019-01-03,72.98155975341797
2019-01-04,72.81669616699219
2019-01-07,73.57691955566406
2019-01-08,74.5936279296875
2019-01-09,75.42711639404297
2019-01-10,75.28971862792969
2019-01-11,75.17064666748047
2019-01-14,74.89586639404297
2019-01-15,74.8775405883789
2019-01-16,74.19976043701172
2019-01-17,74.88672637939453
2019-01-18,76.4896011352539
2019-01-22,75.27140045166016
2019-01-23,75.50039672851562
2019-01-24,76.02247619628906
2019-01-25,77.11243438720703
2019-01-28,77.19486999511719
2019-01-29,77.8818130493164
2019-01-30,78.68785858154297
2019-01-31,78.64202880859375
2019-02-01,79.45723724365234
2019-02-04,79.9426498413086
2019-02-05,81.6096420288086
2019-02-06,82.1042709350586
2019-02-07,83.1117935180664
2019-02-08,83.70714569091797
2019-02-11,83.81707000732422
2019-02-12,85.21843719482422
2019-02-13,85.88703918457031
2019-02-14,83.97276306152344
2019-02-15,83.86282348632812
2019-02-19,80.6204605102539
2019-02-20,80.55632781982422
2019-02-21,80.81280517578125
2019-02-22,82.15922546386719
2019-02-25,81.24327850341797
2019-02-26,81.18833923339844
2019-02-27,82.8278579711914
2019-02-28,82.39735412597656
2019-03-01,83.53313446044922
2019-03-04,82.60804748535156
2019-03-05,82.37903594970703
2019-03-06,81.92109680175781
2019-03-07,80.57466125488281
2019-03-08,80.58380889892578
2019-03-11,81.13338470458984
2019-03-12,81.34403991699219
2019-03-13,82.1042709350586
2019-03-14,81.55305480957031
2019-03-15,81.22229766845703
2019-03-18,81.67247772216797
2019-03-19,81.4979248046875
2019-03-20,80.60677337646484
2019-03-21,81.67247772216797
2019-03-22,80.12906646728516
2019-03-25,80.3403549194336
2019-03-26,81.23149871826172
2019-03-27,81.02938842773438
2019-03-28,82.51768493652344
2019-03-29,83.33531188964844
2019-04-01,85.10842895507812
2019-04-02,84.90630340576172
2019-04-03,85.88931274414062
2019-04-04,86.46810913085938
2019-04-05,87.20303344726562
2019-04-08,86.72533416748047
2019-04-09,85.88931274414062
2019-04-10,85.74232482910156
2019-04-11,86.14651489257812
2019-04-12,86.88152313232422
2019-04-15,86.42214965820312
2019-04-16,86.26596069335938
2019-04-17,86.26596069335938
2019-04-18,86.12818145751953
2019-04-22,86.32111358642578
2019-04-23,88.1860580444336
2019-04-24,87.73589324951172
2019-04-25,88.709716796875
2019-04-26,90.31745910644531
2019-04-29,90.40933227539062
2019-04-30,91.16265106201172
2019-05-01,90.98811340332031
2019-05-02,90.87785339355469
2019-05-03,93.88200378417969
2019-05-06,93.00004577636719
2019-05-07,91.28208923339844
2019-05-08,91.52095031738281
2019-05-09,91.96192932128906
2019-05-10,92.1272964477539
2019-05-13,91.01567840576172
2019-05-14,91.3188247680664
2019-05-15,92.26506805419922
2019-05-16,93.58802795410156
2019-05-17,92.30183410644531
2019-05-20,91.85166931152344
2019-05-21,93.22972106933594
2019-05-22,91.80575561523438
2019-05-23,91.04320526123047
2019-05-24,91.20858001708984
2019-05-28,90.78597259521484
2019-05-29,89.8397216796875
2019-05-30,91.3923110961914
2019-05-31,89.15988159179688
2019-06-03,91.50257110595703
2019-06-04,92.25590515136719
2019-06-05,94.91095733642578
2019-06-06,95.2692642211914
2019-06-07,95.67346954345703
2019-06-10,96.95964813232422
2019-06-11,96.46356201171875
2019-06-12,96.04096221923828
2019-06-13,96.9988784790039
2019-06-14,97.65287017822266
2019-06-17,96.39098358154297
2019-06-18,97.7725830078125
2019-06-19,98.70288848876953
2019-06-20,99.71607208251953
2019-06-21,99.32919311523438
2019-06-24,99.37525939941406
2019-06-25,99.0805435180664
2019-06-26,99.09892272949219
2019-06-27,100.18579864501953
2019-06-28,101.82532501220703
2019-07-01,102.71878814697266
2019-07-02,101.55821228027344
2019-07-03,101.78849792480469
2019-07-05,102.2305908203125
2019-07-08,101.30032348632812
2019-07-09,101.47533416748047
2019-07-10,100.6924057006836
2019-07-11,100.64635467529297
2019-07-12,101.72400665283203
2019-07-15,102.01874542236328
2019-07-16,102.03717803955078
2019-07-17,100.23185729980469
2019-07-18,100.80294036865234
2019-07-19,99.09892272949219
2019-07-22,99.4949951171875
2019-07-23,100.24109649658203
2019-07-24,99.67921447753906
2019-07-25,96.53834533691406
2019-07-26,96.95282745361328
2019-07-29,95.51594543457031
2019-07-30,96.04094696044922
2019-07-31,95.36856079101562
2019-08-01,94.39222717285156
2019-08-02,93.79352569580078
2019-08-05,91.81317901611328
2019-08-06,91.95137023925781
2019-08-07,90.56973266601562
2019-08-08,91.32503509521484
2019-08-09,90.93819427490234
2019-08-12,89.32628631591797
2019-08-13,89.76838684082031
2019-08-14,86.65515899658203
2019-08-15,87.2446517944336
2019-08-16,87.89860534667969
2019-08-19,88.93022155761719
2019-08-20,87.50253295898438
2019-08-21,87.92622375488281
2019-08-22,88.13810729980469
2019-08-23,86.04723358154297
2019-08-26,86.59989166259766
2019-08-27,86.36961364746094
2019-08-28,86.84858703613281
2019-08-29,88.23942565917969
2019-08-30,88.67231750488281
2019-09-03,87.80651092529297
2019-09-04,89.12364959716797
2019-09-05,90.83683776855469
2019-09-06,91.14080047607422
2019-09-09,90.21052551269531
2019-09-10,90.50525665283203
2019-09-11,92.04345703125
2019-09-12,92.41190338134766
2019-09-13,94.42526245117188
2019-09-16,94.32366180419922
2019-09-17,93.79722595214844
2019-09-18,94.48991394042969
2019-09-19,94.32366180419922
2019-09-20,93.8064956665039
2019-09-23,93.42782592773438
2019-09-24,93.824951171875
2019-09-25,94.06507110595703
2019-09-26,94.81317138671875
2019-09-27,94.66541290283203
2019-09-30,95.72750854492188
2019-10-01,93.37239837646484
2019-10-02,92.5781478881836
2019-10-03,93.37239837646484
2019-10-04,95.42269897460938
2019-10-07,94.73926544189453
2019-10-08,94.50838470458984
2019-10-09,93.31700897216797
2019-10-10,93.00298309326172
2019-10-11,93.70486450195312
2019-10-14,92.77208709716797
2019-10-15,94.0096664428711
2019-10-16,95.50584411621094
2019-10-17,96.17079162597656
2019-10-18,96.00455474853516
2019-10-21,97.00200653076172
2019-10-22,97.20519256591797
2019-10-23,96.39247131347656
2019-10-24,104.97238159179688
2019-10-25,104.66759490966797
2019-10-28,106.50550079345703
2019-10-29,106.60709381103516
2019-10-30,107.60454559326172
2019-10-31,107.17047119140625
2019-11-01,109.15613555908203
2019-11-04,109.10069274902344
2019-11-05,108.1494369506836
2019-11-06,107.66918182373047
2019-11-07,106.45931243896484
2019-11-08,106.8102798461914
2019-11-11,106.81950378417969
2019-11-12,105.93289184570312
2019-11-13,107.79850006103516
2019-11-14,108.23255920410156
2019-11-15,110.01505279541016
2019-11-18,109.35931396484375
2019-11-19,110.09815216064453
2019-11-20,108.51889038085938
2019-11-21,109.46090698242188
2019-11-22,109.95040130615234
2019-11-25,110.65231323242188
2019-11-26,112.82268524169922
2019-11-27,112.26852416992188
2019-11-29,110.85547637939453
2019-12-02,111.1602554321289
2019-12-03,110.99400329589844
2019-12-04,112.48095703125
2019-12-05,112.95197296142578
2019-12-06,113.58924865722656
2019-12-09,114.60516357421875
2019-12-10,114.60516357421875
2019-12-11,116.08287048339844
2019-12-12,114.95613098144531
2019-12-13,113.60772705078125
2019-12-16,112.60807800292969
2019-12-17,114.33894348144531
2019-12-18,114.41295623779297
2019-12-19,114.47776794433594
2019-12-20,114.95907592773438
2019-12-23,114.23711395263672
2019-12-24,114.65363311767578
2019-12-26,115.36634826660156
2019-12-27,115.32007598876953
2019-12-30,114.8850326538086
2019-12-31,115.27379608154297
2020-01-02,116.06053161621094
2020-01-03,114.62586975097656
2020-01-06,114.41295623779297
2020-01-07,113.04308319091797
2020-01-08,113.5244140625
2020-01-09,113.7280502319336
2020-01-10,114.24637603759766
2020-01-13,115.37559509277344
2020-01-14,115.44039154052734
2020-01-15,115.99575805664062
2020-01-16,118.94841003417969
2020-01-17,118.52262115478516
2020-01-21,117.68035125732422
2020-01-22,119.8184585571289
2020-01-23,120.14242553710938
2020-01-24,118.47634887695312
2020-01-27,118.17090606689453
2020-01-28,119.80921173095703
2020-01-29,121.08653259277344
2020-01-30,120.93843078613281
2020-01-31,119.6981430053711
2020-02-03,122.34532928466797
2020-02-04,125.18690490722656
2020-02-05,123.36351013183594
2020-02-06,122.55823516845703
2020-02-07,124.06693267822266
2020-02-10,126.23283386230469
2020-02-11,127.6304702758789
2020-02-12,128.2598876953125
2020-02-13,126.64936828613281
2020-02-14,128.56532287597656
2020-02-18,124.36315155029297
2020-02-19,121.4012222290039
2020-02-20,120.18869018554688
2020-02-21,119.01322174072266
2020-02-24,117.50446319580078
2020-02-25,114.7739486694336
2020-02-26,114.4592514038086
2020-02-27,109.38699340820312
2020-02-28,106.4343490600586
2020-03-02,111.86759185791016
2020-03-03,110.460693359375
2020-03-04,115.09793090820312
2020-03-05,113.5244140625
2020-03-06,110.88646697998047
2020-03-09,106.4435806274414
2020-03-10,109.58136749267578
2020-03-11,106.23995971679688
2020-03-12,95.69741821289062
2020-03-13,103.4909439086914
2020-03-16,90.69963073730469
2020-03-17,95.23876190185547
2020-03-18,89.74352264404297
2020-03-19,87.4043197631836
2020-03-20,76.896484375
2020-03-23,72.960693359375
2020-03-24,78.82726287841797
2020-03-25,83.03223419189453
2020-03-26,89.83635711669922
2020-03-27,85.04656982421875
2020-03-30,88.19332885742188
2020-03-31,85.41786193847656
2020-04-01,78.52091979980469
2020-04-02,78.36310577392578
2020-04-03,78.0103759765625
2020-04-06,87.71063232421875
2020-04-07,86.095458984375
2020-04-08,87.8591537475586
2020-04-09,88.51820373535156
2020-04-13,88.8988037109375
2020-04-14,90.89453125
2020-04-15,87.68277740478516
2020-04-16,87.23723602294922
2020-04-17,90.6253433227539
2020-04-20,87.20938110351562
2020-04-21,84.24826049804688
2020-04-22,86.2996826171875
2020-04-23,88.30472564697266
2020-04-24,89.64141082763672
2020-04-27,91.96205139160156
2020-04-28,94.32908630371094
2020-04-29,95.0159912109375
2020-04-30,93.32657623291016
2020-05-01,90.4861068725586
2020-05-04,87.96125793457031
2020-05-05,89.79920196533203
2020-05-06,90.95951843261719
2020-05-07,92.95526885986328
2020-05-08,94.93245697021484
2020-05-11,94.38477325439453
2020-05-12,92.56539916992188
2020-05-13,86.94019317626953
2020-05-14,86.85664367675781
2020-05-15,86.2718505859375
2020-05-18,89.00090789794922
2020-05-19,87.48785400390625
2020-05-20,90.35616302490234
2020-05-21,87.25580596923828
2020-05-22,87.5250015258789
2020-05-26,90.6346435546875
2020-05-27,91.92491149902344
2020-05-28,92.74176788330078
2020-05-29,92.54682159423828
2020-06-01,93.42868041992188
2020-06-02,92.8345947265625
2020-06-03,97.50371551513672
2020-06-04,98.4783706665039
2020-06-05,107.07401275634766
2020-06-08,107.25035858154297
2020-06-09,104.23353576660156
2020-06-10,101.1981430053711
2020-06-11,94.27337646484375
2020-06-12,95.06239318847656
2020-06-15,95.5838623046875
2020-06-16,97.33443450927734
2020-06-17,97.07371520996094
2020-06-18,95.90043640136719
2020-06-19,95.66766357421875
2020-06-22,95.63040161132812
2020-06-23,95.59317016601562
2020-06-24,91.09565734863281
2020-06-25,91.25393676757812
2020-06-26,90.36935424804688
2020-06-29,92.92073059082031
2020-06-30,95.18344116210938
2020-07-01,94.87617492675781
2020-07-02,95.34173583984375
2020-07-06,96.81299591064453
2020-07-07,95.02515411376953
2020-07-08,95.43488311767578
2020-07-09,93.60977935791016
2020-07-10,94.52233123779297
2020-07-13,94.74581909179688
2020-07-14,97.06439971923828
2020-07-15,99.44818878173828
2020-07-16,100.01618194580078
2020-07-17,99.49473571777344
2020-07-20,100.12792205810547
2020-07-21,102.26029205322266
2020-07-22,103.91777801513672
2020-07-23,95.50003814697266
2020-07-24,94.0660400390625
2020-07-27,94.41061401367188
2020-07-28,91.72885131835938
2020-07-29,91.45880126953125
2020-07-30,90.86286163330078
2020-07-31,92.61341857910156
2020-08-03,93.53528594970703
2020-08-04,92.56687927246094
2020-08-05,93.52598571777344
2020-08-06,92.37132263183594
2020-08-07,93.21870422363281
2020-08-10,95.27655792236328
2020-08-11,96.98992156982422
2020-08-12,96.99920654296875
2020-08-13,95.62110900878906
2020-08-14,94.56888580322266
2020-08-17,95.22071838378906
2020-08-18,93.6656494140625
2020-08-19,93.77738952636719
2020-08-20,92.50169372558594
2020-08-21,93.3676986694336
2020-08-24,95.816650390625
2020-08-25,95.0531005859375
2020-08-26,95.40692901611328
2020-08-27,96.13324737548828
2020-08-28,96.84091186523438
2020-08-31,96.27291870117188
2020-09-01,95.07170867919922
2020-09-02,97.58586120605469
2020-09-03,93.5073471069336
2020-09-04,92.80899810791016
2020-09-08,91.25393676757812
2020-09-09,91.89645385742188
2020-09-10,90.33209991455078
2020-09-11,91.22599029541016
2020-09-14,92.31547546386719
2020-09-15,94.27723693847656
2020-09-16,96.9957046508789
2020-09-17,97.13583374023438
2020-09-18,96.45388793945312
2020-09-21,91.33457946777344
2020-09-22,91.7549819946289
2020-09-23,89.0925521850586
2020-09-24,89.33543395996094
2020-09-25,90.8394775390625
2020-09-28,92.67982482910156
2020-09-29,92.64244079589844
2020-09-30,92.39952850341797
2020-10-01,92.01653289794922
2020-10-02,92.31546783447266
2020-10-05,94.16514587402344
2020-10-06,94.22119903564453
2020-10-07,94.8751220703125
2020-10-08,96.86491394042969
2020-10-09,97.14517974853516
2020-10-12,100.66702270507812
2020-10-13,98.1260757446289
2020-10-14,97.60291290283203
2020-10-15,97.92054748535156
2020-10-16,98.07936096191406
2020-10-19,97.08912658691406
2020-10-20,98.36894989013672
2020-10-21,97.06110382080078
2020-10-22,95.25814056396484
2020-10-23,96.10823059082031
2020-10-26,94.20252227783203
2020-10-27,92.72652435302734
2020-10-28,90.01739501953125
2020-10-29,91.65221405029297
2020-10-30,92.01653289794922
2020-11-02,94.82840728759766
2020-11-03,97.229248046875
2020-11-04,94.86577606201172
2020-11-05,97.27597045898438
2020-11-06,96.0615234375
2020-11-09,104.50651550292969
2020-11-10,107.57060241699219
2020-11-11,104.96424865722656
2020-11-12,102.89971923828125
2020-11-13,106.49629974365234
2020-11-16,110.47589874267578
2020-11-17,107.86019897460938
2020-11-18,107.0194320678711
2020-11-19,106.61773681640625
2020-11-20,105.5621109008789
2020-11-23,106.64578247070312
2020-11-24,109.10265350341797
2020-11-25,107.62667083740234
2020-11-27,106.75786590576172
2020-11-30,106.53367614746094
2020-12-01,107.43047332763672
2020-12-02,106.06658172607422
2020-12-03,106.28141784667969
2020-12-04,107.00074005126953
2020-12-07,104.82412719726562
2020-12-08,105.67422485351562
2020-12-09,104.03006744384766
2020-12-10,103.36680603027344
2020-12-11,102.36721801757812
2020-12-14,102.4699935913086
2020-12-15,104.65299224853516
2020-12-16,104.18453979492188
2020-12-17,105.70233917236328
2020-12-18,106.57365417480469
2020-12-21,105.6742172241211
2020-12-22,105.29946899414062
2020-12-23,105.64611053466797
2020-12-24,105.89908599853516
2020-12-28,107.29508972167969
2020-12-29,106.37690734863281
2020-12-30,107.68856811523438
2020-12-31,109.03773498535156
2021-01-04,107.25761413574219
2021-01-05,107.46369934082031
2021-01-06,109.90907287597656
2021-01-07,112.80410766601562
2021-01-08,112.4106216430664
2021-01-11,112.73853302001953
2021-01-12,112.3169174194336
2021-01-13,109.62799072265625
2021-01-14,108.94404602050781
2021-01-15,107.19202423095703
2021-01-19,107.47309112548828
2021-01-20,106.98590087890625
2021-01-21,107.78226470947266
2021-01-22,106.44248962402344
2021-01-25,105.01837921142578
2021-01-26,104.24075317382812
2021-01-27,105.0746078491211
2021-01-28,103.50997161865234
2021-01-29,100.25888061523438
2021-02-01,103.36004638671875
2021-02-02,103.89408874511719
2021-02-03,104.4000015258789
2021-02-04,104.8122787475586
2021-02-05,106.61112976074219
2021-02-08,109.64671325683594
2021-02-09,109.35626983642578
2021-02-10,110.4712142944336
2021-02-11,111.59549713134766
2021-02-12,110.79913330078125
2021-02-16,102.88220977783203
2021-02-17,102.40441131591797
2021-02-18,101.47686004638672
2021-02-19,102.17955017089844
2021-02-22,102.11397552490234
2021-02-23,101.92656707763672
2021-02-24,102.4325180053711
2021-02-25,100.8022689819336
2021-02-26,101.91720581054688
2021-03-01,104.65299224853516
2021-03-02,105.6742172241211
2021-03-03,105.0746078491211
2021-03-04,103.43500518798828
2021-03-05,106.16139221191406
2021-03-08,109.14079284667969
2021-03-09,107.22013092041016
2021-03-10,108.63484191894531
2021-03-11,107.74479675292969
2021-03-12,109.89032745361328
2021-03-15,110.67733001708984
2021-03-16,114.02294158935547
2021-03-17,115.17884826660156
2021-03-18,114.63378143310547
2021-03-19,112.69784545898438
2021-03-22,113.1959228515625
2021-03-23,112.10576629638672
2021-03-24,114.32364654541016
2021-03-25,116.04344940185547
2021-03-26,119.11651611328125
2021-03-29,118.67481994628906
2021-03-30,117.74445343017578
2021-03-31,118.0545654296875
2021-04-01,120.05626678466797
2021-04-05,122.19898223876953
2021-04-06,123.5804443359375
2021-04-07,123.44889068603516
2021-04-08,122.96959686279297
2021-04-09,123.7590103149414
2021-04-12,123.68383026123047
2021-04-13,121.55052185058594
2021-04-14,122.39632415771484
2021-04-15,122.66886901855469
2021-04-16,124.99951171875
2021-04-19,124.3698501586914
2021-04-20,124.47322082519531
2021-04-21,125.07466125488281
2021-04-22,127.33015441894531
2021-04-23,130.01791381835938
2021-04-26,128.0443878173828
2021-04-27,129.36007690429688
2021-04-28,128.27932739257812
2021-04-29,128.95596313476562
2021-04-30,126.2869873046875
2021-05-03,127.87521362304688
2021-05-04,129.13450622558594
2021-05-05,128.03494262695312
2021-05-06,131.71888732910156
2021-05-07,132.7432403564453
2021-05-10,133.96493530273438
2021-05-11,131.32420349121094
2021-05-12,127.23615264892578
2021-05-13,130.8261260986328
2021-05-14,131.803466796875
2021-05-17,130.56297302246094
2021-05-18,128.92774963378906
2021-05-19,129.3694610595703
2021-05-20,129.3412628173828
2021-05-21,129.22845458984375
2021-05-24,130.375
2021-05-25,130.85427856445312
2021-05-26,130.6945343017578
2021-05-27,131.7377166748047
2021-05-28,132.0196075439453
2021-06-01,130.96705627441406
2021-06-02,130.00848388671875
2021-06-03,129.63259887695312
2021-06-04,130.46902465820312
2021-06-07,129.68898010253906
2021-06-08,130.6287384033203
2021-06-09,129.7735595703125
2021-06-10,130.30921936035156
2021-06-11,130.34683227539062
2021-06-14,129.98028564453125
2021-06-15,130.49851989746094
2021-06-16,131.0921630859375
2021-06-17,128.6706085205078
2021-06-18,126.87095642089844
2021-06-21,129.81069946289062
2021-06-22,130.6775665283203
2021-06-23,130.16876220703125
2021-06-24,130.705810546875
2021-06-25,130.8283233642578
2021-06-28,131.28057861328125
2021-06-29,131.148681640625
2021-06-30,131.25233459472656
2021-07-01,132.1097412109375
2021-07-02,131.94956970214844
2021-07-06,130.5550994873047
2021-07-07,131.93072509765625
2021-07-08,129.5751495361328
2021-07-09,130.2818145751953
2021-07-12,130.14051818847656
2021-07-13,126.2961654663086
2021-07-14,128.02052307128906
2021-07-15,129.38673400878906
2021-07-16,130.49851989746094
2021-07-19,128.05816650390625
2021-07-20,133.18394470214844
2021-07-21,132.35472106933594
2021-07-22,128.1147003173828
2021-07-23,131.1392364501953
2021-07-26,130.0745391845703
2021-07-27,128.80252075195312
2021-07-28,127.75664520263672
2021-07-29,127.67186737060547
2021-07-30,128.70831298828125
2021-08-02,128.02052307128906
2021-08-03,129.848388671875
2021-08-04,127.64358520507812
2021-08-05,129.36785888671875
2021-08-06,129.593994140625
2021-08-09,128.48216247558594
2021-08-10,128.59523010253906
2021-08-11,129.24539184570312
2021-08-12,129.17941284179688
2021-08-13,130.03683471679688
2021-08-16,131.88363647460938
2021-08-17,131.99668884277344
2021-08-18,131.87420654296875
2021-08-19,132.1191864013672
2021-08-20,130.57391357421875
2021-08-23,131.05442810058594
2021-08-24,132.28878784179688
2021-08-25,132.9860382080078
2021-08-26,131.94956970214844
2021-08-27,133.3157958984375
2021-08-30,134.81394958496094
2021-08-31,135.67138671875
2021-09-01,136.1990203857422
2021-09-02,139.1764678955078
2021-09-03,139.57217407226562
2021-09-07,134.87989807128906
2021-09-08,136.481689453125
2021-09-09,135.0023651123047
2021-09-10,136.2084197998047
2021-09-13,134.05072021484375
2021-09-14,131.49729919433594
2021-09-15,133.3960418701172
2021-09-16,133.38661193847656
2021-09-17,130.7793426513672
2021-09-20,129.6646270751953
2021-09-21,127.82254791259766
2021-09-22,128.82388305664062
2021-09-23,130.9493865966797
2021-09-24,129.74020385742188
2021-09-27,129.31512451171875
2021-09-28,127.14239501953125
2021-09-29,127.73753356933594
2021-09-30,124.86573791503906
2021-10-01,125.13969421386719
2021-10-04,123.052001953125
2021-10-05,122.51351928710938
2021-10-06,122.16402435302734
2021-10-07,124.26115417480469
2021-10-08,124.17613220214844
2021-10-11,121.9561767578125
2021-10-12,121.25712585449219
2021-10-13,121.7861328125
2021-10-14,125.03580474853516
2021-10-15,126.6795425415039
2021-10-18,127.36914825439453
2021-10-19,127.26517486572266
2021-10-20,129.27734375
2021-10-21,124.24227142333984
2021-10-22,126.13162231445312
2021-10-25,123.85496520996094
2021-10-26,122.32461547851562
2021-10-27,120.34081268310547
2021-10-28,120.86980438232422
2021-10-29,121.2004623413086
2021-11-01,122.68354797363281
2021-11-02,123.93997955322266
2021-11-03,122.2301254272461
2021-11-04,123.8266372680664
2021-11-05,124.13834381103516
2021-11-08,124.71460723876953
2021-11-09,125.61204528808594
2021-11-10,125.29084777832031
2021-11-11,125.0830307006836
2021-11-12,127.69975280761719
2021-11-15,126.62281036376953
2021-11-16,128.15318298339844
2021-11-17,128.91835021972656
2021-11-18,127.46356964111328
2021-11-19,126.3961181640625
2021-11-22,125.2436294555664
2021-11-23,124.73348236083984
2021-11-24,124.71460723876953
2021-11-26,122.21123504638672
2021-11-29,121.55941009521484
2021-11-30,116.7983169555664
2021-12-01,115.99535369873047
2021-12-02,121.32325744628906
2021-12-03,122.0695571899414
2021-12-06,124.31786346435547
2021-12-07,124.45011901855469
2021-12-08,125.14913177490234
2021-12-09,123.64714813232422
2021-12-10,123.80772399902344
2021-12-13,123.2409439086914
2021-12-14,122.45687103271484
2021-12-15,123.1464614868164
2021-12-16,124.33673095703125
2021-12-17,121.14447784423828
2021-12-20,117.69647979736328
2021-12-21,119.6951904296875
2021-12-22,119.59098815917969
2021-12-23,120.56665802001953
2021-12-27,122.74534606933594
2021-12-28,124.14727783203125
2021-12-29,125.38817596435547
2021-12-30,124.62089538574219
2021-12-31,125.4544906616211
2022-01-03,122.5369644165039
2022-01-04,125.41661071777344
2022-01-05,122.48958587646484
2022-01-06,121.31498718261719
2022-01-07,119.95095825195312
2022-01-10,118.4921646118164
2022-01-11,120.87925720214844
2022-01-12,120.85084533691406
2022-01-13,119.46784973144531
2022-01-14,117.89540100097656
2022-01-18,117.35548400878906
2022-01-19,116.44610595703125
2022-01-20,114.3810806274414
2022-01-21,114.88313293457031
2022-01-24,117.03340911865234
2022-01-25,114.31478118896484
2022-01-26,114.0400619506836
2022-01-27,114.15373992919922
2022-01-28,114.81682586669922
2022-01-31,116.25665283203125
2022-02-01,113.67064666748047
2022-02-02,113.84114074707031
2022-02-03,109.98582458496094
2022-02-04,112.96021270751953
2022-02-07,114.10636901855469
2022-02-08,115.2999267578125
2022-02-09,118.57742309570312
2022-02-10,114.32424926757812
2022-02-11,112.60025024414062
2022-02-14,112.08872985839844
2022-02-15,110.91413116455078
2022-02-16,109.16169738769531
2022-02-17,108.54598999023438
2022-02-18,108.11026000976562
2022-02-22,107.52296447753906
2022-02-23,103.78129577636719
2022-02-24,105.80842590332031
2022-02-25,109.02910614013672
2022-02-28,108.47968292236328
2022-03-01,108.58387756347656
2022-03-02,111.17936706542969
2022-03-03,111.50143432617188
2022-03-04,111.10357666015625
2022-03-07,108.67859649658203
2022-03-08,105.55266571044922
2022-03-09,108.4986343383789
2022-03-10,106.94512176513672
2022-03-11,105.4389877319336
2022-03-14,106.04523468017578
2022-03-15,108.8309097290039
2022-03-16,110.70384216308594
2022-03-17,111.9873275756836
2022-03-18,112.32009887695312
2022-03-21,111.47396087646484
2022-03-22,111.68310546875
2022-03-23,107.61395263671875
2022-03-24,107.04350280761719
2022-03-25,106.76779174804688
2022-03-28,107.88966369628906
2022-03-29,109.38233184814453
2022-03-30,107.76606750488281
2022-03-31,104.37193298339844
2022-04-01,106.02623748779297
2022-04-04,105.81705474853516
2022-04-05,104.70470428466797
2022-04-06,101.70038604736328
2022-04-07,103.10746002197266
2022-04-08,101.44365692138672
2022-04-11,101.27254486083984
2022-04-12,100.5880126953125
2022-04-13,102.86026763916016
2022-04-14,102.13770294189453
2022-04-18,101.34858703613281
2022-04-19,103.90608215332031
2022-04-20,107.04350280761719
2022-04-21,106.5681381225586
2022-04-22,108.8689193725586
2022-04-25,109.06857299804688
2022-04-26,108.60272216796875
2022-04-27,110.30453491210938
2022-04-28,113.32786560058594
2022-04-29,108.61222076416016
2022-05-02,109.12562561035156
2022-05-03,109.71507263183594
2022-05-04,112.62434387207031
2022-05-05,108.15589141845703
2022-05-06,107.02449798583984
2022-05-09,108.24143981933594
2022-05-10,105.25613403320312
2022-05-11,103.25007629394531
2022-05-12,105.70296478271484
2022-05-13,107.22415161132812
2022-05-16,106.24491119384766
2022-05-17,108.06079864501953
2022-05-18,103.78247833251953
2022-05-19,103.44972229003906
2022-05-20,103.70642852783203
2022-05-23,103.16449737548828
2022-05-24,102.68912506103516
2022-05-25,102.77470397949219
2022-05-26,105.32267761230469
2022-05-27,107.94672393798828
2022-05-31,106.14981842041016
2022-06-01,106.33045959472656
2022-06-02,108.48863220214844
2022-06-03,105.95016479492188
2022-06-06,106.55864715576172
2022-06-07,107.77558135986328
2022-06-08,105.0184326171875
2022-06-09,103.18350982666016
2022-06-10,101.84297943115234
2022-06-13,98.04004669189453
2022-06-14,96.28116607666016
2022-06-15,96.1188735961914
2022-06-16,91.99500274658203
2022-06-17,91.32677459716797
2022-06-21,90.76356506347656
2022-06-22,91.11676788330078
2022-06-23,92.41502380371094
2022-06-24,95.078369140625
2022-06-27,94.73469543457031
2022-06-28,93.93285369873047
2022-06-29,93.92328643798828
2022-06-30,93.4555435180664
2022-07-01,95.08790588378906
2022-07-05,95.85160827636719
2022-07-06,96.12841796875
2022-07-07,96.42434692382812
2022-07-08,94.06649780273438
2022-07-11,93.44600677490234
2022-07-12,92.510498046875
2022-07-13,91.1263198852539
2022-07-14,91.25995635986328
2022-07-15,92.60595703125
2022-07-18,91.30769348144531
2022-07-19,95.92796325683594
2022-07-20,96.99711608886719
2022-07-21,98.76311492919922
2022-07-22,98.69630432128906
2022-07-25,98.33355712890625
2022-07-26,98.02810668945312
2022-07-27,99.46000671386719
2022-07-28,99.57453918457031
2022-07-29,100.90144348144531
2022-08-01,100.58641815185547
2022-08-02,98.07582092285156
2022-08-03,98.8299560546875
2022-08-04,98.55310821533203
2022-08-05,97.57941436767578
2022-08-08,98.19992065429688
2022-08-09,94.63925170898438
2022-08-10,97.24532318115234
2022-08-11,98.16173553466797
2022-08-12,101.57920837402344
2022-08-15,102.33333587646484
2022-08-16,103.53614044189453
2022-08-17,103.6411361694336
2022-08-18,104.15663146972656
2022-08-19,101.61740112304688
2022-08-22,98.4576644897461
2022-08-23,97.29304504394531
2022-08-24,97.24532318115234
2022-08-25,98.6294937133789
2022-08-26,93.2264404296875
2022-08-29,92.3291244506836
2022-08-30,92.30049133300781
2022-08-31,90.78264617919922
2022-09-01,91.38406372070312
2022-09-02,90.58218383789062
2022-09-06,90.34353637695312
2022-09-07,93.5510025024414
2022-09-08,93.6941909790039
2022-09-09,95.10699462890625
2022-09-12,96.61527252197266
2022-09-13,91.53678894042969
2022-09-14,90.83038330078125
2022-09-15,89.3060073852539
2022-09-16,85.98878479003906
2022-09-19,88.40479278564453
2022-09-20,87.34060668945312
2022-09-21,87.36936950683594
2022-09-22,86.8899917602539
2022-09-23,88.24180603027344
2022-09-26,86.46815490722656
2022-09-27,85.31766510009766
2022-09-28,88.01171875
2022-09-29,85.58612823486328
2022-09-30,85.97919464111328
2022-10-03,88.63490295410156
2022-10-04,91.8849868774414
2022-10-05,92.00004577636719
2022-10-06,90.5140151977539
2022-10-07,88.60613250732422
2022-10-10,88.00212097167969
2022-10-11,87.8008041381836
2022-10-12,86.7653579711914
2022-10-13,88.39520263671875
2022-10-14,86.22846984863281
2022-10-17,89.67031860351562
2022-10-18,91.25223541259766
2022-10-19,88.30892944335938
2022-10-20,86.09424591064453
2022-10-21,88.96085357666016
2022-10-24,90.46607971191406
2022-10-25,93.51484680175781
2022-10-26,93.31350708007812
2022-10-27,99.1905288696289
2022-10-28,101.80786895751953
2022-10-31,100.44647979736328
2022-11-01,102.1626205444336
2022-11-02,97.80038452148438
2022-11-03,98.11675262451172
2022-11-04,98.86458587646484
2022-11-07,102.65156555175781
2022-11-08,102.37352752685547
2022-11-09,100.06300354003906
2022-11-10,109.27641296386719
2022-11-11,108.88331604003906
2022-11-14,106.3714599609375
2022-11-15,107.99170684814453
2022-11-16,106.46732330322266
2022-11-17,106.19888305664062
2022-11-18,108.29849243164062
2022-11-21,108.01089477539062
2022-11-22,109.23807525634766
2022-11-23,109.2860107421875
2022-11-25,109.60237884521484
2022-11-28,107.61780548095703
2022-11-29,106.19888305664062
2022-11-30,108.96003723144531
2022-12-01,109.35310363769531
2022-12-02,109.79413604736328
2022-12-05,106.43856048583984
2022-12-06,104.66490173339844
2022-12-07,104.64573669433594
2022-12-08,106.2851791381836
2022-12-09,104.62657165527344
2022-12-12,105.70034790039062
2022-12-13,107.21513366699219
2022-12-14,105.24015808105469
2022-12-15,101.7276382446289
2022-12-16,99.94734191894531
2022-12-19,100.6305923461914
2022-12-20,100.54398345947266
2022-12-21,102.72846984863281
2022-12-22,101.21760559082031
2022-12-23,101.07325744628906
2022-12-27,101.98748779296875
2022-12-28,100.39002227783203
2022-12-29,102.71884155273438
2022-12-30,101.29459381103516
2023-01-03,103.64268493652344
2023-01-04,105.12467193603516
2023-01-05,103.69080352783203
2023-01-06,107.22254180908203
2023-01-09,108.04051971435547
2023-01-10,107.81917572021484
2023-01-11,109.81120300292969
2023-01-12,109.23380279541016
2023-01-13,109.47438049316406
2023-01-17,108.54093933105469
2023-01-18,106.77987670898438
2023-01-19,104.18157958984375
2023-01-20,107.1070785522461
2023-01-23,107.86730194091797
2023-01-24,109.11832427978516
2023-01-25,109.079833984375
2023-01-26,108.98360443115234
2023-01-27,109.97480010986328
2023-01-30,110.13838958740234
2023-01-31,113.12162017822266
2023-02-01,115.52742767333984
2023-02-02,117.15376281738281
2023-02-03,118.29893493652344
2023-02-06,116.3165512084961
2023-02-07,115.72953033447266
2023-02-08,115.62366485595703
2023-02-09,114.1128158569336
2023-02-10,113.63164520263672
2023-02-13,115.4023208618164
2023-02-14,115.34458923339844
2023-02-15,116.99979400634766
2023-02-16,114.27640533447266
2023-02-17,114.1320571899414
2023-02-21,110.67730712890625
2023-02-22,108.87773895263672
2023-02-23,109.49363708496094
2023-02-24,108.75263977050781
2023-02-27,108.7430191040039
2023-02-28,108.46395111083984
2023-03-01,108.17525482177734
2023-03-02,108.27146911621094
2023-03-03,110.43672943115234
2023-03-06,110.11914825439453
2023-03-07,109.10871124267578
2023-03-08,110.04216003417969
2023-03-09,107.29952239990234
2023-03-10,103.44058990478516
2023-03-13,101.98748779296875
2023-03-14,104.00732421875
2023-03-15,100.35420227050781
2023-03-16,102.61566162109375
2023-03-17,99.85166931152344
2023-03-20,102.2580795288086
2023-03-21,103.330810546875
2023-03-22,100.37355041503906
2023-03-23,98.8369140625
2023-03-24,97.22296905517578
2023-03-27,98.9625473022461
2023-03-28,100.7214584350586
2023-03-29,101.8618392944336
2023-03-30,101.51392364501953
2023-03-31,103.14720153808594
2023-04-03,102.49967193603516
2023-04-04,96.61412811279297
2023-04-05,95.86030578613281
2023-04-06,96.2951889038086
2023-04-10,97.01034545898438
2023-04-11,97.92845916748047
2023-04-12,98.14108276367188
2023-04-13,98.7112808227539
2023-04-14,99.29112243652344
2023-04-17,100.92440795898438
2023-04-18,100.80843353271484
2023-04-19,100.68279266357422
2023-04-20,100.69246673583984
2023-04-21,99.53273010253906
2023-04-24,99.67770385742188
2023-04-25,98.52764129638672
2023-04-26,103.88166809082031
2023-04-27,107.69908905029297
2023-04-28,106.77131652832031
2023-05-01,106.964599609375
2023-05-02,105.93052673339844
2023-05-03,105.30233001708984
2023-05-04,103.43711853027344
2023-05-05,104.46154022216797
2023-05-08,104.00732421875
2023-05-09,104.22959899902344
2023-05-10,104.67414855957031
2023-05-11,105.21537017822266
2023-05-12,105.07039642333984
2023-05-15,105.70823669433594
2023-05-16,102.92491912841797
2023-05-17,105.38932037353516
2023-05-18,106.78096008300781
2023-05-19,105.63092041015625
2023-05-22,106.07548522949219
2023-05-23,104.23927307128906
2023-05-24,102.71229553222656
2023-05-25,101.71688842773438
2023-05-26,103.50476837158203
2023-05-30,103.48544311523438
2023-05-31,101.22399139404297
2023-06-01,101.24331665039062
2023-06-02,105.6019287109375
2023-06-05,104.82879638671875
2023-06-06,106.47171783447266
2023-06-07,109.28404235839844
2023-06-08,109.30335235595703
2023-06-09,108.86846923828125
2023-06-12,110.74333953857422
2023-06-13,113.81658935546875
2023-06-14,113.28302764892578
2023-06-15,115.38822174072266
2023-06-16,114.8934555053711
2023-06-20,114.6897201538086
2023-06-21,115.85388946533203
2023-06-22,112.91436767578125
2023-06-23,112.05094909667969
2023-06-26,113.67108154296875
2023-06-27,115.43672180175781
2023-06-28,114.63151550292969
2023-06-29,116.00910949707031
2023-06-30,116.43596649169922
2023-07-03,115.20388793945312
2023-07-05,113.08900451660156
2023-07-06,111.97333526611328
2023-07-07,113.30242156982422
2023-07-10,115.01957702636719
2023-07-11,117.77476501464844
2023-07-12,118.69638061523438
2023-07-13,119.1135482788086
2023-07-14,119.07474517822266
2023-07-17,120.4814453125
2023-07-18,121.84933471679688
2023-07-19,122.04337310791016
2023-07-20,120.89860534667969
2023-07-21,121.45157623291016
2023-07-24,122.57694244384766
2023-07-25,123.27544403076172
2023-07-26,113.79719543457031
2023-07-27,112.0606460571289
2023-07-28,111.55616760253906
2023-07-31,113.3703384399414
2023-08-01,112.6621322631836
2023-08-02,111.0614013671875
2023-08-03,108.25769805908203
2023-08-04,108.56815338134766
2023-08-07,109.83904266357422
2023-08-08,108.47113800048828
2023-08-09,107.59801483154297
2023-08-10,107.95695495605469
2023-08-11,108.08308410644531
2023-08-14,108.96590423583984
2023-08-15,105.98757934570312
2023-08-16,104.5517807006836
2023-08-17,102.70852661132812
2023-08-18,104.41595458984375
2023-08-21,104.23162841796875
2023-08-22,104.57118225097656
2023-08-23,107.1323471069336
2023-08-24,105.14356994628906
2023-08-25,106.55994415283203
2023-08-28,107.5009994506836
2023-08-29,109.39276123046875
2023-08-30,110.17858123779297
2023-08-31,110.41140747070312
2023-09-01,111.3233413696289
2023-09-05,107.82112884521484
2023-09-06,105.23088073730469
2023-09-07,104.80400848388672
2023-09-08,104.8719253540039
2023-09-11,105.03684997558594
2023-09-12,103.57192993164062
2023-09-13,102.40776824951172
2023-09-14,103.13536834716797
2023-09-15,102.96000671386719
2023-09-18,102.4728775024414
2023-09-19,103.11588287353516
2023-09-20,101.56681823730469
2023-09-21,101.17710876464844
2023-09-22,101.14788055419922
2023-09-25,101.31349182128906
2023-09-26,99.46240997314453
2023-09-27,100.63152313232422
2023-09-28,101.57655334472656
2023-09-29,101.5180892944336
2023-10-02,100.47563934326172
2023-10-03,100.1346435546875
2023-10-04,101.44014739990234
2023-10-05,100.10542297363281
2023-10-06,101.02123260498047
2023-10-09,101.76165771484375
2023-10-10,102.75541687011719
2023-10-11,103.24253845214844
2023-10-12,101.2647933959961
2023-10-13,100.81663513183594
2023-10-16,102.55081939697266
2023-10-17,102.872314453125
2023-10-18,97.49440002441406
2023-10-19,96.02325439453125
2023-10-20,94.50341796875
2023-10-23,94.37675476074219
2023-10-24,94.6105728149414
2023-10-25,94.03577423095703
2023-10-26,94.7469711303711
2023-10-27,94.92233276367188
2023-10-30,95.19513702392578
2023-10-31,95.82839965820312
2023-11-01,96.37399291992188
2023-11-02,96.57858276367188
2023-11-03,99.2675552368164
2023-11-06,99.11167907714844
2023-11-07,98.79991149902344
2023-11-08,99.44292449951172
2023-11-09,98.52710723876953
2023-11-10,100.82636260986328
2023-11-13,100.57307434082031
2023-11-14,103.20357513427734
2023-11-15,103.92452239990234
2023-11-16,103.22305297851562
2023-11-17,103.61276245117188
2023-11-20,103.01846313476562
2023-11-21,101.47913360595703
2023-11-22,101.97599029541016
2023-11-24,102.33647918701172
2023-11-27,101.46937561035156
2023-11-28,101.44014739990234
2023-11-29,101.89805603027344
2023-11-30,103.35945129394531
2023-12-01,105.89254760742188
2023-12-04,104.29476165771484
2023-12-05,102.80413055419922
2023-12-06,102.42415618896484
2023-12-07,102.38520050048828
2023-12-08,107.50006103515625
2023-12-11,106.95448303222656
2023-12-12,106.92524719238281
2023-12-13,108.38665008544922
2023-12-14,115.52799224853516
2023-12-15,114.9314193725586
2023-12-18,115.35195922851562
2023-12-19,116.88735961914062
2023-12-20,117.88490295410156
2023-12-21,120.30049896240234
2023-12-22,123.34199523925781
2023-12-26,124.67205047607422
2023-12-27,124.77960968017578
2023-12-28,124.06568908691406
2023-12-29,123.8994369506836
2024-01-02,121.51318359375
2024-01-03,118.83353424072266
2024-01-04,119.57678985595703
2024-01-05,120.07556915283203
2024-01-08,121.00464630126953
2024-01-09,121.31759643554688
2024-01-10,119.41053771972656
2024-01-11,118.01203155517578
2024-01-12,117.14164733886719
2024-01-16,116.77980041503906
2024-01-17,116.10499572753906
2024-01-18,118.50102233886719
2024-01-19,119.49856567382812
2024-01-22,122.6280746459961
2024-01-23,121.59142303466797
2024-01-24,120.22225952148438
2024-01-25,122.98992919921875
2024-01-26,122.1195297241211
2024-01-29,124.06568908691406
2024-01-30,123.41045379638672
2024-01-31,121.16111755371094
2024-02-01,124.42755126953125
2024-02-02,124.8187255859375
2024-02-05,122.98992919921875
2024-02-06,123.25397491455078
2024-02-07,124.14393615722656
2024-02-08,127.64509582519531
2024-02-09,129.0044708251953
2024-02-12,130.62791442871094
2024-02-13,126.7355728149414
2024-02-14,128.29052734375
2024-02-15,130.37364196777344
2024-02-16,129.5032196044922
2024-02-20,129.1511688232422
2024-02-21,128.22207641601562
2024-02-22,126.80402374267578
2024-02-23,126.24657440185547
2024-02-26,125.6597900390625
2024-02-27,126.4421615600586
2024-02-28,125.3370590209961
2024-02-29,125.05345153808594
2024-03-01,124.00701904296875
2024-03-04,125.95317077636719
2024-03-05,124.72093200683594
2024-03-06,125.58155822753906
2024-03-07,128.9946746826172
2024-03-08,127.96781921386719
2024-03-11,128.15359497070312
2024-03-12,130.14869689941406
2024-03-13,129.8357391357422
2024-03-14,127.65677642822266
2024-03-15,127.98064422607422
2024-03-18,128.91311645507812
2024-03-19,130.55223083496094
2024-03-20,132.78028869628906
2024-03-21,132.7901153564453
2024-03-22,131.6417236328125
2024-03-25,130.4541015625
2024-03-26,130.87615966796875
2024-03-27,131.75953674316406
2024-03-28,132.22085571289062
2024-04-01,129.875
2024-04-02,129.14866638183594
2024-04-03,129.05052185058594
2024-04-04,128.5990447998047
2024-04-05,129.86517333984375
2024-04-08,130.40501403808594
2024-04-09,131.4061737060547
2024-04-10,126.74394989013672
2024-04-11,127.35248565673828
2024-04-12,125.06553649902344
2024-04-15,124.59441375732422
2024-04-16,124.04474639892578
2024-04-17,123.45584869384766
2024-04-18,122.533203125
2024-04-19,122.89637756347656
2024-04-22,123.10249328613281
2024-04-23,124.62385559082031
2024-04-24,124.20179748535156
2024-04-25,122.56266021728516
2024-04-26,121.56150817871094
2024-04-29,122.5037612915039
2024-04-30,119.31381225585938
2024-05-01,118.82305908203125
2024-05-02,120.00089263916016
2024-05-03,120.60942840576172
2024-05-06,122.57247161865234
2024-05-07,122.07190704345703
2024-05-08,121.8363265991211
2024-05-09,123.3478775024414
2024-05-10,123.66195678710938
2024-05-13,123.38713836669922
2024-05-14,124.98700714111328
2024-05-15,125.57593536376953
2024-05-16,123.07305145263672
2024-05-17,122.13078308105469
2024-05-20,120.9627685546875
2024-05-21,121.26705932617188
2024-05-22,120.79591369628906
2024-05-23,119.31381225585938
2024-05-24,120.33460235595703
2024-05-28,118.19488525390625
2024-05-29,117.18390655517578
2024-05-30,118.22432708740234
2024-05-31,119.56900787353516
2024-06-03,118.27340698242188
2024-06-04,115.46625518798828
2024-06-05,116.07479858398438
2024-06-06,115.34846496582031
2024-06-07,114.76937103271484
2024-06-10,115.31902313232422
2024-06-11,115.1423568725586
2024-06-12,117.7728271484375
2024-06-13,116.95816802978516
2024-06-14,114.67182922363281
2024-06-17,114.54371643066406
2024-06-18,114.91820526123047
2024-06-20,114.0706787109375
2024-06-21,114.54371643066406
2024-06-24,116.67237091064453
2024-06-25,114.4451675415039
2024-06-26,112.98664093017578
2024-06-27,114.63240814208984
2024-06-28,116.43585968017578
2024-07-01,114.06082153320312
2024-07-02,114.42545318603516
2024-07-03,114.01154327392578
2024-07-05,113.28228759765625
2024-07-08,113.37097930908203
2024-07-09,113.00634765625
2024-07-10,115.30254364013672
2024-07-11,118.09148406982422
2024-07-12,121.1465072631836
2024-07-15,120.9395523071289
2024-07-16,126.16265869140625
2024-07-17,125.07862091064453
2024-07-18,125.56151580810547
2024-07-19,122.29953002929688
2024-07-22,124.83224487304688
2024-07-23,125.33484649658203
2024-07-24,126.00497436523438
2024-07-25,130.95216369628906
2024-07-26,134.7857208251953
2024-07-29,135.66281127929688
2024-07-30,137.31842041015625
2024-07-31,134.82513427734375
2024-08-01,130.37069702148438
2024-08-02,127.66060638427734
2024-08-05,125.8965835571289
2024-08-06,125.7388916015625
2024-08-07,124.68441772460938
2024-08-08,127.58177185058594
2024-08-09,127.02003479003906
2024-08-12,126.89191436767578
2024-08-13,128.20263671875
2024-08-14,129.1881103515625
2024-08-15,131.02113342285156
2024-08-16,129.36550903320312
2024-08-19,130.922607421875
2024-08-20,130.2918701171875
2024-08-21,132.55850219726562
2024-08-22,133.05123901367188
2024-08-23,135.0123748779297
2024-08-26,135.71209716796875
2024-08-27,135.21934509277344
2024-08-28,134.6477508544922
2024-08-29,135.31787109375
2024-08-30,136.82568359375
2024-09-03,135.0123748779297
2024-09-04,135.35731506347656
2024-09-05,133.7213897705078
2024-09-06,132.54864501953125
2024-09-09,132.6077880859375
2024-09-10,134.1845703125
2024-09-11,135.10107421875
2024-09-12,137.10162353515625
2024-09-13,139.1218719482422
2024-09-16,140.64938354492188
2024-09-17,141.2899627685547
2024-09-18,141.33924865722656
2024-09-19,141.66445922851562
2024-09-20,138.82659912109375
2024-09-23,141.05137634277344
2024-09-24,142.22805786132812
2024-09-25,141.78309631347656
2024-09-26,142.08961486816406
2024-09-27,142.15884399414062
2024-09-30,144.10678100585938
2024-10-01,143.34539794921875
2024-10-02,144.2056427001953
2024-10-03,144.2550811767578
2024-10-04,143.97821044921875
2024-10-07,144.37374877929688
2024-10-08,143.73101806640625
2024-10-09,144.92747497558594
2024-10-10,143.0190887451172
2024-10-11,145.6492919921875
2024-10-14,147.7850799560547
2024-10-15,147.85430908203125
2024-10-16,149.2386016845703
2024-10-17,150.771240234375
2024-10-18,151.641357421875
2024-10-21,150.30648803710938
2024-10-22,148.91232299804688
2024-10-23,149.16937255859375
2024-10-24,143.6420440673828
2024-10-25,141.001953125
2024-10-28,140.7349853515625
2024-10-29,138.21356201171875
2024-10-30,137.49172973632812
2024-10-31,138.06524658203125
2024-11-01,138.26300048828125
2024-11-04,137.9366912841797
2024-11-05,139.3209991455078
2024-11-06,139.3506622314453
2024-11-07,141.11073303222656
2024-11-08,142.16873168945312
2024-11-11,141.82264709472656
2024-11-12,140.28013610839844
2024-11-13,139.25180053710938
2024-11-14,139.73629760742188
2024-11-15,138.1937713623047
2024-11-18,137.08633422851562
2024-11-19,136.57215881347656
2024-11-20,137.8674774169922
2024-11-21,139.82530212402344
2024-11-22,139.79563903808594
2024-11-25,141.0711669921875
2024-11-26,138.81671142578125
2024-11-27,139.82530212402344
2024-11-29,139.26165771484375
2024-12-02,138.82659912109375
2024-12-03,138.9156036376953
2024-12-04,139.48910522460938
2024-12-05,138.7475128173828
2024-12-06,138.9156036376953
2024-12-09,139.8450469970703
2024-12-10,139.0045928955078
2024-12-11,138.8661651611328
2024-12-12,137.6894989013672
2024-12-13,137.27420043945312
2024-12-16,135.9788818359375
2024-12-17,135.58197021484375
2024-12-18,131.45419311523438
2024-12-19,129.61851501464844
2024-12-20,131.15650939941406
2024-12-23,131.10690307617188
2024-12-24,132.00985717773438
2024-12-26,131.9602508544922
2024-12-27,130.94813537597656
2024-12-30,129.95587158203125
2024-12-31,129.66812133789062
