Date,AMCR
2010-01-04,
2010-01-05,
2010-01-06,
2010-01-07,
2010-01-08,
2010-01-11,
2010-01-12,
2010-01-13,
2010-01-14,
2010-01-15,
2010-01-19,
2010-01-20,
2010-01-21,
2010-01-22,
2010-01-25,
2010-01-26,
2010-01-27,
2010-01-28,
2010-01-29,
2010-02-01,
2010-02-02,
2010-02-03,
2010-02-04,
2010-02-05,
2010-02-08,
2010-02-09,
2010-02-10,
2010-02-11,
2010-02-12,
2010-02-16,
2010-02-17,
2010-02-18,
2010-02-19,
2010-02-22,
2010-02-23,
2010-02-24,
2010-02-25,
2010-02-26,
2010-03-01,
2010-03-02,
2010-03-03,
2010-03-04,
2010-03-05,
2010-03-08,
2010-03-09,
2010-03-10,
2010-03-11,
2010-03-12,
2010-03-15,
2010-03-16,
2010-03-17,
2010-03-18,
2010-03-19,
2010-03-22,
2010-03-23,
2010-03-24,
2010-03-25,
2010-03-26,
2010-03-29,
2010-03-30,
2010-03-31,
2010-04-01,
2010-04-05,
2010-04-06,
2010-04-07,
2010-04-08,
2010-04-09,
2010-04-12,
2010-04-13,
2010-04-14,
2010-04-15,
2010-04-16,
2010-04-19,
2010-04-20,
2010-04-21,
2010-04-22,
2010-04-23,
2010-04-26,
2010-04-27,
2010-04-28,
2010-04-29,
2010-04-30,
2010-05-03,
2010-05-04,
2010-05-05,
2010-05-06,
2010-05-07,
2010-05-10,
2010-05-11,
2010-05-12,
2010-05-13,
2010-05-14,
2010-05-17,
2010-05-18,
2010-05-19,
2010-05-20,
2010-05-21,
2010-05-24,
2010-05-25,
2010-05-26,
2010-05-27,
2010-05-28,
2010-06-01,
2010-06-02,
2010-06-03,
2010-06-04,
2010-06-07,
2010-06-08,
2010-06-09,
2010-06-10,
2010-06-11,
2010-06-14,
2010-06-15,
2010-06-16,
2010-06-17,
2010-06-18,
2010-06-21,
2010-06-22,
2010-06-23,
2010-06-24,
2010-06-25,
2010-06-28,
2010-06-29,
2010-06-30,
2010-07-01,
2010-07-02,
2010-07-06,
2010-07-07,
2010-07-08,
2010-07-09,
2010-07-12,
2010-07-13,
2010-07-14,
2010-07-15,
2010-07-16,
2010-07-19,
2010-07-20,
2010-07-21,
2010-07-22,
2010-07-23,
2010-07-26,
2010-07-27,
2010-07-28,
2010-07-29,
2010-07-30,
2010-08-02,
2010-08-03,
2010-08-04,
2010-08-05,
2010-08-06,
2010-08-09,
2010-08-10,
2010-08-11,
2010-08-12,
2010-08-13,
2010-08-16,
2010-08-17,
2010-08-18,
2010-08-19,
2010-08-20,
2010-08-23,
2010-08-24,
2010-08-25,
2010-08-26,
2010-08-27,
2010-08-30,
2010-08-31,
2010-09-01,
2010-09-02,
2010-09-03,
2010-09-07,
2010-09-08,
2010-09-09,
2010-09-10,
2010-09-13,
2010-09-14,
2010-09-15,
2010-09-16,
2010-09-17,
2010-09-20,
2010-09-21,
2010-09-22,
2010-09-23,
2010-09-24,
2010-09-27,
2010-09-28,
2010-09-29,
2010-09-30,
2010-10-01,
2010-10-04,
2010-10-05,
2010-10-06,
2010-10-07,
2010-10-08,
2010-10-11,
2010-10-12,
2010-10-13,
2010-10-14,
2010-10-15,
2010-10-18,
2010-10-19,
2010-10-20,
2010-10-21,
2010-10-22,
2010-10-25,
2010-10-26,
2010-10-27,
2010-10-28,
2010-10-29,
2010-11-01,
2010-11-02,
2010-11-03,
2010-11-04,
2010-11-05,
2010-11-08,
2010-11-09,
2010-11-10,
2010-11-11,
2010-11-12,
2010-11-15,
2010-11-16,
2010-11-17,
2010-11-18,
2010-11-19,
2010-11-22,
2010-11-23,
2010-11-24,
2010-11-26,
2010-11-29,
2010-11-30,
2010-12-01,
2010-12-02,
2010-12-03,
2010-12-06,
2010-12-07,
2010-12-08,
2010-12-09,
2010-12-10,
2010-12-13,
2010-12-14,
2010-12-15,
2010-12-16,
2010-12-17,
2010-12-20,
2010-12-21,
2010-12-22,
2010-12-23,
2010-12-27,
2010-12-28,
2010-12-29,
2010-12-30,
2010-12-31,
2011-01-03,
2011-01-04,
2011-01-05,
2011-01-06,
2011-01-07,
2011-01-10,
2011-01-11,
2011-01-12,
2011-01-13,
2011-01-14,
2011-01-18,
2011-01-19,
2011-01-20,
2011-01-21,
2011-01-24,
2011-01-25,
2011-01-26,
2011-01-27,
2011-01-28,
2011-01-31,
2011-02-01,
2011-02-02,
2011-02-03,
2011-02-04,
2011-02-07,
2011-02-08,
2011-02-09,
2011-02-10,
2011-02-11,
2011-02-14,
2011-02-15,
2011-02-16,
2011-02-17,
2011-02-18,
2011-02-22,
2011-02-23,
2011-02-24,
2011-02-25,
2011-02-28,
2011-03-01,
2011-03-02,
2011-03-03,
2011-03-04,
2011-03-07,
2011-03-08,
2011-03-09,
2011-03-10,
2011-03-11,
2011-03-14,
2011-03-15,
2011-03-16,
2011-03-17,
2011-03-18,
2011-03-21,
2011-03-22,
2011-03-23,
2011-03-24,
2011-03-25,
2011-03-28,
2011-03-29,
2011-03-30,
2011-03-31,
2011-04-01,
2011-04-04,
2011-04-05,
2011-04-06,
2011-04-07,
2011-04-08,
2011-04-11,
2011-04-12,
2011-04-13,
2011-04-14,
2011-04-15,
2011-04-18,
2011-04-19,
2011-04-20,
2011-04-21,
2011-04-25,
2011-04-26,
2011-04-27,
2011-04-28,
2011-04-29,
2011-05-02,
2011-05-03,
2011-05-04,
2011-05-05,
2011-05-06,
2011-05-09,
2011-05-10,
2011-05-11,
2011-05-12,
2011-05-13,
2011-05-16,
2011-05-17,
2011-05-18,
2011-05-19,
2011-05-20,
2011-05-23,
2011-05-24,
2011-05-25,
2011-05-26,
2011-05-27,
2011-05-31,
2011-06-01,
2011-06-02,
2011-06-03,
2011-06-06,
2011-06-07,
2011-06-08,
2011-06-09,
2011-06-10,
2011-06-13,
2011-06-14,
2011-06-15,
2011-06-16,
2011-06-17,
2011-06-20,
2011-06-21,
2011-06-22,
2011-06-23,
2011-06-24,
2011-06-27,
2011-06-28,
2011-06-29,
2011-06-30,
2011-07-01,
2011-07-05,
2011-07-06,
2011-07-07,
2011-07-08,
2011-07-11,
2011-07-12,
2011-07-13,
2011-07-14,
2011-07-15,
2011-07-18,
2011-07-19,
2011-07-20,
2011-07-21,
2011-07-22,
2011-07-25,
2011-07-26,
2011-07-27,
2011-07-28,
2011-07-29,
2011-08-01,
2011-08-02,
2011-08-03,
2011-08-04,
2011-08-05,
2011-08-08,
2011-08-09,
2011-08-10,
2011-08-11,
2011-08-12,
2011-08-15,
2011-08-16,
2011-08-17,
2011-08-18,
2011-08-19,
2011-08-22,
2011-08-23,
2011-08-24,
2011-08-25,
2011-08-26,
2011-08-29,
2011-08-30,
2011-08-31,
2011-09-01,
2011-09-02,
2011-09-06,
2011-09-07,
2011-09-08,
2011-09-09,
2011-09-12,
2011-09-13,
2011-09-14,
2011-09-15,
2011-09-16,
2011-09-19,
2011-09-20,
2011-09-21,
2011-09-22,
2011-09-23,
2011-09-26,
2011-09-27,
2011-09-28,
2011-09-29,
2011-09-30,
2011-10-03,
2011-10-04,
2011-10-05,
2011-10-06,
2011-10-07,
2011-10-10,
2011-10-11,
2011-10-12,
2011-10-13,
2011-10-14,
2011-10-17,
2011-10-18,
2011-10-19,
2011-10-20,
2011-10-21,
2011-10-24,
2011-10-25,
2011-10-26,
2011-10-27,
2011-10-28,
2011-10-31,
2011-11-01,
2011-11-02,
2011-11-03,
2011-11-04,
2011-11-07,
2011-11-08,
2011-11-09,
2011-11-10,
2011-11-11,
2011-11-14,
2011-11-15,
2011-11-16,
2011-11-17,
2011-11-18,
2011-11-21,
2011-11-22,
2011-11-23,
2011-11-25,
2011-11-28,
2011-11-29,
2011-11-30,
2011-12-01,
2011-12-02,
2011-12-05,
2011-12-06,
2011-12-07,
2011-12-08,
2011-12-09,
2011-12-12,
2011-12-13,
2011-12-14,
2011-12-15,
2011-12-16,
2011-12-19,
2011-12-20,
2011-12-21,
2011-12-22,
2011-12-23,
2011-12-27,
2011-12-28,
2011-12-29,
2011-12-30,
2012-01-03,
2012-01-04,
2012-01-05,
2012-01-06,
2012-01-09,
2012-01-10,
2012-01-11,
2012-01-12,
2012-01-13,
2012-01-17,
2012-01-18,
2012-01-19,
2012-01-20,
2012-01-23,
2012-01-24,
2012-01-25,
2012-01-26,
2012-01-27,
2012-01-30,
2012-01-31,
2012-02-01,
2012-02-02,
2012-02-03,
2012-02-06,
2012-02-07,
2012-02-08,
2012-02-09,
2012-02-10,
2012-02-13,
2012-02-14,
2012-02-15,
2012-02-16,
2012-02-17,
2012-02-21,
2012-02-22,
2012-02-23,
2012-02-24,
2012-02-27,
2012-02-28,
2012-02-29,
2012-03-01,
2012-03-02,
2012-03-05,
2012-03-06,
2012-03-07,
2012-03-08,
2012-03-09,
2012-03-12,
2012-03-13,
2012-03-14,
2012-03-15,
2012-03-16,
2012-03-19,
2012-03-20,
2012-03-21,
2012-03-22,
2012-03-23,
2012-03-26,
2012-03-27,
2012-03-28,
2012-03-29,
2012-03-30,
2012-04-02,
2012-04-03,
2012-04-04,
2012-04-05,
2012-04-09,
2012-04-10,
2012-04-11,
2012-04-12,
2012-04-13,
2012-04-16,
2012-04-17,
2012-04-18,
2012-04-19,
2012-04-20,
2012-04-23,
2012-04-24,
2012-04-25,
2012-04-26,
2012-04-27,
2012-04-30,
2012-05-01,
2012-05-02,
2012-05-03,
2012-05-04,
2012-05-07,
2012-05-08,
2012-05-09,
2012-05-10,
2012-05-11,
2012-05-14,
2012-05-15,4.641679286956787
2012-05-16,4.641679286956787
2012-05-17,4.641679286956787
2012-05-18,4.641679286956787
2012-05-21,4.641679286956787
2012-05-22,4.641679286956787
2012-05-23,4.641679286956787
2012-05-24,4.641679286956787
2012-05-25,4.641679286956787
2012-05-29,4.641679286956787
2012-05-30,4.641679286956787
2012-05-31,4.641679286956787
2012-06-01,4.641679286956787
2012-06-04,4.641679286956787
2012-06-05,4.641679286956787
2012-06-06,4.641679286956787
2012-06-07,4.460834980010986
2012-06-08,4.460834980010986
2012-06-11,4.460834980010986
2012-06-12,4.460834980010986
2012-06-13,4.460834980010986
2012-06-14,4.460834980010986
2012-06-15,4.460834980010986
2012-06-18,4.460834980010986
2012-06-19,4.460834980010986
2012-06-20,4.460834980010986
2012-06-21,4.460834980010986
2012-06-22,4.460834980010986
2012-06-25,4.460834980010986
2012-06-26,4.460834980010986
2012-06-27,4.460834980010986
2012-06-28,4.460834980010986
2012-06-29,4.460834980010986
2012-07-02,4.460834980010986
2012-07-03,4.460834980010986
2012-07-05,4.460834980010986
2012-07-06,4.460834980010986
2012-07-09,4.460834980010986
2012-07-10,4.460834980010986
2012-07-11,4.460834980010986
2012-07-12,4.460834980010986
2012-07-13,4.460834980010986
2012-07-16,4.460834980010986
2012-07-17,4.460834980010986
2012-07-18,4.460834980010986
2012-07-19,4.460834980010986
2012-07-20,4.460834980010986
2012-07-23,4.460834980010986
2012-07-24,4.460834980010986
2012-07-25,4.460834980010986
2012-07-26,4.460834980010986
2012-07-27,4.460834980010986
2012-07-30,4.460834980010986
2012-07-31,4.460834980010986
2012-08-01,4.460834980010986
2012-08-02,4.460834980010986
2012-08-03,4.460834980010986
2012-08-06,4.460834980010986
2012-08-07,4.460834980010986
2012-08-08,4.460834980010986
2012-08-09,4.460834980010986
2012-08-10,4.460834980010986
2012-08-13,4.460834980010986
2012-08-14,4.460834980010986
2012-08-15,4.460834980010986
2012-08-16,4.460834980010986
2012-08-17,4.701961517333984
2012-08-20,4.701961517333984
2012-08-21,4.701961517333984
2012-08-22,4.701961517333984
2012-08-23,4.665792465209961
2012-08-24,4.665792465209961
2012-08-27,4.665792465209961
2012-08-28,4.551257610321045
2012-08-29,4.551257610321045
2012-08-30,4.551257610321045
2012-08-31,4.551257610321045
2012-09-04,4.551257610321045
2012-09-05,4.551257610321045
2012-09-06,4.551257610321045
2012-09-07,4.551257610321045
2012-09-10,4.551257610321045
2012-09-11,4.551257610321045
2012-09-12,4.551257610321045
2012-09-13,4.551257610321045
2012-09-14,4.551257610321045
2012-09-17,4.551257610321045
2012-09-18,4.551257610321045
2012-09-19,4.551257610321045
2012-09-20,4.551257610321045
2012-09-21,4.551257610321045
2012-09-24,4.551257610321045
2012-09-25,4.551257610321045
2012-09-26,4.551257610321045
2012-09-27,4.551257610321045
2012-09-28,4.551257610321045
2012-10-01,4.551257610321045
2012-10-02,4.551257610321045
2012-10-03,4.551257610321045
2012-10-04,4.551257610321045
2012-10-05,4.551257610321045
2012-10-08,4.551257610321045
2012-10-09,4.551257610321045
2012-10-10,4.551257610321045
2012-10-11,4.551257610321045
2012-10-12,4.551257610321045
2012-10-15,4.792384147644043
2012-10-16,4.792384147644043
2012-10-17,4.792384147644043
2012-10-18,4.792384147644043
2012-10-19,4.792384147644043
2012-10-22,4.792384147644043
2012-10-23,4.792384147644043
2012-10-24,4.792384147644043
2012-10-25,4.792384147644043
2012-10-26,4.792384147644043
2012-10-31,4.792384147644043
2012-11-01,4.762243270874023
2012-11-02,4.762243270874023
2012-11-05,4.762243270874023
2012-11-06,4.762243270874023
2012-11-07,4.762243270874023
2012-11-08,4.762243270874023
2012-11-09,4.762243270874023
2012-11-12,4.762243270874023
2012-11-13,4.762243270874023
2012-11-14,4.762243270874023
2012-11-15,4.762243270874023
2012-11-16,4.762243270874023
2012-11-19,4.762243270874023
2012-11-20,4.762243270874023
2012-11-21,4.762243270874023
2012-11-23,4.762243270874023
2012-11-26,4.762243270874023
2012-11-27,4.91897439956665
2012-11-28,4.91897439956665
2012-11-29,4.91897439956665
2012-11-30,4.943087577819824
2012-12-03,4.943087577819824
2012-12-04,4.943087577819824
2012-12-05,4.943087577819824
2012-12-06,4.943087577819824
2012-12-07,4.943087577819824
2012-12-10,4.943087577819824
2012-12-11,4.943087577819824
2012-12-12,4.943087577819824
2012-12-13,4.943087577819824
2012-12-14,4.943087577819824
2012-12-17,4.943087577819824
2012-12-18,5.045566082000732
2012-12-19,5.045566082000732
2012-12-20,5.045566082000732
2012-12-21,5.045566082000732
2012-12-24,5.045566082000732
2012-12-26,5.045566082000732
2012-12-27,5.045566082000732
2012-12-28,5.045566082000732
2012-12-31,5.045566082000732
2013-01-02,5.045566082000732
2013-01-03,5.045566082000732
2013-01-04,5.045566082000732
2013-01-07,5.220383167266846
2013-01-08,5.220383167266846
2013-01-09,5.220383167266846
2013-01-10,5.220383167266846
2013-01-11,5.220383167266846
2013-01-14,5.220383167266846
2013-01-15,5.467536449432373
2013-01-16,5.5157623291015625
2013-01-17,5.5157623291015625
2013-01-18,5.5157623291015625
2013-01-22,5.5157623291015625
2013-01-23,5.3288893699646
2013-01-24,5.3288893699646
2013-01-25,5.280664443969727
2013-01-28,5.262580394744873
2013-01-29,5.346972942352295
2013-01-30,5.346972942352295
2013-01-31,5.3288893699646
2013-02-01,5.3288893699646
2013-02-04,5.3288893699646
2013-02-05,5.365057945251465
2013-02-06,5.425339221954346
2013-02-07,5.425339221954346
2013-02-08,5.425339221954346
2013-02-11,5.449452877044678
2013-02-12,5.449452877044678
2013-02-13,5.726747989654541
2013-02-14,5.726747989654541
2013-02-15,5.726747989654541
2013-02-19,5.666467666625977
2013-02-20,6.052266597747803
2013-02-21,5.781001091003418
2013-02-22,5.781001091003418
2013-02-25,5.793057441711426
2013-02-26,5.726747989654541
2013-02-27,5.762916088104248
2013-02-28,5.762916088104248
2013-03-01,5.461509704589844
2013-03-04,5.340946197509766
2013-03-05,5.449452877044678
2013-03-06,5.557960033416748
2013-03-07,5.557960033416748
2013-03-08,5.624270439147949
2013-03-11,5.8231964111328125
2013-03-12,5.9497880935668945
2013-03-13,5.726747989654541
2013-03-14,5.835254192352295
2013-03-15,5.835254192352295
2013-03-18,5.835254192352295
2013-03-19,5.5157623291015625
2013-03-20,5.793057441711426
2013-03-21,5.732775688171387
2013-03-22,5.732775688171387
2013-03-25,5.793057441711426
2013-03-26,5.732775688171387
2013-03-27,5.8231964111328125
2013-03-28,5.883480072021484
2013-04-01,5.762916088104248
2013-04-02,5.998014450073242
2013-04-03,5.998014450073242
2013-04-04,5.998014450073242
2013-04-05,5.998014450073242
2013-04-08,5.895534992218018
2013-04-09,5.877450466156006
2013-04-10,6.082408905029297
2013-04-11,6.23914098739624
2013-04-12,6.178859710693359
2013-04-15,6.178859710693359
2013-04-16,5.937731742858887
2013-04-17,5.937731742858887
2013-04-18,5.937731742858887
2013-04-19,5.817168235778809
2013-04-22,5.817168235778809
2013-04-23,5.768944263458252
2013-04-24,6.124607563018799
2013-04-25,6.14871883392334
2013-04-26,6.14871883392334
2013-04-29,6.022127628326416
2013-04-30,6.0582966804504395
2013-05-01,6.14871883392334
2013-05-02,6.14871883392334
2013-05-03,6.14871883392334
2013-05-06,6.14871883392334
2013-05-07,5.967876434326172
2013-05-08,5.955819129943848
2013-05-09,5.937731742858887
2013-05-10,5.998014450073242
2013-05-13,5.998014450073242
2013-05-14,6.202972412109375
2013-05-15,6.022127628326416
2013-05-16,6.022127628326416
2013-05-17,5.80511474609375
2013-05-20,5.80511474609375
2013-05-21,5.768944263458252
2013-05-22,5.768944263458252
2013-05-23,5.9497880935668945
2013-05-24,5.9497880935668945
2013-05-28,5.817168235778809
2013-05-29,5.817168235778809
2013-05-30,5.931703567504883
2013-05-31,5.793057441711426
2013-06-03,5.793057441711426
2013-06-04,5.606184959411621
2013-06-05,5.606184959411621
2013-06-06,5.467536449432373
2013-06-07,5.467536449432373
2013-06-10,5.485621452331543
2013-06-11,5.485621452331543
2013-06-12,5.557960033416748
2013-06-13,5.557960033416748
2013-06-14,5.557960033416748
2013-06-17,5.557960033416748
2013-06-18,5.557960033416748
2013-06-19,5.557960033416748
2013-06-20,5.3047776222229
2013-06-21,5.3047776222229
2013-06-24,5.527818202972412
2013-06-25,5.684551239013672
2013-06-26,5.684551239013672
2013-06-27,5.684551239013672
2013-06-28,5.533847332000732
2013-07-01,5.570016384124756
2013-07-02,5.642354488372803
2013-07-03,5.642354488372803
2013-07-05,5.642354488372803
2013-07-08,5.642354488372803
2013-07-09,5.642354488372803
2013-07-10,5.642354488372803
2013-07-11,5.895534992218018
2013-07-12,5.895534992218018
2013-07-15,5.895534992218018
2013-07-16,6.0281548500061035
2013-07-17,6.0161004066467285
2013-07-18,6.0161004066467285
2013-07-19,6.0161004066467285
2013-07-22,6.0161004066467285
2013-07-23,5.726747989654541
2013-07-24,5.726747989654541
2013-07-25,5.708664417266846
2013-07-26,5.708664417266846
2013-07-29,5.744833469390869
2013-07-30,5.744833469390869
2013-07-31,5.787030220031738
2013-08-01,5.787030220031738
2013-08-02,5.787030220031738
2013-08-05,5.877450466156006
2013-08-06,5.877450466156006
2013-08-07,5.877450466156006
2013-08-08,5.841282367706299
2013-08-09,5.841282367706299
2013-08-12,5.841282367706299
2013-08-13,5.841282367706299
2013-08-14,5.998014450073242
2013-08-15,5.998014450073242
2013-08-16,5.998014450073242
2013-08-19,5.726747989654541
2013-08-20,5.787030220031738
2013-08-21,5.877450466156006
2013-08-22,5.877450466156006
2013-08-23,5.877450466156006
2013-08-26,5.877450466156006
2013-08-27,5.877450466156006
2013-08-28,5.636325359344482
2013-08-29,5.648382186889648
2013-08-30,5.666467666625977
2013-09-03,5.666467666625977
2013-09-04,5.666467666625977
2013-09-05,5.666467666625977
2013-09-06,5.943761825561523
2013-09-09,5.955819129943848
2013-09-10,5.955819129943848
2013-09-11,6.06432580947876
2013-09-12,6.06432580947876
2013-09-13,6.06432580947876
2013-09-16,6.06432580947876
2013-09-17,6.233112812042236
2013-09-18,6.233112812042236
2013-09-19,6.0161004066467285
2013-09-20,5.985959053039551
2013-09-23,5.985959053039551
2013-09-24,5.80511474609375
2013-09-25,5.80511474609375
2013-09-26,5.80511474609375
2013-09-27,5.80511474609375
2013-09-30,5.937731742858887
2013-10-01,5.8895087242126465
2013-10-02,5.961846828460693
2013-10-03,5.943761825561523
2013-10-04,6.0161004066467285
2013-10-07,6.0161004066467285
2013-10-08,5.931703567504883
2013-10-09,5.931703567504883
2013-10-10,5.787030220031738
2013-10-11,5.787030220031738
2013-10-14,5.787030220031738
2013-10-15,5.787030220031738
2013-10-16,6.0582966804504395
2013-10-17,6.14871883392334
2013-10-18,6.094466209411621
2013-10-21,6.299421787261963
2013-10-22,6.299421787261963
2013-10-23,6.299421787261963
2013-10-24,6.26928186416626
2013-10-25,6.209000110626221
2013-10-28,6.209000110626221
2013-10-29,6.010071754455566
2013-10-30,6.209000110626221
2013-10-31,6.209000110626221
2013-11-01,6.209000110626221
2013-11-04,6.209000110626221
2013-11-05,6.233112812042236
2013-11-06,6.2873663902282715
2013-11-07,6.23914098739624
2013-11-08,6.166803359985352
2013-11-11,6.166803359985352
2013-11-12,6.26928186416626
2013-11-13,6.166803359985352
2013-11-14,6.166803359985352
2013-11-15,6.166803359985352
2013-11-18,6.365733623504639
2013-11-19,6.341620445251465
2013-11-20,6.293394565582275
2013-11-21,6.293394565582275
2013-11-22,6.124607563018799
2013-11-25,6.196944236755371
2013-11-26,6.136662006378174
2013-11-27,6.136662006378174
2013-11-29,6.118577480316162
2013-12-02,6.040212631225586
2013-12-03,6.040212631225586
2013-12-04,6.0281548500061035
2013-12-05,6.0281548500061035
2013-12-06,6.14871883392334
2013-12-09,6.094466209411621
2013-12-10,6.094466209411621
2013-12-11,6.154746055603027
2013-12-12,6.154746055603027
2013-12-13,6.136662006378174
2013-12-16,6.26928186416626
2013-12-17,6.209000110626221
2013-12-18,5.594128131866455
2013-12-19,5.6182427406311035
2013-12-20,5.648382186889648
2013-12-23,5.714692115783691
2013-12-24,5.714692115783691
2013-12-26,5.6966071128845215
2013-12-27,5.6966071128845215
2013-12-30,5.606184959411621
2013-12-31,5.606184959411621
2014-01-02,5.738804817199707
2014-01-03,5.684551239013672
2014-01-06,5.684551239013672
2014-01-07,5.6966071128845215
2014-01-08,5.720719814300537
2014-01-09,5.690578937530518
2014-01-10,5.678522109985352
2014-01-13,5.678522109985352
2014-01-14,5.53987455368042
2014-01-15,5.53987455368042
2014-01-16,5.43739652633667
2014-01-17,5.57604455947876
2014-01-21,5.57604455947876
2014-01-22,5.582070827484131
2014-01-23,5.678522109985352
2014-01-24,5.678522109985352
2014-01-27,5.678522109985352
2014-01-28,5.485621452331543
2014-01-29,5.6302971839904785
2014-01-30,5.606184959411621
2014-01-31,5.6182427406311035
2014-02-03,5.6182427406311035
2014-02-04,5.6182427406311035
2014-02-05,5.582070827484131
2014-02-06,5.582070827484131
2014-02-07,5.684551239013672
2014-02-10,5.738804817199707
2014-02-11,5.738804817199707
2014-02-12,5.931703567504883
2014-02-13,5.931703567504883
2014-02-14,5.931703567504883
2014-02-18,5.931703567504883
2014-02-19,5.931703567504883
2014-02-20,5.907592296600342
2014-02-21,5.781001091003418
2014-02-24,5.781001091003418
2014-02-25,5.88908052444458
2014-02-26,5.88908052444458
2014-02-27,5.88908052444458
2014-02-28,5.88908052444458
2014-03-03,5.88908052444458
2014-03-04,5.686430931091309
2014-03-05,5.686430931091309
2014-03-06,5.686430931091309
2014-03-07,5.618882179260254
2014-03-10,5.618882179260254
2014-03-11,5.618882179260254
2014-03-12,5.618882179260254
2014-03-13,5.618882179260254
2014-03-14,5.618882179260254
2014-03-17,5.618882179260254
2014-03-18,5.618882179260254
2014-03-19,5.618882179260254
2014-03-20,5.618882179260254
2014-03-21,5.618882179260254
2014-03-24,5.618882179260254
2014-03-25,5.618882179260254
2014-03-26,5.618882179260254
2014-03-27,5.618882179260254
2014-03-28,5.618882179260254
2014-03-31,5.618882179260254
2014-04-01,5.618882179260254
2014-04-02,5.618882179260254
2014-04-03,5.618882179260254
2014-04-04,5.778545379638672
2014-04-07,5.778545379638672
2014-04-08,5.778545379638672
2014-04-09,5.778545379638672
2014-04-10,5.778545379638672
2014-04-11,5.778545379638672
2014-04-14,5.778545379638672
2014-04-15,5.778545379638672
2014-04-16,5.778545379638672
2014-04-17,5.778545379638672
2014-04-21,5.778545379638672
2014-04-22,5.827670574188232
2014-04-23,5.827670574188232
2014-04-24,5.827670574188232
2014-04-25,5.827670574188232
2014-04-28,5.827670574188232
2014-04-29,5.827670574188232
2014-04-30,5.827670574188232
2014-05-01,5.827670574188232
2014-05-02,5.827670574188232
2014-05-05,5.827670574188232
2014-05-06,5.895221710205078
2014-05-07,5.895221710205078
2014-05-08,5.895221710205078
2014-05-09,5.895221710205078
2014-05-12,5.895221710205078
2014-05-13,5.895221710205078
2014-05-14,6.01803731918335
2014-05-15,6.01803731918335
2014-05-16,5.956628799438477
2014-05-19,5.956628799438477
2014-05-20,5.956628799438477
2014-05-21,5.956628799438477
2014-05-22,5.956628799438477
2014-05-23,5.956628799438477
2014-05-27,5.956628799438477
2014-05-28,5.956628799438477
2014-05-29,5.956628799438477
2014-05-30,5.956628799438477
2014-06-02,5.956628799438477
2014-06-03,5.956628799438477
2014-06-04,5.956628799438477
2014-06-05,5.956628799438477
2014-06-06,5.956628799438477
2014-06-09,5.956628799438477
2014-06-10,5.956628799438477
2014-06-11,5.956628799438477
2014-06-12,5.956628799438477
2014-06-13,5.956628799438477
2014-06-16,5.956628799438477
2014-06-17,5.956628799438477
2014-06-18,5.956628799438477
2014-06-19,5.956628799438477
2014-06-20,5.956628799438477
2014-06-23,6.048741340637207
2014-06-24,6.048741340637207
2014-06-25,6.048741340637207
2014-06-26,6.048741340637207
2014-06-27,6.048741340637207
2014-06-30,6.048741340637207
2014-07-01,6.048741340637207
2014-07-02,6.048741340637207
2014-07-03,6.048741340637207
2014-07-07,6.048741340637207
2014-07-08,6.048741340637207
2014-07-09,6.048741340637207
2014-07-10,6.048741340637207
2014-07-11,6.048741340637207
2014-07-14,5.981193542480469
2014-07-15,5.981193542480469
2014-07-16,5.981193542480469
2014-07-17,5.839953899383545
2014-07-18,5.839953899383545
2014-07-21,5.839953899383545
2014-07-22,5.839953899383545
2014-07-23,5.839953899383545
2014-07-24,5.839953899383545
2014-07-25,5.839953899383545
2014-07-28,5.839953899383545
2014-07-29,5.839953899383545
2014-07-30,5.839953899383545
2014-07-31,5.839953899383545
2014-08-01,5.839953899383545
2014-08-04,5.839953899383545
2014-08-05,5.839953899383545
2014-08-06,5.839953899383545
2014-08-07,5.839953899383545
2014-08-08,5.839953899383545
2014-08-11,5.839953899383545
2014-08-12,5.839953899383545
2014-08-13,5.839953899383545
2014-08-14,5.839953899383545
2014-08-15,5.839953899383545
2014-08-18,5.839953899383545
2014-08-19,5.839953899383545
2014-08-20,5.839953899383545
2014-08-21,5.839953899383545
2014-08-22,5.839953899383545
2014-08-25,5.839953899383545
2014-08-26,5.839953899383545
2014-08-27,5.839953899383545
2014-08-28,5.839953899383545
2014-08-29,5.839953899383545
2014-09-02,5.977607250213623
2014-09-03,5.977607250213623
2014-09-04,5.977607250213623
2014-09-05,5.977607250213623
2014-09-08,6.461599349975586
2014-09-09,6.461599349975586
2014-09-10,6.461599349975586
2014-09-11,6.461599349975586
2014-09-12,6.461599349975586
2014-09-15,6.461599349975586
2014-09-16,6.461599349975586
2014-09-17,6.461599349975586
2014-09-18,6.461599349975586
2014-09-19,6.461599349975586
2014-09-22,6.461599349975586
2014-09-23,6.461599349975586
2014-09-24,6.461599349975586
2014-09-25,6.461599349975586
2014-09-26,6.461599349975586
2014-09-29,6.461599349975586
2014-09-30,6.461599349975586
2014-10-01,6.461599349975586
2014-10-02,6.461599349975586
2014-10-03,6.461599349975586
2014-10-06,6.461599349975586
2014-10-07,6.461599349975586
2014-10-08,6.461599349975586
2014-10-09,6.185033321380615
2014-10-10,6.185033321380615
2014-10-13,6.185033321380615
2014-10-14,6.185033321380615
2014-10-15,6.185033321380615
2014-10-16,6.185033321380615
2014-10-17,6.185033321380615
2014-10-20,6.185033321380615
2014-10-21,6.185033321380615
2014-10-22,6.185033321380615
2014-10-23,6.185033321380615
2014-10-24,6.185033321380615
2014-10-27,6.185033321380615
2014-10-28,6.185033321380615
2014-10-29,6.185033321380615
2014-10-30,6.185033321380615
2014-10-31,6.185033321380615
2014-11-03,6.185033321380615
2014-11-04,6.185033321380615
2014-11-05,6.342173099517822
2014-11-06,6.4993133544921875
2014-11-07,6.4993133544921875
2014-11-10,6.4993133544921875
2014-11-11,6.555883407592773
2014-11-12,6.555883407592773
2014-11-13,6.555883407592773
2014-11-14,6.555883407592773
2014-11-17,6.555883407592773
2014-11-18,6.555883407592773
2014-11-19,6.555883407592773
2014-11-20,6.555883407592773
2014-11-21,6.555883407592773
2014-11-24,6.555883407592773
2014-11-25,6.555883407592773
2014-11-26,6.555883407592773
2014-11-28,6.555883407592773
2014-12-01,6.555883407592773
2014-12-02,6.555883407592773
2014-12-03,6.555883407592773
2014-12-04,6.555883407592773
2014-12-05,6.555883407592773
2014-12-08,6.555883407592773
2014-12-09,6.555883407592773
2014-12-10,6.593597888946533
2014-12-11,6.593597888946533
2014-12-12,6.593597888946533
2014-12-15,6.593597888946533
2014-12-16,6.593597888946533
2014-12-17,6.656455039978027
2014-12-18,6.656455039978027
2014-12-19,6.656455039978027
2014-12-22,6.656455039978027
2014-12-23,6.656455039978027
2014-12-24,6.656455039978027
2014-12-26,6.656455039978027
2014-12-29,7.039875507354736
2014-12-30,7.039875507354736
2014-12-31,7.039875507354736
2015-01-02,7.039875507354736
2015-01-05,7.039875507354736
2015-01-06,7.039875507354736
2015-01-07,6.7381672859191895
2015-01-08,6.7381672859191895
2015-01-09,6.7381672859191895
2015-01-12,6.7381672859191895
2015-01-13,6.7381672859191895
2015-01-14,6.7381672859191895
2015-01-15,6.7381672859191895
2015-01-16,6.7381672859191895
2015-01-20,6.7381672859191895
2015-01-21,6.7381672859191895
2015-01-22,6.7381672859191895
2015-01-23,6.7381672859191895
2015-01-26,6.7381672859191895
2015-01-27,6.7381672859191895
2015-01-28,6.273031234741211
2015-01-29,6.178746700286865
2015-01-30,6.178746700286865
2015-02-02,6.178746700286865
2015-02-03,6.178746700286865
2015-02-04,6.273031234741211
2015-02-05,6.273031234741211
2015-02-06,6.273031234741211
2015-02-09,6.405028820037842
2015-02-10,6.436457633972168
2015-02-11,6.436457633972168
2015-02-12,6.436457633972168
2015-02-13,6.436457633972168
2015-02-17,6.436457633972168
2015-02-18,6.436457633972168
2015-02-19,6.436457633972168
2015-02-20,6.436457633972168
2015-02-23,6.436457633972168
2015-02-24,6.436457633972168
2015-02-25,6.436457633972168
2015-02-26,6.436457633972168
2015-02-27,6.436457633972168
2015-03-02,6.436457633972168
2015-03-03,6.436457633972168
2015-03-04,6.436457633972168
2015-03-05,6.436457633972168
2015-03-06,6.436457633972168
2015-03-09,6.436457633972168
2015-03-10,6.436457633972168
2015-03-11,6.436457633972168
2015-03-12,6.436457633972168
2015-03-13,6.436457633972168
2015-03-16,6.436457633972168
2015-03-17,6.788449764251709
2015-03-18,6.788449764251709
2015-03-19,6.788449764251709
2015-03-20,6.788449764251709
2015-03-23,6.788449764251709
2015-03-24,6.788449764251709
2015-03-25,6.788449764251709
2015-03-26,6.788449764251709
2015-03-27,6.788449764251709
2015-03-30,6.788449764251709
2015-03-31,6.669024467468262
2015-04-01,6.669024467468262
2015-04-02,6.669024467468262
2015-04-06,6.669024467468262
2015-04-07,6.669024467468262
2015-04-08,6.669024467468262
2015-04-09,6.669024467468262
2015-04-10,6.669024467468262
2015-04-13,6.669024467468262
2015-04-14,6.669024467468262
2015-04-15,6.669024467468262
2015-04-16,6.669024467468262
2015-04-17,6.669024467468262
2015-04-20,6.669024467468262
2015-04-21,6.669024467468262
2015-04-22,6.669024467468262
2015-04-23,6.669024467468262
2015-04-24,6.669024467468262
2015-04-27,6.669024467468262
2015-04-28,6.669024467468262
2015-04-29,6.669024467468262
2015-04-30,6.669024467468262
2015-05-01,6.669024467468262
2015-05-04,6.669024467468262
2015-05-05,6.669024467468262
2015-05-06,6.669024467468262
2015-05-07,6.568454742431641
2015-05-08,6.669024467468262
2015-05-11,6.669024467468262
2015-05-12,6.669024467468262
2015-05-13,6.669024467468262
2015-05-14,6.669024467468262
2015-05-15,6.669024467468262
2015-05-18,6.669024467468262
2015-05-19,6.669024467468262
2015-05-20,6.669024467468262
2015-05-21,6.669024467468262
2015-05-22,6.669024467468262
2015-05-26,6.669024467468262
2015-05-27,6.669024467468262
2015-05-28,6.669024467468262
2015-05-29,6.669024467468262
2015-06-01,6.669024467468262
2015-06-02,6.669024467468262
2015-06-03,6.669024467468262
2015-06-04,6.669024467468262
2015-06-05,6.669024467468262
2015-06-08,6.669024467468262
2015-06-09,6.669024467468262
2015-06-10,6.669024467468262
2015-06-11,6.669024467468262
2015-06-12,6.669024467468262
2015-06-15,6.669024467468262
2015-06-16,6.669024467468262
2015-06-17,6.669024467468262
2015-06-18,6.669024467468262
2015-06-19,6.669024467468262
2015-06-22,6.669024467468262
2015-06-23,6.669024467468262
2015-06-24,6.669024467468262
2015-06-25,6.669024467468262
2015-06-26,6.669024467468262
2015-06-29,6.669024467468262
2015-06-30,6.669024467468262
2015-07-01,6.669024467468262
2015-07-02,6.669024467468262
2015-07-06,6.669024467468262
2015-07-07,6.669024467468262
2015-07-08,6.669024467468262
2015-07-09,6.669024467468262
2015-07-10,6.669024467468262
2015-07-13,6.669024467468262
2015-07-14,6.669024467468262
2015-07-15,6.669024467468262
2015-07-16,6.669024467468262
2015-07-17,6.669024467468262
2015-07-20,6.669024467468262
2015-07-21,6.669024467468262
2015-07-22,6.587311744689941
2015-07-23,6.587311744689941
2015-07-24,6.587311744689941
2015-07-27,6.587311744689941
2015-07-28,6.537026882171631
2015-07-29,6.537026882171631
2015-07-30,6.537026882171631
2015-07-31,6.537026882171631
2015-08-03,6.4741716384887695
2015-08-04,6.4741716384887695
2015-08-05,6.4741716384887695
2015-08-06,6.4741716384887695
2015-08-07,6.4741716384887695
2015-08-10,6.4741716384887695
2015-08-11,6.4741716384887695
2015-08-12,6.4741716384887695
2015-08-13,6.4741716384887695
2015-08-14,6.4741716384887695
2015-08-17,6.4741716384887695
2015-08-18,6.4741716384887695
2015-08-19,6.4741716384887695
2015-08-20,6.4741716384887695
2015-08-21,6.4741716384887695
2015-08-24,6.4741716384887695
2015-08-25,6.4741716384887695
2015-08-26,6.4741716384887695
2015-08-27,5.908467769622803
2015-08-28,5.908467769622803
2015-08-31,5.908467769622803
2015-09-01,5.908467769622803
2015-09-02,5.908467769622803
2015-09-03,5.908467769622803
2015-09-04,5.908467769622803
2015-09-08,6.034945011138916
2015-09-09,6.034945011138916
2015-09-10,6.034945011138916
2015-09-11,6.034945011138916
2015-09-14,6.034945011138916
2015-09-15,6.034945011138916
2015-09-16,6.034945011138916
2015-09-17,6.034945011138916
2015-09-18,6.034945011138916
2015-09-21,6.034945011138916
2015-09-22,6.034945011138916
2015-09-23,6.034945011138916
2015-09-24,6.034945011138916
2015-09-25,6.034945011138916
2015-09-28,6.034945011138916
2015-09-29,6.034945011138916
2015-09-30,6.034945011138916
2015-10-01,6.034945011138916
2015-10-02,6.034945011138916
2015-10-05,6.034945011138916
2015-10-06,6.034945011138916
2015-10-07,6.034945011138916
2015-10-08,6.034945011138916
2015-10-09,6.034945011138916
2015-10-12,6.034945011138916
2015-10-13,6.034945011138916
2015-10-14,6.034945011138916
2015-10-15,6.060625076293945
2015-10-16,6.060625076293945
2015-10-19,6.060625076293945
2015-10-20,6.060625076293945
2015-10-21,6.060625076293945
2015-10-22,6.060625076293945
2015-10-23,6.060625076293945
2015-10-26,6.060625076293945
2015-10-27,6.060625076293945
2015-10-28,6.060625076293945
2015-10-29,6.060625076293945
2015-10-30,6.060625076293945
2015-11-02,6.060625076293945
2015-11-03,6.060625076293945
2015-11-04,6.060625076293945
2015-11-05,6.054203987121582
2015-11-06,6.054203987121582
2015-11-09,6.054203987121582
2015-11-10,6.054203987121582
2015-11-11,6.054203987121582
2015-11-12,6.201868057250977
2015-11-13,6.201868057250977
2015-11-16,6.201868057250977
2015-11-17,6.201868057250977
2015-11-18,6.201868057250977
2015-11-19,6.201868057250977
2015-11-20,6.201868057250977
2015-11-23,6.201868057250977
2015-11-24,6.201868057250977
2015-11-25,6.201868057250977
2015-11-27,6.201868057250977
2015-11-30,6.201868057250977
2015-12-01,6.201868057250977
2015-12-02,6.201868057250977
2015-12-03,6.201868057250977
2015-12-04,6.201868057250977
2015-12-07,6.201868057250977
2015-12-08,6.201868057250977
2015-12-09,6.118405342102051
2015-12-10,6.118405342102051
2015-12-11,6.118405342102051
2015-12-14,6.118405342102051
2015-12-15,6.118405342102051
2015-12-16,6.118405342102051
2015-12-17,6.118405342102051
2015-12-18,6.118405342102051
2015-12-21,6.00926399230957
2015-12-22,6.118405342102051
2015-12-23,6.118405342102051
2015-12-24,6.118405342102051
2015-12-28,6.118405342102051
2015-12-29,6.118405342102051
2015-12-30,6.118405342102051
2015-12-31,6.195446968078613
2016-01-04,6.195446968078613
2016-01-05,6.060625076293945
2016-01-06,6.060625076293945
2016-01-07,6.060625076293945
2016-01-08,6.060625076293945
2016-01-11,5.810237884521484
2016-01-12,5.5855326652526855
2016-01-13,5.5855326652526855
2016-01-14,5.5855326652526855
2016-01-15,5.5855326652526855
2016-01-19,5.5855326652526855
2016-01-20,5.5855326652526855
2016-01-21,5.5855326652526855
2016-01-22,5.5855326652526855
2016-01-25,5.5855326652526855
2016-01-26,5.5855326652526855
2016-01-27,5.5855326652526855
2016-01-28,5.5855326652526855
2016-01-29,5.5855326652526855
2016-02-01,5.5855326652526855
2016-02-02,5.5855326652526855
2016-02-03,5.5855326652526855
2016-02-04,5.5855326652526855
2016-02-05,5.5855326652526855
2016-02-08,5.5855326652526855
2016-02-09,5.5855326652526855
2016-02-10,5.5855326652526855
2016-02-11,5.5855326652526855
2016-02-12,5.5855326652526855
2016-02-16,5.5855326652526855
2016-02-17,5.5855326652526855
2016-02-18,5.5855326652526855
2016-02-19,5.5855326652526855
2016-02-22,5.5855326652526855
2016-02-23,5.712253570556641
2016-02-24,5.712253570556641
2016-02-25,5.712253570556641
2016-02-26,5.712253570556641
2016-02-29,5.712253570556641
2016-03-01,5.712253570556641
2016-03-02,5.712253570556641
2016-03-03,5.712253570556641
2016-03-04,5.712253570556641
2016-03-07,5.712253570556641
2016-03-08,5.712253570556641
2016-03-09,5.712253570556641
2016-03-10,6.874402046203613
2016-03-11,6.874402046203613
2016-03-14,6.874402046203613
2016-03-15,6.874402046203613
2016-03-16,6.874402046203613
2016-03-17,6.874402046203613
2016-03-18,6.874402046203613
2016-03-21,6.874402046203613
2016-03-22,6.874402046203613
2016-03-23,6.874402046203613
2016-03-24,6.874402046203613
2016-03-28,6.874402046203613
2016-03-29,6.874402046203613
2016-03-30,6.874402046203613
2016-03-31,6.874402046203613
2016-04-01,6.874402046203613
2016-04-04,6.874402046203613
2016-04-05,6.874402046203613
2016-04-06,6.874402046203613
2016-04-07,7.123903751373291
2016-04-08,7.123903751373291
2016-04-11,7.222390174865723
2016-04-12,7.222390174865723
2016-04-13,7.222390174865723
2016-04-14,7.222390174865723
2016-04-15,7.222390174865723
2016-04-18,7.222390174865723
2016-04-19,7.222390174865723
2016-04-20,7.222390174865723
2016-04-21,7.222390174865723
2016-04-22,7.222390174865723
2016-04-25,7.222390174865723
2016-04-26,7.222390174865723
2016-04-27,7.222390174865723
2016-04-28,7.222390174865723
2016-04-29,7.222390174865723
2016-05-02,7.222390174865723
2016-05-03,7.222390174865723
2016-05-04,7.721391677856445
2016-05-05,7.721391677856445
2016-05-06,7.721391677856445
2016-05-09,7.721391677856445
2016-05-10,7.721391677856445
2016-05-11,7.721391677856445
2016-05-12,7.721391677856445
2016-05-13,7.721391677856445
2016-05-16,7.721391677856445
2016-05-17,7.721391677856445
2016-05-18,7.721391677856445
2016-05-19,7.721391677856445
2016-05-20,7.721391677856445
2016-05-23,7.721391677856445
2016-05-24,7.721391677856445
2016-05-25,7.721391677856445
2016-05-26,7.721391677856445
2016-05-27,7.721391677856445
2016-05-31,7.721391677856445
2016-06-01,7.721391677856445
2016-06-02,7.721391677856445
2016-06-03,7.721391677856445
2016-06-06,7.721391677856445
2016-06-07,7.826443195343018
2016-06-08,7.826443195343018
2016-06-09,7.340574741363525
2016-06-10,7.340574741363525
2016-06-13,7.340574741363525
2016-06-14,7.340574741363525
2016-06-15,7.340574741363525
2016-06-16,7.340574741363525
2016-06-17,7.340574741363525
2016-06-20,7.340574741363525
2016-06-21,7.340574741363525
2016-06-22,7.340574741363525
2016-06-23,7.340574741363525
2016-06-24,7.340574741363525
2016-06-27,7.340574741363525
2016-06-28,7.340574741363525
2016-06-29,7.340574741363525
2016-06-30,7.340574741363525
2016-07-01,7.288047790527344
2016-07-05,7.288047790527344
2016-07-06,7.288047790527344
2016-07-07,7.288047790527344
2016-07-08,7.288047790527344
2016-07-11,7.288047790527344
2016-07-12,7.288047790527344
2016-07-13,7.288047790527344
2016-07-14,7.288047790527344
2016-07-15,7.288047790527344
2016-07-18,7.288047790527344
2016-07-19,7.288047790527344
2016-07-20,7.288047790527344
2016-07-21,7.288047790527344
2016-07-22,7.288047790527344
2016-07-25,7.288047790527344
2016-07-26,7.288047790527344
2016-07-27,7.288047790527344
2016-07-28,7.386534214019775
2016-07-29,7.386534214019775
2016-08-01,7.386534214019775
2016-08-02,7.386534214019775
2016-08-03,7.386534214019775
2016-08-04,7.386534214019775
2016-08-05,7.386534214019775
2016-08-08,7.386534214019775
2016-08-09,7.386534214019775
2016-08-10,7.386534214019775
2016-08-11,7.386534214019775
2016-08-12,7.386534214019775
2016-08-15,7.386534214019775
2016-08-16,7.386534214019775
2016-08-17,7.688560962677002
2016-08-18,7.688560962677002
2016-08-19,7.688560962677002
2016-08-22,7.688560962677002
2016-08-23,7.688560962677002
2016-08-24,7.688560962677002
2016-08-25,7.688560962677002
2016-08-26,7.688560962677002
2016-08-29,7.688560962677002
2016-08-30,7.688560962677002
2016-08-31,7.688560962677002
2016-09-01,7.688560962677002
2016-09-02,7.688560962677002
2016-09-06,7.83577299118042
2016-09-07,7.83577299118042
2016-09-08,7.83577299118042
2016-09-09,7.83577299118042
2016-09-12,7.83577299118042
2016-09-13,7.83577299118042
2016-09-14,7.83577299118042
2016-09-15,7.83577299118042
2016-09-16,7.83577299118042
2016-09-19,7.83577299118042
2016-09-20,7.83577299118042
2016-09-21,7.83577299118042
2016-09-22,7.83577299118042
2016-09-23,7.83577299118042
2016-09-26,7.83577299118042
2016-09-27,7.83577299118042
2016-09-28,7.83577299118042
2016-09-29,7.83577299118042
2016-09-30,7.83577299118042
2016-10-03,7.83577299118042
2016-10-04,7.83577299118042
2016-10-05,7.83577299118042
2016-10-06,7.83577299118042
2016-10-07,7.83577299118042
2016-10-10,7.83577299118042
2016-10-11,7.83577299118042
2016-10-12,7.83577299118042
2016-10-13,7.83577299118042
2016-10-14,7.83577299118042
2016-10-17,7.83577299118042
2016-10-18,7.83577299118042
2016-10-19,7.83577299118042
2016-10-20,7.83577299118042
2016-10-21,7.83577299118042
2016-10-24,7.83577299118042
2016-10-25,7.83577299118042
2016-10-26,7.83577299118042
2016-10-27,7.83577299118042
2016-10-28,7.83577299118042
2016-10-31,7.83577299118042
2016-11-01,7.83577299118042
2016-11-02,7.83577299118042
2016-11-03,7.83577299118042
2016-11-04,7.83577299118042
2016-11-07,7.83577299118042
2016-11-08,7.83577299118042
2016-11-09,7.83577299118042
2016-11-10,7.83577299118042
2016-11-11,7.83577299118042
2016-11-14,7.83577299118042
2016-11-15,7.83577299118042
2016-11-16,7.83577299118042
2016-11-17,7.83577299118042
2016-11-18,7.83577299118042
2016-11-21,7.83577299118042
2016-11-22,7.83577299118042
2016-11-23,7.83577299118042
2016-11-25,7.83577299118042
2016-11-28,7.83577299118042
2016-11-29,7.83577299118042
2016-11-30,7.83577299118042
2016-12-01,7.83577299118042
2016-12-02,7.83577299118042
2016-12-05,7.83577299118042
2016-12-06,7.83577299118042
2016-12-07,7.83577299118042
2016-12-08,7.83577299118042
2016-12-09,7.253613471984863
2016-12-12,7.253613471984863
2016-12-13,7.113090515136719
2016-12-14,7.113090515136719
2016-12-15,7.113090515136719
2016-12-16,7.113090515136719
2016-12-19,7.113090515136719
2016-12-20,7.113090515136719
2016-12-21,7.113090515136719
2016-12-22,7.113090515136719
2016-12-23,7.113090515136719
2016-12-27,7.113090515136719
2016-12-28,7.113090515136719
2016-12-29,7.113090515136719
2016-12-30,7.113090515136719
2017-01-03,7.113090515136719
2017-01-04,7.113090515136719
2017-01-05,7.113090515136719
2017-01-06,7.113090515136719
2017-01-09,7.113090515136719
2017-01-10,7.113090515136719
2017-01-11,7.113090515136719
2017-01-12,7.113090515136719
2017-01-13,7.113090515136719
2017-01-17,7.113090515136719
2017-01-18,7.113090515136719
2017-01-19,7.113090515136719
2017-01-20,7.113090515136719
2017-01-23,7.113090515136719
2017-01-24,7.113090515136719
2017-01-25,7.113090515136719
2017-01-26,7.113090515136719
2017-01-27,7.113090515136719
2017-01-30,7.113090515136719
2017-01-31,7.113090515136719
2017-02-01,7.113090515136719
2017-02-02,7.113090515136719
2017-02-03,7.113090515136719
2017-02-06,7.113090515136719
2017-02-07,7.113090515136719
2017-02-08,7.113090515136719
2017-02-09,7.113090515136719
2017-02-10,7.113090515136719
2017-02-13,7.113090515136719
2017-02-14,7.113090515136719
2017-02-15,7.113090515136719
2017-02-16,7.113090515136719
2017-02-17,7.113090515136719
2017-02-21,7.113090515136719
2017-02-22,7.113090515136719
2017-02-23,7.113090515136719
2017-02-24,7.248096942901611
2017-02-27,7.248096942901611
2017-02-28,7.248096942901611
2017-03-01,7.248096942901611
2017-03-02,7.248096942901611
2017-03-03,7.248096942901611
2017-03-06,7.248096942901611
2017-03-07,7.316281318664551
2017-03-08,7.316281318664551
2017-03-09,7.207185745239258
2017-03-10,7.207185745239258
2017-03-13,7.207185745239258
2017-03-14,7.207185745239258
2017-03-15,7.207185745239258
2017-03-16,7.4321980476379395
2017-03-17,7.4321980476379395
2017-03-20,7.4321980476379395
2017-03-21,7.6299333572387695
2017-03-22,7.6299333572387695
2017-03-23,7.6299333572387695
2017-03-24,7.6299333572387695
2017-03-27,7.841308116912842
2017-03-28,7.841308116912842
2017-03-29,7.841308116912842
2017-03-30,7.875401496887207
2017-03-31,7.875401496887207
2017-04-03,7.875401496887207
2017-04-04,7.875401496887207
2017-04-05,7.875401496887207
2017-04-06,7.670845985412598
2017-04-07,7.670845985412598
2017-04-10,7.670845985412598
2017-04-11,7.670845985412598
2017-04-12,7.670845985412598
2017-04-13,7.670845985412598
2017-04-17,7.670845985412598
2017-04-18,7.670845985412598
2017-04-19,7.670845985412598
2017-04-20,7.670845985412598
2017-04-21,7.670845985412598
2017-04-24,7.670845985412598
2017-04-25,7.670845985412598
2017-04-26,7.984496593475342
2017-04-27,7.984496593475342
2017-04-28,7.909493446350098
2017-05-01,7.909493446350098
2017-05-02,7.909493446350098
2017-05-03,7.909493446350098
2017-05-04,7.909493446350098
2017-05-05,7.909493446350098
2017-05-08,7.909493446350098
2017-05-09,7.909493446350098
2017-05-10,7.711756706237793
2017-05-11,7.711756706237793
2017-05-12,7.711756706237793
2017-05-15,7.711756706237793
2017-05-16,7.711756706237793
2017-05-17,7.711756706237793
2017-05-18,7.500381946563721
2017-05-19,7.500381946563721
2017-05-22,7.500381946563721
2017-05-23,7.500381946563721
2017-05-24,7.500381946563721
2017-05-25,7.500381946563721
2017-05-26,7.500381946563721
2017-05-30,7.500381946563721
2017-05-31,7.500381946563721
2017-06-01,7.841308116912842
2017-06-02,8.011774063110352
2017-06-05,8.011774063110352
2017-06-06,8.011774063110352
2017-06-07,8.045866966247559
2017-06-08,8.045866966247559
2017-06-09,8.045866966247559
2017-06-12,8.045866966247559
2017-06-13,8.045866966247559
2017-06-14,8.045866966247559
2017-06-15,8.216327667236328
2017-06-16,8.216327667236328
2017-06-19,8.216327667236328
2017-06-20,8.216327667236328
2017-06-21,8.216327667236328
2017-06-22,8.216327667236328
2017-06-23,8.216327667236328
2017-06-26,8.216327667236328
2017-06-27,8.216327667236328
2017-06-28,8.216327667236328
2017-06-29,8.475432395935059
2017-06-30,8.475432395935059
2017-07-03,8.475432395935059
2017-07-05,8.475432395935059
2017-07-06,8.475432395935059
2017-07-07,8.475432395935059
2017-07-10,8.475432395935059
2017-07-11,8.475432395935059
2017-07-12,8.475432395935059
2017-07-13,8.284513473510742
2017-07-14,8.284513473510742
2017-07-17,8.284513473510742
2017-07-18,8.284513473510742
2017-07-19,8.284513473510742
2017-07-20,8.284513473510742
2017-07-21,8.284513473510742
2017-07-24,8.284513473510742
2017-07-25,8.284513473510742
2017-07-26,8.284513473510742
2017-07-27,8.38679027557373
2017-07-28,8.38679027557373
2017-07-31,8.38679027557373
2017-08-01,8.38679027557373
2017-08-02,8.38679027557373
2017-08-03,8.38679027557373
2017-08-04,8.38679027557373
2017-08-07,8.38679027557373
2017-08-08,8.38679027557373
2017-08-09,8.38679027557373
2017-08-10,8.38679027557373
2017-08-11,8.38679027557373
2017-08-14,8.38679027557373
2017-08-15,8.38679027557373
2017-08-16,8.38679027557373
2017-08-17,8.38679027557373
2017-08-18,8.591348648071289
2017-08-21,8.523164749145508
2017-08-22,8.707263946533203
2017-08-23,8.707263946533203
2017-08-24,8.707263946533203
2017-08-25,8.707263946533203
2017-08-28,8.707263946533203
2017-08-29,8.707263946533203
2017-08-30,8.707263946533203
2017-08-31,8.707263946533203
2017-09-01,8.707263946533203
2017-09-05,9.041130065917969
2017-09-06,9.041130065917969
2017-09-07,9.041130065917969
2017-09-08,9.041130065917969
2017-09-11,9.041130065917969
2017-09-12,9.041130065917969
2017-09-13,9.041130065917969
2017-09-14,9.041130065917969
2017-09-15,9.041130065917969
2017-09-18,9.041130065917969
2017-09-19,9.041130065917969
2017-09-20,9.041130065917969
2017-09-21,9.041130065917969
2017-09-22,9.041130065917969
2017-09-25,9.041130065917969
2017-09-26,9.041130065917969
2017-09-27,8.5313720703125
2017-09-28,8.5313720703125
2017-09-29,8.5313720703125
2017-10-02,8.5313720703125
2017-10-03,8.5313720703125
2017-10-04,8.5313720703125
2017-10-05,8.5313720703125
2017-10-06,8.5313720703125
2017-10-09,8.5313720703125
2017-10-10,8.5313720703125
2017-10-11,8.5313720703125
2017-10-12,8.5313720703125
2017-10-13,8.5313720703125
2017-10-16,8.5313720703125
2017-10-17,8.5313720703125
2017-10-18,8.5313720703125
2017-10-19,8.5313720703125
2017-10-20,8.5313720703125
2017-10-23,8.5313720703125
2017-10-24,8.5313720703125
2017-10-25,8.5313720703125
2017-10-26,8.5313720703125
2017-10-27,8.5313720703125
2017-10-30,8.5313720703125
2017-10-31,8.5313720703125
2017-11-01,8.5313720703125
2017-11-02,8.5313720703125
2017-11-03,8.5313720703125
2017-11-06,8.5313720703125
2017-11-07,8.5313720703125
2017-11-08,8.5313720703125
2017-11-09,8.5313720703125
2017-11-10,8.5313720703125
2017-11-13,8.5313720703125
2017-11-14,8.5313720703125
2017-11-15,8.5313720703125
2017-11-16,8.049931526184082
2017-11-17,8.049931526184082
2017-11-20,8.049931526184082
2017-11-21,8.049931526184082
2017-11-22,8.049931526184082
2017-11-24,8.049931526184082
2017-11-27,8.049931526184082
2017-11-28,8.049931526184082
2017-11-29,8.000372886657715
2017-11-30,8.000372886657715
2017-12-01,8.000372886657715
2017-12-04,8.000372886657715
2017-12-05,8.000372886657715
2017-12-06,8.000372886657715
2017-12-07,8.000372886657715
2017-12-08,8.000372886657715
2017-12-11,8.000372886657715
2017-12-12,8.000372886657715
2017-12-13,8.000372886657715
2017-12-14,8.000372886657715
2017-12-15,8.000372886657715
2017-12-18,8.000372886657715
2017-12-19,8.000372886657715
2017-12-20,8.000372886657715
2017-12-21,8.000372886657715
2017-12-22,8.000372886657715
2017-12-26,8.354371070861816
2017-12-27,8.354371070861816
2017-12-28,8.354371070861816
2017-12-29,8.354371070861816
2018-01-02,8.354371070861816
2018-01-03,8.354371070861816
2018-01-04,8.354371070861816
2018-01-05,8.354371070861816
2018-01-08,8.354371070861816
2018-01-09,8.354371070861816
2018-01-10,8.354371070861816
2018-01-11,8.354371070861816
2018-01-12,8.354371070861816
2018-01-16,8.354371070861816
2018-01-17,8.21277141571045
2018-01-18,8.21277141571045
2018-01-19,8.21277141571045
2018-01-22,8.21277141571045
2018-01-23,8.205690383911133
2018-01-24,8.318967819213867
2018-01-25,8.318967819213867
2018-01-26,8.318967819213867
2018-01-29,8.318967819213867
2018-01-30,8.318967819213867
2018-01-31,8.318967819213867
2018-02-01,8.318967819213867
2018-02-02,8.318967819213867
2018-02-05,8.318967819213867
2018-02-06,8.318967819213867
2018-02-07,8.318967819213867
2018-02-08,8.318967819213867
2018-02-09,8.318967819213867
2018-02-12,8.318967819213867
2018-02-13,8.09949016571045
2018-02-14,8.09949016571045
2018-02-15,7.823373317718506
2018-02-16,7.717174530029297
2018-02-20,7.717174530029297
2018-02-21,7.717174530029297
2018-02-22,7.717174530029297
2018-02-23,7.865853309631348
2018-02-26,7.865853309631348
2018-02-27,8.014452934265137
2018-02-28,8.014452934265137
2018-03-01,8.014452934265137
2018-03-02,7.747547149658203
2018-03-05,7.747547149658203
2018-03-06,7.747547149658203
2018-03-07,7.747547149658203
2018-03-08,7.747547149658203
2018-03-09,7.747547149658203
2018-03-12,7.747547149658203
2018-03-13,7.747547149658203
2018-03-14,7.747547149658203
2018-03-15,7.747547149658203
2018-03-16,7.949529647827148
2018-03-19,7.949529647827148
2018-03-20,7.949529647827148
2018-03-21,7.949529647827148
2018-03-22,7.949529647827148
2018-03-23,7.949529647827148
2018-03-26,7.949529647827148
2018-03-27,7.949529647827148
2018-03-28,7.754760265350342
2018-03-29,7.754760265350342
2018-04-02,7.754760265350342
2018-04-03,7.754760265350342
2018-04-04,7.754760265350342
2018-04-05,7.754760265350342
2018-04-06,7.610487937927246
2018-04-09,7.610487937927246
2018-04-10,7.754760265350342
2018-04-11,7.754760265350342
2018-04-12,7.754760265350342
2018-04-13,7.754760265350342
2018-04-16,7.754760265350342
2018-04-17,7.877394199371338
2018-04-18,7.826900005340576
2018-04-19,7.826900005340576
2018-04-20,7.826900005340576
2018-04-23,7.826900005340576
2018-04-24,7.826900005340576
2018-04-25,7.826900005340576
2018-04-26,7.826900005340576
2018-04-27,7.826900005340576
2018-04-30,7.826900005340576
2018-05-01,7.358005523681641
2018-05-02,7.358005523681641
2018-05-03,7.358005523681641
2018-05-04,7.358005523681641
2018-05-07,7.358005523681641
2018-05-08,7.358005523681641
2018-05-09,7.523921966552734
2018-05-10,7.523921966552734
2018-05-11,7.5167083740234375
2018-05-14,7.5167083740234375
2018-05-15,7.5167083740234375
2018-05-16,7.5167083740234375
2018-05-17,7.5167083740234375
2018-05-18,7.5167083740234375
2018-05-21,7.5167083740234375
2018-05-22,7.5167083740234375
2018-05-23,7.5167083740234375
2018-05-24,7.5167083740234375
2018-05-25,7.5167083740234375
2018-05-29,7.5167083740234375
2018-05-30,7.5167083740234375
2018-05-31,7.5167083740234375
2018-06-01,7.5167083740234375
2018-06-04,7.5167083740234375
2018-06-05,7.5167083740234375
2018-06-06,7.5167083740234375
2018-06-07,7.574418544769287
2018-06-08,7.574418544769287
2018-06-11,7.574418544769287
2018-06-12,7.574418544769287
2018-06-13,7.632127285003662
2018-06-14,7.632127285003662
2018-06-15,7.3219380378723145
2018-06-18,7.3219380378723145
2018-06-19,7.213730335235596
2018-06-20,7.213730335235596
2018-06-21,7.213730335235596
2018-06-22,7.213730335235596
2018-06-25,7.213730335235596
2018-06-26,7.213730335235596
2018-06-27,7.718693256378174
2018-06-28,7.574418544769287
2018-06-29,7.574418544769287
2018-07-02,7.574418544769287
2018-07-03,7.3219380378723145
2018-07-05,7.487853527069092
2018-07-06,7.538349628448486
2018-07-09,7.538349628448486
2018-07-10,7.538349628448486
2018-07-11,7.538349628448486
2018-07-12,7.603273391723633
2018-07-13,7.603273391723633
2018-07-16,7.603273391723633
2018-07-17,7.603273391723633
2018-07-18,7.603273391723633
2018-07-19,7.603273391723633
2018-07-20,7.603273391723633
2018-07-23,7.603273391723633
2018-07-24,7.603273391723633
2018-07-25,7.603273391723633
2018-07-26,7.603273391723633
2018-07-27,7.603273391723633
2018-07-30,7.603273391723633
2018-07-31,8.007244110107422
2018-08-01,8.007244110107422
2018-08-02,8.007244110107422
2018-08-03,8.007244110107422
2018-08-06,8.007244110107422
2018-08-07,8.007244110107422
2018-08-08,7.646554946899414
2018-08-09,7.646554946899414
2018-08-10,7.430146217346191
2018-08-13,7.430146217346191
2018-08-14,7.430146217346191
2018-08-15,7.430146217346191
2018-08-16,7.430146217346191
2018-08-17,7.430146217346191
2018-08-20,7.430146217346191
2018-08-21,7.502281665802002
2018-08-22,7.502281665802002
2018-08-23,7.502281665802002
2018-08-24,7.502281665802002
2018-08-27,7.502281665802002
2018-08-28,7.451784610748291
2018-08-29,7.451784610748291
2018-08-30,7.451784610748291
2018-08-31,7.451784610748291
2018-09-04,7.451784610748291
2018-09-05,7.451784610748291
2018-09-06,7.451784610748291
2018-09-07,7.625253200531006
2018-09-10,7.625253200531006
2018-09-11,7.270932674407959
2018-09-12,7.403802871704102
2018-09-13,7.403802871704102
2018-09-14,7.403802871704102
2018-09-17,7.403802871704102
2018-09-18,7.403802871704102
2018-09-19,7.197117328643799
2018-09-20,7.197117328643799
2018-09-21,7.197117328643799
2018-09-24,7.197117328643799
2018-09-25,7.197117328643799
2018-09-26,7.307843208312988
2018-09-27,7.344752311706543
2018-09-28,7.344752311706543
2018-10-01,7.307843208312988
2018-10-02,7.307843208312988
2018-10-03,7.049485206604004
2018-10-04,7.049485206604004
2018-10-05,6.938758373260498
2018-10-08,6.938758373260498
2018-10-09,6.938758373260498
2018-10-10,6.798508167266846
2018-10-11,6.798508167266846
2018-10-12,6.798508167266846
2018-10-15,6.864943504333496
2018-10-16,6.864943504333496
2018-10-17,6.864943504333496
2018-10-18,6.864943504333496
2018-10-19,6.64349365234375
2018-10-22,6.64349365234375
2018-10-23,6.64349365234375
2018-10-24,6.64349365234375
2018-10-25,6.64349365234375
2018-10-26,6.64349365234375
2018-10-29,6.64349365234375
2018-10-30,6.64349365234375
2018-10-31,6.64349365234375
2018-11-01,6.64349365234375
2018-11-02,6.64349365234375
2018-11-05,6.64349365234375
2018-11-06,7.0790114402771
2018-11-07,7.0790114402771
2018-11-08,7.197117328643799
2018-11-09,7.16021203994751
2018-11-12,7.086393356323242
2018-11-13,7.197117328643799
2018-11-14,7.204500198364258
2018-11-15,7.344752311706543
2018-11-16,7.344752311706543
2018-11-19,7.344752311706543
2018-11-20,7.16021203994751
2018-11-21,7.16021203994751
2018-11-23,7.16021203994751
2018-11-26,7.16021203994751
2018-11-27,7.16021203994751
2018-11-28,7.064248085021973
2018-11-29,7.27831506729126
2018-11-30,7.27831506729126
2018-12-03,7.27831506729126
2018-12-04,7.27831506729126
2018-12-06,7.27831506729126
2018-12-07,7.27831506729126
2018-12-10,7.27831506729126
2018-12-11,7.056865215301514
2018-12-12,7.086393356323242
2018-12-13,7.086393356323242
2018-12-14,7.086393356323242
2018-12-17,7.012574672698975
2018-12-18,7.012574672698975
2018-12-19,7.012574672698975
2018-12-20,6.828034400939941
2018-12-21,6.64349365234375
2018-12-24,6.64349365234375
2018-12-26,6.458951473236084
2018-12-27,6.458951473236084
2018-12-28,6.864943504333496
2018-12-31,6.864943504333496
2019-01-02,6.864943504333496
2019-01-03,6.864943504333496
2019-01-04,6.864943504333496
2019-01-07,7.012574672698975
2019-01-08,6.968286037445068
2019-01-09,6.975667476654053
2019-01-10,7.01995849609375
2019-01-11,7.01995849609375
2019-01-14,7.01995849609375
2019-01-15,6.901853561401367
2019-01-16,6.901853561401367
2019-01-17,7.064248085021973
2019-01-18,7.049485206604004
2019-01-22,7.049485206604004
2019-01-23,7.15282678604126
2019-01-24,7.15282678604126
2019-01-25,7.15282678604126
2019-01-28,7.15282678604126
2019-01-29,7.15282678604126
2019-01-30,7.15282678604126
2019-01-31,7.15282678604126
2019-02-01,7.15282678604126
2019-02-04,7.15282678604126
2019-02-05,7.448093891143799
2019-02-06,7.448093891143799
2019-02-07,7.603109836578369
2019-02-08,7.603109836578369
2019-02-11,7.580963611602783
2019-02-12,7.580963611602783
2019-02-13,7.580963611602783
2019-02-14,7.580963611602783
2019-02-15,7.580963611602783
2019-02-19,7.580963611602783
2019-02-20,7.580963611602783
2019-02-21,7.580963611602783
2019-02-22,7.580963611602783
2019-02-25,7.898375034332275
2019-02-26,7.898375034332275
2019-02-27,7.898375034332275
2019-02-28,7.898375034332275
2019-03-01,7.898375034332275
2019-03-04,8.057262420654297
2019-03-05,7.756054878234863
2019-03-06,7.786173343658447
2019-03-07,7.786173343658447
2019-03-08,7.786173343658447
2019-03-11,7.786173343658447
2019-03-12,7.899130344390869
2019-03-13,7.884067535400391
2019-03-14,7.884067535400391
2019-03-15,7.884067535400391
2019-03-18,7.884067535400391
2019-03-19,7.884067535400391
2019-03-20,7.884067535400391
2019-03-21,8.049731254577637
2019-03-22,8.132561683654785
2019-03-25,8.117502212524414
2019-03-26,8.117502212524414
2019-03-27,8.132561683654785
2019-03-28,8.094911575317383
2019-03-29,8.094911575317383
2019-04-01,8.343408584594727
2019-04-02,8.343408584594727
2019-04-03,8.343408584594727
2019-04-04,8.343408584594727
2019-04-05,8.155152320861816
2019-04-08,8.298226356506348
2019-04-09,8.471417427062988
2019-04-10,8.471417427062988
2019-04-11,8.471417427062988
2019-04-12,8.471417427062988
2019-04-15,8.471417427062988
2019-04-16,8.3961181640625
2019-04-17,8.29069709777832
2019-04-18,8.29069709777832
2019-04-22,8.230454444885254
2019-04-23,8.358467102050781
2019-04-24,8.358467102050781
2019-04-25,8.283164024353027
2019-04-26,8.372983932495117
2019-04-29,8.372983932495117
2019-04-30,8.372983932495117
2019-05-01,8.372983932495117
2019-05-02,8.372983932495117
2019-05-03,8.898198127746582
2019-05-06,8.898198127746582
2019-05-07,8.898198127746582
2019-05-08,8.898198127746582
2019-05-09,8.898198127746582
2019-05-10,8.898198127746582
2019-05-13,8.898198127746582
2019-05-14,8.898198127746582
2019-05-15,8.898198127746582
2019-05-16,8.898198127746582
2019-05-17,8.898198127746582
2019-05-20,8.898198127746582
2019-05-21,8.898198127746582
2019-05-22,8.898198127746582
2019-05-23,8.898198127746582
2019-05-24,8.898198127746582
2019-05-28,8.898198127746582
2019-05-29,8.898198127746582
2019-05-30,8.898198127746582
2019-05-31,8.487161636352539
2019-06-03,8.487161636352539
2019-06-04,8.487161636352539
2019-06-05,8.487161636352539
2019-06-06,8.487161636352539
2019-06-07,8.487161636352539
2019-06-10,8.487161636352539
2019-06-11,8.509997367858887
2019-06-12,8.540445327758789
2019-06-13,8.357762336730957
2019-06-14,8.319703102111816
2019-06-17,8.106572151184082
2019-06-18,8.220747947692871
2019-06-19,8.060901641845703
2019-06-20,8.274032592773438
2019-06-21,8.388208389282227
2019-06-24,8.479552268981934
2019-06-25,8.723128318786621
2019-06-26,8.761185646057129
2019-06-27,8.745963096618652
2019-06-28,8.745963096618652
2019-07-01,8.700291633605957
2019-07-02,8.814470291137695
2019-07-03,8.890588760375977
2019-07-05,8.837305068969727
2019-07-08,8.707906723022461
2019-07-09,8.388208389282227
2019-07-10,8.34253978729248
2019-07-11,8.433880805969238
2019-07-12,8.487161636352539
2019-07-15,8.433880805969238
2019-07-16,8.296867370605469
2019-07-17,8.509997367858887
2019-07-18,8.586114883422852
2019-07-19,8.578503608703613
2019-07-22,8.175077438354492
2019-07-23,8.26641845703125
2019-07-24,8.21313762664795
2019-07-25,8.357762336730957
2019-07-26,8.34253978729248
2019-07-29,8.274032592773438
2019-07-30,8.076127052307129
2019-07-31,8.068511962890625
2019-08-01,8.000004768371582
2019-08-02,8.02284049987793
2019-08-05,7.840158462524414
2019-08-06,7.794487476348877
2019-08-07,7.939112186431885
2019-08-08,8.076127052307129
2019-08-09,7.969559192657471
2019-08-12,7.817322731018066
2019-08-13,7.939112186431885
2019-08-14,7.573746204376221
2019-08-15,7.383451461791992
2019-08-16,7.550908088684082
2019-08-19,7.695533275604248
2019-08-20,7.588968753814697
2019-08-21,7.345391750335693
2019-08-22,7.261659622192383
2019-08-23,7.185543537139893
2019-08-26,7.398674488067627
2019-08-27,7.444344997406006
2019-08-28,7.391060829162598
2019-08-29,7.413898944854736
2019-08-30,7.474791049957275
2019-09-03,7.391060829162598
2019-09-04,7.391060829162598
2019-09-05,7.436733245849609
2019-09-06,7.512851715087891
2019-09-09,7.467179775238037
2019-09-10,7.752304553985596
2019-09-11,7.813953876495361
2019-09-12,7.783130168914795
2019-09-13,7.875601291656494
2019-09-16,7.451768398284912
2019-09-17,7.521122932434082
2019-09-18,7.567356586456299
2019-09-19,7.544240474700928
2019-09-20,7.444060802459717
2019-09-23,7.4363555908203125
2019-09-24,7.397826671600342
2019-09-25,7.4363555908203125
2019-09-26,7.405531883239746
2019-09-27,7.498003959655762
2019-09-30,7.513416290283203
2019-10-01,7.359297752380371
2019-10-02,7.259115695953369
2019-10-03,7.359297752380371
2019-10-04,7.313060760498047
2019-10-07,7.236000061035156
2019-10-08,7.112701416015625
2019-10-09,7.182056903839111
2019-10-10,7.182056903839111
2019-10-11,7.397826671600342
2019-10-14,7.390120506286621
2019-10-15,7.390120506286621
2019-10-16,7.236000061035156
2019-10-17,7.390120506286621
2019-10-18,7.390120506286621
2019-10-21,7.459475040435791
2019-10-22,7.444060802459717
2019-10-23,7.4825921058654785
2019-10-24,7.297647476196289
2019-10-25,7.490299224853516
2019-10-28,7.382412910461426
2019-10-29,7.305351734161377
2019-10-30,7.367002010345459
2019-10-31,7.336176872253418
2019-11-01,7.498003959655762
2019-11-04,7.621303558349609
2019-11-05,7.706069469451904
2019-11-06,7.682949066162109
2019-11-07,7.536533832550049
2019-11-08,7.528829097747803
2019-11-11,7.559653282165527
2019-11-12,7.575064182281494
2019-11-13,7.5981831550598145
2019-11-14,7.667537689208984
2019-11-15,7.7214813232421875
2019-11-18,7.7214813232421875
2019-11-19,7.813953876495361
2019-11-20,7.575064182281494
2019-11-21,7.6290059089660645
2019-11-22,7.752304553985596
2019-11-25,7.790834903717041
2019-11-26,7.911654949188232
2019-11-27,8.028573989868164
2019-11-29,7.9973955154418945
2019-12-02,7.927244663238525
2019-12-03,7.849296569824219
2019-12-04,7.935038089752197
2019-12-05,8.051960945129395
2019-12-06,8.161086082458496
2019-12-09,8.129903793334961
2019-12-10,8.067547798156738
2019-12-11,8.168879508972168
2019-12-12,8.324774742126465
2019-12-13,8.231237411499023
2019-12-16,8.387130737304688
2019-12-17,8.426105499267578
2019-12-18,8.394927024841309
2019-12-19,8.418313026428223
2019-12-20,8.394927024841309
2019-12-23,8.50405502319336
2019-12-24,8.410516738891602
2019-12-26,8.45728588104248
2019-12-27,8.53523063659668
2019-12-30,8.45728588104248
2019-12-31,8.44948959350586
2020-01-02,8.28580093383789
2020-01-03,8.176674842834473
2020-01-06,8.122114181518555
2020-01-07,8.051960945129395
2020-01-08,8.083136558532715
2020-01-09,8.106522560119629
2020-01-10,8.145495414733887
2020-01-13,8.332569122314453
2020-01-14,8.27800464630127
2020-01-15,8.316981315612793
2020-01-16,8.433900833129883
2020-01-17,8.496259689331055
2020-01-21,8.340362548828125
2020-01-22,8.363748550415039
2020-01-23,8.363748550415039
2020-01-24,8.176674842834473
2020-01-27,8.394927024841309
2020-01-28,8.488465309143066
2020-01-29,8.45728588104248
2020-01-30,8.441695213317871
2020-01-31,8.254622459411621
2020-02-03,8.324774742126465
2020-02-04,8.47287368774414
2020-02-05,8.589795112609863
2020-02-06,8.582003593444824
2020-02-07,8.433900833129883
2020-02-10,8.426105499267578
2020-02-11,8.550822257995605
2020-02-12,8.161086082458496
2020-02-13,7.919448375701904
2020-02-14,7.958422660827637
2020-02-18,7.958422660827637
2020-02-19,7.935038089752197
2020-02-20,8.0051908493042
2020-02-21,7.981804847717285
2020-02-24,7.740170955657959
2020-02-25,7.537506580352783
2020-02-26,7.607658863067627
2020-02-27,7.373818874359131
2020-02-28,7.264691352844238
2020-03-02,7.631044387817383
2020-03-03,7.564001083374023
2020-03-04,7.705974102020264
2020-03-05,7.406253814697266
2020-03-06,7.351041793823242
2020-03-09,7.003997802734375
2020-03-10,7.074984073638916
2020-03-11,6.302018642425537
2020-03-12,5.284546852111816
2020-03-13,5.379195213317871
2020-03-16,4.6929931640625
2020-03-17,4.913840293884277
2020-03-18,5.040038585662842
2020-03-19,5.860325813293457
2020-03-20,5.757789611816406
2020-03-23,5.221447944641113
2020-03-24,5.931312561035156
2020-03-25,6.081172943115234
2020-03-26,6.412443161010742
2020-03-27,6.152158737182617
2020-03-30,6.5307536125183105
2020-03-31,6.404555797576904
2020-04-01,6.199484825134277
2020-04-02,6.451879978179932
2020-04-03,6.183708667755127
2020-04-06,6.4834303855896
2020-04-07,6.412443161010742
2020-04-08,6.71216344833374
2020-04-09,7.224844455718994
2020-04-13,7.019770622253418
2020-04-14,7.130195140838623
2020-04-15,6.822587013244629
2020-04-16,6.672726631164551
2020-04-17,6.925121784210205
2020-04-20,6.814698219299316
2020-04-21,6.514977931976318
2020-04-22,6.593852996826172
2020-04-23,6.475541591644287
2020-04-24,6.641175270080566
2020-04-27,6.846248626708984
2020-04-28,7.114419937133789
2020-04-29,7.2879414558410645
2020-04-30,7.074984073638916
2020-05-01,6.846248626708984
2020-05-04,6.854136943817139
2020-05-05,6.767374515533447
2020-05-06,6.688499450683594
2020-05-07,6.791036128997803
2020-05-08,7.074984073638916
2020-05-11,6.9645586013793945
2020-05-12,7.185405731201172
2020-05-13,7.185405731201172
2020-05-14,7.169631004333496
2020-05-15,7.177518844604492
2020-05-18,7.603438854217529
2020-05-19,7.414139270782471
2020-05-20,7.453576564788818
2020-05-21,7.477239608764648
2020-05-22,7.571890354156494
2020-05-26,7.887384414672852
2020-05-27,7.867438316345215
2020-05-28,7.979143142700195
2020-05-29,8.146707534790039
2020-06-01,8.122767448425293
2020-06-02,8.242456436157227
2020-06-03,8.378100395202637
2020-06-04,8.40203857421875
2020-06-05,8.68130874633789
2020-06-08,8.378100395202637
2020-06-09,8.138726234436035
2020-06-10,7.8355207443237305
2020-06-11,7.332833766937256
2020-06-12,7.827539443969727
2020-06-15,8.138726234436035
2020-06-16,8.186602592468262
2020-06-17,8.194579124450684
2020-06-18,8.202560424804688
2020-06-19,8.2264986038208
2020-06-22,8.194579124450684
2020-06-23,8.170642852783203
2020-06-24,7.947227954864502
2020-06-25,7.987124919891357
2020-06-26,7.715832710266113
2020-06-29,7.939248085021973
2020-06-30,8.146707534790039
2020-07-01,8.242456436157227
2020-07-02,8.457892417907715
2020-07-06,8.5775785446167
2020-07-07,8.47385025024414
2020-07-08,8.338204383850098
2020-07-09,8.274372100830078
2020-07-10,8.386078834533691
2020-07-13,8.306289672851562
2020-07-14,8.465871810913086
2020-07-15,8.53768253326416
2020-07-16,8.5775785446167
2020-07-17,8.593537330627441
2020-07-20,8.561620712280273
2020-07-21,8.65737247467041
2020-07-22,8.697265625
2020-07-23,8.569598197937012
2020-07-24,8.513747215270996
2020-07-27,8.633434295654297
2020-07-28,8.54566478729248
2020-07-29,8.47385025024414
2020-07-30,8.26639175415039
2020-07-31,8.21851634979248
2020-08-03,8.33022403717041
2020-08-04,8.53768253326416
2020-08-05,8.529705047607422
2020-08-06,8.617475509643555
2020-08-07,8.625455856323242
2020-08-10,8.856850624084473
2020-08-11,8.840889930725098
2020-08-12,8.928662300109863
2020-08-13,8.936641693115234
2020-08-14,8.936641693115234
2020-08-17,9.024412155151367
2020-08-18,8.840889930725098
2020-08-19,9.008455276489258
2020-08-20,9.000473022460938
2020-08-21,8.864828109741211
2020-08-24,8.673330307006836
2020-08-25,8.673330307006836
2020-08-26,8.737160682678223
2020-08-27,8.832913398742676
2020-08-28,8.97653579711914
2020-08-31,8.824932098388672
2020-09-01,8.968558311462402
2020-09-02,9.214437484741211
2020-09-03,8.932279586791992
2020-09-04,8.8839111328125
2020-09-08,8.682368278503418
2020-09-09,8.87585163116455
2020-09-10,8.956464767456055
2020-09-11,8.916155815124512
2020-09-14,8.988710403442383
2020-09-15,9.037080764770508
2020-09-16,9.020957946777344
2020-09-17,9.12575912475586
2020-09-18,9.069326400756836
2020-09-21,8.87585163116455
2020-09-22,8.900033950805664
2020-09-23,8.529197692871094
2020-09-24,8.529197692871094
2020-09-25,8.722679138183594
2020-09-28,8.795236587524414
2020-09-29,8.746864318847656
2020-09-30,8.908095359802246
2020-10-01,8.87585163116455
2020-10-02,8.87585163116455
2020-10-05,8.972588539123535
2020-10-06,8.87585163116455
2020-10-07,9.053202629089355
2020-10-08,9.141883850097656
2020-10-09,9.206375122070312
2020-10-12,9.214437484741211
2020-10-13,9.198312759399414
2020-10-14,9.190253257751465
2020-10-15,9.246683120727539
2020-10-16,9.270867347717285
2020-10-19,9.093510627746582
2020-10-20,9.020957946777344
2020-10-21,8.932279586791992
2020-10-22,8.900033950805664
2020-10-23,8.843605041503906
2020-10-26,8.569506645202637
2020-10-27,8.521135330200195
2020-10-28,8.319595336914062
2020-10-29,8.464706420898438
2020-10-30,8.40827465057373
2020-11-02,8.746864318847656
2020-11-03,8.980649948120117
2020-11-04,8.940340042114258
2020-11-05,9.2789306640625
2020-11-06,9.286993026733398
2020-11-09,9.706196784973145
2020-11-10,9.561088562011719
2020-11-11,9.61751937866211
2020-11-12,9.311177253723145
2020-11-13,9.504655838012695
2020-11-16,9.794875144958496
2020-11-17,9.61751937866211
2020-11-18,9.544964790344238
2020-11-19,9.609457969665527
2020-11-20,9.61751937866211
2020-11-23,9.420477867126465
2020-11-24,9.607749938964844
2020-11-25,9.436760902404785
2020-11-27,9.347198486328125
2020-11-30,9.225065231323242
2020-12-01,9.387908935546875
2020-12-02,9.339056015014648
2020-12-03,9.314630508422852
2020-12-04,9.396053314208984
2020-12-07,9.241350173950195
2020-12-08,9.396053314208984
2020-12-09,9.453044891357422
2020-12-10,9.387908935546875
2020-12-11,9.314630508422852
2020-12-14,9.176212310791016
2020-12-15,9.396053314208984
2020-12-16,9.282062530517578
2020-12-17,9.412335395812988
2020-12-18,9.493757247924805
2020-12-21,9.339056015014648
2020-12-22,9.363482475280762
2020-12-23,9.412335395812988
2020-12-24,9.477474212646484
2020-12-28,9.436760902404785
2020-12-29,9.444906234741211
2020-12-30,9.558895111083984
2020-12-31,9.583322525024414
2021-01-04,9.265777587890625
2021-01-05,9.330914497375488
2021-01-06,9.591462135314941
2021-01-07,9.510041236877441
2021-01-08,9.363482475280762
2021-01-11,9.396053314208984
2021-01-12,9.469331741333008
2021-01-13,9.306488037109375
2021-01-14,9.273920059204102
2021-01-15,8.997085571289062
2021-01-19,8.91566276550293
2021-01-20,9.143641471862793
2021-01-21,9.159929275512695
2021-01-22,9.029654502868652
2021-01-25,8.9319486618042
2021-01-26,9.127360343933105
2021-01-27,9.005228042602539
2021-01-28,9.102934837341309
2021-01-29,8.90752124786377
2021-02-01,8.866812705993652
2021-02-02,8.89937973022461
2021-02-03,8.964518547058105
2021-02-04,9.102934837341309
2021-02-05,9.339056015014648
2021-02-08,9.339056015014648
2021-02-09,9.151788711547852
2021-02-10,9.306488037109375
2021-02-11,9.200639724731445
2021-02-12,9.363482475280762
2021-02-16,9.159929275512695
2021-02-17,9.200639724731445
2021-02-18,9.298345565795898
2021-02-19,9.298345565795898
2021-02-22,9.298345565795898
2021-02-23,9.354290008544922
2021-02-24,9.387199401855469
2021-02-25,9.329608917236328
2021-02-26,9.000520706176758
2021-03-01,9.288471221923828
2021-03-02,9.403654098510742
2021-03-03,9.436561584472656
2021-03-04,9.272019386291504
2021-03-05,9.551742553710938
2021-03-08,9.675149917602539
2021-03-09,9.666924476623535
2021-03-10,9.815011978149414
2021-03-11,9.650466918945312
2021-03-12,9.683378219604492
2021-03-15,9.675149917602539
2021-03-16,9.461241722106934
2021-03-17,9.576422691345215
2021-03-18,9.346063613891602
2021-03-19,9.296701431274414
2021-03-22,9.387199401855469
2021-03-23,9.354290008544922
2021-03-24,9.30492877960205
2021-03-25,9.52706241607666
2021-03-26,9.691603660583496
2021-03-29,9.708059310913086
2021-03-30,9.658695220947266
2021-03-31,9.609333992004395
2021-04-01,9.592877388000488
2021-04-05,9.782105445861816
2021-04-06,9.856147766113281
2021-04-07,9.568197250366211
2021-04-08,9.51883316040039
2021-04-09,9.650466918945312
2021-04-12,9.642244338989258
2021-04-13,9.691603660583496
2021-04-14,9.658695220947266
2021-04-15,9.782105445861816
2021-04-16,9.831465721130371
2021-04-19,9.75742244720459
2021-04-20,9.75742244720459
2021-04-21,9.823238372802734
2021-04-22,9.584651947021484
2021-04-23,9.650466918945312
2021-04-26,9.658695220947266
2021-04-27,9.601105690002441
2021-04-28,9.617557525634766
2021-04-29,9.782105445861816
2021-04-30,9.666924476623535
2021-05-03,9.699832916259766
2021-05-04,10.226370811462402
2021-05-05,10.102962493896484
2021-05-06,10.275732040405273
2021-05-07,10.24282455444336
2021-05-10,10.24282455444336
2021-05-11,10.201689720153809
2021-05-12,9.996009826660156
2021-05-13,10.185235023498535
2021-05-14,10.177009582519531
2021-05-17,10.111189842224121
2021-05-18,10.02891731262207
2021-05-19,9.880828857421875
2021-05-20,9.864376068115234
2021-05-21,9.856147766113281
2021-05-24,9.823238372802734
2021-05-25,9.738486289978027
2021-05-26,9.788339614868164
2021-05-27,9.871432304382324
2021-05-28,9.80495834350586
2021-06-01,9.879743576049805
2021-06-02,9.854815483093262
2021-06-03,9.921287536621094
2021-06-04,10.095784187316895
2021-06-07,10.054238319396973
2021-06-08,10.037617683410645
2021-06-09,10.02930736541748
2021-06-10,10.02930736541748
2021-06-11,10.17056655883789
2021-06-14,10.095784187316895
2021-06-15,9.979453086853027
2021-06-16,9.821577072143555
2021-06-17,9.58891773223877
2021-06-18,9.439351081848145
2021-06-21,9.530752182006836
2021-06-22,9.58891773223877
2021-06-23,9.547371864318848
2021-06-24,9.572299003601074
2021-06-25,9.64708137512207
2021-06-28,9.597227096557617
2021-06-29,9.522442817687988
2021-06-30,9.522442817687988
2021-07-01,9.605536460876465
2021-07-02,9.58891773223877
2021-07-06,9.50582504272461
2021-07-07,9.597227096557617
2021-07-08,9.464278221130371
2021-07-09,9.56399154663086
2021-07-12,9.56399154663086
2021-07-13,9.605536460876465
2021-07-14,9.58891773223877
2021-07-15,9.613844871520996
2021-07-16,9.50582504272461
2021-07-19,9.347947120666504
2021-07-20,9.356258392333984
2021-07-21,9.439351081848145
2021-07-22,9.447657585144043
2021-07-23,9.389494895935059
2021-07-26,9.547371864318848
2021-07-27,9.580608367919922
2021-07-28,9.62215518951416
2021-07-29,9.672009468078613
2021-07-30,9.605536460876465
2021-08-02,9.572299003601074
2021-08-03,9.696937561035156
2021-08-04,9.638773918151855
2021-08-05,9.705248832702637
2021-08-06,9.746792793273926
2021-08-09,9.821577072143555
2021-08-10,9.929595947265625
2021-08-11,10.120712280273438
2021-08-12,10.012690544128418
2021-08-13,10.095784187316895
2021-08-16,10.153948783874512
2021-08-17,10.054238319396973
2021-08-18,10.08747386932373
2021-08-19,10.303516387939453
2021-08-20,10.627577781677246
2021-08-23,10.536176681518555
2021-08-24,10.486320495605469
2021-08-25,10.635887145996094
2021-08-26,10.511248588562012
2021-08-27,10.619267463684082
2021-08-30,10.627577781677246
2021-08-31,10.677433967590332
2021-09-01,10.544485092163086
2021-09-02,10.594341278076172
2021-09-03,10.536176681518555
2021-09-07,10.24932861328125
2021-09-08,10.33320140838623
2021-09-09,10.173843383789062
2021-09-10,10.316426277160645
2021-09-13,10.316426277160645
2021-09-14,10.33320140838623
2021-09-15,10.400300025939941
2021-09-16,10.173843383789062
2021-09-17,9.938998222351074
2021-09-20,9.880287170410156
2021-09-21,9.804798126220703
2021-09-22,9.846736907958984
2021-09-23,9.913835525512695
2021-09-24,9.888673782348633
2021-09-27,9.955772399902344
2021-09-28,9.813186645507812
2021-09-29,9.838349342346191
2021-09-30,9.720925331115723
2021-10-01,9.804798126220703
2021-10-04,9.754477500915527
2021-10-05,9.897062301635742
2021-10-06,9.855122566223145
2021-10-07,9.930609703063965
2021-10-08,9.821574211120605
2021-10-11,9.746088981628418
2021-10-12,9.762863159179688
2021-10-13,9.788025856018066
2021-10-14,9.989323616027832
2021-10-15,10.022870063781738
2021-10-18,9.989323616027832
2021-10-19,10.081582069396973
2021-10-20,10.098358154296875
2021-10-21,10.089969635009766
2021-10-22,10.199006080627441
2021-10-25,10.131906509399414
2021-10-26,10.073196411132812
2021-10-27,10.089969635009766
2021-10-28,10.190616607666016
2021-10-29,10.123518943786621
2021-11-01,10.014483451843262
2021-11-02,10.131906509399414
2021-11-03,10.316426277160645
2021-11-04,10.199006080627441
2021-11-05,10.182230949401855
2021-11-08,10.232556343078613
2021-11-09,10.324814796447754
2021-11-10,10.349976539611816
2021-11-11,10.366752624511719
2021-11-12,10.383526802062988
2021-11-15,10.391915321350098
2021-11-16,10.324814796447754
2021-11-17,10.190616607666016
2021-11-18,10.081582069396973
2021-11-19,9.980934143066406
2021-11-22,10.031257629394531
2021-11-23,9.971953392028809
2021-11-24,9.878756523132324
2021-11-26,9.777087211608887
2021-11-29,9.810977935791016
2021-11-30,9.590696334838867
2021-12-01,9.539861679077148
2021-12-02,9.726252555847168
2021-12-03,9.58222484588623
2021-12-06,9.802505493164062
2021-12-07,9.819450378417969
2021-12-08,9.844867706298828
2021-12-09,9.794032096862793
2021-12-10,9.827920913696289
2021-12-13,9.887228012084961
2021-12-14,9.887228012084961
2021-12-15,10.1244535446167
2021-12-16,10.20070743560791
2021-12-17,9.988895416259766
2021-12-20,9.827920913696289
2021-12-21,9.946534156799316
2021-12-22,9.836393356323242
2021-12-23,9.878756523132324
2021-12-27,10.005841255187988
2021-12-28,10.048203468322754
2021-12-29,10.1244535446167
2021-12-30,10.132926940917969
2021-12-31,10.175289154052734
2022-01-03,10.065147399902344
2022-01-04,10.22612190246582
2022-01-05,10.243067741394043
2022-01-06,10.158342361450195
2022-01-07,10.268482208251953
2022-01-10,10.293900489807129
2022-01-11,10.260009765625
2022-01-12,10.285429000854492
2022-01-13,10.404040336608887
2022-01-14,10.480291366577148
2022-01-18,10.404040336608887
2022-01-19,10.514183044433594
2022-01-20,10.276956558227539
2022-01-21,10.1244535446167
2022-01-24,10.099037170410156
2022-01-25,9.988895416259766
2022-01-26,9.963479995727539
2022-01-27,9.997367858886719
2022-01-28,10.115982055664062
2022-01-31,10.175289154052734
2022-02-01,10.336261749267578
2022-02-02,10.276956558227539
2022-02-03,9.963479995727539
2022-02-04,9.794032096862793
2022-02-07,9.734725952148438
2022-02-08,9.844867706298828
2022-02-09,9.980424880981445
2022-02-10,9.844867706298828
2022-02-11,9.819450378417969
2022-02-14,9.802505493164062
2022-02-15,10.005841255187988
2022-02-16,9.971953392028809
2022-02-17,9.988895416259766
2022-02-18,10.065147399902344
2022-02-22,10.013794898986816
2022-02-23,9.95388412475586
2022-02-24,9.82550048828125
2022-02-25,10.099382400512695
2022-02-28,9.95388412475586
2022-03-01,9.63720703125
2022-03-02,9.774148941040039
2022-03-03,9.714238166809082
2022-03-04,9.662882804870605
2022-03-07,9.234944343566895
2022-03-08,9.363327026367188
2022-03-09,9.491708755493164
2022-03-10,9.329090118408203
2022-03-11,9.329090118408203
2022-03-14,9.662882804870605
2022-03-15,9.620088577270508
2022-03-16,9.80838394165039
2022-03-17,9.93676471710205
2022-03-18,9.988117218017578
2022-03-21,9.80838394165039
2022-03-22,9.799825668334961
2022-03-23,9.602974891662598
2022-03-24,9.65432357788086
2022-03-25,9.70567798614502
2022-03-28,9.714238166809082
2022-03-29,9.9025297164917
2022-03-30,9.868294715881348
2022-03-31,9.697118759155273
2022-04-01,9.876852989196777
2022-04-04,9.82550048828125
2022-04-05,9.82550048828125
2022-04-06,9.842618942260742
2022-04-07,9.868294715881348
2022-04-08,10.030913352966309
2022-04-11,10.039470672607422
2022-04-12,9.979559898376465
2022-04-13,10.013794898986816
2022-04-14,9.988117218017578
2022-04-18,9.868294715881348
2022-04-19,10.065147399902344
2022-04-20,10.279119491577148
2022-04-21,10.210646629333496
2022-04-22,9.911089897155762
2022-04-25,9.971000671386719
2022-04-26,9.93676471710205
2022-04-27,10.287675857543945
2022-04-28,10.390381813049316
2022-04-29,10.150734901428223
2022-05-02,10.013794898986816
2022-05-03,10.24488353729248
2022-05-04,11.229144096374512
2022-05-05,10.81832218170166
2022-05-06,10.963823318481445
2022-05-09,10.792646408081055
2022-05-10,10.749852180480957
2022-05-11,10.707056045532227
2022-05-12,10.75840950012207
2022-05-13,10.929586410522461
2022-05-16,11.07508659362793
2022-05-17,11.408880233764648
2022-05-18,10.89535140991211
2022-05-19,11.092204093933105
2022-05-20,11.0665283203125
2022-05-23,11.169233322143555
2022-05-24,11.195148468017578
2022-05-25,11.203784942626953
2022-05-26,11.316082000732422
2022-05-27,11.497485160827637
2022-05-31,11.316082000732422
2022-06-01,11.39382553100586
2022-06-02,11.61841869354248
2022-06-03,11.566591262817383
2022-06-06,11.652973175048828
2022-06-07,11.64433479309082
2022-06-08,11.532038688659668
2022-06-09,11.376550674438477
2022-06-10,11.022382736206055
2022-06-13,10.616385459899902
2022-06-14,10.443622589111328
2022-06-15,10.452260971069336
2022-06-16,10.11536979675293
2022-06-17,10.124005317687988
2022-06-21,10.296772003173828
2022-06-22,10.244942665100098
2022-06-23,10.314048767089844
2022-06-24,10.72004508972168
2022-06-27,10.685491561889648
2022-06-28,10.650938034057617
2022-06-29,10.840980529785156
2022-06-30,10.737318992614746
2022-07-01,10.823702812194824
2022-07-05,10.745960235595703
2022-07-06,10.927361488342285
2022-07-07,10.93600082397461
2022-07-08,10.745960235595703
2022-07-11,10.884170532226562
2022-07-12,10.76323413848877
2022-07-13,10.694128036499023
2022-07-14,10.70276927947998
2022-07-15,10.780511856079102
2022-07-18,10.650938034057617
2022-07-19,10.910085678100586
2022-07-20,10.780511856079102
2022-07-21,10.918724060058594
2022-07-22,10.884170532226562
2022-07-25,11.005105972290039
2022-07-26,11.143317222595215
2022-07-27,11.126042366027832
2022-07-28,11.264253616333008
2022-07-29,11.186507225036621
2022-08-01,11.264253616333008
2022-08-02,11.013744354248047
2022-08-03,10.987829208374023
2022-08-04,10.875533103942871
2022-08-05,10.599108695983887
2022-08-08,10.70276927947998
2022-08-09,10.711407661437988
2022-08-10,10.979191780090332
2022-08-11,10.910085678100586
2022-08-12,11.065574645996094
2022-08-15,11.255615234375
2022-08-16,11.480209350585938
2022-08-17,11.2383394241333
2022-08-18,10.987829208374023
2022-08-19,10.780511856079102
2022-08-22,10.780511856079102
2022-08-23,10.866894721984863
2022-08-24,10.9446382522583
2022-08-25,11.16059398651123
2022-08-26,10.728681564331055
2022-08-29,10.590472221374512
2022-08-30,10.52136516571045
2022-08-31,10.374515533447266
2022-09-01,10.365878105163574
2022-09-02,10.38315486907959
2022-09-06,10.236305236816406
2022-09-07,10.559189796447754
2022-09-08,10.62900161743164
2022-09-09,10.724993705749512
2022-09-12,10.794805526733398
2022-09-13,10.419562339782715
2022-09-14,10.245030403137207
2022-09-15,10.288662910461426
2022-09-16,10.175217628479004
2022-09-19,10.262483596801758
2022-09-20,9.983232498168945
2022-09-21,9.79124641418457
2022-09-22,9.730159759521484
2022-09-23,9.581809043884277
2022-09-26,9.424729347229004
2022-09-27,9.311284065246582
2022-09-28,9.511995315551758
2022-09-29,9.381095886230469
2022-09-30,9.36364459991455
2022-10-03,9.625441551208496
2022-10-04,9.843605995178223
2022-10-05,9.677803039550781
2022-10-06,9.660347938537598
2022-10-07,9.407276153564453
2022-10-10,9.50326919555664
2022-10-11,9.407276153564453
2022-10-12,9.241471290588379
2022-10-13,9.651620864868164
2022-10-14,9.459636688232422
2022-10-17,9.590536117553711
2022-10-18,9.77379322052002
2022-10-19,9.651620864868164
2022-10-20,9.50326919555664
2022-10-21,9.861059188842773
2022-10-24,9.861059188842773
2022-10-25,10.009413719177246
2022-10-26,10.01813793182373
2022-10-27,10.070497512817383
2022-10-28,10.253758430480957
2022-10-31,10.1054048538208
2022-11-01,10.11413288116455
2022-11-02,9.459636688232422
2022-11-03,9.398550987243652
2022-11-04,9.738887786865234
2022-11-07,9.79124641418457
2022-11-08,9.79124641418457
2022-11-09,9.616716384887695
2022-11-10,10.140311241149902
2022-11-11,10.157764434814453
2022-11-14,10.288662910461426
2022-11-15,10.271210670471191
2022-11-16,10.201397895812988
2022-11-17,10.288662910461426
2022-11-18,10.314842224121094
2022-11-21,10.46319580078125
2022-11-22,10.571645736694336
2022-11-23,10.65099811553955
2022-11-25,10.65099811553955
2022-11-28,10.571645736694336
2022-11-29,10.677449226379395
2022-11-30,10.889060020446777
2022-12-01,10.915512084960938
2022-12-02,11.02131462097168
2022-12-05,10.818521499633789
2022-12-06,10.712718963623047
2022-12-07,10.695082664489746
2022-12-08,10.959595680236816
2022-12-09,10.906692504882812
2022-12-12,11.003681182861328
2022-12-13,11.074217796325684
2022-12-14,11.003681182861328
2022-12-15,10.80970573425293
2022-12-16,10.65099811553955
2022-12-19,10.598095893859863
2022-12-20,10.62454891204834
2022-12-21,10.668634414672852
2022-12-22,10.562828063964844
2022-12-23,10.6333646774292
2022-12-27,10.65099811553955
2022-12-28,10.50110912322998
2022-12-29,10.598095893859863
2022-12-30,10.50110912322998
2023-01-03,10.509925842285156
2023-01-04,10.606912612915039
2023-01-05,10.509925842285156
2023-01-06,10.756804466247559
2023-01-09,10.756804466247559
2023-01-10,10.68626594543457
2023-01-11,10.73917007446289
2023-01-12,10.756804466247559
2023-01-13,10.695082664489746
2023-01-17,10.712718963623047
2023-01-18,10.47465705871582
2023-01-19,10.360036849975586
2023-01-20,10.47465705871582
2023-01-23,10.580462455749512
2023-01-24,10.351218223571777
2023-01-25,10.386486053466797
2023-01-26,10.430571556091309
2023-01-27,10.536377906799316
2023-01-30,10.386486053466797
2023-01-31,10.6333646774292
2023-02-01,10.642181396484375
2023-02-02,10.756804466247559
2023-02-03,10.606912612915039
2023-02-06,10.518742561340332
2023-02-07,10.483475685119629
2023-02-08,9.928000450134277
2023-02-09,9.892731666564941
2023-02-10,9.989718437194824
2023-02-13,10.095524787902832
2023-02-14,10.051438331604004
2023-02-15,10.14842700958252
2023-02-16,10.060256004333496
2023-02-17,10.069072723388672
2023-02-21,9.769294738769531
2023-02-22,9.822196006774902
2023-02-23,9.963268280029297
2023-02-24,9.945633888244629
2023-02-27,9.989718437194824
2023-02-28,9.929997444152832
2023-03-01,9.938910484313965
2023-03-02,9.99239444732666
2023-03-03,10.010220527648926
2023-03-06,9.849773406982422
2023-03-07,9.733894348144531
2023-03-08,9.76063346862793
2023-03-09,9.671496391296387
2023-03-10,9.573444366455078
2023-03-13,9.582357406616211
2023-03-14,9.707152366638184
2023-03-15,9.573444366455078
2023-03-16,9.618013381958008
2023-03-17,9.537788391113281
2023-03-20,9.733894348144531
2023-03-21,9.796290397644043
2023-03-22,9.635841369628906
2023-03-23,9.662582397460938
2023-03-24,9.74280834197998
2023-03-27,9.778462409973145
2023-03-28,9.831945419311523
2023-03-29,9.903254508972168
2023-03-30,9.929997444152832
2023-03-31,10.143928527832031
2023-04-03,10.07261848449707
2023-04-04,10.001307487487793
2023-04-05,10.08153247833252
2023-04-06,10.028050422668457
2023-04-10,9.885429382324219
2023-04-11,9.796290397644043
2023-04-12,9.82303237915039
2023-04-13,9.974566459655762
2023-04-14,9.894341468811035
2023-04-17,9.894341468811035
2023-04-18,9.94782543182373
2023-04-19,9.87651538848877
2023-04-20,9.82303237915039
2023-04-21,9.858686447143555
2023-04-24,9.867600440979004
2023-04-25,9.644756317138672
2023-04-26,9.555618286132812
2023-04-27,9.733894348144531
2023-04-28,9.778462409973145
2023-05-01,9.858686447143555
2023-05-02,9.733894348144531
2023-05-03,8.922735214233398
2023-05-04,9.101011276245117
2023-05-05,9.288204193115234
2023-05-08,9.323858261108398
2023-05-09,9.190150260925293
2023-05-10,9.26146125793457
2023-05-11,9.234719276428223
2023-05-12,9.181236267089844
2023-05-15,9.234719276428223
2023-05-16,9.109926223754883
2023-05-17,9.136667251586914
2023-05-18,9.109926223754883
2023-05-19,9.118839263916016
2023-05-22,9.154495239257812
2023-05-23,9.130136489868164
2023-05-24,8.967741966247559
2023-05-25,8.850458145141602
2023-05-26,8.832415580749512
2023-05-30,8.78730583190918
2023-05-31,8.697087287902832
2023-06-01,8.76926040649414
2023-06-02,8.994807243347168
2023-06-05,9.021873474121094
2023-06-06,9.021873474121094
2023-06-07,9.121112823486328
2023-06-08,9.094048500061035
2023-06-09,9.030895233154297
2023-06-12,9.048938751220703
2023-06-13,9.16622257232666
2023-06-14,9.16622257232666
2023-06-15,9.27448558807373
2023-06-16,9.337638854980469
2023-06-20,9.193289756774902
2023-06-21,9.157201766967773
2023-06-22,9.085025787353516
2023-06-23,8.90458869934082
2023-06-26,8.985786437988281
2023-06-27,9.085025787353516
2023-06-28,8.850458145141602
2023-06-29,8.931655883789062
2023-06-30,9.003829002380371
2023-07-03,9.094048500061035
2023-07-05,8.80534839630127
2023-07-06,8.868501663208008
2023-07-07,8.967741966247559
2023-07-10,8.760239601135254
2023-07-11,8.90458869934082
2023-07-12,8.922633171081543
2023-07-13,9.003829002380371
2023-07-14,8.958721160888672
2023-07-17,8.91361141204834
2023-07-18,8.976763725280762
2023-07-19,9.003829002380371
2023-07-20,8.976763725280762
2023-07-21,9.039917945861816
2023-07-24,9.121112823486328
2023-07-25,9.184267044067383
2023-07-26,9.157201766967773
2023-07-27,9.184267044067383
2023-07-28,9.220355033874512
2023-07-31,9.25644302368164
2023-08-01,9.030895233154297
2023-08-02,8.886545181274414
2023-08-03,8.814371109008789
2023-08-04,8.886545181274414
2023-08-07,8.94067668914795
2023-08-08,8.760239601135254
2023-08-09,8.75121784210205
2023-08-10,8.76926040649414
2023-08-11,8.742196083068848
2023-08-14,8.706106185913086
2023-08-15,8.552735328674316
2023-08-16,8.489582061767578
2023-08-17,8.633932113647461
2023-08-18,8.633932113647461
2023-08-21,8.525670051574707
2023-08-22,8.399365425109863
2023-08-23,8.453495025634766
2023-08-24,8.480561256408691
2023-08-25,8.498603820800781
2023-08-28,8.597845077514648
2023-08-29,8.760239601135254
2023-08-30,8.796326637268066
2023-08-31,8.78730583190918
2023-09-01,8.823391914367676
2023-09-05,8.552735328674316
2023-09-06,8.482355117797852
2023-09-07,8.363529205322266
2023-09-08,8.454933166503906
2023-09-11,8.619461059570312
2023-09-12,8.628602027893066
2023-09-13,8.418371200561523
2023-09-14,8.71086597442627
2023-09-15,8.54633903503418
2023-09-18,8.482355117797852
2023-09-19,8.400090217590332
2023-09-20,8.464073181152344
2023-09-21,8.326966285705566
2023-09-22,8.272124290466309
2023-09-25,8.400090217590332
2023-09-26,8.317827224731445
2023-09-27,8.2538423538208
2023-09-28,8.38180923461914
2023-09-29,8.372668266296387
2023-10-02,8.281264305114746
2023-10-03,8.162439346313477
2023-10-04,8.272124290466309
2023-10-05,8.162439346313477
2023-10-06,8.089316368103027
2023-10-09,8.208139419555664
2023-10-10,8.217279434204102
2023-10-11,8.180718421936035
2023-10-12,7.943066596984863
2023-10-13,7.961346626281738
2023-10-16,8.125876426696777
2023-10-17,8.089316368103027
2023-10-18,7.915645122528076
2023-10-19,7.87908411026001
2023-10-20,7.778538227081299
2023-10-23,7.723695278167725
2023-10-24,7.8882246017456055
2023-10-25,7.8242411613464355
2023-10-26,7.933927059173584
2023-10-27,7.915645122528076
2023-10-30,8.098453521728516
2023-10-31,8.125876426696777
2023-11-01,7.961346626281738
2023-11-02,8.052752494812012
2023-11-03,8.326966285705566
2023-11-06,8.281264305114746
2023-11-07,8.272124290466309
2023-11-08,8.2904052734375
2023-11-09,8.217279434204102
2023-11-10,8.2904052734375
2023-11-13,8.180718421936035
2023-11-14,8.464073181152344
2023-11-15,8.54633903503418
2023-11-16,8.482355117797852
2023-11-17,8.564618110656738
2023-11-20,8.564618110656738
2023-11-21,8.559986114501953
2023-11-22,8.597043991088867
2023-11-24,8.67115592956543
2023-11-27,8.66189193725586
2023-11-28,8.615571975708008
2023-11-29,8.79158878326416
2023-11-30,8.782322883605957
2023-12-01,8.856436729431152
2023-12-04,8.782322883605957
2023-12-05,8.680418968200684
2023-12-06,8.717475891113281
2023-12-07,8.930550575256348
2023-12-08,8.939812660217285
2023-12-11,8.865699768066406
2023-12-12,8.745266914367676
2023-12-13,9.02319049835205
2023-12-14,8.995397567749023
2023-12-15,8.89349365234375
2023-12-18,8.967604637145996
2023-12-19,9.02319049835205
2023-12-20,8.912020683288574
2023-12-21,8.995397567749023
2023-12-22,8.967604637145996
2023-12-26,8.967604637145996
2023-12-27,9.00466251373291
2023-12-28,8.995397567749023
2023-12-29,8.930550575256348
2024-01-02,9.032454490661621
2024-01-03,8.89349365234375
2024-01-04,8.930550575256348
2024-01-05,9.02319049835205
2024-01-08,9.088038444519043
2024-01-09,9.050981521606445
2024-01-10,9.041716575622559
2024-01-11,9.115829467773438
2024-01-12,9.032454490661621
2024-01-16,8.874964714050293
2024-01-17,8.763795852661133
2024-01-18,8.754531860351562
2024-01-19,8.77306079864502
2024-01-22,8.763795852661133
2024-01-23,8.77306079864502
2024-01-24,8.624835968017578
2024-01-25,8.77306079864502
2024-01-26,8.837908744812012
2024-01-29,8.874964714050293
2024-01-30,8.856436729431152
2024-01-31,8.736002922058105
2024-02-01,8.763795852661133
2024-02-02,8.698949813842773
2024-02-05,8.541458129882812
2024-02-06,8.504404067993164
2024-02-07,8.689682960510254
2024-02-08,8.48587417602539
2024-02-09,8.430291175842285
2024-02-12,8.504404067993164
2024-02-13,8.226481437683105
2024-02-14,8.291329383850098
2024-02-15,8.328385353088379
2024-02-16,8.374706268310547
2024-02-20,8.448817253112793
2024-02-21,8.532195091247559
2024-02-22,8.57851505279541
2024-02-23,8.58777904510498
2024-02-26,8.46734619140625
2024-02-27,8.406294822692871
2024-02-28,8.331154823303223
2024-02-29,8.509612083435059
2024-03-01,8.537790298461914
2024-03-04,8.612929344177246
2024-03-05,8.612929344177246
2024-03-06,8.641107559204102
2024-03-07,8.84774398803711
2024-03-08,8.791387557983398
2024-03-11,8.894706726074219
2024-03-12,8.913491249084473
2024-03-13,8.941668510437012
2024-03-14,8.857135772705078
2024-03-15,8.904098510742188
2024-03-18,8.84774398803711
2024-03-19,8.810173034667969
2024-03-20,8.594144821166992
2024-03-21,8.716248512268066
2024-03-22,8.669285774230957
2024-03-25,8.725641250610352
2024-03-26,8.631714820861816
2024-03-27,8.904098510742188
2024-03-28,8.932275772094727
2024-04-01,8.875921249389648
2024-04-02,8.744425773620605
2024-04-03,8.622323989868164
2024-04-04,8.612929344177246
2024-04-05,8.650500297546387
2024-04-08,8.594144821166992
2024-04-09,8.810173034667969
2024-04-10,8.556573867797852
2024-04-11,8.519003868103027
2024-04-12,8.368724822998047
2024-04-15,8.396903038024902
2024-04-16,8.293585777282715
2024-04-17,8.293585777282715
2024-04-18,8.359332084655762
2024-04-19,8.425080299377441
2024-04-22,8.48143482208252
2024-04-23,8.43447208404541
2024-04-24,8.509612083435059
2024-04-25,8.406294822692871
2024-04-26,8.425080299377441
2024-04-29,8.50022029876709
2024-04-30,8.396903038024902
2024-05-01,9.204659461975098
2024-05-02,9.270405769348145
2024-05-03,9.401902198791504
2024-05-06,9.477042198181152
2024-05-07,9.505219459533691
2024-05-08,9.599143981933594
2024-05-09,9.693068504333496
2024-05-10,9.73063850402832
2024-05-13,9.740031242370605
2024-05-14,9.79638671875
2024-05-15,9.71185302734375
2024-05-16,9.73063850402832
2024-05-17,9.646106719970703
2024-05-20,9.458256721496582
2024-05-21,9.577138900756836
2024-05-22,9.577138900756836
2024-05-23,9.396437644958496
2024-05-24,9.453499794006348
2024-05-28,9.348883628845215
2024-05-29,9.253777503967285
2024-05-30,9.396437644958496
2024-05-31,9.672243118286133
2024-06-03,9.710285186767578
2024-06-04,9.681753158569336
2024-06-05,9.710285186767578
2024-06-06,9.662732124328613
2024-06-07,9.520075798034668
2024-06-10,9.424968719482422
2024-06-11,9.49154281616211
2024-06-12,9.558117866516113
2024-06-13,9.548606872558594
2024-06-14,9.472522735595703
2024-06-17,9.472522735595703
2024-06-18,9.482032775878906
2024-06-20,9.396437644958496
2024-06-21,9.463011741638184
2024-06-24,9.520075798034668
2024-06-25,9.396437644958496
2024-06-26,9.358394622802734
2024-06-27,9.329863548278809
2024-06-28,9.30133056640625
2024-07-01,9.130141258239746
2024-07-02,9.111119270324707
2024-07-03,9.149161338806152
2024-07-05,9.035036087036133
2024-07-08,9.158672332763672
2024-07-09,9.092100143432617
2024-07-10,9.272799491882324
2024-07-11,9.329863548278809
2024-07-12,9.424968719482422
2024-07-15,9.358394622802734
2024-07-16,9.577138900756836
2024-07-17,9.82441234588623
2024-07-18,9.814901351928711
2024-07-19,9.615180969238281
2024-07-22,9.65322208404541
2024-07-23,9.577138900756836
2024-07-24,9.586648941040039
2024-07-25,9.65322208404541
2024-07-26,9.871965408325195
2024-07-29,9.91000747680664
2024-07-30,9.967070579528809
2024-07-31,10.014623641967773
2024-08-01,9.986091613769531
2024-08-02,10.005114555358887
2024-08-05,9.786369323730469
2024-08-06,9.976581573486328
2024-08-07,9.881476402282715
2024-08-08,10.09070873260498
2024-08-09,10.043156623840332
2024-08-12,9.986091613769531
2024-08-13,10.17630386352539
2024-08-14,10.138261795043945
2024-08-15,10.318961143493652
2024-08-16,9.938538551330566
2024-08-19,10.1002197265625
2024-08-20,10.2618989944458
2024-08-21,10.39504623413086
2024-08-22,10.39504623413086
2024-08-23,10.556726455688477
2024-08-26,10.623300552368164
2024-08-27,10.613789558410645
2024-08-28,10.689874649047852
2024-08-29,10.756447792053223
2024-08-30,10.880084991455078
2024-09-03,10.756447792053223
2024-09-04,10.775468826293945
2024-09-05,10.670853614807129
2024-09-06,10.656427383422852
2024-09-09,10.67566204071045
2024-09-10,10.608338356018066
2024-09-11,10.483306884765625
2024-09-12,10.464072227478027
2024-09-13,10.569867134094238
2024-09-16,10.694897651672363
2024-09-17,10.569867134094238
2024-09-18,10.589102745056152
2024-09-19,10.68527889251709
2024-09-20,10.483306884765625
2024-09-23,10.656427383422852
2024-09-24,10.762221336364746
2024-09-25,10.656427383422852
2024-09-26,10.916104316711426
2024-09-27,10.916104316711426
2024-09-30,10.896868705749512
2024-10-01,10.887250900268555
2024-10-02,10.800691604614258
2024-10-03,10.723749160766602
2024-10-04,10.771838188171387
2024-10-07,10.68527889251709
2024-10-08,10.656427383422852
2024-10-09,10.627573013305664
2024-10-10,10.67566204071045
2024-10-11,10.762221336364746
2024-10-14,10.906487464904785
2024-10-15,10.93533992767334
2024-10-16,10.868016242980957
2024-10-17,10.819927215576172
2024-10-18,10.810309410095215
2024-10-21,10.694897651672363
2024-10-22,10.569867134094238
2024-10-23,10.617955207824707
2024-10-24,10.646808624267578
2024-10-25,10.579483985900879
2024-10-28,10.656427383422852
2024-10-29,10.512161254882812
2024-10-30,10.637190818786621
2024-10-31,10.70451545715332
2024-11-01,9.86777400970459
2024-11-04,9.810068130493164
2024-11-05,9.86777400970459
2024-11-06,9.810068130493164
2024-11-07,9.819684982299805
2024-11-08,9.829303741455078
2024-11-11,9.915863037109375
2024-11-12,9.80044937133789
2024-11-13,9.72350788116455
2024-11-14,9.79083251953125
2024-11-15,9.829303741455078
2024-11-18,9.761979103088379
2024-11-19,9.511919021606445
2024-11-20,9.94471549987793
2024-11-21,10.195962905883789
2024-11-22,10.215438842773438
2024-11-25,10.205700874328613
2024-11-26,10.118057250976562
2024-11-27,10.225177764892578
2024-11-29,10.361513137817383
2024-12-02,10.29334545135498
2024-12-03,10.283608436584473
2024-12-04,10.195962905883789
2024-12-05,9.9719820022583
2024-12-06,9.913553237915039
2024-12-09,9.933030128479004
2024-12-10,9.864861488342285
2024-12-11,9.757741928100586
2024-12-12,9.72852611541748
2024-12-13,9.640880584716797
2024-12-16,9.582452774047852
2024-12-17,9.475330352783203
2024-12-18,9.19292163848877
2024-12-19,9.15396785736084
2024-12-20,9.15396785736084
2024-12-23,9.183183670043945
2024-12-24,9.241613388061523
2024-12-26,9.212398529052734
2024-12-27,9.19292163848877
2024-12-30,9.095539093017578
2024-12-31,9.16370677947998
