Date,CDW
2010-01-04,
2010-01-05,
2010-01-06,
2010-01-07,
2010-01-08,
2010-01-11,
2010-01-12,
2010-01-13,
2010-01-14,
2010-01-15,
2010-01-19,
2010-01-20,
2010-01-21,
2010-01-22,
2010-01-25,
2010-01-26,
2010-01-27,
2010-01-28,
2010-01-29,
2010-02-01,
2010-02-02,
2010-02-03,
2010-02-04,
2010-02-05,
2010-02-08,
2010-02-09,
2010-02-10,
2010-02-11,
2010-02-12,
2010-02-16,
2010-02-17,
2010-02-18,
2010-02-19,
2010-02-22,
2010-02-23,
2010-02-24,
2010-02-25,
2010-02-26,
2010-03-01,
2010-03-02,
2010-03-03,
2010-03-04,
2010-03-05,
2010-03-08,
2010-03-09,
2010-03-10,
2010-03-11,
2010-03-12,
2010-03-15,
2010-03-16,
2010-03-17,
2010-03-18,
2010-03-19,
2010-03-22,
2010-03-23,
2010-03-24,
2010-03-25,
2010-03-26,
2010-03-29,
2010-03-30,
2010-03-31,
2010-04-01,
2010-04-05,
2010-04-06,
2010-04-07,
2010-04-08,
2010-04-09,
2010-04-12,
2010-04-13,
2010-04-14,
2010-04-15,
2010-04-16,
2010-04-19,
2010-04-20,
2010-04-21,
2010-04-22,
2010-04-23,
2010-04-26,
2010-04-27,
2010-04-28,
2010-04-29,
2010-04-30,
2010-05-03,
2010-05-04,
2010-05-05,
2010-05-06,
2010-05-07,
2010-05-10,
2010-05-11,
2010-05-12,
2010-05-13,
2010-05-14,
2010-05-17,
2010-05-18,
2010-05-19,
2010-05-20,
2010-05-21,
2010-05-24,
2010-05-25,
2010-05-26,
2010-05-27,
2010-05-28,
2010-06-01,
2010-06-02,
2010-06-03,
2010-06-04,
2010-06-07,
2010-06-08,
2010-06-09,
2010-06-10,
2010-06-11,
2010-06-14,
2010-06-15,
2010-06-16,
2010-06-17,
2010-06-18,
2010-06-21,
2010-06-22,
2010-06-23,
2010-06-24,
2010-06-25,
2010-06-28,
2010-06-29,
2010-06-30,
2010-07-01,
2010-07-02,
2010-07-06,
2010-07-07,
2010-07-08,
2010-07-09,
2010-07-12,
2010-07-13,
2010-07-14,
2010-07-15,
2010-07-16,
2010-07-19,
2010-07-20,
2010-07-21,
2010-07-22,
2010-07-23,
2010-07-26,
2010-07-27,
2010-07-28,
2010-07-29,
2010-07-30,
2010-08-02,
2010-08-03,
2010-08-04,
2010-08-05,
2010-08-06,
2010-08-09,
2010-08-10,
2010-08-11,
2010-08-12,
2010-08-13,
2010-08-16,
2010-08-17,
2010-08-18,
2010-08-19,
2010-08-20,
2010-08-23,
2010-08-24,
2010-08-25,
2010-08-26,
2010-08-27,
2010-08-30,
2010-08-31,
2010-09-01,
2010-09-02,
2010-09-03,
2010-09-07,
2010-09-08,
2010-09-09,
2010-09-10,
2010-09-13,
2010-09-14,
2010-09-15,
2010-09-16,
2010-09-17,
2010-09-20,
2010-09-21,
2010-09-22,
2010-09-23,
2010-09-24,
2010-09-27,
2010-09-28,
2010-09-29,
2010-09-30,
2010-10-01,
2010-10-04,
2010-10-05,
2010-10-06,
2010-10-07,
2010-10-08,
2010-10-11,
2010-10-12,
2010-10-13,
2010-10-14,
2010-10-15,
2010-10-18,
2010-10-19,
2010-10-20,
2010-10-21,
2010-10-22,
2010-10-25,
2010-10-26,
2010-10-27,
2010-10-28,
2010-10-29,
2010-11-01,
2010-11-02,
2010-11-03,
2010-11-04,
2010-11-05,
2010-11-08,
2010-11-09,
2010-11-10,
2010-11-11,
2010-11-12,
2010-11-15,
2010-11-16,
2010-11-17,
2010-11-18,
2010-11-19,
2010-11-22,
2010-11-23,
2010-11-24,
2010-11-26,
2010-11-29,
2010-11-30,
2010-12-01,
2010-12-02,
2010-12-03,
2010-12-06,
2010-12-07,
2010-12-08,
2010-12-09,
2010-12-10,
2010-12-13,
2010-12-14,
2010-12-15,
2010-12-16,
2010-12-17,
2010-12-20,
2010-12-21,
2010-12-22,
2010-12-23,
2010-12-27,
2010-12-28,
2010-12-29,
2010-12-30,
2010-12-31,
2011-01-03,
2011-01-04,
2011-01-05,
2011-01-06,
2011-01-07,
2011-01-10,
2011-01-11,
2011-01-12,
2011-01-13,
2011-01-14,
2011-01-18,
2011-01-19,
2011-01-20,
2011-01-21,
2011-01-24,
2011-01-25,
2011-01-26,
2011-01-27,
2011-01-28,
2011-01-31,
2011-02-01,
2011-02-02,
2011-02-03,
2011-02-04,
2011-02-07,
2011-02-08,
2011-02-09,
2011-02-10,
2011-02-11,
2011-02-14,
2011-02-15,
2011-02-16,
2011-02-17,
2011-02-18,
2011-02-22,
2011-02-23,
2011-02-24,
2011-02-25,
2011-02-28,
2011-03-01,
2011-03-02,
2011-03-03,
2011-03-04,
2011-03-07,
2011-03-08,
2011-03-09,
2011-03-10,
2011-03-11,
2011-03-14,
2011-03-15,
2011-03-16,
2011-03-17,
2011-03-18,
2011-03-21,
2011-03-22,
2011-03-23,
2011-03-24,
2011-03-25,
2011-03-28,
2011-03-29,
2011-03-30,
2011-03-31,
2011-04-01,
2011-04-04,
2011-04-05,
2011-04-06,
2011-04-07,
2011-04-08,
2011-04-11,
2011-04-12,
2011-04-13,
2011-04-14,
2011-04-15,
2011-04-18,
2011-04-19,
2011-04-20,
2011-04-21,
2011-04-25,
2011-04-26,
2011-04-27,
2011-04-28,
2011-04-29,
2011-05-02,
2011-05-03,
2011-05-04,
2011-05-05,
2011-05-06,
2011-05-09,
2011-05-10,
2011-05-11,
2011-05-12,
2011-05-13,
2011-05-16,
2011-05-17,
2011-05-18,
2011-05-19,
2011-05-20,
2011-05-23,
2011-05-24,
2011-05-25,
2011-05-26,
2011-05-27,
2011-05-31,
2011-06-01,
2011-06-02,
2011-06-03,
2011-06-06,
2011-06-07,
2011-06-08,
2011-06-09,
2011-06-10,
2011-06-13,
2011-06-14,
2011-06-15,
2011-06-16,
2011-06-17,
2011-06-20,
2011-06-21,
2011-06-22,
2011-06-23,
2011-06-24,
2011-06-27,
2011-06-28,
2011-06-29,
2011-06-30,
2011-07-01,
2011-07-05,
2011-07-06,
2011-07-07,
2011-07-08,
2011-07-11,
2011-07-12,
2011-07-13,
2011-07-14,
2011-07-15,
2011-07-18,
2011-07-19,
2011-07-20,
2011-07-21,
2011-07-22,
2011-07-25,
2011-07-26,
2011-07-27,
2011-07-28,
2011-07-29,
2011-08-01,
2011-08-02,
2011-08-03,
2011-08-04,
2011-08-05,
2011-08-08,
2011-08-09,
2011-08-10,
2011-08-11,
2011-08-12,
2011-08-15,
2011-08-16,
2011-08-17,
2011-08-18,
2011-08-19,
2011-08-22,
2011-08-23,
2011-08-24,
2011-08-25,
2011-08-26,
2011-08-29,
2011-08-30,
2011-08-31,
2011-09-01,
2011-09-02,
2011-09-06,
2011-09-07,
2011-09-08,
2011-09-09,
2011-09-12,
2011-09-13,
2011-09-14,
2011-09-15,
2011-09-16,
2011-09-19,
2011-09-20,
2011-09-21,
2011-09-22,
2011-09-23,
2011-09-26,
2011-09-27,
2011-09-28,
2011-09-29,
2011-09-30,
2011-10-03,
2011-10-04,
2011-10-05,
2011-10-06,
2011-10-07,
2011-10-10,
2011-10-11,
2011-10-12,
2011-10-13,
2011-10-14,
2011-10-17,
2011-10-18,
2011-10-19,
2011-10-20,
2011-10-21,
2011-10-24,
2011-10-25,
2011-10-26,
2011-10-27,
2011-10-28,
2011-10-31,
2011-11-01,
2011-11-02,
2011-11-03,
2011-11-04,
2011-11-07,
2011-11-08,
2011-11-09,
2011-11-10,
2011-11-11,
2011-11-14,
2011-11-15,
2011-11-16,
2011-11-17,
2011-11-18,
2011-11-21,
2011-11-22,
2011-11-23,
2011-11-25,
2011-11-28,
2011-11-29,
2011-11-30,
2011-12-01,
2011-12-02,
2011-12-05,
2011-12-06,
2011-12-07,
2011-12-08,
2011-12-09,
2011-12-12,
2011-12-13,
2011-12-14,
2011-12-15,
2011-12-16,
2011-12-19,
2011-12-20,
2011-12-21,
2011-12-22,
2011-12-23,
2011-12-27,
2011-12-28,
2011-12-29,
2011-12-30,
2012-01-03,
2012-01-04,
2012-01-05,
2012-01-06,
2012-01-09,
2012-01-10,
2012-01-11,
2012-01-12,
2012-01-13,
2012-01-17,
2012-01-18,
2012-01-19,
2012-01-20,
2012-01-23,
2012-01-24,
2012-01-25,
2012-01-26,
2012-01-27,
2012-01-30,
2012-01-31,
2012-02-01,
2012-02-02,
2012-02-03,
2012-02-06,
2012-02-07,
2012-02-08,
2012-02-09,
2012-02-10,
2012-02-13,
2012-02-14,
2012-02-15,
2012-02-16,
2012-02-17,
2012-02-21,
2012-02-22,
2012-02-23,
2012-02-24,
2012-02-27,
2012-02-28,
2012-02-29,
2012-03-01,
2012-03-02,
2012-03-05,
2012-03-06,
2012-03-07,
2012-03-08,
2012-03-09,
2012-03-12,
2012-03-13,
2012-03-14,
2012-03-15,
2012-03-16,
2012-03-19,
2012-03-20,
2012-03-21,
2012-03-22,
2012-03-23,
2012-03-26,
2012-03-27,
2012-03-28,
2012-03-29,
2012-03-30,
2012-04-02,
2012-04-03,
2012-04-04,
2012-04-05,
2012-04-09,
2012-04-10,
2012-04-11,
2012-04-12,
2012-04-13,
2012-04-16,
2012-04-17,
2012-04-18,
2012-04-19,
2012-04-20,
2012-04-23,
2012-04-24,
2012-04-25,
2012-04-26,
2012-04-27,
2012-04-30,
2012-05-01,
2012-05-02,
2012-05-03,
2012-05-04,
2012-05-07,
2012-05-08,
2012-05-09,
2012-05-10,
2012-05-11,
2012-05-14,
2012-05-15,
2012-05-16,
2012-05-17,
2012-05-18,
2012-05-21,
2012-05-22,
2012-05-23,
2012-05-24,
2012-05-25,
2012-05-29,
2012-05-30,
2012-05-31,
2012-06-01,
2012-06-04,
2012-06-05,
2012-06-06,
2012-06-07,
2012-06-08,
2012-06-11,
2012-06-12,
2012-06-13,
2012-06-14,
2012-06-15,
2012-06-18,
2012-06-19,
2012-06-20,
2012-06-21,
2012-06-22,
2012-06-25,
2012-06-26,
2012-06-27,
2012-06-28,
2012-06-29,
2012-07-02,
2012-07-03,
2012-07-05,
2012-07-06,
2012-07-09,
2012-07-10,
2012-07-11,
2012-07-12,
2012-07-13,
2012-07-16,
2012-07-17,
2012-07-18,
2012-07-19,
2012-07-20,
2012-07-23,
2012-07-24,
2012-07-25,
2012-07-26,
2012-07-27,
2012-07-30,
2012-07-31,
2012-08-01,
2012-08-02,
2012-08-03,
2012-08-06,
2012-08-07,
2012-08-08,
2012-08-09,
2012-08-10,
2012-08-13,
2012-08-14,
2012-08-15,
2012-08-16,
2012-08-17,
2012-08-20,
2012-08-21,
2012-08-22,
2012-08-23,
2012-08-24,
2012-08-27,
2012-08-28,
2012-08-29,
2012-08-30,
2012-08-31,
2012-09-04,
2012-09-05,
2012-09-06,
2012-09-07,
2012-09-10,
2012-09-11,
2012-09-12,
2012-09-13,
2012-09-14,
2012-09-17,
2012-09-18,
2012-09-19,
2012-09-20,
2012-09-21,
2012-09-24,
2012-09-25,
2012-09-26,
2012-09-27,
2012-09-28,
2012-10-01,
2012-10-02,
2012-10-03,
2012-10-04,
2012-10-05,
2012-10-08,
2012-10-09,
2012-10-10,
2012-10-11,
2012-10-12,
2012-10-15,
2012-10-16,
2012-10-17,
2012-10-18,
2012-10-19,
2012-10-22,
2012-10-23,
2012-10-24,
2012-10-25,
2012-10-26,
2012-10-31,
2012-11-01,
2012-11-02,
2012-11-05,
2012-11-06,
2012-11-07,
2012-11-08,
2012-11-09,
2012-11-12,
2012-11-13,
2012-11-14,
2012-11-15,
2012-11-16,
2012-11-19,
2012-11-20,
2012-11-21,
2012-11-23,
2012-11-26,
2012-11-27,
2012-11-28,
2012-11-29,
2012-11-30,
2012-12-03,
2012-12-04,
2012-12-05,
2012-12-06,
2012-12-07,
2012-12-10,
2012-12-11,
2012-12-12,
2012-12-13,
2012-12-14,
2012-12-17,
2012-12-18,
2012-12-19,
2012-12-20,
2012-12-21,
2012-12-24,
2012-12-26,
2012-12-27,
2012-12-28,
2012-12-31,
2013-01-02,
2013-01-03,
2013-01-04,
2013-01-07,
2013-01-08,
2013-01-09,
2013-01-10,
2013-01-11,
2013-01-14,
2013-01-15,
2013-01-16,
2013-01-17,
2013-01-18,
2013-01-22,
2013-01-23,
2013-01-24,
2013-01-25,
2013-01-28,
2013-01-29,
2013-01-30,
2013-01-31,
2013-02-01,
2013-02-04,
2013-02-05,
2013-02-06,
2013-02-07,
2013-02-08,
2013-02-11,
2013-02-12,
2013-02-13,
2013-02-14,
2013-02-15,
2013-02-19,
2013-02-20,
2013-02-21,
2013-02-22,
2013-02-25,
2013-02-26,
2013-02-27,
2013-02-28,
2013-03-01,
2013-03-04,
2013-03-05,
2013-03-06,
2013-03-07,
2013-03-08,
2013-03-11,
2013-03-12,
2013-03-13,
2013-03-14,
2013-03-15,
2013-03-18,
2013-03-19,
2013-03-20,
2013-03-21,
2013-03-22,
2013-03-25,
2013-03-26,
2013-03-27,
2013-03-28,
2013-04-01,
2013-04-02,
2013-04-03,
2013-04-04,
2013-04-05,
2013-04-08,
2013-04-09,
2013-04-10,
2013-04-11,
2013-04-12,
2013-04-15,
2013-04-16,
2013-04-17,
2013-04-18,
2013-04-19,
2013-04-22,
2013-04-23,
2013-04-24,
2013-04-25,
2013-04-26,
2013-04-29,
2013-04-30,
2013-05-01,
2013-05-02,
2013-05-03,
2013-05-06,
2013-05-07,
2013-05-08,
2013-05-09,
2013-05-10,
2013-05-13,
2013-05-14,
2013-05-15,
2013-05-16,
2013-05-17,
2013-05-20,
2013-05-21,
2013-05-22,
2013-05-23,
2013-05-24,
2013-05-28,
2013-05-29,
2013-05-30,
2013-05-31,
2013-06-03,
2013-06-04,
2013-06-05,
2013-06-06,
2013-06-07,
2013-06-10,
2013-06-11,
2013-06-12,
2013-06-13,
2013-06-14,
2013-06-17,
2013-06-18,
2013-06-19,
2013-06-20,
2013-06-21,
2013-06-24,
2013-06-25,
2013-06-26,
2013-06-27,16.141616821289062
2013-06-28,16.36128807067871
2013-07-01,16.11526107788086
2013-07-02,16.88850975036621
2013-07-03,16.765493392944336
2013-07-05,16.88850975036621
2013-07-08,16.89729118347168
2013-07-09,17.13453483581543
2013-07-10,16.78306770324707
2013-07-11,17.204835891723633
2013-07-12,17.143333435058594
2013-07-15,17.187259674072266
2013-07-16,17.661760330200195
2013-07-17,17.899009704589844
2013-07-18,18.30320930480957
2013-07-19,18.311996459960938
2013-07-22,17.872648239135742
2013-07-23,17.767200469970703
2013-07-24,18.074743270874023
2013-07-25,19.31369400024414
2013-07-26,18.97101593017578
2013-07-29,19.067676544189453
2013-07-30,18.979801177978516
2013-07-31,18.891931533813477
2013-08-01,19.032522201538086
2013-08-02,19.70911979675293
2013-08-05,20.02545166015625
2013-08-06,20.04301643371582
2013-08-07,20.166032791137695
2013-08-08,20.27147674560547
2013-08-09,20.253910064697266
2013-08-12,20.35056495666504
2013-08-13,20.56145668029785
2013-08-14,20.526304244995117
2013-08-15,20.209972381591797
2013-08-16,20.253910064697266
2013-08-19,20.289052963256836
2013-08-20,20.306631088256836
2013-08-21,20.236339569091797
2013-08-22,20.218767166137695
2013-08-23,20.447221755981445
2013-08-26,20.192401885986328
2013-08-27,19.52459144592285
2013-08-28,19.31369400024414
2013-08-29,19.40157127380371
2013-08-30,19.269775390625
2013-09-03,19.796981811523438
2013-09-04,20.218767166137695
2013-09-05,20.491151809692383
2013-09-06,20.420860290527344
2013-09-09,20.17483139038086
2013-09-10,20.236339569091797
2013-09-11,20.579021453857422
2013-09-12,20.289052963256836
2013-09-13,20.649311065673828
2013-09-16,20.974435806274414
2013-09-17,20.41206932067871
2013-09-18,20.904142379760742
2013-09-19,20.61417007446289
2013-09-20,20.11331558227539
2013-09-23,20.965646743774414
2013-09-24,21.352270126342773
2013-09-25,21.20290184020996
2013-09-26,21.079875946044922
2013-09-27,21.071088790893555
2013-09-30,20.060596466064453
2013-10-01,20.38571548461914
2013-10-02,20.016660690307617
2013-10-03,20.491151809692383
2013-10-04,20.517518997192383
2013-10-07,20.253910064697266
2013-10-08,20.315420150756836
2013-10-09,19.928796768188477
2013-10-10,20.253910064697266
2013-10-11,20.201183319091797
2013-10-14,20.016660690307617
2013-10-15,19.902427673339844
2013-10-16,19.920000076293945
2013-10-17,20.016660690307617
2013-10-18,20.201183319091797
2013-10-21,19.823345184326172
2013-10-22,20.03423309326172
2013-10-23,19.963932037353516
2013-10-24,19.34006690979004
2013-10-25,19.463085174560547
2013-10-28,19.375215530395508
2013-10-29,19.28734588623047
2013-10-30,19.419147491455078
2013-10-31,19.32248878479004
2013-11-01,19.375215530395508
2013-11-04,20.15725326538086
2013-11-05,20.209972381591797
2013-11-06,20.201183319091797
2013-11-07,20.192401885986328
2013-11-08,20.166032791137695
2013-11-11,19.085241317749023
2013-11-12,18.531667709350586
2013-11-13,18.305376052856445
2013-11-14,18.190916061401367
2013-11-15,19.00096893310547
2013-11-18,18.772043228149414
2013-11-19,18.719213485717773
2013-11-20,19.133041381835938
2013-11-21,19.361967086791992
2013-11-22,19.520462036132812
2013-11-25,19.63491439819336
2013-11-26,19.55567741394043
2013-11-27,19.546875
2013-11-29,19.63491439819336
2013-12-02,19.775793075561523
2013-12-03,19.775793075561523
2013-12-04,20.1632137298584
2013-12-05,19.81982421875
2013-12-06,19.8902587890625
2013-12-09,19.91668128967285
2013-12-10,19.802213668823242
2013-12-11,19.6789493560791
2013-12-12,19.85504150390625
2013-12-13,19.590898513793945
2013-12-16,19.766990661621094
2013-12-17,19.50284767150879
2013-12-18,19.714160919189453
2013-12-19,19.423601150512695
2013-12-20,19.696548461914062
2013-12-23,19.62612533569336
2013-12-24,19.91668128967285
2013-12-26,20.1632137298584
2013-12-27,20.25126075744629
2013-12-30,20.44497299194336
2013-12-31,20.568241119384766
2014-01-02,20.585847854614258
2014-01-03,20.577043533325195
2014-01-06,20.91163444519043
2014-01-07,21.114137649536133
2014-01-08,21.114137649536133
2014-01-09,21.57199478149414
2014-01-10,21.90658187866211
2014-01-13,21.739288330078125
2014-01-14,21.55438995361328
2014-01-15,21.536779403686523
2014-01-16,21.54558563232422
2014-01-17,21.519168853759766
2014-01-21,21.83614730834961
2014-01-22,21.57199478149414
2014-01-23,21.439926147460938
2014-01-24,20.797170639038086
2014-01-27,20.515411376953125
2014-01-28,20.86760139465332
2014-01-29,20.23365592956543
2014-01-30,20.753137588500977
2014-01-31,20.841188430786133
2014-02-03,20.321697235107422
2014-02-04,20.577043533325195
2014-02-05,20.515411376953125
2014-02-06,20.603466033935547
2014-02-07,20.735532760620117
2014-02-10,20.374528884887695
2014-02-11,20.321697235107422
2014-02-12,20.841188430786133
2014-02-13,21.871366500854492
2014-02-14,21.40470314025879
2014-02-18,21.712879180908203
2014-02-19,21.74810218811035
2014-02-20,21.800922393798828
2014-02-21,21.741825103759766
2014-02-24,21.733003616333008
2014-02-25,21.424306869506836
2014-02-26,21.812393188476562
2014-02-27,22.526826858520508
2014-02-28,23.08250617980957
2014-03-03,22.870819091796875
2014-03-04,23.056039810180664
2014-03-05,23.549972534179688
2014-03-06,23.638181686401367
2014-03-07,22.71204948425293
2014-03-10,22.65030860900879
2014-03-11,22.57093620300293
2014-03-12,22.39452362060547
2014-03-13,21.918235778808594
2014-03-14,21.86530876159668
2014-03-17,22.465091705322266
2014-03-18,22.43863296508789
2014-03-19,22.491544723510742
2014-03-20,22.39452362060547
2014-03-21,22.33279037475586
2014-03-24,22.306325912475586
2014-03-25,23.15306854248047
2014-03-26,23.214805603027344
2014-03-27,23.25008773803711
2014-03-28,23.558795928955078
2014-03-31,24.202672958374023
2014-04-01,25.07587432861328
2014-04-02,25.225814819335938
2014-04-03,24.74951934814453
2014-04-04,24.67014503479004
2014-04-07,24.308513641357422
2014-04-08,24.140932083129883
2014-04-09,24.925928115844727
2014-04-10,24.634862899780273
2014-04-11,24.158571243286133
2014-04-14,24.299692153930664
2014-04-15,24.537839889526367
2014-04-16,25.00531005859375
2014-04-17,25.084692001342773
2014-04-21,25.058229446411133
2014-04-22,25.27873420715332
2014-04-23,25.190523147583008
2014-04-24,25.04941749572754
2014-04-25,24.55547523498535
2014-04-28,24.661317825317383
2014-04-29,24.59958267211914
2014-04-30,24.864185333251953
2014-05-01,24.88182258605957
2014-05-02,24.996490478515625
2014-05-05,25.172893524169922
2014-05-06,24.82007598876953
2014-05-07,24.476099014282227
2014-05-08,25.296382904052734
2014-05-09,25.84322738647461
2014-05-12,26.478281021118164
2014-05-13,26.363624572753906
2014-05-14,26.15193748474121
2014-05-15,26.20485496520996
2014-05-16,26.319522857666016
2014-05-19,25.949071884155273
2014-05-20,25.790307998657227
2014-05-21,26.14311408996582
2014-05-22,24.82964324951172
2014-05-23,25.129962921142578
2014-05-27,25.456790924072266
2014-05-28,25.606950759887695
2014-05-29,25.721776962280273
2014-05-30,25.97793960571289
2014-06-02,26.048599243164062
2014-06-03,26.1192684173584
2014-06-04,26.29592514038086
2014-06-05,26.48142433166504
2014-06-06,26.560916900634766
2014-06-09,26.746414184570312
2014-06-10,26.90540885925293
2014-06-11,26.90540885925293
2014-06-12,26.76407814025879
2014-06-13,26.940738677978516
2014-06-16,27.13506507873535
2014-06-17,27.673879623413086
2014-06-18,27.66504669189453
2014-06-19,28.044870376586914
2014-06-20,28.354022979736328
2014-06-23,28.248027801513672
2014-06-24,28.053699493408203
2014-06-25,28.460025787353516
2014-06-26,28.309858322143555
2014-06-27,27.983036041259766
2014-06-30,28.15969467163086
2014-07-01,28.309858322143555
2014-07-02,28.574840545654297
2014-07-03,28.707347869873047
2014-07-07,27.877038955688477
2014-07-08,28.000699996948242
2014-07-09,28.274524688720703
2014-07-10,28.168527603149414
2014-07-11,27.806381225585938
2014-07-14,27.82404136657715
2014-07-15,27.532550811767578
2014-07-16,27.69154930114746
2014-07-17,27.567882537841797
2014-07-18,27.629716873168945
2014-07-21,27.47955894470215
2014-07-22,27.532550811767578
2014-07-23,27.5413875579834
2014-07-24,27.682710647583008
2014-07-25,27.391225814819336
2014-07-28,27.38239097595215
2014-07-29,27.488388061523438
2014-07-30,27.629716873168945
2014-07-31,27.28523063659668
2014-08-01,27.364723205566406
2014-08-04,27.152727127075195
2014-08-05,27.40005874633789
2014-08-06,27.47955894470215
2014-08-07,27.064401626586914
2014-08-08,27.249895095825195
2014-08-11,27.417724609375
2014-08-12,27.62088394165039
2014-08-13,27.94769859313965
2014-08-14,28.212696075439453
2014-08-15,28.32752227783203
2014-08-18,28.87516975402832
2014-08-19,29.148988723754883
2014-08-20,29.06066131591797
2014-08-21,29.328664779663086
2014-08-22,29.29328155517578
2014-08-25,29.39942169189453
2014-08-26,29.6116943359375
2014-08-27,29.5143985748291
2014-08-28,29.142913818359375
2014-08-29,29.222515106201172
2014-09-02,29.310964584350586
2014-09-03,28.02850341796875
2014-09-04,27.745473861694336
2014-09-05,28.00196647644043
2014-09-08,27.98427963256836
2014-09-09,27.789701461791992
2014-09-10,27.73663330078125
2014-09-11,27.621658325195312
2014-09-12,27.75432014465332
2014-09-15,27.259023666381836
2014-09-16,27.4182186126709
2014-09-17,27.71010398864746
2014-09-18,28.108104705810547
2014-09-19,28.1346435546875
2014-09-22,27.683565139770508
2014-09-23,26.9671573638916
2014-09-24,27.391691207885742
2014-09-25,26.834482192993164
2014-09-26,27.037904739379883
2014-09-29,27.108661651611328
2014-09-30,27.462448120117188
2014-10-01,26.852174758911133
2014-10-02,26.622211456298828
2014-10-03,27.170578002929688
2014-10-06,27.037904739379883
2014-10-07,26.657588958740234
2014-10-08,26.67527961730957
2014-10-09,26.356876373291016
2014-10-10,25.658159255981445
2014-10-13,25.0832576751709
2014-10-14,25.136323928833008
2014-10-15,25.14516830444336
2014-10-16,24.985965728759766
2014-10-17,25.693527221679688
2014-10-20,25.605085372924805
2014-10-21,26.34803009033203
2014-10-22,26.109228134155273
2014-10-23,26.427631378173828
2014-10-24,26.49838638305664
2014-10-27,26.41878890991211
2014-10-28,26.834482192993164
2014-10-29,26.533767700195312
2014-10-30,26.648752212524414
2014-10-31,27.276708602905273
2014-11-03,27.471288681030273
2014-11-04,27.453601837158203
2014-11-05,27.71010398864746
2014-11-06,28.72722625732422
2014-11-07,28.82451629638672
2014-11-10,28.966033935546875
2014-11-11,28.82451629638672
2014-11-12,28.718381881713867
2014-11-13,28.806835174560547
2014-11-14,29.142913818359375
2014-11-17,29.072158813476562
2014-11-18,29.39942169189453
2014-11-19,29.098697662353516
2014-11-20,29.107542037963867
2014-11-21,29.6995849609375
2014-11-24,30.940391540527344
2014-11-25,30.94925308227539
2014-11-26,31.091053009033203
2014-11-28,31.091053009033203
2014-12-01,30.51496696472168
2014-12-02,30.479520797729492
2014-12-03,29.761629104614258
2014-12-04,30.257946014404297
2014-12-05,30.452938079833984
2014-12-08,30.089548110961914
2014-12-09,30.266799926757812
2014-12-10,30.13386344909668
2014-12-11,30.231365203857422
2014-12-12,30.426355361938477
2014-12-15,29.433696746826172
2014-12-16,29.478012084960938
2014-12-17,30.02752113342285
2014-12-18,30.71881103515625
2014-12-19,30.89607048034668
2014-12-22,31.091053009033203
2014-12-23,31.5607967376709
2014-12-24,31.684879302978516
2014-12-26,31.835548400878906
2014-12-29,31.66714859008789
2014-12-30,31.321495056152344
2014-12-31,31.17082405090332
2015-01-02,30.89607048034668
2015-01-05,30.568161010742188
2015-01-06,30.12501335144043
2015-01-07,30.75426483154297
2015-01-08,31.52534294128418
2015-01-09,31.649431228637695
2015-01-12,31.649431228637695
2015-01-13,32.15460968017578
2015-01-14,31.47216033935547
2015-01-15,31.3569393157959
2015-01-16,31.702590942382812
2015-01-20,31.47216033935547
2015-01-21,31.418991088867188
2015-01-22,31.67601203918457
2015-01-23,31.67601203918457
2015-01-26,31.63170051574707
2015-01-27,30.674503326416016
2015-01-28,30.63904571533203
2015-01-29,30.807437896728516
2015-01-30,30.364307403564453
2015-02-02,30.3731689453125
2015-02-03,31.25944709777832
2015-02-04,31.13538360595703
2015-02-05,31.4278507232666
2015-02-06,31.88872718811035
2015-02-09,31.95075225830078
2015-02-10,32.26097106933594
2015-02-11,31.897586822509766
2015-02-12,32.26097106933594
2015-02-13,32.81932830810547
2015-02-17,33.40428161621094
2015-02-18,33.62586212158203
2015-02-19,33.49290466308594
2015-02-20,33.45745849609375
2015-02-23,33.72206115722656
2015-02-24,33.8197135925293
2015-02-25,33.76643371582031
2015-02-26,33.89073944091797
2015-02-27,33.411285400390625
2015-03-02,33.73979949951172
2015-03-03,33.899627685546875
2015-03-04,33.76643371582031
2015-03-05,33.5178337097168
2015-03-06,33.19818115234375
2015-03-09,33.127159118652344
2015-03-10,32.301422119140625
2015-03-11,32.05282211303711
2015-03-12,31.582229614257812
2015-03-13,31.919626235961914
2015-03-16,32.26590347290039
2015-03-17,32.19486618041992
2015-03-18,32.62106704711914
2015-03-19,33.136043548583984
2015-03-20,33.53557586669922
2015-03-23,33.72206115722656
2015-03-24,33.58885955810547
2015-03-25,33.18043899536133
2015-03-26,32.82527542114258
2015-03-27,33.57997512817383
2015-03-30,33.5178337097168
2015-03-31,33.065006256103516
2015-04-01,32.62106704711914
2015-04-02,32.558902740478516
2015-04-06,32.7808723449707
2015-04-07,33.01173400878906
2015-04-08,33.6954231262207
2015-04-09,34.06831359863281
2015-04-10,34.11271286010742
2015-04-13,34.1571044921875
2015-04-14,33.76643371582031
2015-04-15,34.14822769165039
2015-04-16,33.90850830078125
2015-04-17,33.58885955810547
2015-04-20,34.01506423950195
2015-04-21,34.37908172607422
2015-04-22,34.56553649902344
2015-04-23,34.645450592041016
2015-04-24,34.51226043701172
2015-04-27,34.387969970703125
2015-04-28,34.387969970703125
2015-04-29,34.26365661621094
2015-04-30,34.02394104003906
2015-05-01,34.33468246459961
2015-05-04,34.46787643432617
2015-05-05,34.51226043701172
2015-05-06,34.30806350708008
2015-05-07,32.82527542114258
2015-05-08,32.585540771484375
2015-05-11,32.59442138671875
2015-05-12,32.78976058959961
2015-05-13,32.843040466308594
2015-05-14,33.18043899536133
2015-05-15,33.366878509521484
2015-05-18,33.33137893676758
2015-05-19,32.6476936340332
2015-05-20,32.603302001953125
2015-05-21,33.00182342529297
2015-05-22,32.93955993652344
2015-05-26,32.396934509277344
2015-05-27,32.79722213745117
2015-05-28,32.868385314941406
2015-05-29,33.00182342529297
2015-06-01,32.91287612915039
2015-06-02,32.806114196777344
2015-06-03,32.886173248291016
2015-06-04,32.4503059387207
2015-06-05,32.53925323486328
2015-06-08,32.379154205322266
2015-06-09,32.53925323486328
2015-06-10,33.00182342529297
2015-06-11,32.79722213745117
2015-06-12,32.663787841796875
2015-06-15,32.54814529418945
2015-06-16,32.40583419799805
2015-06-17,32.64600372314453
2015-06-18,33.30426788330078
2015-06-19,32.73496627807617
2015-06-22,32.886173248291016
2015-06-23,33.00182342529297
2015-06-24,32.476993560791016
2015-06-25,32.441410064697266
2015-06-26,31.40064811706543
2015-06-29,30.760181427001953
2015-06-30,30.493322372436523
2015-07-01,30.82245635986328
2015-07-02,30.644542694091797
2015-07-06,30.351001739501953
2015-07-07,30.59117317199707
2015-07-08,30.1019229888916
2015-07-09,30.01297378540039
2015-07-10,30.19089126586914
2015-07-13,30.582279205322266
2015-07-14,30.973678588867188
2015-07-15,30.520009994506836
2015-07-16,30.600067138671875
2015-07-17,30.377687454223633
2015-07-20,30.235368728637695
2015-07-21,30.00407600402832
2015-07-22,30.422161102294922
2015-07-23,30.44884490966797
2015-07-24,29.897336959838867
2015-07-27,29.630477905273438
2015-07-28,30.689027786254883
2015-07-29,31.178274154663086
2015-07-30,31.525190353393555
2015-07-31,31.961061477661133
2015-08-03,34.36280822753906
2015-08-04,34.78089141845703
2015-08-05,35.33242416381836
2015-08-06,34.985496520996094
2015-08-07,34.611881256103516
2015-08-10,34.94989776611328
2015-08-11,35.03885269165039
2015-08-12,34.602989196777344
2015-08-13,34.531829833984375
2015-08-14,34.85205841064453
2015-08-17,35.341304779052734
2015-08-18,35.092227935791016
2015-08-19,35.092227935791016
2015-08-20,34.38949203491211
2015-08-21,34.08473587036133
2015-08-24,33.33620071411133
2015-08-25,33.460968017578125
2015-08-26,35.180789947509766
2015-08-27,35.73329544067383
2015-08-28,35.61743927001953
2015-08-31,35.421390533447266
2015-09-01,34.2273063659668
2015-09-02,34.56593322753906
2015-09-03,34.97584533691406
2015-09-04,34.485740661621094
2015-09-08,35.911502838134766
2015-09-09,36.0006103515625
2015-09-10,36.31250762939453
2015-09-11,36.6243782043457
2015-09-14,36.588748931884766
2015-09-15,37.03428649902344
2015-09-16,37.265995025634766
2015-09-17,36.78477478027344
2015-09-18,36.38378143310547
2015-09-21,36.14319610595703
2015-09-22,35.938236236572266
2015-09-23,36.06298828125
2015-09-24,36.16992950439453
2015-09-25,36.33922576904297
2015-09-28,35.04713439941406
2015-09-29,35.48377990722656
2015-09-30,36.4105224609375
2015-10-01,36.54417037963867
2015-10-02,36.16992950439453
2015-10-05,37.22142791748047
2015-10-06,37.27489471435547
2015-10-07,37.961029052734375
2015-10-08,37.92539596557617
2015-10-09,38.07688903808594
2015-10-12,38.35313415527344
2015-10-13,38.718482971191406
2015-10-14,38.62937545776367
2015-10-15,38.82541275024414
2015-10-16,39.164031982421875
2015-10-19,39.35115432739258
2015-10-20,39.20859146118164
2015-10-21,38.95016098022461
2015-10-22,39.992767333984375
2015-10-23,39.948211669921875
2015-10-26,39.502647399902344
2015-10-27,39.43136215209961
2015-10-28,39.97494125366211
2015-10-29,39.868003845214844
2015-10-30,39.82345962524414
2015-11-02,39.77889633178711
2015-11-03,39.61847686767578
2015-11-04,40.928428649902344
2015-11-05,41.222476959228516
2015-11-06,38.86996841430664
2015-11-09,38.103614807128906
2015-11-10,38.26400375366211
2015-11-11,38.317481994628906
2015-11-12,37.96995544433594
2015-11-13,37.381832122802734
2015-11-16,38.0323371887207
2015-11-17,39.28879165649414
2015-11-18,39.342254638671875
2015-11-19,40.27791213989258
2015-11-20,40.18880081176758
2015-11-23,40.070899963378906
2015-11-24,39.43668746948242
2015-11-25,39.499229431152344
2015-11-27,39.43668746948242
2015-11-30,38.561309814453125
2015-12-01,39.45454406738281
2015-12-02,38.96327209472656
2015-12-03,38.829280853271484
2015-12-04,39.85651397705078
2015-12-07,39.392024993896484
2015-12-08,39.570682525634766
2015-12-09,38.86500930786133
2015-12-10,39.17765426635742
2015-12-11,38.248680114746094
2015-12-14,38.12363052368164
2015-12-15,38.52558517456055
2015-12-16,39.11513137817383
2015-12-17,38.13254928588867
2015-12-18,37.88245391845703
2015-12-21,37.81991958618164
2015-12-22,38.230804443359375
2015-12-23,38.204017639160156
2015-12-24,38.37373352050781
2015-12-28,37.9360466003418
2015-12-29,38.713172912597656
2015-12-30,38.62384033203125
2015-12-31,37.55194854736328
2016-01-04,36.57832336425781
2016-01-05,36.560447692871094
2016-01-06,36.84628677368164
2016-01-07,35.452823638916016
2016-01-08,35.417083740234375
2016-01-11,35.5868034362793
2016-01-12,35.85478973388672
2016-01-13,33.898590087890625
2016-01-14,33.7824592590332
2016-01-15,33.130393981933594
2016-01-19,33.26438903808594
2016-01-20,33.094661712646484
2016-01-21,33.61274337768555
2016-01-22,34.25587463378906
2016-01-25,33.898590087890625
2016-01-26,34.31840133666992
2016-01-27,33.63954544067383
2016-01-28,33.32691192626953
2016-01-29,34.34520721435547
2016-02-01,34.11294937133789
2016-02-02,33.362632751464844
2016-02-03,33.51448440551758
2016-02-04,33.594879150390625
2016-02-05,32.35328674316406
2016-02-08,31.540420532226562
2016-02-09,31.629743576049805
2016-02-10,31.04913330078125
2016-02-11,30.093364715576172
2016-02-12,30.647171020507812
2016-02-16,32.38900375366211
2016-02-17,33.16613006591797
2016-02-18,33.51448440551758
2016-02-19,34.12189483642578
2016-02-22,34.80076217651367
2016-02-23,34.70042419433594
2016-02-24,34.84375762939453
2016-02-25,35.13039016723633
2016-02-26,34.76314926147461
2016-02-29,35.452850341796875
2016-03-01,36.1425666809082
2016-03-02,35.64095687866211
2016-03-03,36.59041213989258
2016-03-04,36.57250213623047
2016-03-07,36.53668212890625
2016-03-08,36.22316360473633
2016-03-09,36.312744140625
2016-03-10,35.96342468261719
2016-03-11,36.402320861816406
2016-03-14,36.56354522705078
2016-03-15,36.92183303833008
2016-03-16,36.85914611816406
2016-03-17,36.63520431518555
2016-03-18,36.993499755859375
2016-03-21,36.841224670410156
2016-03-22,37.083072662353516
2016-03-23,36.429176330566406
2016-03-24,36.375450134277344
2016-03-28,36.4560661315918
2016-03-29,37.17264938354492
2016-03-30,37.181602478027344
2016-03-31,37.17264938354492
2016-04-01,37.40552520751953
2016-04-04,37.11891555786133
2016-04-05,36.95765686035156
2016-04-06,37.763824462890625
2016-04-07,37.315956115722656
2016-04-08,37.226383209228516
2016-04-11,37.280128479003906
2016-04-12,37.289085388183594
2016-04-13,37.835479736328125
2016-04-14,37.665287017822266
2016-04-15,37.68320846557617
2016-04-18,38.10419464111328
2016-04-19,38.39082717895508
2016-04-20,37.96088790893555
2016-04-21,37.78173828125
2016-04-22,37.70112991333008
2016-04-25,35.9813232421875
2016-04-26,36.56354522705078
2016-04-27,36.59938049316406
2016-04-28,35.936546325683594
2016-04-29,34.48545837402344
2016-05-02,34.42276382446289
2016-05-03,34.3421516418457
2016-05-04,36.42023849487305
2016-05-05,36.25899887084961
2016-05-06,36.294830322265625
2016-05-09,36.55458450317383
2016-05-10,37.244300842285156
2016-05-11,37.17264938354492
2016-05-12,37.280128479003906
2016-05-13,37.03828048706055
2016-05-16,37.70112991333008
2016-05-17,37.208473205566406
2016-05-18,37.692176818847656
2016-05-19,37.80860900878906
2016-05-20,38.23855209350586
2016-05-23,37.59020233154297
2016-05-24,37.59020233154297
2016-05-25,37.6889762878418
2016-05-26,37.59919357299805
2016-05-27,37.679988861083984
2016-05-31,38.21880340576172
2016-06-01,38.26369094848633
2016-06-02,38.299617767333984
2016-06-03,38.36248779296875
2016-06-06,38.129005432128906
2016-06-07,38.25471496582031
2016-06-08,38.613929748535156
2016-06-09,38.515140533447266
2016-06-10,38.443302154541016
2016-06-13,38.10206985473633
2016-06-14,38.10206985473633
2016-06-15,38.07511901855469
2016-06-16,36.638328552246094
2016-06-17,36.38688278198242
2016-06-20,36.93467712402344
2016-06-21,37.213035583496094
2016-06-22,37.150177001953125
2016-06-23,37.473453521728516
2016-06-24,35.641544342041016
2016-06-27,35.2823486328125
2016-06-28,35.596649169921875
2016-06-29,35.668487548828125
2016-06-30,35.99178695678711
2016-07-01,36.1893196105957
2016-07-05,35.78522872924805
2016-07-06,35.91094970703125
2016-07-07,35.884002685546875
2016-07-08,36.30605697631836
2016-07-11,36.73710632324219
2016-07-12,36.81791687011719
2016-07-13,36.79098129272461
2016-07-14,37.006500244140625
2016-07-15,37.042423248291016
2016-07-18,37.14120101928711
2016-07-19,37.383663177490234
2016-07-20,38.093074798583984
2016-07-21,38.048179626464844
2016-07-22,37.94940185546875
2016-07-25,38.2726936340332
2016-07-26,38.30860137939453
2016-07-27,38.26369094848633
2016-07-28,38.33553695678711
2016-07-29,38.551063537597656
2016-08-01,38.63187789916992
2016-08-02,38.28166198730469
2016-08-03,39.709476470947266
2016-08-04,39.78131103515625
2016-08-05,40.16745376586914
2016-08-08,40.400943756103516
2016-08-09,41.1732063293457
2016-08-10,41.03852081298828
2016-08-11,40.87687683105469
2016-08-12,40.67033767700195
2016-08-15,40.697265625
2016-08-16,40.04174041748047
2016-08-17,39.96990203857422
2016-08-18,40.320125579833984
2016-08-19,40.29316711425781
2016-08-22,40.47276306152344
2016-08-23,40.46198272705078
2016-08-24,40.46198272705078
2016-08-25,40.35395812988281
2016-08-26,39.8228645324707
2016-08-29,40.1289176940918
2016-08-30,40.35395812988281
2016-08-31,40.19192123413086
2016-09-01,39.930885314941406
2016-09-02,40.29995346069336
2016-09-06,40.51597213745117
2016-09-07,40.5519905090332
2016-09-08,40.27294921875
2016-09-09,39.3277702331543
2016-09-12,39.85886001586914
2016-09-13,39.498817443847656
2016-09-14,39.63383102416992
2016-09-15,40.173927307128906
2016-09-16,40.41696548461914
2016-09-19,41.08308410644531
2016-09-20,41.31711196899414
2016-09-21,41.902225494384766
2016-09-22,42.61335372924805
2016-09-23,41.6591796875
2016-09-26,41.05607604980469
2016-09-27,41.110084533691406
2016-09-28,41.110084533691406
2016-09-29,40.76802062988281
2016-09-30,41.16409683227539
2016-10-03,41.06508255004883
2016-10-04,41.335121154785156
2016-10-05,41.155086517333984
2016-10-06,40.966064453125
2016-10-07,40.60600280761719
2016-10-10,40.497982025146484
2016-10-11,39.84986114501953
2016-10-12,40.19192123413086
2016-10-13,40.209930419921875
2016-10-14,39.894874572753906
2016-10-17,39.777854919433594
2016-10-18,39.85886001586914
2016-10-19,39.75084686279297
2016-10-20,39.69683074951172
2016-10-21,39.87688064575195
2016-10-24,40.4439697265625
2016-10-25,40.29995346069336
2016-10-26,40.48897171020508
2016-10-27,40.3089485168457
2016-10-28,40.35395812988281
2016-10-31,40.42596435546875
2016-11-01,40.64200973510742
2016-11-02,39.48080062866211
2016-11-03,39.61582565307617
2016-11-04,39.36376953125
2016-11-07,40.759029388427734
2016-11-08,40.11991882324219
2016-11-09,40.03889846801758
2016-11-10,40.04790115356445
2016-11-11,41.848228454589844
2016-11-14,43.909568786621094
2016-11-15,44.28763961791992
2016-11-16,45.592857360839844
2016-11-17,46.772056579589844
2016-11-18,46.29498291015625
2016-11-21,46.60102844238281
2016-11-22,46.24887466430664
2016-11-23,46.375308990478516
2016-11-25,46.8087043762207
2016-11-28,46.682308197021484
2016-11-29,46.754539489746094
2016-11-30,46.26695251464844
2016-12-01,47.7116584777832
2016-12-02,47.7116584777832
2016-12-05,47.63040542602539
2016-12-06,48.20827865600586
2016-12-07,49.08414077758789
2016-12-08,50.02320098876953
2016-12-09,48.2443962097168
2016-12-12,47.901275634765625
2016-12-13,48.2353630065918
2016-12-14,47.93739700317383
2016-12-15,48.18119430541992
2016-12-16,47.72067642211914
2016-12-19,47.747772216796875
2016-12-20,48.2443962097168
2016-12-21,47.820011138916016
2016-12-22,46.96221923828125
2016-12-23,47.88321304321289
2016-12-27,48.13604736328125
2016-12-28,47.63942337036133
2016-12-29,47.57620620727539
2016-12-30,47.034446716308594
2017-01-03,46.53782653808594
2017-01-04,47.29631042480469
2017-01-05,46.83580780029297
2017-01-06,46.67327880859375
2017-01-09,46.203731536865234
2017-01-10,47.169891357421875
2017-01-11,47.820011138916016
2017-01-12,47.62136459350586
2017-01-13,48.054771423339844
2017-01-17,47.57620620727539
2017-01-18,47.33242416381836
2017-01-19,46.96221923828125
2017-01-20,46.97124099731445
2017-01-23,46.456565856933594
2017-01-24,46.682308197021484
2017-01-25,46.72743225097656
2017-01-26,46.70035934448242
2017-01-27,46.48366165161133
2017-01-30,46.08635711669922
2017-01-31,46.5107421875
2017-02-01,47.747772216796875
2017-02-02,47.68456268310547
2017-02-03,48.17216110229492
2017-02-06,48.21731185913086
2017-02-07,51.40471267700195
2017-02-08,51.61239242553711
2017-02-09,52.64173889160156
2017-02-10,53.01194381713867
2017-02-13,53.508567810058594
2017-02-14,53.61692428588867
2017-02-15,53.49953079223633
2017-02-16,53.12029266357422
2017-02-17,54.16773223876953
2017-02-21,53.851688385009766
2017-02-22,54.241004943847656
2017-02-23,53.706825256347656
2017-02-24,53.76115036010742
2017-02-27,53.78831481933594
2017-02-28,53.32657241821289
2017-03-01,54.12329864501953
2017-03-02,54.023704528808594
2017-03-03,53.724937438964844
2017-03-06,53.85167694091797
2017-03-07,53.85167694091797
2017-03-08,53.56195831298828
2017-03-09,53.9059944152832
2017-03-10,53.59818649291992
2017-03-13,53.66157531738281
2017-03-14,53.79736328125
2017-03-15,54.36775207519531
2017-03-16,54.86571502685547
2017-03-17,54.648414611816406
2017-03-20,54.07802963256836
2017-03-21,52.466461181640625
2017-03-22,52.56605529785156
2017-03-23,52.593223571777344
2017-03-24,52.1767463684082
2017-03-27,51.552032470703125
2017-03-28,51.479610443115234
2017-03-29,51.58824157714844
2017-03-30,51.950408935546875
2017-03-31,52.249176025390625
2017-04-03,52.194862365722656
2017-04-04,52.42120361328125
2017-04-05,51.859859466552734
2017-04-06,52.48457717895508
2017-04-07,52.45741271972656
2017-04-10,52.185794830322266
2017-04-11,52.07714080810547
2017-04-12,51.34379196166992
2017-04-13,51.407169342041016
2017-04-17,51.733116149902344
2017-04-18,51.9685173034668
2017-04-19,52.194862365722656
2017-04-20,52.67469787597656
2017-04-21,52.29443359375
2017-04-24,53.22697830200195
2017-04-25,53.71588134765625
2017-04-26,54.07802963256836
2017-04-27,54.15046310424805
2017-04-28,53.498592376708984
2017-05-01,53.65250015258789
2017-05-02,53.45332717895508
2017-05-03,53.23604202270508
2017-05-04,53.56195831298828
2017-05-05,53.19981384277344
2017-05-08,53.44426727294922
2017-05-09,53.85167694091797
2017-05-10,54.10519027709961
2017-05-11,54.241004943847656
2017-05-12,53.17265701293945
2017-05-15,53.42616271972656
2017-05-16,53.93317794799805
2017-05-17,53.27224349975586
2017-05-18,51.1536750793457
2017-05-19,51.687843322753906
2017-05-22,52.01377487182617
2017-05-23,52.35877990722656
2017-05-24,53.094173431396484
2017-05-25,53.920372009277344
2017-05-26,53.86589813232422
2017-05-30,53.9022102355957
2017-05-31,54.63762283325195
2017-06-01,55.49104309082031
2017-06-02,55.59999084472656
2017-06-05,55.59999084472656
2017-06-06,55.73617172241211
2017-06-07,56.30815887451172
2017-06-08,56.871055603027344
2017-06-09,55.19144821166992
2017-06-12,55.36394500732422
2017-06-13,55.89052963256836
2017-06-14,55.98130798339844
2017-06-15,56.344478607177734
2017-06-16,56.23553466796875
2017-06-19,56.77117919921875
2017-06-20,57.09804153442383
2017-06-21,56.98908996582031
2017-06-22,57.35224533081055
2017-06-23,59.21345520019531
2017-06-26,58.695953369140625
2017-06-27,57.107120513916016
2017-06-28,57.57014465332031
2017-06-29,57.07987976074219
2017-06-30,56.77117919921875
2017-07-03,56.98000717163086
2017-07-05,57.18882751464844
2017-07-06,55.590919494628906
2017-07-07,56.61684799194336
2017-07-10,56.86198043823242
2017-07-11,57.40671920776367
2017-07-12,57.6064567565918
2017-07-13,57.51566696166992
2017-07-14,57.706336975097656
2017-07-17,57.85159683227539
2017-07-18,57.73356628417969
2017-07-19,58.16028594970703
2017-07-20,57.806209564208984
2017-07-21,57.67002487182617
2017-07-24,57.66093444824219
2017-07-25,57.924224853515625
2017-07-26,58.042259216308594
2017-07-27,57.524749755859375
2017-07-28,57.53382873535156
2017-07-31,57.58829879760742
2017-08-01,58.07857894897461
2017-08-02,57.942386627197266
2017-08-03,58.4235725402832
2017-08-04,57.470272064208984
2017-08-07,57.93331527709961
2017-08-08,57.95146179199219
2017-08-09,57.11619567871094
2017-08-10,55.18236541748047
2017-08-11,55.43657302856445
2017-08-14,56.471580505371094
2017-08-15,55.99946975708008
2017-08-16,56.17197799682617
2017-08-17,55.78157424926758
2017-08-18,54.82827377319336
2017-08-21,54.683013916015625
2017-08-22,55.19144821166992
2017-08-23,55.6010856628418
2017-08-24,55.91968536376953
2017-08-25,56.575096130371094
2017-08-28,55.86507034301758
2017-08-29,56.05622100830078
2017-08-30,56.811771392822266
2017-08-31,57.731178283691406
2017-09-01,56.50226974487305
2017-09-05,54.95476150512695
2017-09-06,54.490501403808594
2017-09-07,53.98983383178711
2017-09-08,53.671241760253906
2017-09-11,54.56333541870117
2017-09-12,55.09130859375
2017-09-13,55.81044387817383
2017-09-14,56.13814163208008
2017-09-15,56.33841323852539
2017-09-18,57.166786193847656
2017-09-19,57.212303161621094
2017-09-20,57.17588424682617
2017-09-21,57.05754470825195
2017-09-22,58.44119644165039
2017-09-25,57.986053466796875
2017-09-26,58.805320739746094
2017-09-27,59.369712829589844
2017-09-28,60.28002166748047
2017-09-29,60.079750061035156
2017-10-02,62.19164276123047
2017-10-03,62.67410659790039
2017-10-04,63.44786071777344
2017-10-05,63.07463455200195
2017-10-06,63.39324951171875
2017-10-09,63.9758415222168
2017-10-10,63.99403762817383
2017-10-11,62.8470458984375
2017-10-12,62.765140533447266
2017-10-13,61.97316360473633
2017-10-16,62.16435241699219
2017-10-17,62.39191436767578
2017-10-18,62.492042541503906
2017-10-19,62.25536346435547
2017-10-20,63.37504196166992
2017-10-23,63.320404052734375
2017-10-24,63.68453598022461
2017-10-25,62.95629119873047
2017-10-26,63.083744049072266
2017-10-27,63.35682678222656
2017-10-30,63.09284591674805
2017-10-31,63.72092819213867
2017-11-01,62.737815856933594
2017-11-02,63.72092819213867
2017-11-03,63.757362365722656
2017-11-06,63.90298080444336
2017-11-07,62.218971252441406
2017-11-08,61.7637939453125
2017-11-09,61.13568878173828
2017-11-10,61.226722717285156
2017-11-13,61.66365432739258
2017-11-14,61.1447868347168
2017-11-15,59.86127471923828
2017-11-16,60.46208190917969
2017-11-17,60.17987060546875
2017-11-20,60.76247024536133
2017-11-21,60.452980041503906
2017-11-22,60.54428482055664
2017-11-24,60.60822677612305
2017-11-27,60.68125915527344
2017-11-28,63.39341735839844
2017-11-29,62.92769241333008
2017-11-30,63.93220520019531
2017-12-01,63.13772964477539
2017-12-04,64.0509262084961
2017-12-05,63.38429260253906
2017-12-06,62.48937225341797
2017-12-07,63.028133392333984
2017-12-08,63.70393371582031
2017-12-11,64.16963958740234
2017-12-12,64.09656524658203
2017-12-13,63.55780792236328
2017-12-14,61.731414794921875
2017-12-15,62.50762939453125
2017-12-18,63.99614715576172
2017-12-19,63.94133377075195
2017-12-20,64.28836822509766
2017-12-21,63.092063903808594
2017-12-22,63.192527770996094
2017-12-26,63.00074768066406
2017-12-27,63.55780792236328
2017-12-28,63.840904235839844
2017-12-29,63.45735168457031
2018-01-02,63.70393371582031
2018-01-03,65.56682586669922
2018-01-04,66.7174301147461
2018-01-05,66.60784912109375
2018-01-08,66.70831298828125
2018-01-09,66.53478240966797
2018-01-10,66.05995178222656
2018-01-11,66.41607666015625
2018-01-12,66.55303955078125
2018-01-16,65.88639831542969
2018-01-17,67.10096740722656
2018-01-18,67.38404846191406
2018-01-19,68.68077087402344
2018-01-22,68.49813079833984
2018-01-23,69.03693389892578
2018-01-24,68.52555847167969
2018-01-25,68.82687377929688
2018-01-26,69.10997009277344
2018-01-29,69.21956634521484
2018-01-30,68.4798812866211
2018-01-31,68.29723358154297
2018-02-01,69.85881042480469
2018-02-02,69.32913208007812
2018-02-05,67.40231323242188
2018-02-06,66.88179779052734
2018-02-07,62.461971282958984
2018-02-08,63.05556869506836
2018-02-09,63.13772964477539
2018-02-12,62.37977600097656
2018-02-13,63.3477783203125
2018-02-14,64.27007293701172
2018-02-15,65.12849426269531
2018-02-16,65.25631713867188
2018-02-20,64.75408172607422
2018-02-21,64.9549789428711
2018-02-22,65.26545715332031
2018-02-23,65.97985076904297
2018-02-26,67.3353500366211
2018-02-27,67.30785369873047
2018-02-28,66.79496765136719
2018-03-01,66.0164794921875
2018-03-02,66.9873046875
2018-03-05,67.72002410888672
2018-03-06,67.87571716308594
2018-03-07,68.30618286132812
2018-03-08,66.9873046875
2018-03-09,68.1230239868164
2018-03-12,68.98391723632812
2018-03-13,69.2861557006836
2018-03-14,69.08466339111328
2018-03-15,68.35196685791016
2018-03-16,69.45101165771484
2018-03-19,67.75665283203125
2018-03-20,68.8831787109375
2018-03-21,68.49848937988281
2018-03-22,67.08807373046875
2018-03-23,64.02903747558594
2018-03-26,65.55854034423828
2018-03-27,64.30377960205078
2018-03-28,64.0473403930664
2018-03-29,64.39537048339844
2018-04-02,63.04901123046875
2018-04-03,63.40621566772461
2018-04-04,63.72677993774414
2018-04-05,63.85500717163086
2018-04-06,62.23390197753906
2018-04-09,62.69183349609375
2018-04-10,64.22136688232422
2018-04-11,63.955753326416016
2018-04-12,64.1755599975586
2018-04-13,63.73593521118164
2018-04-16,64.70677185058594
2018-04-17,65.4486083984375
2018-04-18,66.04395294189453
2018-04-19,66.4286117553711
2018-04-20,65.51274871826172
2018-04-23,65.58604431152344
2018-04-24,64.7892074584961
2018-04-25,65.14640045166016
2018-04-26,65.17386627197266
2018-04-27,65.58604431152344
2018-04-30,65.2929458618164
2018-05-01,66.2821044921875
2018-05-02,69.66167449951172
2018-05-03,68.2328872680664
2018-05-04,69.16708374023438
2018-05-07,69.94559478759766
2018-05-08,70.1470947265625
2018-05-09,71.15457153320312
2018-05-10,71.63082885742188
2018-05-11,72.02464294433594
2018-05-14,71.75904846191406
2018-05-15,71.53005981445312
2018-05-16,72.02464294433594
2018-05-17,72.27195739746094
2018-05-18,72.1253662109375
2018-05-21,73.14201354980469
2018-05-22,72.34520721435547
2018-05-23,73.42594909667969
2018-05-24,73.74732208251953
2018-05-25,74.09626770019531
2018-05-29,74.2799301147461
2018-05-30,74.74827575683594
2018-05-31,73.50859832763672
2018-06-01,74.38095092773438
2018-06-04,74.71153259277344
2018-06-05,77.32865142822266
2018-06-06,78.09998321533203
2018-06-07,77.75104522705078
2018-06-08,77.78778076171875
2018-06-11,77.6959457397461
2018-06-12,77.51229858398438
2018-06-13,76.93376922607422
2018-06-14,76.98886108398438
2018-06-15,78.48567199707031
2018-06-18,78.09081268310547
2018-06-19,77.79695129394531
2018-06-20,77.402099609375
2018-06-21,77.19090270996094
2018-06-22,76.92457580566406
2018-06-25,75.63899230957031
2018-06-26,75.65736389160156
2018-06-27,74.26158905029297
2018-06-28,75.0421142578125
2018-06-29,74.18810272216797
2018-07-02,75.72164916992188
2018-07-03,75.45536041259766
2018-07-05,75.0696792602539
2018-07-06,76.13485717773438
2018-07-09,76.75932312011719
2018-07-10,77.42047882080078
2018-07-11,77.14498901367188
2018-07-12,78.1458969116211
2018-07-13,78.31119537353516
2018-07-16,77.9990005493164
2018-07-17,79.13764953613281
2018-07-18,80.0559310913086
2018-07-19,80.23960876464844
2018-07-20,79.3488540649414
2018-07-23,79.45904541015625
2018-07-24,78.1458969116211
2018-07-25,78.86214447021484
2018-07-26,79.67027282714844
2018-07-27,77.75104522705078
2018-07-30,76.75010681152344
2018-07-31,77.21845245361328
2018-08-01,77.03477478027344
2018-08-02,80.11103057861328
2018-08-03,78.2652816772461
2018-08-06,78.64179229736328
2018-08-07,78.95401000976562
2018-08-08,78.2560806274414
2018-08-09,78.68769073486328
2018-08-10,77.73267364501953
2018-08-13,77.83367919921875
2018-08-14,78.84380340576172
2018-08-15,78.2652816772461
2018-08-16,78.83465576171875
2018-08-17,78.95401000976562
2018-08-20,78.94482421875
2018-08-21,79.29376983642578
2018-08-22,78.91726684570312
2018-08-23,79.46959686279297
2018-08-24,79.89303588867188
2018-08-27,80.67549896240234
2018-08-28,81.11734771728516
2018-08-29,81.32905578613281
2018-08-30,80.66626739501953
2018-08-31,80.60185241699219
2018-09-04,80.73990631103516
2018-09-05,80.2152099609375
2018-09-06,80.51899719238281
2018-09-07,80.69389343261719
2018-09-10,81.45793151855469
2018-09-11,82.55335998535156
2018-09-12,81.90899658203125
2018-09-13,82.30482482910156
2018-09-14,82.98602294921875
2018-09-17,81.8261489868164
2018-09-18,82.17594146728516
2018-09-19,81.97343444824219
2018-09-20,82.02867889404297
2018-09-21,82.00103759765625
2018-09-24,81.90899658203125
2018-09-25,82.09312438964844
2018-09-26,81.6052017211914
2018-09-27,81.37511444091797
2018-09-28,81.85375213623047
2018-10-01,80.97925567626953
2018-10-02,80.51899719238281
2018-10-03,81.28302001953125
2018-10-04,79.53402709960938
2018-10-05,78.86203002929688
2018-10-08,77.0946044921875
2018-10-09,77.75740051269531
2018-10-10,74.88531494140625
2018-10-11,73.98320770263672
2018-10-12,75.82427215576172
2018-10-15,75.33638000488281
2018-10-16,77.74818420410156
2018-10-17,77.24189758300781
2018-10-18,76.6895751953125
2018-10-19,74.2869873046875
2018-10-22,75.62174224853516
2018-10-23,76.5514907836914
2018-10-24,74.07524871826172
2018-10-25,74.58155822753906
2018-10-26,73.33882141113281
2018-10-29,72.40910339355469
2018-10-30,73.88196563720703
2018-10-31,82.8571548461914
2018-11-01,82.1391372680664
2018-11-02,81.04367065429688
2018-11-05,80.73990631103516
2018-11-06,81.02527618408203
2018-11-07,83.03203582763672
2018-11-08,84.44047546386719
2018-11-09,83.84213256835938
2018-11-12,82.1023178100586
2018-11-13,82.51654815673828
2018-11-14,80.29806518554688
2018-11-15,81.52234649658203
2018-11-16,82.33243560791016
2018-11-19,80.87798309326172
2018-11-20,79.1657943725586
2018-11-21,79.83780670166016
2018-11-23,81.16326904296875
2018-11-26,82.89978790283203
2018-11-27,81.99457550048828
2018-11-28,84.14673614501953
2018-11-29,85.3382797241211
2018-11-30,85.60614013671875
2018-12-03,88.64502716064453
2018-12-04,86.68684387207031
2018-12-06,88.24784851074219
2018-12-07,84.49772644042969
2018-12-10,83.7033462524414
2018-12-11,83.86041259765625
2018-12-12,84.5623779296875
2018-12-13,82.9552230834961
2018-12-14,81.01549530029297
2018-12-17,78.26292419433594
2018-12-18,78.54928588867188
2018-12-19,77.819580078125
2018-12-20,74.42967224121094
2018-12-21,71.40925598144531
2018-12-24,69.58039093017578
2018-12-26,73.58912658691406
2018-12-27,73.39515686035156
2018-12-28,73.66304016113281
2018-12-31,74.86382293701172
2019-01-02,73.12732696533203
2019-01-03,71.24301147460938
2019-01-04,71.93575286865234
2019-01-07,71.64942169189453
2019-01-08,74.14334106445312
2019-01-09,75.1224365234375
2019-01-10,75.6858901977539
2019-01-11,74.43891906738281
2019-01-14,73.19194030761719
2019-01-15,74.3465576171875
2019-01-16,74.3835220336914
2019-01-17,74.59595489501953
2019-01-18,75.45496368408203
2019-01-22,74.19878387451172
2019-01-23,75.17786407470703
2019-01-24,74.96542358398438
2019-01-25,75.704345703125
2019-01-28,75.80595397949219
2019-01-29,75.66738891601562
2019-01-30,76.64651489257812
2019-01-31,76.91433715820312
2019-02-01,77.17298889160156
2019-02-04,77.76415252685547
2019-02-05,79.0018539428711
2019-02-06,78.87255096435547
2019-02-07,84.12825775146484
2019-02-08,83.41702270507812
2019-02-11,83.60177612304688
2019-02-12,85.64309692382812
2019-02-13,85.63385772705078
2019-02-14,86.68684387207031
2019-02-15,87.60127258300781
2019-02-19,87.4534912109375
2019-02-20,87.55509948730469
2019-02-21,87.74906921386719
2019-02-22,88.71733093261719
2019-02-25,88.55056762695312
2019-02-26,88.2725601196289
2019-02-27,87.9668197631836
2019-02-28,86.99394226074219
2019-03-01,87.86490631103516
2019-03-04,87.33675384521484
2019-03-05,86.94758605957031
2019-03-06,86.36387634277344
2019-03-07,84.9925765991211
2019-03-08,85.52071380615234
2019-03-11,87.75369262695312
2019-03-12,88.93968963623047
2019-03-13,89.84771728515625
2019-03-14,89.52342224121094
2019-03-15,90.63526153564453
2019-03-18,89.90328979492188
2019-03-19,90.38512420654297
2019-03-20,90.03300476074219
2019-03-21,91.3394546508789
2019-03-22,88.8284912109375
2019-03-25,88.63392639160156
2019-03-26,88.67098236083984
2019-03-27,87.28115844726562
2019-03-28,88.12431335449219
2019-03-29,89.2917709350586
2019-04-01,91.37653350830078
2019-04-02,91.97877502441406
2019-04-03,93.1184310913086
2019-04-04,93.17402648925781
2019-04-05,93.38712310791016
2019-04-08,94.49897766113281
2019-04-09,94.48045349121094
2019-04-10,96.4076919555664
2019-04-11,98.86306762695312
2019-04-12,99.14102172851562
2019-04-15,100.1972885131836
2019-04-16,99.77108764648438
2019-04-17,97.46398162841797
2019-04-18,97.64927673339844
2019-04-22,97.21380615234375
2019-04-23,98.30711364746094
2019-04-24,98.56655883789062
2019-04-25,97.5195541381836
2019-04-26,97.5566177368164
2019-04-29,97.16748046875
2019-04-30,97.8438491821289
2019-05-01,99.47456359863281
2019-05-02,99.80814361572266
2019-05-03,101.07752227783203
2019-05-06,101.04045104980469
2019-05-07,98.92791748046875
2019-05-08,97.88092803955078
2019-05-09,97.64927673339844
2019-05-10,98.72408294677734
2019-05-13,94.54532623291016
2019-05-14,95.67572784423828
2019-05-15,96.4632797241211
2019-05-16,98.05695343017578
2019-05-17,96.6763916015625
2019-05-20,96.6671371459961
2019-05-21,98.51094818115234
2019-05-22,98.29784393310547
2019-05-23,95.050537109375
2019-05-24,95.87747192382812
2019-05-28,95.68232727050781
2019-05-29,95.67306518554688
2019-05-30,95.24565124511719
2019-05-31,91.46407318115234
2019-06-03,92.31887817382812
2019-06-04,95.21778869628906
2019-06-05,95.86819458007812
2019-06-06,96.83448791503906
2019-06-07,97.42911529541016
2019-06-10,98.84140014648438
2019-06-11,98.34896087646484
2019-06-12,97.90298461914062
2019-06-13,98.59054565429688
2019-06-14,96.8530502319336
2019-06-17,96.82518768310547
2019-06-18,96.7508316040039
2019-06-19,97.57777404785156
2019-06-20,100.44881439208984
2019-06-21,100.89480590820312
2019-06-24,99.91920471191406
2019-06-25,99.8541488647461
2019-06-26,100.91337585449219
2019-06-27,102.5765380859375
2019-06-28,103.13401794433594
2019-07-01,104.55558013916016
2019-07-02,104.74140930175781
2019-07-03,105.49400329589844
2019-07-05,105.72630310058594
2019-07-08,102.5765380859375
2019-07-09,104.769287109375
2019-07-10,104.49053955078125
2019-07-11,105.52190399169922
2019-07-12,107.98410034179688
2019-07-15,107.70536041259766
2019-07-16,106.25588989257812
2019-07-17,105.43826293945312
2019-07-18,104.44409942626953
2019-07-19,104.53700256347656
2019-07-22,104.35116577148438
2019-07-23,105.60552215576172
2019-07-24,105.54976654052734
2019-07-25,106.11653900146484
2019-07-26,106.33023071289062
2019-07-29,104.90865325927734
2019-07-30,105.53118896484375
2019-07-31,109.78661346435547
2019-08-01,110.12112426757812
2019-08-02,108.09557342529297
2019-08-05,99.909912109375
2019-08-06,100.66249084472656
2019-08-07,100.95053100585938
2019-08-08,104.71355438232422
2019-08-09,106.59967041015625
2019-08-12,104.39762115478516
2019-08-13,105.31747436523438
2019-08-14,102.21414947509766
2019-08-15,101.01557922363281
2019-08-16,103.7751235961914
2019-08-19,106.20945739746094
2019-08-20,105.6705551147461
2019-08-21,107.66818237304688
2019-08-22,108.2628402709961
2019-08-23,104.54151916503906
2019-08-26,105.04452514648438
2019-08-27,104.86754608154297
2019-08-28,104.07576751708984
2019-08-29,106.84231567382812
2019-08-30,107.58751678466797
2019-09-03,108.07189178466797
2019-09-04,109.97212982177734
2019-09-05,110.35404205322266
2019-09-06,110.27952575683594
2019-09-09,109.4598159790039
2019-09-10,103.86154174804688
2019-09-11,105.081787109375
2019-09-12,106.48835754394531
2019-09-13,104.05713653564453
2019-09-16,105.25878143310547
2019-09-17,106.00398254394531
2019-09-18,112.13319396972656
2019-09-19,113.4559097290039
2019-09-20,112.7666015625
2019-09-23,111.16443634033203
2019-09-24,110.5310287475586
2019-09-25,113.19508361816406
2019-09-26,114.94629669189453
2019-09-27,113.44659423828125
2019-09-30,114.79725646972656
2019-10-01,112.82250213623047
2019-10-02,111.61155700683594
2019-10-03,111.48114776611328
2019-10-04,114.01480865478516
2019-10-07,114.68550109863281
2019-10-08,114.56439208984375
2019-10-09,113.4559097290039
2019-10-10,114.14522552490234
2019-10-11,115.88712310791016
2019-10-14,114.88111877441406
2019-10-15,114.9090347290039
2019-10-16,115.19780731201172
2019-10-17,115.47726440429688
2019-10-18,115.42138671875
2019-10-21,115.56109619140625
2019-10-22,114.02413177490234
2019-10-23,114.61097717285156
2019-10-24,115.92436981201172
2019-10-25,116.30628204345703
2019-10-28,117.35887145996094
2019-10-29,117.53585052490234
2019-10-30,118.65364074707031
2019-10-31,119.14733123779297
2019-11-01,122.21195220947266
2019-11-04,122.77083587646484
2019-11-05,126.50613403320312
2019-11-06,123.85140228271484
2019-11-07,123.82340240478516
2019-11-08,124.37300872802734
2019-11-11,124.92259216308594
2019-11-12,124.65247344970703
2019-11-13,126.19873046875
2019-11-14,123.72099304199219
2019-11-15,127.1954574584961
2019-11-18,128.21078491210938
2019-11-19,128.35980224609375
2019-11-20,128.26669311523438
2019-11-21,128.1641845703125
2019-11-22,127.44495391845703
2019-11-25,128.92079162597656
2019-11-26,127.9587173461914
2019-11-27,127.45429229736328
2019-11-29,126.14661407470703
2019-12-02,125.24057006835938
2019-12-03,124.36249542236328
2019-12-04,126.40814971923828
2019-12-05,125.55814361572266
2019-12-06,127.65047454833984
2019-12-09,125.48340606689453
2019-12-10,126.8004379272461
2019-12-11,126.71638488769531
2019-12-12,127.78120422363281
2019-12-13,128.68727111816406
2019-12-16,131.41477966308594
2019-12-17,130.1724395751953
2019-12-18,131.3494110107422
2019-12-19,132.87188720703125
2019-12-20,134.4318084716797
2019-12-23,133.45108032226562
2019-12-24,133.54443359375
2019-12-26,135.09500122070312
2019-12-27,134.4691925048828
2019-12-30,133.366943359375
2019-12-31,133.4230499267578
2020-01-02,134.39443969726562
2020-01-03,132.77853393554688
2020-01-06,131.77906799316406
2020-01-07,131.629638671875
2020-01-08,131.43345642089844
2020-01-09,132.6104278564453
2020-01-10,132.9746551513672
2020-01-13,133.8994140625
2020-01-14,134.4691925048828
2020-01-15,135.0670166015625
2020-01-16,134.693359375
2020-01-17,127.82791137695312
2020-01-21,127.10871124267578
2020-01-22,127.57576751708984
2020-01-23,129.583984375
2020-01-24,128.8273468017578
2020-01-27,125.0444107055664
2020-01-28,126.52957153320312
2020-01-29,125.9691390991211
2020-01-30,125.007080078125
2020-01-31,121.84989166259766
2020-02-03,124.12899017333984
2020-02-04,127.17406463623047
2020-02-05,127.07135772705078
2020-02-06,125.76361083984375
2020-02-07,123.91417694091797
2020-02-10,125.15646362304688
2020-02-11,127.00597381591797
2020-02-12,127.58507537841797
2020-02-13,128.22959899902344
2020-02-14,129.17300415039062
2020-02-18,125.97850036621094
2020-02-19,127.62245178222656
2020-02-20,129.1262969970703
2020-02-21,125.08179473876953
2020-02-24,121.34419250488281
2020-02-25,117.23194122314453
2020-02-26,116.94154357910156
2020-02-27,108.73579406738281
2020-02-28,106.99346160888672
2020-03-02,112.38904571533203
2020-03-03,108.29552459716797
2020-03-04,111.64903259277344
2020-03-05,106.60942077636719
2020-03-06,104.5205078125
2020-03-09,91.99639892578125
2020-03-10,97.5043716430664
2020-03-11,96.36157989501953
2020-03-12,85.68283081054688
2020-03-13,94.89090728759766
2020-03-16,81.4675521850586
2020-03-17,81.7579116821289
2020-03-18,79.05077362060547
2020-03-19,82.68528747558594
2020-03-20,74.5263671875
2020-03-23,80.18421936035156
2020-03-24,87.8935317993164
2020-03-25,86.09500122070312
2020-03-26,94.66609954833984
2020-03-27,87.81859588623047
2020-03-30,90.77865600585938
2020-03-31,87.36894989013672
2020-04-01,83.2098617553711
2020-04-02,82.40425872802734
2020-04-03,81.39261627197266
2020-04-06,89.77633666992188
2020-04-07,92.38983154296875
2020-04-08,95.79953002929688
2020-04-09,99.5370864868164
2020-04-13,97.30765533447266
2020-04-14,99.99607849121094
2020-04-15,97.12031555175781
2020-04-16,97.65426635742188
2020-04-17,101.93513488769531
2020-04-20,98.9188461303711
2020-04-21,92.59590911865234
2020-04-22,95.30306243896484
2020-04-23,94.478759765625
2020-04-24,98.14134979248047
2020-04-27,99.55581665039062
2020-04-28,100.34268188476562
2020-04-29,104.24884796142578
2020-04-30,103.78984832763672
2020-05-01,100.0616683959961
2020-05-04,101.3449935913086
2020-05-05,103.03108215332031
2020-05-06,100.01482391357422
2020-05-07,99.92113494873047
2020-05-08,101.67280578613281
2020-05-11,98.32869720458984
2020-05-12,95.52787017822266
2020-05-13,91.8090591430664
2020-05-14,93.39213562011719
2020-05-15,91.62171936035156
2020-05-18,99.77127075195312
2020-05-19,99.28417205810547
2020-05-20,102.31919860839844
2020-05-21,100.77757263183594
2020-05-22,99.39578247070312
2020-05-26,101.52957153320312
2020-05-27,103.71978759765625
2020-05-28,103.07118225097656
2020-05-29,104.25557708740234
2020-06-01,105.19558715820312
2020-06-02,106.4739761352539
2020-06-03,108.18478393554688
2020-06-04,109.74518585205078
2020-06-05,117.81980895996094
2020-06-08,120.59278869628906
2020-06-09,116.94560241699219
2020-06-10,114.4075927734375
2020-06-11,103.90778350830078
2020-06-12,107.25419616699219
2020-06-15,107.06616973876953
2020-06-16,112.20799255371094
2020-06-17,110.14938354492188
2020-06-18,110.20579528808594
2020-06-19,109.93318939208984
2020-06-22,109.21879577636719
2020-06-23,108.9931869506836
2020-06-24,104.80078125
2020-06-25,105.69380950927734
2020-06-26,101.98078155517578
2020-06-29,107.16019439697266
2020-06-30,109.20938110351562
2020-07-01,108.59840393066406
2020-07-02,110.0835952758789
2020-07-06,110.49720001220703
2020-07-07,107.21659088134766
2020-07-08,106.57738494873047
2020-07-09,105.75959014892578
2020-07-10,107.0097885131836
2020-07-13,105.82538604736328
2020-07-14,107.53617858886719
2020-07-15,110.63819885253906
2020-07-16,109.69820404052734
2020-07-17,111.39962005615234
2020-07-20,111.0893783569336
2020-07-21,109.98016357421875
2020-07-22,111.93539428710938
2020-07-23,111.66279602050781
2020-07-24,107.68658447265625
2020-07-27,109.32218933105469
2020-07-28,107.01917266845703
2020-07-29,108.70178985595703
2020-07-30,108.74878692626953
2020-07-31,109.27518463134766
2020-08-03,110.41261291503906
2020-08-04,112.34900665283203
2020-08-05,109.74518585205078
2020-08-06,107.90278625488281
2020-08-07,107.88397979736328
2020-08-10,106.22018432617188
2020-08-11,110.17759704589844
2020-08-12,109.61358642578125
2020-08-13,107.70539093017578
2020-08-14,106.70897674560547
2020-08-17,106.80299377441406
2020-08-18,104.3213882446289
2020-08-19,105.27078247070312
2020-08-20,105.58097076416016
2020-08-21,104.48118591308594
2020-08-24,105.91490173339844
2020-08-25,105.7828369140625
2020-08-26,104.85845184326172
2020-08-27,108.32009887695312
2020-08-28,108.79173278808594
2020-08-31,107.19768524169922
2020-09-01,106.19784545898438
2020-09-02,110.85739135742188
2020-09-03,105.80169677734375
2020-09-04,107.76360321044922
2020-09-08,105.37725830078125
2020-09-09,104.27367401123047
2020-09-10,103.83035278320312
2020-09-11,104.99994659423828
2020-09-14,106.72608184814453
2020-09-15,107.6976089477539
2020-09-16,107.44291687011719
2020-09-17,107.74476623535156
2020-09-18,106.41478729248047
2020-09-21,102.63245391845703
2020-09-22,103.91526794433594
2020-09-23,103.0097427368164
2020-09-24,104.16048431396484
2020-09-25,106.33934783935547
2020-09-28,109.88587951660156
2020-09-29,111.40447235107422
2020-09-30,112.74384307861328
2020-10-01,116.48844909667969
2020-10-02,116.47901153564453
2020-10-05,118.73332214355469
2020-10-06,116.08285522460938
2020-10-07,118.78050231933594
2020-10-08,119.03516387939453
2020-10-09,118.83708190917969
2020-10-12,122.62886047363281
2020-10-13,122.55338287353516
2020-10-14,122.16668701171875
2020-10-15,122.4307632446289
2020-10-16,123.20423889160156
2020-10-19,121.54414367675781
2020-10-20,121.97801971435547
2020-10-21,121.52526092529297
2020-10-22,122.0912094116211
2020-10-23,122.61942291259766
2020-10-26,118.53524780273438
2020-10-27,116.28092956542969
2020-10-28,111.9892807006836
2020-10-29,114.08322143554688
2020-10-30,115.6395492553711
2020-11-02,119.27098846435547
2020-11-03,123.2985610961914
2020-11-04,126.25084686279297
2020-11-05,130.33499145507812
2020-11-06,130.21238708496094
2020-11-09,135.77743530273438
2020-11-10,129.72195434570312
2020-11-11,130.82550048828125
2020-11-12,127.86375427246094
2020-11-13,129.7785186767578
2020-11-16,131.18394470214844
2020-11-17,129.01449584960938
2020-11-18,128.02410888671875
2020-11-19,125.24160766601562
2020-11-20,124.45872497558594
2020-11-23,123.77015686035156
2020-11-24,129.44680786132812
2020-11-25,124.82978820800781
2020-11-27,125.10417175292969
2020-11-30,123.45795440673828
2020-12-01,124.90547943115234
2020-12-02,124.13916015625
2020-12-03,124.17697143554688
2020-12-04,126.30571746826172
2020-12-07,125.77592468261719
2020-12-08,125.77592468261719
2020-12-09,124.83929443359375
2020-12-10,124.61219787597656
2020-12-11,123.65663146972656
2020-12-14,124.63113403320312
2020-12-15,125.67182159423828
2020-12-16,125.1325454711914
2020-12-17,127.95196533203125
2020-12-18,127.12882995605469
2020-12-21,123.93097686767578
2020-12-22,123.70391845703125
2020-12-23,122.85243225097656
2020-12-24,122.2658462524414
2020-12-28,123.99720764160156
2020-12-29,122.49291229248047
2020-12-30,122.9943618774414
2020-12-31,124.68785858154297
2021-01-04,120.30738067626953
2021-01-05,120.95074462890625
2021-01-06,121.95364379882812
2021-01-07,124.85820007324219
2021-01-08,127.33699798583984
2021-01-11,126.4476547241211
2021-01-12,127.1761703491211
2021-01-13,127.67761993408203
2021-01-14,127.53571319580078
2021-01-15,126.45712280273438
2021-01-19,125.80429077148438
2021-01-20,128.8129425048828
2021-01-21,130.25106811523438
2021-01-22,128.0276336669922
2021-01-25,127.94251251220703
2021-01-26,127.00586700439453
2021-01-27,125.85159301757812
2021-01-28,127.2518310546875
2021-01-29,124.56488800048828
2021-02-01,130.7146453857422
2021-02-02,133.81784057617188
2021-02-03,133.39212036132812
2021-02-04,141.89764404296875
2021-02-05,142.8343048095703
2021-02-08,142.28550720214844
2021-02-09,143.39248657226562
2021-02-10,148.8610076904297
2021-02-11,148.45419311523438
2021-02-12,147.02554321289062
2021-02-16,147.52699279785156
2021-02-17,149.3529510498047
2021-02-18,148.2081756591797
2021-02-19,152.08726501464844
2021-02-22,150.7343292236328
2021-02-23,148.70962524414062
2021-02-24,153.7557830810547
2021-02-25,148.81398010253906
2021-02-26,148.81398010253906
2021-03-01,152.3045196533203
2021-03-02,149.01316833496094
2021-03-03,147.6472930908203
2021-03-04,143.64454650878906
2021-03-05,146.52801513671875
2021-03-08,147.15406799316406
2021-03-09,146.5185089111328
2021-03-10,148.38717651367188
2021-03-11,151.75439453125
2021-03-12,151.82078552246094
2021-03-15,152.96853637695312
2021-03-16,152.6839599609375
2021-03-17,152.14328002929688
2021-03-18,149.01316833496094
2021-03-19,149.8953094482422
2021-03-22,151.0999298095703
2021-03-23,148.02670288085938
2021-03-24,148.35867309570312
2021-03-25,151.4034423828125
2021-03-26,159.25721740722656
2021-03-29,156.5634307861328
2021-03-30,156.33575439453125
2021-03-31,157.2178955078125
2021-04-01,160.71798706054688
2021-04-05,162.7003631591797
2021-04-06,162.69088745117188
2021-04-07,161.5526885986328
2021-04-08,165.6028594970703
2021-04-09,166.40911865234375
2021-04-12,165.28036499023438
2021-04-13,166.8359375
2021-04-14,168.9606475830078
2021-04-15,171.51214599609375
2021-04-16,174.53794860839844
2021-04-19,172.8211212158203
2021-04-20,171.436279296875
2021-04-21,172.47018432617188
2021-04-22,171.55955505371094
2021-04-23,173.20997619628906
2021-04-26,173.68431091308594
2021-04-27,174.0447235107422
2021-04-28,172.6598663330078
2021-04-29,173.1056671142578
2021-04-30,169.15032958984375
2021-05-03,169.97555541992188
2021-05-04,167.224853515625
2021-05-05,162.57705688476562
2021-05-06,163.7152557373047
2021-05-07,165.86843872070312
2021-05-10,162.59603881835938
2021-05-11,159.0106201171875
2021-05-12,155.06471252441406
2021-05-13,159.8547821044922
2021-05-14,160.72744750976562
2021-05-17,160.43338012695312
2021-05-18,159.22877502441406
2021-05-19,159.38052368164062
2021-05-20,159.4090118408203
2021-05-21,159.41844177246094
2021-05-24,160.26467895507812
2021-05-25,158.5247344970703
2021-05-26,157.90672302246094
2021-05-27,158.9525604248047
2021-05-28,157.27919006347656
2021-06-01,155.8054656982422
2021-06-02,156.8418731689453
2021-06-03,157.14608764648438
2021-06-04,159.2473602294922
2021-06-07,157.6024932861328
2021-06-08,158.2870330810547
2021-06-09,157.65000915527344
2021-06-10,159.17124938964844
2021-06-11,160.35975646972656
2021-06-14,160.96826171875
2021-06-15,162.51803588867188
2021-06-16,163.2786407470703
2021-06-17,160.91122436523438
2021-06-18,157.62149047851562
2021-06-21,161.3770751953125
2021-06-22,162.71768188476562
2021-06-23,160.77810668945312
2021-06-24,161.90953063964844
2021-06-25,163.31671142578125
2021-06-28,165.23727416992188
2021-06-29,167.65231323242188
2021-06-30,166.05494689941406
2021-07-01,167.14837646484375
2021-07-02,168.1847381591797
2021-07-06,167.30999755859375
2021-07-07,170.02926635742188
2021-07-08,168.127685546875
2021-07-09,169.22108459472656
2021-07-12,167.65231323242188
2021-07-13,165.58909606933594
2021-07-14,167.38609313964844
2021-07-15,166.7300262451172
2021-07-16,165.85531616210938
2021-07-19,163.9442138671875
2021-07-20,167.5666961669922
2021-07-21,168.5270233154297
2021-07-22,168.72669982910156
2021-07-23,172.04490661621094
2021-07-26,172.6439208984375
2021-07-27,172.377685546875
2021-07-28,171.44593811035156
2021-07-29,174.0986328125
2021-07-30,174.3268280029297
2021-08-02,174.6310577392578
2021-08-03,176.17135620117188
2021-08-04,178.9761962890625
2021-08-05,181.239013671875
2021-08-06,180.69711303710938
2021-08-09,180.29776000976562
2021-08-10,182.0947265625
2021-08-11,186.31625366210938
2021-08-12,188.1702880859375
2021-08-13,188.56008911132812
2021-08-16,189.22564697265625
2021-08-17,187.01026916503906
2021-08-18,185.6602020263672
2021-08-19,184.7664794921875
2021-08-20,186.1355743408203
2021-08-23,187.2100372314453
2021-08-24,187.6387176513672
2021-08-25,189.00106811523438
2021-08-26,188.70574951171875
2021-08-27,189.82998657226562
2021-08-30,191.2495574951172
2021-08-31,191.12567138671875
2021-09-01,190.82078552246094
2021-09-02,193.65037536621094
2021-09-03,193.11685180664062
2021-09-07,191.7354278564453
2021-09-08,190.91603088378906
2021-09-09,190.11581420898438
2021-09-10,188.62954711914062
2021-09-13,187.4672088623047
2021-09-14,184.33277893066406
2021-09-15,185.86663818359375
2021-09-16,185.152099609375
2021-09-17,182.1033935546875
2021-09-20,178.92127990722656
2021-09-21,178.8831787109375
2021-09-22,180.66477966308594
2021-09-23,183.4181365966797
2021-09-24,183.9325714111328
2021-09-27,183.19903564453125
2021-09-28,177.33978271484375
2021-09-29,176.62521362304688
2021-09-30,173.41452026367188
2021-10-01,176.93011474609375
2021-10-04,174.01475524902344
2021-10-05,175.42481994628906
2021-10-06,167.2313995361328
2021-10-07,169.07015991210938
2021-10-08,168.51756286621094
2021-10-11,166.3167724609375
2021-10-12,165.40219116210938
2021-10-13,165.7927703857422
2021-10-14,169.13682556152344
2021-10-15,169.31784057617188
2021-10-18,177.42552185058594
2021-10-19,178.7593231201172
2021-10-20,179.48338317871094
2021-10-21,181.5413055419922
2021-10-22,182.4178009033203
2021-10-25,182.48448181152344
2021-10-26,179.5596160888672
2021-10-27,175.6534423828125
2021-10-28,177.14923095703125
2021-10-29,177.82565307617188
2021-11-01,178.76885986328125
2021-11-02,180.2646484375
2021-11-03,176.7681427001953
2021-11-04,176.25367736816406
2021-11-05,178.2257843017578
2021-11-08,176.5585479736328
2021-11-09,178.1781768798828
2021-11-10,179.87403869628906
2021-11-11,179.41673278808594
2021-11-12,182.0462188720703
2021-11-15,181.82711791992188
2021-11-16,185.76181030273438
2021-11-17,186.00955200195312
2021-11-18,186.00001525878906
2021-11-19,186.7908172607422
2021-11-22,186.9241943359375
2021-11-23,187.05787658691406
2021-11-24,190.83074951171875
2021-11-26,182.58778381347656
2021-11-29,186.06455993652344
2021-11-30,180.8684844970703
2021-12-01,176.5225067138672
2021-12-02,184.93743896484375
2021-12-03,183.07489013671875
2021-12-06,185.66336059570312
2021-12-07,189.3216094970703
2021-12-08,189.9042510986328
2021-12-09,185.95944213867188
2021-12-10,186.1313934326172
2021-12-13,183.1512908935547
2021-12-14,181.18362426757812
2021-12-15,183.53334045410156
2021-12-16,179.40708923339844
2021-12-17,181.546630859375
2021-12-20,178.36595153808594
2021-12-21,184.63177490234375
2021-12-22,189.9520263671875
2021-12-23,193.66754150390625
2021-12-27,197.73651123046875
2021-12-28,196.3802490234375
2021-12-29,197.55508422851562
2021-12-30,194.82330322265625
2021-12-31,195.5969696044922
2022-01-03,195.816650390625
2022-01-04,198.7967529296875
2022-01-05,194.40304565429688
2022-01-06,196.9628448486328
2022-01-07,189.4839630126953
2022-01-10,191.23193359375
2022-01-11,191.43247985839844
2022-01-12,188.54794311523438
2022-01-13,185.34814453125
2022-01-14,183.04620361328125
2022-01-18,181.42245483398438
2022-01-19,180.90667724609375
2022-01-20,180.50552368164062
2022-01-21,176.37924194335938
2022-01-24,176.84727478027344
2022-01-25,172.7401123046875
2022-01-26,174.30653381347656
2022-01-27,173.5806121826172
2022-01-28,176.2550811767578
2022-01-31,180.5723876953125
2022-02-01,180.90667724609375
2022-02-02,185.87350463867188
2022-02-03,184.31658935546875
2022-02-04,183.67665100097656
2022-02-07,182.73101806640625
2022-02-08,186.02630615234375
2022-02-09,181.44155883789062
2022-02-10,175.1470489501953
2022-02-11,170.73428344726562
2022-02-14,168.203125
2022-02-15,175.3858642578125
2022-02-16,177.16244506835938
2022-02-17,174.10595703125
2022-02-18,173.60928344726562
2022-02-22,170.00831604003906
2022-02-23,161.5170135498047
2022-02-24,164.1035614013672
2022-02-25,170.07180786132812
2022-02-28,165.21482849121094
2022-03-01,162.29298400878906
2022-03-02,166.70928955078125
2022-03-03,167.0254364013672
2022-03-04,164.3622283935547
2022-03-07,158.48974609375
2022-03-08,157.85748291015625
2022-03-09,163.81617736816406
2022-03-10,162.97311401367188
2022-03-11,162.85816955566406
2022-03-14,159.6010284423828
2022-03-15,165.0424041748047
2022-03-16,166.11534118652344
2022-03-17,168.99888610839844
2022-03-18,171.8536834716797
2022-03-21,171.27890014648438
2022-03-22,170.66580200195312
2022-03-23,167.19790649414062
2022-03-24,168.4528350830078
2022-03-25,168.74978637695312
2022-03-28,169.861083984375
2022-03-29,173.3577423095703
2022-03-30,171.30764770507812
2022-03-31,171.3746795654297
2022-04-01,170.33050537109375
2022-04-04,171.31724548339844
2022-04-05,169.38206481933594
2022-04-06,168.9701385498047
2022-04-07,169.8706512451172
2022-04-08,168.1750030517578
2022-04-11,164.97531127929688
2022-04-12,164.43882751464844
2022-04-13,163.7874298095703
2022-04-14,165.7034149169922
2022-04-18,164.46759033203125
2022-04-19,166.6326904296875
2022-04-20,171.48011779785156
2022-04-21,168.99888610839844
2022-04-22,162.41749572753906
2022-04-25,163.48086547851562
2022-04-26,156.3151092529297
2022-04-27,155.7019805908203
2022-04-28,161.55532836914062
2022-04-29,156.32467651367188
2022-05-02,157.2348175048828
2022-05-03,160.63563537597656
2022-05-04,169.66949462890625
2022-05-05,164.01734924316406
2022-05-06,163.45213317871094
2022-05-09,157.8766326904297
2022-05-10,159.55311584472656
2022-05-11,157.5413360595703
2022-05-12,159.7830047607422
2022-05-13,162.2259063720703
2022-05-16,162.0630340576172
2022-05-17,165.39683532714844
2022-05-18,156.85154724121094
2022-05-19,155.14634704589844
2022-05-20,153.46990966796875
2022-05-23,154.4757537841797
2022-05-24,152.61148071289062
2022-05-25,154.9658203125
2022-05-26,160.0205535888672
2022-05-27,164.4217987060547
2022-05-31,163.23016357421875
2022-06-01,164.5275115966797
2022-06-02,169.25546264648438
2022-06-03,168.73654174804688
2022-06-06,168.87106323242188
2022-06-07,171.1486053466797
2022-06-08,167.53533935546875
2022-06-09,166.81460571289062
2022-06-10,160.8085479736328
2022-06-13,154.60069274902344
2022-06-14,156.15744018554688
2022-06-15,157.45480346679688
2022-06-16,149.853515625
2022-06-17,150.10333251953125
2022-06-21,153.5916748046875
2022-06-22,153.3994903564453
2022-06-23,151.94842529296875
2022-06-24,157.9256591796875
2022-06-27,159.30943298339844
2022-06-28,153.149658203125
2022-06-29,151.90997314453125
2022-06-30,151.4102783203125
2022-07-01,150.87213134765625
2022-07-05,151.59288024902344
2022-07-06,151.9868621826172
2022-07-07,153.58206176757812
2022-07-08,155.22531127929688
2022-07-11,152.4000701904297
2022-07-12,152.02528381347656
2022-07-13,152.1213836669922
2022-07-14,152.57305908203125
2022-07-15,155.2061004638672
2022-07-18,153.43792724609375
2022-07-19,160.99114990234375
2022-07-20,162.60556030273438
2022-07-21,164.56593322753906
2022-07-22,163.46080017089844
2022-07-25,163.78758239746094
2022-07-26,163.46080017089844
2022-07-27,167.9773712158203
2022-07-28,171.19664001464844
2022-07-29,174.44471740722656
2022-08-01,174.4254608154297
2022-08-02,173.29153442382812
2022-08-03,174.85794067382812
2022-08-04,172.99363708496094
2022-08-05,172.67654418945312
2022-08-08,171.60984802246094
2022-08-09,165.78636169433594
2022-08-10,169.14016723632812
2022-08-11,168.8518829345703
2022-08-12,173.23387145996094
2022-08-15,174.57920837402344
2022-08-16,176.38587951660156
2022-08-17,175.49217224121094
2022-08-18,179.80691528320312
2022-08-19,181.0177459716797
2022-08-22,177.8849639892578
2022-08-23,177.65432739257812
2022-08-24,177.68324279785156
2022-08-25,181.05577087402344
2022-08-26,173.14480590820312
2022-08-29,171.51634216308594
2022-08-30,168.69309997558594
2022-08-31,164.48223876953125
2022-09-01,164.2991943359375
2022-09-02,162.36241149902344
2022-09-06,163.20069885253906
2022-09-07,166.7659149169922
2022-09-08,168.00894165039062
2022-09-09,169.17491149902344
2022-09-12,171.3043975830078
2022-09-13,166.16851806640625
2022-09-14,165.77345275878906
2022-09-15,163.49940490722656
2022-09-16,164.6075439453125
2022-09-19,164.46298217773438
2022-09-20,162.12149047851562
2022-09-21,159.37530517578125
2022-09-22,156.7158660888672
2022-09-23,154.08529663085938
2022-09-26,152.533935546875
2022-09-27,151.98471069335938
2022-09-28,155.57882690429688
2022-09-29,153.17953491210938
2022-09-30,150.3948211669922
2022-10-03,154.08529663085938
2022-10-04,160.28109741210938
2022-10-05,160.4834442138672
2022-10-06,158.9898681640625
2022-10-07,153.8058319091797
2022-10-10,152.65919494628906
2022-10-11,147.04156494140625
2022-10-12,147.0319366455078
2022-10-13,152.13885498046875
2022-10-14,148.46766662597656
2022-10-17,153.45896911621094
2022-10-18,155.3090362548828
2022-10-19,153.6613311767578
2022-10-20,152.64955139160156
2022-10-21,156.5134735107422
2022-10-24,158.70083618164062
2022-10-25,162.4202423095703
2022-10-26,161.47589111328125
2022-10-27,162.2949676513672
2022-10-28,166.58287048339844
2022-10-31,166.51541137695312
2022-11-01,166.29379272460938
2022-11-02,166.12034606933594
2022-11-03,166.53466796875
2022-11-04,166.1300048828125
2022-11-07,166.0336151123047
2022-11-08,169.31942749023438
2022-11-09,165.8216094970703
2022-11-10,178.7431640625
2022-11-11,177.6350860595703
2022-11-14,175.84283447265625
2022-11-15,178.0975799560547
2022-11-16,176.21864318847656
2022-11-17,176.52696228027344
2022-11-18,178.83953857421875
2022-11-21,178.37701416015625
2022-11-22,181.63392639160156
2022-11-23,182.91946411132812
2022-11-25,181.91421508789062
2022-11-28,179.11106872558594
2022-11-29,177.93182373046875
2022-11-30,182.33950805664062
2022-12-01,184.8236846923828
2022-12-02,183.67343139648438
2022-12-05,180.68663024902344
2022-12-06,178.5697784423828
2022-12-07,178.6761016845703
2022-12-08,180.70596313476562
2022-12-09,179.28504943847656
2022-12-12,183.28677368164062
2022-12-13,186.53456115722656
2022-12-14,185.61627197265625
2022-12-15,178.04779052734375
2022-12-16,175.22531127929688
2022-12-19,172.37384033203125
2022-12-20,172.96351623535156
2022-12-21,175.0416717529297
2022-12-22,171.88088989257812
2022-12-23,172.1902313232422
2022-12-27,173.01182556152344
2022-12-28,169.609375
2022-12-29,173.852783203125
2022-12-30,172.61549377441406
2023-01-03,173.5144805908203
2023-01-04,175.09967041015625
2023-01-05,172.11288452148438
2023-01-06,177.1005401611328
2023-01-09,177.81585693359375
2023-01-10,180.15501403808594
2023-01-11,184.21475219726562
2023-01-12,186.9308624267578
2023-01-13,188.34213256835938
2023-01-17,191.0196075439453
2023-01-18,191.47389221191406
2023-01-19,190.70057678222656
2023-01-20,192.1215057373047
2023-01-23,193.29112243652344
2023-01-24,190.5556182861328
2023-01-25,185.7032928466797
2023-01-26,187.8104705810547
2023-01-27,186.83424377441406
2023-01-30,187.5495147705078
2023-01-31,189.482666015625
2023-02-01,192.52748107910156
2023-02-02,195.33065795898438
2023-02-03,194.36404418945312
2023-02-06,193.37811279296875
2023-02-07,192.63381958007812
2023-02-08,194.92465209960938
2023-02-09,196.56788635253906
2023-02-10,198.771728515625
2023-02-13,204.14605712890625
2023-02-14,201.13987731933594
2023-02-15,205.5186004638672
2023-02-16,207.09417724609375
2023-02-17,206.78485107421875
2023-02-21,198.6364288330078
2023-02-22,197.1768341064453
2023-02-23,198.35951232910156
2023-02-24,196.33346557617188
2023-02-27,196.3237762451172
2023-02-28,196.22683715820312
2023-03-01,194.6370086669922
2023-03-02,195.3543701171875
2023-03-03,195.46099853515625
2023-03-06,196.77938842773438
2023-03-07,193.2313690185547
2023-03-08,193.8614959716797
2023-03-09,190.20684814453125
2023-03-10,184.64244079589844
2023-03-13,182.6551971435547
2023-03-14,185.44703674316406
2023-03-15,182.8781280517578
2023-03-16,187.65728759765625
2023-03-17,182.29649353027344
2023-03-20,185.58279418945312
2023-03-21,188.53944396972656
2023-03-22,184.84600830078125
2023-03-23,185.253173828125
2023-03-24,185.84451293945312
2023-03-27,185.80572509765625
2023-03-28,180.13470458984375
2023-03-29,182.53884887695312
2023-03-30,184.25466918945312
2023-03-31,188.9272003173828
2023-04-03,187.76394653320312
2023-04-04,183.47918701171875
2023-04-05,182.21893310546875
2023-04-06,179.8245086669922
2023-04-10,183.25619506835938
2023-04-11,182.7327117919922
2023-04-12,182.33523559570312
2023-04-13,183.42098999023438
2023-04-14,181.23983764648438
2023-04-17,183.13986206054688
2023-04-18,184.4679412841797
2023-04-19,160.0680389404297
2023-04-20,159.64149475097656
2023-04-21,158.138916015625
2023-04-24,160.86294555664062
2023-04-25,160.058349609375
2023-04-26,160.0680389404297
2023-04-27,162.88900756835938
2023-04-28,164.40126037597656
2023-05-01,165.10894775390625
2023-05-02,162.72421264648438
2023-05-03,159.92263793945312
2023-05-04,158.8466033935547
2023-05-05,160.9114532470703
2023-05-08,161.047119140625
2023-05-09,162.6272735595703
2023-05-10,163.49974060058594
2023-05-11,162.37521362304688
2023-05-12,165.03135681152344
2023-05-15,166.16561889648438
2023-05-16,164.8278045654297
2023-05-17,167.94931030273438
2023-05-18,169.384033203125
2023-05-19,167.30947875976562
2023-05-22,170.33404541015625
2023-05-23,164.99261474609375
2023-05-24,163.17355346679688
2023-05-25,165.9945526123047
2023-05-26,169.47711181640625
2023-05-30,169.85650634765625
2023-05-31,167.0159912109375
2023-06-01,168.5626983642578
2023-06-02,169.47711181640625
2023-06-05,164.72994995117188
2023-06-06,164.4575958251953
2023-06-07,167.53155517578125
2023-06-08,165.4303741455078
2023-06-09,165.80003356933594
2023-06-12,168.552978515625
2023-06-13,170.62498474121094
2023-06-14,171.77285766601562
2023-06-15,173.3487548828125
2023-06-16,173.3001251220703
2023-06-20,172.4732666015625
2023-06-21,171.90904235839844
2023-06-22,173.66978454589844
2023-06-23,172.57054138183594
2023-06-26,172.10360717773438
2023-06-27,172.823486328125
2023-06-28,172.6483612060547
2023-06-29,175.7320556640625
2023-06-30,178.50448608398438
2023-07-03,178.2321014404297
2023-07-05,179.214599609375
2023-07-06,177.7262725830078
2023-07-07,178.339111328125
2023-07-10,182.2788848876953
2023-07-11,183.01815795898438
2023-07-12,181.46170043945312
2023-07-13,183.0570526123047
2023-07-14,181.31581115722656
2023-07-17,184.44815063476562
2023-07-18,183.11544799804688
2023-07-19,184.58433532714844
2023-07-20,183.2808074951172
2023-07-21,183.3878173828125
2023-07-24,184.81781005859375
2023-07-25,185.741943359375
2023-07-26,184.46762084960938
2023-07-27,182.95005798339844
2023-07-28,181.2088165283203
2023-07-31,181.97732543945312
2023-08-01,182.23020935058594
2023-08-02,191.636962890625
2023-08-03,193.85488891601562
2023-08-04,192.48326110839844
2023-08-07,197.3179473876953
2023-08-08,197.16232299804688
2023-08-09,196.10202026367188
2023-08-10,197.1428680419922
2023-08-11,197.9405517578125
2023-08-14,200.9950408935547
2023-08-15,199.10787963867188
2023-08-16,196.05335998535156
2023-08-17,194.86659240722656
2023-08-18,194.8471221923828
2023-08-21,195.93663024902344
2023-08-22,197.35690307617188
2023-08-23,199.2538299560547
2023-08-24,196.36605834960938
2023-08-25,199.01966857910156
2023-08-28,201.80010986328125
2023-08-29,202.47325134277344
2023-08-30,203.0293426513672
2023-08-31,205.9951171875
2023-09-01,207.97552490234375
2023-09-05,207.44874572753906
2023-09-06,208.07310485839844
2023-09-07,207.70237731933594
2023-09-08,207.47801208496094
2023-09-11,206.0634002685547
2023-09-12,203.83908081054688
2023-09-13,203.24395751953125
2023-09-14,204.6682891845703
2023-09-15,201.9464111328125
2023-09-18,203.5951690673828
2023-09-19,203.5756378173828
2023-09-20,203.89759826660156
2023-09-21,200.03427124023438
2023-09-22,200.7366943359375
2023-09-25,199.99526977539062
2023-09-26,195.35147094726562
2023-09-27,193.83929443359375
2023-09-28,197.92701721191406
2023-09-29,196.83436584472656
2023-10-02,196.07337951660156
2023-10-03,196.8441162109375
2023-10-04,200.40501403808594
2023-10-05,198.0830841064453
2023-10-06,200.60987854003906
2023-10-09,203.0390625
2023-10-10,205.01950073242188
2023-10-11,208.5999298095703
2023-10-12,206.4146270751953
2023-10-13,202.20008850097656
2023-10-16,203.7220001220703
2023-10-17,203.80001831054688
2023-10-18,201.12693786621094
2023-10-19,197.89773559570312
2023-10-20,195.52703857421875
2023-10-23,194.67831420898438
2023-10-24,195.00997924804688
2023-10-25,193.84906005859375
2023-10-26,193.57591247558594
2023-10-27,194.0441436767578
2023-10-30,192.23931884765625
2023-10-31,195.50755310058594
2023-11-01,194.29783630371094
2023-11-02,201.6244659423828
2023-11-03,204.34637451171875
2023-11-06,205.88778686523438
2023-11-07,202.9219970703125
2023-11-08,204.17074584960938
2023-11-09,203.40980529785156
2023-11-10,206.50241088867188
2023-11-13,206.79510498046875
2023-11-14,213.12667846679688
2023-11-15,213.57540893554688
2023-11-16,210.2486572265625
2023-11-17,210.03404235839844
2023-11-20,211.93643188476562
2023-11-21,211.5461883544922
2023-11-22,212.3289031982422
2023-11-24,212.00604248046875
2023-11-27,210.25474548339844
2023-11-28,208.08270263671875
2023-11-29,207.50546264648438
2023-11-30,206.32164001464844
2023-12-01,207.96530151367188
2023-12-04,208.00445556640625
2023-12-05,205.86178588867188
2023-12-06,205.05950927734375
2023-12-07,207.98486328125
2023-12-08,208.58169555664062
2023-12-11,211.05699157714844
2023-12-12,212.9159393310547
2023-12-13,213.30728149414062
2023-12-14,215.6749725341797
2023-12-15,218.40464782714844
2023-12-18,218.85475158691406
2023-12-19,219.10910034179688
2023-12-20,217.60240173339844
2023-12-21,220.23423767089844
2023-12-22,221.73118591308594
2023-12-26,223.7857666015625
2023-12-27,223.60964965820312
2023-12-28,223.75643920898438
2023-12-29,222.40628051757812
2024-01-02,215.8999786376953
2024-01-03,212.60284423828125
2024-01-04,210.4308319091797
2024-01-05,209.41329956054688
2024-01-08,213.49317932128906
2024-01-09,213.46380615234375
2024-01-10,215.50868225097656
2024-01-11,216.3892059326172
2024-01-12,214.40306091308594
2024-01-16,215.9489288330078
2024-01-17,214.33457946777344
2024-01-18,220.16575622558594
2024-01-19,221.5648651123047
2024-01-22,222.005126953125
2024-01-23,219.95050048828125
2024-01-24,221.43765258789062
2024-01-25,224.0401611328125
2024-01-26,224.72503662109375
2024-01-29,224.15756225585938
2024-01-30,225.2435760498047
2024-01-31,221.81922912597656
2024-02-01,225.10658264160156
2024-02-02,227.63082885742188
2024-02-05,225.74252319335938
2024-02-06,225.5175323486328
2024-02-07,232.4640655517578
2024-02-08,238.6865692138672
2024-02-09,239.9291229248047
2024-02-12,236.76893615722656
2024-02-13,232.33685302734375
2024-02-14,234.30340576171875
2024-02-15,237.5027313232422
2024-02-16,236.15255737304688
2024-02-20,236.56346130371094
2024-02-21,236.12318420410156
2024-02-22,242.20872497558594
2024-02-23,242.37547302246094
2024-02-26,241.51234436035156
2024-02-27,239.58990478515625
2024-02-28,240.21763610839844
2024-02-29,241.4927520751953
2024-03-01,242.5814971923828
2024-03-04,241.94393920898438
2024-03-05,240.2764892578125
2024-03-06,242.45396423339844
2024-03-07,243.58192443847656
2024-03-08,243.19940185546875
2024-03-11,243.18959045410156
2024-03-12,245.08262634277344
2024-03-13,243.86636352539062
2024-03-14,241.75755310058594
2024-03-15,240.80613708496094
2024-03-18,240.3255157470703
2024-03-19,243.24844360351562
2024-03-20,245.99478149414062
2024-03-21,249.92796325683594
2024-03-22,250.77149963378906
2024-03-25,248.9863739013672
2024-03-26,249.25119018554688
2024-03-27,252.9293212890625
2024-03-28,250.87937927246094
2024-04-01,248.21148681640625
2024-04-02,246.8088836669922
2024-04-03,250.85975646972656
2024-04-04,247.7014617919922
2024-04-05,250.30067443847656
2024-04-08,249.38851928710938
2024-04-09,249.3787078857422
2024-04-10,242.54225158691406
2024-04-11,243.24844360351562
2024-04-12,238.2559814453125
2024-04-15,236.75527954101562
2024-04-16,235.41151428222656
2024-04-17,232.243408203125
2024-04-18,231.18409729003906
2024-04-19,231.26255798339844
2024-04-22,233.08694458007812
2024-04-23,235.8627166748047
2024-04-24,236.07850646972656
2024-04-25,238.75619506835938
2024-04-26,237.61842346191406
2024-04-29,241.22792053222656
2024-04-30,237.22607421875
2024-05-01,210.49819946289062
2024-05-02,214.22537231445312
2024-05-03,215.35333251953125
2024-05-06,217.5700225830078
2024-05-07,216.45187377929688
2024-05-08,216.09877014160156
2024-05-09,218.69801330566406
2024-05-10,218.19776916503906
2024-05-13,217.795654296875
2024-05-14,217.3346405029297
2024-05-15,219.1590118408203
2024-05-16,219.84559631347656
2024-05-17,219.3551788330078
2024-05-20,223.86705017089844
2024-05-21,225.96604919433594
2024-05-22,231.74319458007812
2024-05-23,227.7308349609375
2024-05-24,227.22926330566406
2024-05-28,221.46641540527344
2024-05-29,217.0508575439453
2024-05-30,219.14553833007812
2024-05-31,219.91262817382812
2024-06-03,219.78477478027344
2024-06-04,218.23098754882812
2024-06-05,219.2340545654297
2024-06-06,218.13262939453125
2024-06-07,220.5223388671875
2024-06-10,220.18798828125
2024-06-11,220.64035034179688
2024-06-12,222.54820251464844
2024-06-13,221.3680877685547
2024-06-14,219.48976135253906
2024-06-17,222.59738159179688
2024-06-18,226.7277374267578
2024-06-20,228.08485412597656
2024-06-21,231.58583068847656
2024-06-24,227.77015686035156
2024-06-25,220.89602661132812
2024-06-26,219.4307403564453
2024-06-27,220.34532165527344
2024-06-28,220.12896728515625
2024-07-01,215.55606079101562
2024-07-02,215.4872283935547
2024-07-03,214.4939727783203
2024-07-05,212.71397399902344
2024-07-08,213.2745361328125
2024-07-09,211.23883056640625
2024-07-10,215.2413787841797
2024-07-11,220.10931396484375
2024-07-12,224.71170043945312
2024-07-15,228.91091918945312
2024-07-16,235.86370849609375
2024-07-17,233.05113220214844
2024-07-18,229.82550048828125
2024-07-19,225.0460662841797
2024-07-22,228.66506958007812
2024-07-23,226.33436584472656
2024-07-24,225.40994262695312
2024-07-25,224.82972717285156
2024-07-26,225.93116760253906
2024-07-29,227.55380249023438
2024-07-30,228.6159210205078
2024-07-31,214.4939727783203
2024-08-01,210.0489044189453
2024-08-02,206.37091064453125
2024-08-05,203.24362182617188
2024-08-06,204.99412536621094
2024-08-07,205.5251922607422
2024-08-08,208.79013061523438
2024-08-09,210.1865692138672
2024-08-12,208.5836181640625
2024-08-13,212.3206024169922
2024-08-14,213.08767700195312
2024-08-15,218.19163513183594
2024-08-16,219.06687927246094
2024-08-19,215.56591796875
2024-08-20,217.4835662841797
2024-08-21,221.2107391357422
2024-08-22,221.45660400390625
2024-08-23,225.93116760253906
2024-08-26,226.11851501464844
2024-08-27,223.83082580566406
2024-08-28,221.37545776367188
2024-08-29,220.01466369628906
2024-08-30,222.49960327148438
2024-09-03,214.64051818847656
2024-09-04,211.4949188232422
2024-09-05,211.8302001953125
2024-09-06,209.2565155029297
2024-09-09,211.15965270996094
2024-09-10,212.85572814941406
2024-09-11,212.79653930664062
2024-09-12,215.59701538085938
2024-09-13,217.0859832763672
2024-09-16,218.367919921875
2024-09-17,220.21189880371094
2024-09-18,218.53555297851562
2024-09-19,224.69854736328125
2024-09-20,222.16432189941406
2024-09-23,220.9908905029297
2024-09-24,221.1585235595703
2024-09-25,218.2002716064453
2024-09-26,225.447998046875
2024-09-27,223.39694213867188
2024-09-30,223.15040588378906
2024-10-01,214.778564453125
2024-10-02,216.2971649169922
2024-10-03,215.22230529785156
2024-10-04,218.60458374023438
2024-10-07,217.4212646484375
2024-10-08,220.4978485107422
2024-10-09,222.5587615966797
2024-10-10,218.60458374023438
2024-10-11,218.91024780273438
2024-10-14,220.36965942382812
2024-10-15,217.06629943847656
2024-10-16,217.0958709716797
2024-10-17,218.10165405273438
2024-10-18,215.2716064453125
2024-10-21,217.28323364257812
2024-10-22,214.05873107910156
2024-10-23,214.62078857421875
2024-10-24,216.10980224609375
2024-10-25,213.9897003173828
2024-10-28,215.45896911621094
2024-10-29,216.8394775390625
2024-10-30,192.34519958496094
2024-10-31,185.61024475097656
2024-11-01,185.75819396972656
2024-11-04,188.44032287597656
2024-11-05,190.30401611328125
2024-11-06,199.96762084960938
2024-11-07,200.07608032226562
2024-11-08,197.0882568359375
2024-11-11,195.0569305419922
2024-11-12,189.2390594482422
2024-11-13,183.421142578125
2024-11-14,178.25408935546875
2024-11-15,175.15780639648438
2024-11-18,175.59165954589844
2024-11-19,171.6276092529297
2024-11-20,173.54061889648438
2024-11-21,175.69027709960938
2024-11-22,176.4692840576172
2024-11-25,179.44284057617188
2024-11-26,175.93988037109375
2024-11-27,174.90086364746094
2024-11-29,174.0894317626953
2024-12-02,178.73037719726562
2024-12-03,177.750732421875
2024-12-04,176.4148406982422
2024-12-05,176.4346466064453
2024-12-06,178.17623901367188
2024-12-09,180.55113220214844
2024-12-10,177.13720703125
2024-12-11,176.3851776123047
2024-12-12,176.18727111816406
2024-12-13,174.21807861328125
2024-12-16,175.9299774169922
2024-12-17,174.81179809570312
2024-12-18,169.69589233398438
2024-12-19,171.4671630859375
2024-12-20,172.70408630371094
2024-12-23,173.7233123779297
2024-12-24,174.49514770507812
2024-12-26,175.26699829101562
2024-12-27,173.97068786621094
2024-12-30,171.53643798828125
2024-12-31,172.21920776367188
