Date,Close,Volume
2010-01-04,,
2010-01-05,,
2010-01-06,,
2010-01-07,,
2010-01-08,,
2010-01-11,,
2010-01-12,,
2010-01-13,,
2010-01-14,,
2010-01-15,,
2010-01-19,,
2010-01-20,,
2010-01-21,,
2010-01-22,,
2010-01-25,,
2010-01-26,,
2010-01-27,,
2010-01-28,,
2010-01-29,,
2010-02-01,,
2010-02-02,,
2010-02-03,,
2010-02-04,,
2010-02-05,,
2010-02-08,,
2010-02-09,,
2010-02-10,,
2010-02-11,,
2010-02-12,,
2010-02-16,,
2010-02-17,,
2010-02-18,,
2010-02-19,,
2010-02-22,,
2010-02-23,,
2010-02-24,,
2010-02-25,,
2010-02-26,,
2010-03-01,,
2010-03-02,,
2010-03-03,,
2010-03-04,,
2010-03-05,,
2010-03-08,,
2010-03-09,,
2010-03-10,,
2010-03-11,,
2010-03-12,,
2010-03-15,,
2010-03-16,,
2010-03-17,,
2010-03-18,,
2010-03-19,,
2010-03-22,,
2010-03-23,,
2010-03-24,,
2010-03-25,,
2010-03-26,,
2010-03-29,,
2010-03-30,,
2010-03-31,,
2010-04-01,,
2010-04-05,,
2010-04-06,,
2010-04-07,,
2010-04-08,,
2010-04-09,,
2010-04-12,,
2010-04-13,,
2010-04-14,,
2010-04-15,,
2010-04-16,,
2010-04-19,,
2010-04-20,,
2010-04-21,,
2010-04-22,,
2010-04-23,,
2010-04-26,,
2010-04-27,,
2010-04-28,,
2010-04-29,,
2010-04-30,,
2010-05-03,,
2010-05-04,,
2010-05-05,,
2010-05-06,,
2010-05-07,,
2010-05-10,,
2010-05-11,,
2010-05-12,,
2010-05-13,,
2010-05-14,,
2010-05-17,,
2010-05-18,,
2010-05-19,,
2010-05-20,,
2010-05-21,,
2010-05-24,,
2010-05-25,,
2010-05-26,,
2010-05-27,,
2010-05-28,,
2010-06-01,,
2010-06-02,,
2010-06-03,,
2010-06-04,,
2010-06-07,,
2010-06-08,,
2010-06-09,,
2010-06-10,,
2010-06-11,,
2010-06-14,,
2010-06-15,,
2010-06-16,,
2010-06-17,,
2010-06-18,,
2010-06-21,,
2010-06-22,,
2010-06-23,,
2010-06-24,,
2010-06-25,,
2010-06-28,,
2010-06-29,,
2010-06-30,,
2010-07-01,,
2010-07-02,,
2010-07-06,,
2010-07-07,,
2010-07-08,,
2010-07-09,,
2010-07-12,,
2010-07-13,,
2010-07-14,,
2010-07-15,,
2010-07-16,,
2010-07-19,,
2010-07-20,,
2010-07-21,,
2010-07-22,,
2010-07-23,,
2010-07-26,,
2010-07-27,,
2010-07-28,,
2010-07-29,,
2010-07-30,,
2010-08-02,,
2010-08-03,,
2010-08-04,,
2010-08-05,,
2010-08-06,,
2010-08-09,,
2010-08-10,,
2010-08-11,,
2010-08-12,,
2010-08-13,,
2010-08-16,,
2010-08-17,,
2010-08-18,,
2010-08-19,,
2010-08-20,,
2010-08-23,,
2010-08-24,,
2010-08-25,,
2010-08-26,,
2010-08-27,,
2010-08-30,,
2010-08-31,,
2010-09-01,,
2010-09-02,,
2010-09-03,,
2010-09-07,,
2010-09-08,,
2010-09-09,,
2010-09-10,,
2010-09-13,,
2010-09-14,,
2010-09-15,,
2010-09-16,,
2010-09-17,,
2010-09-20,,
2010-09-21,,
2010-09-22,,
2010-09-23,,
2010-09-24,,
2010-09-27,,
2010-09-28,,
2010-09-29,,
2010-09-30,,
2010-10-01,,
2010-10-04,,
2010-10-05,,
2010-10-06,,
2010-10-07,,
2010-10-08,,
2010-10-11,,
2010-10-12,,
2010-10-13,,
2010-10-14,,
2010-10-15,,
2010-10-18,,
2010-10-19,,
2010-10-20,,
2010-10-21,,
2010-10-22,,
2010-10-25,,
2010-10-26,,
2010-10-27,,
2010-10-28,,
2010-10-29,,
2010-11-01,,
2010-11-02,,
2010-11-03,,
2010-11-04,,
2010-11-05,,
2010-11-08,,
2010-11-09,,
2010-11-10,,
2010-11-11,,
2010-11-12,,
2010-11-15,,
2010-11-16,,
2010-11-17,,
2010-11-18,,
2010-11-19,,
2010-11-22,,
2010-11-23,,
2010-11-24,,
2010-11-26,,
2010-11-29,,
2010-11-30,,
2010-12-01,,
2010-12-02,,
2010-12-03,,
2010-12-06,,
2010-12-07,,
2010-12-08,,
2010-12-09,,
2010-12-10,,
2010-12-13,,
2010-12-14,,
2010-12-15,,
2010-12-16,,
2010-12-17,,
2010-12-20,,
2010-12-21,,
2010-12-22,,
2010-12-23,,
2010-12-27,,
2010-12-28,,
2010-12-29,,
2010-12-30,,
2010-12-31,,
2011-01-03,,
2011-01-04,,
2011-01-05,,
2011-01-06,,
2011-01-07,,
2011-01-10,,
2011-01-11,,
2011-01-12,,
2011-01-13,,
2011-01-14,,
2011-01-18,,
2011-01-19,,
2011-01-20,,
2011-01-21,,
2011-01-24,,
2011-01-25,,
2011-01-26,,
2011-01-27,,
2011-01-28,,
2011-01-31,,
2011-02-01,,
2011-02-02,,
2011-02-03,,
2011-02-04,,
2011-02-07,,
2011-02-08,,
2011-02-09,,
2011-02-10,,
2011-02-11,,
2011-02-14,,
2011-02-15,,
2011-02-16,,
2011-02-17,,
2011-02-18,,
2011-02-22,,
2011-02-23,,
2011-02-24,,
2011-02-25,,
2011-02-28,,
2011-03-01,,
2011-03-02,,
2011-03-03,,
2011-03-04,,
2011-03-07,,
2011-03-08,,
2011-03-09,,
2011-03-10,,
2011-03-11,,
2011-03-14,,
2011-03-15,,
2011-03-16,,
2011-03-17,,
2011-03-18,,
2011-03-21,,
2011-03-22,,
2011-03-23,,
2011-03-24,,
2011-03-25,,
2011-03-28,,
2011-03-29,,
2011-03-30,,
2011-03-31,,
2011-04-01,,
2011-04-04,,
2011-04-05,,
2011-04-06,,
2011-04-07,,
2011-04-08,,
2011-04-11,,
2011-04-12,,
2011-04-13,,
2011-04-14,,
2011-04-15,,
2011-04-18,,
2011-04-19,,
2011-04-20,,
2011-04-21,,
2011-04-25,,
2011-04-26,,
2011-04-27,,
2011-04-28,,
2011-04-29,,
2011-05-02,,
2011-05-03,,
2011-05-04,,
2011-05-05,,
2011-05-06,,
2011-05-09,,
2011-05-10,,
2011-05-11,,
2011-05-12,,
2011-05-13,,
2011-05-16,,
2011-05-17,,
2011-05-18,,
2011-05-19,,
2011-05-20,,
2011-05-23,,
2011-05-24,,
2011-05-25,,
2011-05-26,,
2011-05-27,,
2011-05-31,,
2011-06-01,,
2011-06-02,,
2011-06-03,,
2011-06-06,,
2011-06-07,,
2011-06-08,,
2011-06-09,,
2011-06-10,,
2011-06-13,,
2011-06-14,,
2011-06-15,,
2011-06-16,,
2011-06-17,,
2011-06-20,,
2011-06-21,,
2011-06-22,,
2011-06-23,,
2011-06-24,,
2011-06-27,,
2011-06-28,,
2011-06-29,,
2011-06-30,,
2011-07-01,,
2011-07-05,,
2011-07-06,,
2011-07-07,,
2011-07-08,,
2011-07-11,,
2011-07-12,,
2011-07-13,,
2011-07-14,,
2011-07-15,,
2011-07-18,,
2011-07-19,,
2011-07-20,,
2011-07-21,,
2011-07-22,,
2011-07-25,,
2011-07-26,,
2011-07-27,,
2011-07-28,,
2011-07-29,,
2011-08-01,,
2011-08-02,,
2011-08-03,,
2011-08-04,,
2011-08-05,,
2011-08-08,,
2011-08-09,,
2011-08-10,,
2011-08-11,,
2011-08-12,,
2011-08-15,,
2011-08-16,,
2011-08-17,,
2011-08-18,,
2011-08-19,,
2011-08-22,,
2011-08-23,,
2011-08-24,,
2011-08-25,,
2011-08-26,,
2011-08-29,,
2011-08-30,,
2011-08-31,,
2011-09-01,,
2011-09-02,,
2011-09-06,,
2011-09-07,,
2011-09-08,,
2011-09-09,,
2011-09-12,,
2011-09-13,,
2011-09-14,,
2011-09-15,,
2011-09-16,,
2011-09-19,,
2011-09-20,,
2011-09-21,,
2011-09-22,,
2011-09-23,,
2011-09-26,,
2011-09-27,,
2011-09-28,,
2011-09-29,,
2011-09-30,,
2011-10-03,,
2011-10-04,,
2011-10-05,,
2011-10-06,,
2011-10-07,,
2011-10-10,,
2011-10-11,,
2011-10-12,,
2011-10-13,,
2011-10-14,,
2011-10-17,,
2011-10-18,,
2011-10-19,,
2011-10-20,,
2011-10-21,,
2011-10-24,,
2011-10-25,,
2011-10-26,,
2011-10-27,,
2011-10-28,,
2011-10-31,,
2011-11-01,,
2011-11-02,,
2011-11-03,,
2011-11-04,,
2011-11-07,,
2011-11-08,,
2011-11-09,,
2011-11-10,,
2011-11-11,,
2011-11-14,,
2011-11-15,,
2011-11-16,,
2011-11-17,,
2011-11-18,,
2011-11-21,,
2011-11-22,,
2011-11-23,,
2011-11-25,,
2011-11-28,,
2011-11-29,,
2011-11-30,,
2011-12-01,,
2011-12-02,,
2011-12-05,,
2011-12-06,,
2011-12-07,,
2011-12-08,,
2011-12-09,,
2011-12-12,,
2011-12-13,,
2011-12-14,,
2011-12-15,,
2011-12-16,,
2011-12-19,,
2011-12-20,,
2011-12-21,,
2011-12-22,,
2011-12-23,,
2011-12-27,,
2011-12-28,,
2011-12-29,,
2011-12-30,,
2012-01-03,,
2012-01-04,,
2012-01-05,,
2012-01-06,,
2012-01-09,,
2012-01-10,,
2012-01-11,,
2012-01-12,,
2012-01-13,,
2012-01-17,,
2012-01-18,,
2012-01-19,,
2012-01-20,,
2012-01-23,,
2012-01-24,,
2012-01-25,,
2012-01-26,,
2012-01-27,,
2012-01-30,,
2012-01-31,,
2012-02-01,,
2012-02-02,,
2012-02-03,,
2012-02-06,,
2012-02-07,,
2012-02-08,,
2012-02-09,,
2012-02-10,,
2012-02-13,,
2012-02-14,,
2012-02-15,,
2012-02-16,,
2012-02-17,,
2012-02-21,,
2012-02-22,,
2012-02-23,,
2012-02-24,,
2012-02-27,,
2012-02-28,,
2012-02-29,,
2012-03-01,,
2012-03-02,,
2012-03-05,,
2012-03-06,,
2012-03-07,,
2012-03-08,,
2012-03-09,,
2012-03-12,,
2012-03-13,,
2012-03-14,,
2012-03-15,,
2012-03-16,,
2012-03-19,,
2012-03-20,,
2012-03-21,,
2012-03-22,,
2012-03-23,,
2012-03-26,,
2012-03-27,,
2012-03-28,,
2012-03-29,,
2012-03-30,,
2012-04-02,,
2012-04-03,,
2012-04-04,,
2012-04-05,,
2012-04-09,,
2012-04-10,,
2012-04-11,,
2012-04-12,,
2012-04-13,,
2012-04-16,,
2012-04-17,,
2012-04-18,,
2012-04-19,,
2012-04-20,,
2012-04-23,,
2012-04-24,,
2012-04-25,,
2012-04-26,,
2012-04-27,,
2012-04-30,,
2012-05-01,,
2012-05-02,,
2012-05-03,,
2012-05-04,,
2012-05-07,,
2012-05-08,,
2012-05-09,,
2012-05-10,,
2012-05-11,,
2012-05-14,,
2012-05-15,,
2012-05-16,,
2012-05-17,,
2012-05-18,,
2012-05-21,,
2012-05-22,,
2012-05-23,,
2012-05-24,,
2012-05-25,,
2012-05-29,,
2012-05-30,,
2012-05-31,,
2012-06-01,,
2012-06-04,,
2012-06-05,,
2012-06-06,,
2012-06-07,,
2012-06-08,,
2012-06-11,,
2012-06-12,,
2012-06-13,,
2012-06-14,,
2012-06-15,,
2012-06-18,,
2012-06-19,,
2012-06-20,,
2012-06-21,,
2012-06-22,,
2012-06-25,,
2012-06-26,,
2012-06-27,,
2012-06-28,,
2012-06-29,,
2012-07-02,,
2012-07-03,,
2012-07-05,,
2012-07-06,,
2012-07-09,,
2012-07-10,,
2012-07-11,,
2012-07-12,,
2012-07-13,,
2012-07-16,,
2012-07-17,,
2012-07-18,,
2012-07-19,,
2012-07-20,,
2012-07-23,,
2012-07-24,,
2012-07-25,,
2012-07-26,,
2012-07-27,,
2012-07-30,,
2012-07-31,,
2012-08-01,,
2012-08-02,,
2012-08-03,,
2012-08-06,,
2012-08-07,,
2012-08-08,,
2012-08-09,,
2012-08-10,,
2012-08-13,,
2012-08-14,,
2012-08-15,,
2012-08-16,,
2012-08-17,,
2012-08-20,,
2012-08-21,,
2012-08-22,,
2012-08-23,,
2012-08-24,,
2012-08-27,,
2012-08-28,,
2012-08-29,,
2012-08-30,,
2012-08-31,,
2012-09-04,,
2012-09-05,,
2012-09-06,,
2012-09-07,,
2012-09-10,,
2012-09-11,,
2012-09-12,,
2012-09-13,,
2012-09-14,,
2012-09-17,,
2012-09-18,,
2012-09-19,,
2012-09-20,,
2012-09-21,,
2012-09-24,,
2012-09-25,,
2012-09-26,,
2012-09-27,,
2012-09-28,,
2012-10-01,,
2012-10-02,,
2012-10-03,,
2012-10-04,,
2012-10-05,,
2012-10-08,,
2012-10-09,,
2012-10-10,,
2012-10-11,,
2012-10-12,,
2012-10-15,,
2012-10-16,,
2012-10-17,,
2012-10-18,,
2012-10-19,,
2012-10-22,,
2012-10-23,,
2012-10-24,,
2012-10-25,,
2012-10-26,,
2012-10-31,,
2012-11-01,,
2012-11-02,,
2012-11-05,,
2012-11-06,,
2012-11-07,,
2012-11-08,,
2012-11-09,,
2012-11-12,,
2012-11-13,,
2012-11-14,,
2012-11-15,,
2012-11-16,,
2012-11-19,,
2012-11-20,,
2012-11-21,,
2012-11-23,,
2012-11-26,,
2012-11-27,,
2012-11-28,,
2012-11-29,,
2012-11-30,,
2012-12-03,,
2012-12-04,,
2012-12-05,,
2012-12-06,,
2012-12-07,,
2012-12-10,,
2012-12-11,,
2012-12-12,,
2012-12-13,,
2012-12-14,,
2012-12-17,,
2012-12-18,,
2012-12-19,,
2012-12-20,,
2012-12-21,,
2012-12-24,,
2012-12-26,,
2012-12-27,,
2012-12-28,,
2012-12-31,,
2013-01-02,,
2013-01-03,,
2013-01-04,,
2013-01-07,,
2013-01-08,,
2013-01-09,,
2013-01-10,,
2013-01-11,,
2013-01-14,,
2013-01-15,,
2013-01-16,,
2013-01-17,,
2013-01-18,,
2013-01-22,,
2013-01-23,,
2013-01-24,,
2013-01-25,,
2013-01-28,,
2013-01-29,,
2013-01-30,,
2013-01-31,,
2013-02-01,,
2013-02-04,,
2013-02-05,,
2013-02-06,,
2013-02-07,,
2013-02-08,,
2013-02-11,,
2013-02-12,,
2013-02-13,,
2013-02-14,,
2013-02-15,,
2013-02-19,,
2013-02-20,,
2013-02-21,,
2013-02-22,,
2013-02-25,,
2013-02-26,,
2013-02-27,,
2013-02-28,,
2013-03-01,,
2013-03-04,,
2013-03-05,,
2013-03-06,,
2013-03-07,,
2013-03-08,,
2013-03-11,,
2013-03-12,,
2013-03-13,,
2013-03-14,,
2013-03-15,,
2013-03-18,,
2013-03-19,,
2013-03-20,,
2013-03-21,,
2013-03-22,,
2013-03-25,,
2013-03-26,,
2013-03-27,,
2013-03-28,,
2013-04-01,,
2013-04-02,,
2013-04-03,,
2013-04-04,,
2013-04-05,,
2013-04-08,,
2013-04-09,,
2013-04-10,,
2013-04-11,,
2013-04-12,,
2013-04-15,,
2013-04-16,,
2013-04-17,,
2013-04-18,,
2013-04-19,,
2013-04-22,,
2013-04-23,,
2013-04-24,,
2013-04-25,,
2013-04-26,,
2013-04-29,,
2013-04-30,,
2013-05-01,,
2013-05-02,,
2013-05-03,,
2013-05-06,,
2013-05-07,,
2013-05-08,,
2013-05-09,,
2013-05-10,,
2013-05-13,,
2013-05-14,,
2013-05-15,,
2013-05-16,,
2013-05-17,,
2013-05-20,,
2013-05-21,,
2013-05-22,,
2013-05-23,,
2013-05-24,,
2013-05-28,,
2013-05-29,,
2013-05-30,,
2013-05-31,,
2013-06-03,,
2013-06-04,,
2013-06-05,,
2013-06-06,,
2013-06-07,,
2013-06-10,,
2013-06-11,,
2013-06-12,,
2013-06-13,,
2013-06-14,,
2013-06-17,,
2013-06-18,,
2013-06-19,,
2013-06-20,,
2013-06-21,,
2013-06-24,,
2013-06-25,,
2013-06-26,,
2013-06-27,,
2013-06-28,,
2013-07-01,,
2013-07-02,,
2013-07-03,,
2013-07-05,,
2013-07-08,,
2013-07-09,,
2013-07-10,,
2013-07-11,,
2013-07-12,,
2013-07-15,,
2013-07-16,,
2013-07-17,,
2013-07-18,,
2013-07-19,,
2013-07-22,,
2013-07-23,,
2013-07-24,,
2013-07-25,,
2013-07-26,,
2013-07-29,,
2013-07-30,,
2013-07-31,,
2013-08-01,,
2013-08-02,,
2013-08-05,,
2013-08-06,,
2013-08-07,,
2013-08-08,,
2013-08-09,,
2013-08-12,,
2013-08-13,,
2013-08-14,,
2013-08-15,,
2013-08-16,,
2013-08-19,,
2013-08-20,,
2013-08-21,,
2013-08-22,,
2013-08-23,,
2013-08-26,,
2013-08-27,,
2013-08-28,,
2013-08-29,,
2013-08-30,,
2013-09-03,,
2013-09-04,,
2013-09-05,,
2013-09-06,,
2013-09-09,,
2013-09-10,,
2013-09-11,,
2013-09-12,,
2013-09-13,,
2013-09-16,,
2013-09-17,,
2013-09-18,,
2013-09-19,,
2013-09-20,,
2013-09-23,,
2013-09-24,,
2013-09-25,,
2013-09-26,,
2013-09-27,,
2013-09-30,,
2013-10-01,,
2013-10-02,,
2013-10-03,,
2013-10-04,,
2013-10-07,,
2013-10-08,,
2013-10-09,,
2013-10-10,,
2013-10-11,,
2013-10-14,,
2013-10-15,,
2013-10-16,,
2013-10-17,,
2013-10-18,,
2013-10-21,,
2013-10-22,,
2013-10-23,,
2013-10-24,,
2013-10-25,,
2013-10-28,,
2013-10-29,,
2013-10-30,,
2013-10-31,,
2013-11-01,,
2013-11-04,,
2013-11-05,,
2013-11-06,,
2013-11-07,,
2013-11-08,,
2013-11-11,,
2013-11-12,,
2013-11-13,,
2013-11-14,,
2013-11-15,,
2013-11-18,,
2013-11-19,,
2013-11-20,,
2013-11-21,,
2013-11-22,,
2013-11-25,,
2013-11-26,,
2013-11-27,,
2013-11-29,,
2013-12-02,,
2013-12-03,,
2013-12-04,,
2013-12-05,,
2013-12-06,,
2013-12-09,,
2013-12-10,,
2013-12-11,,
2013-12-12,,
2013-12-13,,
2013-12-16,,
2013-12-17,,
2013-12-18,,
2013-12-19,,
2013-12-20,,
2013-12-23,,
2013-12-24,,
2013-12-26,,
2013-12-27,,
2013-12-30,,
2013-12-31,,
2014-01-02,,
2014-01-03,,
2014-01-06,,
2014-01-07,,
2014-01-08,,
2014-01-09,,
2014-01-10,,
2014-01-13,,
2014-01-14,,
2014-01-15,,
2014-01-16,,
2014-01-17,,
2014-01-21,,
2014-01-22,,
2014-01-23,,
2014-01-24,,
2014-01-27,,
2014-01-28,,
2014-01-29,,
2014-01-30,,
2014-01-31,,
2014-02-03,,
2014-02-04,,
2014-02-05,,
2014-02-06,,
2014-02-07,,
2014-02-10,,
2014-02-11,,
2014-02-12,,
2014-02-13,,
2014-02-14,,
2014-02-18,,
2014-02-19,,
2014-02-20,,
2014-02-21,,
2014-02-24,,
2014-02-25,,
2014-02-26,,
2014-02-27,,
2014-02-28,,
2014-03-03,,
2014-03-04,,
2014-03-05,,
2014-03-06,,
2014-03-07,,
2014-03-10,,
2014-03-11,,
2014-03-12,,
2014-03-13,,
2014-03-14,,
2014-03-17,,
2014-03-18,,
2014-03-19,,
2014-03-20,,
2014-03-21,,
2014-03-24,,
2014-03-25,,
2014-03-26,,
2014-03-27,,
2014-03-28,,
2014-03-31,,
2014-04-01,,
2014-04-02,,
2014-04-03,,
2014-04-04,,
2014-04-07,,
2014-04-08,,
2014-04-09,,
2014-04-10,,
2014-04-11,,
2014-04-14,,
2014-04-15,,
2014-04-16,,
2014-04-17,,
2014-04-21,,
2014-04-22,,
2014-04-23,,
2014-04-24,,
2014-04-25,,
2014-04-28,,
2014-04-29,,
2014-04-30,,
2014-05-01,,
2014-05-02,,
2014-05-05,,
2014-05-06,,
2014-05-07,,
2014-05-08,,
2014-05-09,,
2014-05-12,,
2014-05-13,,
2014-05-14,,
2014-05-15,,
2014-05-16,,
2014-05-19,,
2014-05-20,,
2014-05-21,,
2014-05-22,,
2014-05-23,,
2014-05-27,,
2014-05-28,,
2014-05-29,,
2014-05-30,,
2014-06-02,,
2014-06-03,,
2014-06-04,,
2014-06-05,,
2014-06-06,,
2014-06-09,,
2014-06-10,,
2014-06-11,,
2014-06-12,,
2014-06-13,,
2014-06-16,,
2014-06-17,,
2014-06-18,,
2014-06-19,,
2014-06-20,,
2014-06-23,,
2014-06-24,,
2014-06-25,,
2014-06-26,,
2014-06-27,,
2014-06-30,,
2014-07-01,,
2014-07-02,,
2014-07-03,,
2014-07-07,,
2014-07-08,,
2014-07-09,,
2014-07-10,,
2014-07-11,,
2014-07-14,,
2014-07-15,,
2014-07-16,,
2014-07-17,,
2014-07-18,,
2014-07-21,,
2014-07-22,,
2014-07-23,,
2014-07-24,,
2014-07-25,,
2014-07-28,,
2014-07-29,,
2014-07-30,,
2014-07-31,,
2014-08-01,,
2014-08-04,,
2014-08-05,,
2014-08-06,,
2014-08-07,,
2014-08-08,,
2014-08-11,,
2014-08-12,,
2014-08-13,,
2014-08-14,,
2014-08-15,,
2014-08-18,,
2014-08-19,,
2014-08-20,,
2014-08-21,,
2014-08-22,,
2014-08-25,,
2014-08-26,,
2014-08-27,,
2014-08-28,,
2014-08-29,,
2014-09-02,,
2014-09-03,,
2014-09-04,,
2014-09-05,,
2014-09-08,,
2014-09-09,,
2014-09-10,,
2014-09-11,,
2014-09-12,,
2014-09-15,,
2014-09-16,,
2014-09-17,,
2014-09-18,,
2014-09-19,,
2014-09-22,,
2014-09-23,,
2014-09-24,,
2014-09-25,,
2014-09-26,,
2014-09-29,,
2014-09-30,,
2014-10-01,,
2014-10-02,,
2014-10-03,,
2014-10-06,,
2014-10-07,,
2014-10-08,,
2014-10-09,,
2014-10-10,,
2014-10-13,,
2014-10-14,,
2014-10-15,,
2014-10-16,,
2014-10-17,,
2014-10-20,,
2014-10-21,,
2014-10-22,,
2014-10-23,,
2014-10-24,,
2014-10-27,,
2014-10-28,,
2014-10-29,,
2014-10-30,,
2014-10-31,,
2014-11-03,,
2014-11-04,,
2014-11-05,,
2014-11-06,,
2014-11-07,,
2014-11-10,,
2014-11-11,,
2014-11-12,,
2014-11-13,,
2014-11-14,,
2014-11-17,,
2014-11-18,,
2014-11-19,,
2014-11-20,,
2014-11-21,,
2014-11-24,,
2014-11-25,,
2014-11-26,,
2014-11-28,,
2014-12-01,,
2014-12-02,,
2014-12-03,,
2014-12-04,,
2014-12-05,,
2014-12-08,,
2014-12-09,,
2014-12-10,,
2014-12-11,,
2014-12-12,,
2014-12-15,,
2014-12-16,,
2014-12-17,,
2014-12-18,,
2014-12-19,,
2014-12-22,,
2014-12-23,,
2014-12-24,,
2014-12-26,,
2014-12-29,,
2014-12-30,,
2014-12-31,,
2015-01-02,,
2015-01-05,,
2015-01-06,,
2015-01-07,,
2015-01-08,,
2015-01-09,,
2015-01-12,,
2015-01-13,,
2015-01-14,,
2015-01-15,,
2015-01-16,,
2015-01-20,,
2015-01-21,,
2015-01-22,,
2015-01-23,,
2015-01-26,,
2015-01-27,,
2015-01-28,,
2015-01-29,,
2015-01-30,,
2015-02-02,,
2015-02-03,,
2015-02-04,,
2015-02-05,,
2015-02-06,,
2015-02-09,,
2015-02-10,,
2015-02-11,,
2015-02-12,,
2015-02-13,,
2015-02-17,,
2015-02-18,,
2015-02-19,,
2015-02-20,,
2015-02-23,,
2015-02-24,,
2015-02-25,,
2015-02-26,,
2015-02-27,,
2015-03-02,,
2015-03-03,,
2015-03-04,,
2015-03-05,,
2015-03-06,,
2015-03-09,,
2015-03-10,,
2015-03-11,,
2015-03-12,,
2015-03-13,,
2015-03-16,,
2015-03-17,,
2015-03-18,,
2015-03-19,,
2015-03-20,,
2015-03-23,,
2015-03-24,,
2015-03-25,,
2015-03-26,,
2015-03-27,,
2015-03-30,,
2015-03-31,,
2015-04-01,,
2015-04-02,,
2015-04-06,,
2015-04-07,,
2015-04-08,,
2015-04-09,,
2015-04-10,,
2015-04-13,,
2015-04-14,,
2015-04-15,,
2015-04-16,,
2015-04-17,,
2015-04-20,,
2015-04-21,,
2015-04-22,,
2015-04-23,,
2015-04-24,,
2015-04-27,,
2015-04-28,,
2015-04-29,,
2015-04-30,,
2015-05-01,,
2015-05-04,,
2015-05-05,,
2015-05-06,,
2015-05-07,,
2015-05-08,,
2015-05-11,,
2015-05-12,,
2015-05-13,,
2015-05-14,,
2015-05-15,,
2015-05-18,,
2015-05-19,,
2015-05-20,,
2015-05-21,,
2015-05-22,,
2015-05-26,,
2015-05-27,,
2015-05-28,,
2015-05-29,,
2015-06-01,,
2015-06-02,,
2015-06-03,,
2015-06-04,,
2015-06-05,,
2015-06-08,,
2015-06-09,,
2015-06-10,,
2015-06-11,,
2015-06-12,,
2015-06-15,,
2015-06-16,,
2015-06-17,,
2015-06-18,,
2015-06-19,,
2015-06-22,,
2015-06-23,,
2015-06-24,,
2015-06-25,,
2015-06-26,,
2015-06-29,,
2015-06-30,,
2015-07-01,,
2015-07-02,,
2015-07-06,,
2015-07-07,,
2015-07-08,,
2015-07-09,,
2015-07-10,,
2015-07-13,,
2015-07-14,,
2015-07-15,,
2015-07-16,,
2015-07-17,,
2015-07-20,,
2015-07-21,,
2015-07-22,,
2015-07-23,,
2015-07-24,,
2015-07-27,,
2015-07-28,,
2015-07-29,,
2015-07-30,,
2015-07-31,,
2015-08-03,,
2015-08-04,,
2015-08-05,,
2015-08-06,,
2015-08-07,,
2015-08-10,,
2015-08-11,,
2015-08-12,,
2015-08-13,,
2015-08-14,,
2015-08-17,,
2015-08-18,,
2015-08-19,,
2015-08-20,,
2015-08-21,,
2015-08-24,,
2015-08-25,,
2015-08-26,,
2015-08-27,,
2015-08-28,,
2015-08-31,,
2015-09-01,,
2015-09-02,,
2015-09-03,,
2015-09-04,,
2015-09-08,,
2015-09-09,,
2015-09-10,,
2015-09-11,,
2015-09-14,,
2015-09-15,,
2015-09-16,,
2015-09-17,,
2015-09-18,,
2015-09-21,,
2015-09-22,,
2015-09-23,,
2015-09-24,,
2015-09-25,,
2015-09-28,,
2015-09-29,,
2015-09-30,,
2015-10-01,,
2015-10-02,,
2015-10-05,,
2015-10-06,,
2015-10-07,,
2015-10-08,,
2015-10-09,,
2015-10-12,,
2015-10-13,,
2015-10-14,,
2015-10-15,,
2015-10-16,,
2015-10-19,,
2015-10-20,,
2015-10-21,,
2015-10-22,,
2015-10-23,,
2015-10-26,,
2015-10-27,,
2015-10-28,,
2015-10-29,,
2015-10-30,,
2015-11-02,,
2015-11-03,,
2015-11-04,,
2015-11-05,,
2015-11-06,,
2015-11-09,,
2015-11-10,,
2015-11-11,,
2015-11-12,,
2015-11-13,,
2015-11-16,,
2015-11-17,,
2015-11-18,,
2015-11-19,,
2015-11-20,,
2015-11-23,,
2015-11-24,,
2015-11-25,,
2015-11-27,,
2015-11-30,,
2015-12-01,,
2015-12-02,,
2015-12-03,,
2015-12-04,,
2015-12-07,,
2015-12-08,,
2015-12-09,,
2015-12-10,,
2015-12-11,,
2015-12-14,,
2015-12-15,,
2015-12-16,,
2015-12-17,,
2015-12-18,,
2015-12-21,,
2015-12-22,,
2015-12-23,,
2015-12-24,,
2015-12-28,,
2015-12-29,,
2015-12-30,,
2015-12-31,,
2016-01-04,,
2016-01-05,,
2016-01-06,,
2016-01-07,,
2016-01-08,,
2016-01-11,,
2016-01-12,,
2016-01-13,,
2016-01-14,,
2016-01-15,,
2016-01-19,,
2016-01-20,,
2016-01-21,,
2016-01-22,,
2016-01-25,,
2016-01-26,,
2016-01-27,,
2016-01-28,,
2016-01-29,,
2016-02-01,,
2016-02-02,,
2016-02-03,,
2016-02-04,,
2016-02-05,,
2016-02-08,,
2016-02-09,,
2016-02-10,,
2016-02-11,,
2016-02-12,,
2016-02-16,,
2016-02-17,,
2016-02-18,,
2016-02-19,,
2016-02-22,,
2016-02-23,,
2016-02-24,,
2016-02-25,,
2016-02-26,,
2016-02-29,,
2016-03-01,,
2016-03-02,,
2016-03-03,,
2016-03-04,,
2016-03-07,,
2016-03-08,,
2016-03-09,,
2016-03-10,,
2016-03-11,,
2016-03-14,,
2016-03-15,,
2016-03-16,,
2016-03-17,,
2016-03-18,,
2016-03-21,,
2016-03-22,,
2016-03-23,,
2016-03-24,,
2016-03-28,,
2016-03-29,,
2016-03-30,,
2016-03-31,,
2016-04-01,,
2016-04-04,,
2016-04-05,,
2016-04-06,,
2016-04-07,,
2016-04-08,,
2016-04-11,,
2016-04-12,,
2016-04-13,,
2016-04-14,,
2016-04-15,,
2016-04-18,,
2016-04-19,,
2016-04-20,,
2016-04-21,,
2016-04-22,,
2016-04-25,,
2016-04-26,,
2016-04-27,,
2016-04-28,,
2016-04-29,,
2016-05-02,,
2016-05-03,,
2016-05-04,,
2016-05-05,,
2016-05-06,,
2016-05-09,,
2016-05-10,,
2016-05-11,,
2016-05-12,,
2016-05-13,,
2016-05-16,,
2016-05-17,,
2016-05-18,,
2016-05-19,,
2016-05-20,,
2016-05-23,,
2016-05-24,,
2016-05-25,,
2016-05-26,,
2016-05-27,,
2016-05-31,,
2016-06-01,,
2016-06-02,,
2016-06-03,,
2016-06-06,,
2016-06-07,,
2016-06-08,,
2016-06-09,,
2016-06-10,,
2016-06-13,,
2016-06-14,,
2016-06-15,,
2016-06-16,,
2016-06-17,,
2016-06-20,,
2016-06-21,,
2016-06-22,,
2016-06-23,,
2016-06-24,,
2016-06-27,,
2016-06-28,,
2016-06-29,,
2016-06-30,,
2016-07-01,,
2016-07-05,,
2016-07-06,,
2016-07-07,,
2016-07-08,,
2016-07-11,,
2016-07-12,,
2016-07-13,,
2016-07-14,,
2016-07-15,,
2016-07-18,,
2016-07-19,,
2016-07-20,,
2016-07-21,,
2016-07-22,,
2016-07-25,,
2016-07-26,,
2016-07-27,,
2016-07-28,,
2016-07-29,,
2016-08-01,,
2016-08-02,,
2016-08-03,,
2016-08-04,,
2016-08-05,,
2016-08-08,,
2016-08-09,,
2016-08-10,,
2016-08-11,,
2016-08-12,,
2016-08-15,,
2016-08-16,,
2016-08-17,,
2016-08-18,,
2016-08-19,,
2016-08-22,,
2016-08-23,,
2016-08-24,,
2016-08-25,,
2016-08-26,,
2016-08-29,,
2016-08-30,,
2016-08-31,,
2016-09-01,,
2016-09-02,,
2016-09-06,,
2016-09-07,,
2016-09-08,,
2016-09-09,,
2016-09-12,,
2016-09-13,,
2016-09-14,,
2016-09-15,,
2016-09-16,,
2016-09-19,,
2016-09-20,,
2016-09-21,,
2016-09-22,,
2016-09-23,,
2016-09-26,,
2016-09-27,,
2016-09-28,,
2016-09-29,,
2016-09-30,,
2016-10-03,,
2016-10-04,,
2016-10-05,,
2016-10-06,,
2016-10-07,,
2016-10-10,,
2016-10-11,,
2016-10-12,,
2016-10-13,,
2016-10-14,,
2016-10-17,,
2016-10-18,,
2016-10-19,,
2016-10-20,,
2016-10-21,,
2016-10-24,,
2016-10-25,,
2016-10-26,,
2016-10-27,,
2016-10-28,,
2016-10-31,,
2016-11-01,,
2016-11-02,,
2016-11-03,,
2016-11-04,,
2016-11-07,,
2016-11-08,,
2016-11-09,,
2016-11-10,,
2016-11-11,,
2016-11-14,,
2016-11-15,,
2016-11-16,,
2016-11-17,,
2016-11-18,,
2016-11-21,,
2016-11-22,,
2016-11-23,,
2016-11-25,,
2016-11-28,,
2016-11-29,,
2016-11-30,,
2016-12-01,,
2016-12-02,,
2016-12-05,,
2016-12-06,,
2016-12-07,,
2016-12-08,,
2016-12-09,,
2016-12-12,,
2016-12-13,,
2016-12-14,,
2016-12-15,,
2016-12-16,,
2016-12-19,,
2016-12-20,,
2016-12-21,,
2016-12-22,,
2016-12-23,,
2016-12-27,,
2016-12-28,,
2016-12-29,,
2016-12-30,,
2017-01-03,,
2017-01-04,,
2017-01-05,,
2017-01-06,,
2017-01-09,,
2017-01-10,,
2017-01-11,,
2017-01-12,,
2017-01-13,,
2017-01-17,,
2017-01-18,,
2017-01-19,,
2017-01-20,,
2017-01-23,,
2017-01-24,,
2017-01-25,,
2017-01-26,,
2017-01-27,,
2017-01-30,,
2017-01-31,,
2017-02-01,,
2017-02-02,,
2017-02-03,,
2017-02-06,,
2017-02-07,,
2017-02-08,,
2017-02-09,,
2017-02-10,,
2017-02-13,,
2017-02-14,,
2017-02-15,,
2017-02-16,,
2017-02-17,,
2017-02-21,,
2017-02-22,,
2017-02-23,,
2017-02-24,,
2017-02-27,,
2017-02-28,,
2017-03-01,,
2017-03-02,,
2017-03-03,,
2017-03-06,,
2017-03-07,,
2017-03-08,,
2017-03-09,,
2017-03-10,,
2017-03-13,,
2017-03-14,,
2017-03-15,,
2017-03-16,,
2017-03-17,,
2017-03-20,,
2017-03-21,,
2017-03-22,,
2017-03-23,,
2017-03-24,,
2017-03-27,,
2017-03-28,,
2017-03-29,,
2017-03-30,,
2017-03-31,,
2017-04-03,,
2017-04-04,,
2017-04-05,,
2017-04-06,,
2017-04-07,,
2017-04-10,,
2017-04-11,,
2017-04-12,,
2017-04-13,,
2017-04-17,,
2017-04-18,,
2017-04-19,,
2017-04-20,,
2017-04-21,,
2017-04-24,,
2017-04-25,,
2017-04-26,,
2017-04-27,,
2017-04-28,,
2017-05-01,,
2017-05-02,,
2017-05-03,,
2017-05-04,,
2017-05-05,,
2017-05-08,,
2017-05-09,,
2017-05-10,,
2017-05-11,,
2017-05-12,,
2017-05-15,,
2017-05-16,,
2017-05-17,,
2017-05-18,,
2017-05-19,,
2017-05-22,,
2017-05-23,,
2017-05-24,,
2017-05-25,,
2017-05-26,,
2017-05-30,,
2017-05-31,,
2017-06-01,,
2017-06-02,,
2017-06-05,,
2017-06-06,,
2017-06-07,,
2017-06-08,,
2017-06-09,,
2017-06-12,,
2017-06-13,,
2017-06-14,,
2017-06-15,,
2017-06-16,,
2017-06-19,,
2017-06-20,,
2017-06-21,,
2017-06-22,,
2017-06-23,,
2017-06-26,,
2017-06-27,,
2017-06-28,,
2017-06-29,,
2017-06-30,,
2017-07-03,,
2017-07-05,,
2017-07-06,,
2017-07-07,,
2017-07-10,,
2017-07-11,,
2017-07-12,,
2017-07-13,,
2017-07-14,,
2017-07-17,,
2017-07-18,,
2017-07-19,,
2017-07-20,,
2017-07-21,,
2017-07-24,,
2017-07-25,,
2017-07-26,,
2017-07-27,,
2017-07-28,,
2017-07-31,,
2017-08-01,,
2017-08-02,,
2017-08-03,,
2017-08-04,,
2017-08-07,,
2017-08-08,,
2017-08-09,,
2017-08-10,,
2017-08-11,,
2017-08-14,,
2017-08-15,,
2017-08-16,,
2017-08-17,,
2017-08-18,,
2017-08-21,,
2017-08-22,,
2017-08-23,,
2017-08-24,,
2017-08-25,,
2017-08-28,,
2017-08-29,,
2017-08-30,,
2017-08-31,,
2017-09-01,,
2017-09-05,,
2017-09-06,,
2017-09-07,,
2017-09-08,,
2017-09-11,,
2017-09-12,,
2017-09-13,,
2017-09-14,,
2017-09-15,,
2017-09-18,,
2017-09-19,,
2017-09-20,,
2017-09-21,,
2017-09-22,,
2017-09-25,,
2017-09-26,,
2017-09-27,,
2017-09-28,,
2017-09-29,,
2017-10-02,,
2017-10-03,,
2017-10-04,,
2017-10-05,,
2017-10-06,,
2017-10-09,,
2017-10-10,,
2017-10-11,,
2017-10-12,,
2017-10-13,,
2017-10-16,,
2017-10-17,,
2017-10-18,,
2017-10-19,,
2017-10-20,,
2017-10-23,,
2017-10-24,,
2017-10-25,,
2017-10-26,,
2017-10-27,,
2017-10-30,,
2017-10-31,,
2017-11-01,,
2017-11-02,,
2017-11-03,,
2017-11-06,,
2017-11-07,,
2017-11-08,,
2017-11-09,,
2017-11-10,,
2017-11-13,,
2017-11-14,,
2017-11-15,,
2017-11-16,,
2017-11-17,,
2017-11-20,,
2017-11-21,,
2017-11-22,,
2017-11-24,,
2017-11-27,,
2017-11-28,,
2017-11-29,,
2017-11-30,,
2017-12-01,,
2017-12-04,,
2017-12-05,,
2017-12-06,,
2017-12-07,,
2017-12-08,,
2017-12-11,,
2017-12-12,,
2017-12-13,,
2017-12-14,,
2017-12-15,,
2017-12-18,,
2017-12-19,,
2017-12-20,,
2017-12-21,,
2017-12-22,,
2017-12-26,,
2017-12-27,,
2017-12-28,,
2017-12-29,,
2018-01-02,,
2018-01-03,,
2018-01-04,,
2018-01-05,,
2018-01-08,,
2018-01-09,,
2018-01-10,,
2018-01-11,,
2018-01-12,,
2018-01-16,,
2018-01-17,,
2018-01-18,,
2018-01-19,,
2018-01-22,,
2018-01-23,,
2018-01-24,,
2018-01-25,,
2018-01-26,,
2018-01-29,,
2018-01-30,,
2018-01-31,,
2018-02-01,,
2018-02-02,,
2018-02-05,,
2018-02-06,,
2018-02-07,,
2018-02-08,,
2018-02-09,,
2018-02-12,,
2018-02-13,,
2018-02-14,,
2018-02-15,,
2018-02-16,,
2018-02-20,,
2018-02-21,,
2018-02-22,,
2018-02-23,,
2018-02-26,,
2018-02-27,,
2018-02-28,,
2018-03-01,,
2018-03-02,,
2018-03-05,,
2018-03-06,,
2018-03-07,,
2018-03-08,,
2018-03-09,,
2018-03-12,,
2018-03-13,,
2018-03-14,,
2018-03-15,,
2018-03-16,,
2018-03-19,,
2018-03-20,,
2018-03-21,,
2018-03-22,,
2018-03-23,,
2018-03-26,,
2018-03-27,,
2018-03-28,,
2018-03-29,,
2018-04-02,,
2018-04-03,,
2018-04-04,,
2018-04-05,,
2018-04-06,,
2018-04-09,,
2018-04-10,,
2018-04-11,,
2018-04-12,,
2018-04-13,,
2018-04-16,,
2018-04-17,,
2018-04-18,,
2018-04-19,,
2018-04-20,,
2018-04-23,,
2018-04-24,,
2018-04-25,,
2018-04-26,,
2018-04-27,,
2018-04-30,,
2018-05-01,,
2018-05-02,,
2018-05-03,,
2018-05-04,,
2018-05-07,,
2018-05-08,,
2018-05-09,,
2018-05-10,,
2018-05-11,,
2018-05-14,,
2018-05-15,,
2018-05-16,,
2018-05-17,,
2018-05-18,,
2018-05-21,,
2018-05-22,,
2018-05-23,,
2018-05-24,,
2018-05-25,,
2018-05-29,,
2018-05-30,,
2018-05-31,,
2018-06-01,,
2018-06-04,,
2018-06-05,,
2018-06-06,,
2018-06-07,,
2018-06-08,,
2018-06-11,,
2018-06-12,,
2018-06-13,,
2018-06-14,,
2018-06-15,,
2018-06-18,,
2018-06-19,,
2018-06-20,,
2018-06-21,,
2018-06-22,,
2018-06-25,,
2018-06-26,,
2018-06-27,,
2018-06-28,,
2018-06-29,,
2018-07-02,,
2018-07-03,,
2018-07-05,,
2018-07-06,,
2018-07-09,,
2018-07-10,,
2018-07-11,,
2018-07-12,,
2018-07-13,,
2018-07-16,,
2018-07-17,,
2018-07-18,,
2018-07-19,,
2018-07-20,,
2018-07-23,,
2018-07-24,,
2018-07-25,,
2018-07-26,,
2018-07-27,,
2018-07-30,,
2018-07-31,,
2018-08-01,,
2018-08-02,,
2018-08-03,,
2018-08-06,,
2018-08-07,,
2018-08-08,,
2018-08-09,,
2018-08-10,,
2018-08-13,,
2018-08-14,,
2018-08-15,,
2018-08-16,,
2018-08-17,,
2018-08-20,,
2018-08-21,,
2018-08-22,,
2018-08-23,,
2018-08-24,,
2018-08-27,,
2018-08-28,,
2018-08-29,,
2018-08-30,,
2018-08-31,,
2018-09-04,,
2018-09-05,,
2018-09-06,,
2018-09-07,,
2018-09-10,,
2018-09-11,,
2018-09-12,,
2018-09-13,,
2018-09-14,,
2018-09-17,,
2018-09-18,,
2018-09-19,,
2018-09-20,,
2018-09-21,,
2018-09-24,,
2018-09-25,,
2018-09-26,,
2018-09-27,,
2018-09-28,,
2018-10-01,,
2018-10-02,,
2018-10-03,,
2018-10-04,,
2018-10-05,,
2018-10-08,,
2018-10-09,,
2018-10-10,,
2018-10-11,,
2018-10-12,,
2018-10-15,,
2018-10-16,,
2018-10-17,,
2018-10-18,,
2018-10-19,,
2018-10-22,,
2018-10-23,,
2018-10-24,,
2018-10-25,,
2018-10-26,,
2018-10-29,,
2018-10-30,,
2018-10-31,,
2018-11-01,,
2018-11-02,,
2018-11-05,,
2018-11-06,,
2018-11-07,,
2018-11-08,,
2018-11-09,,
2018-11-12,,
2018-11-13,,
2018-11-14,,
2018-11-15,,
2018-11-16,,
2018-11-19,,
2018-11-20,,
2018-11-21,,
2018-11-23,,
2018-11-26,,
2018-11-27,,
2018-11-28,,
2018-11-29,,
2018-11-30,,
2018-12-03,,
2018-12-04,,
2018-12-06,,
2018-12-07,,
2018-12-10,,
2018-12-11,,
2018-12-12,,
2018-12-13,,
2018-12-14,,
2018-12-17,,
2018-12-18,,
2018-12-19,,
2018-12-20,,
2018-12-21,,
2018-12-24,,
2018-12-26,,
2018-12-27,,
2018-12-28,,
2018-12-31,,
2019-01-02,,
2019-01-03,,
2019-01-04,,
2019-01-07,,
2019-01-08,,
2019-01-09,,
2019-01-10,,
2019-01-11,,
2019-01-14,,
2019-01-15,,
2019-01-16,,
2019-01-17,,
2019-01-18,,
2019-01-22,,
2019-01-23,,
2019-01-24,,
2019-01-25,,
2019-01-28,,
2019-01-29,,
2019-01-30,,
2019-01-31,,
2019-02-01,,
2019-02-04,,
2019-02-05,,
2019-02-06,,
2019-02-07,,
2019-02-08,,
2019-02-11,,
2019-02-12,,
2019-02-13,,
2019-02-14,,
2019-02-15,,
2019-02-19,,
2019-02-20,,
2019-02-21,,
2019-02-22,,
2019-02-25,,
2019-02-26,,
2019-02-27,,
2019-02-28,,
2019-03-01,,
2019-03-04,,
2019-03-05,,
2019-03-06,,
2019-03-07,,
2019-03-08,,
2019-03-11,,
2019-03-12,,
2019-03-13,,
2019-03-14,,
2019-03-15,,
2019-03-18,,
2019-03-19,,
2019-03-20,,
2019-03-21,,
2019-03-22,,
2019-03-25,,
2019-03-26,,
2019-03-27,,
2019-03-28,,
2019-03-29,,
2019-04-01,,
2019-04-02,,
2019-04-03,,
2019-04-04,,
2019-04-05,,
2019-04-08,,
2019-04-09,,
2019-04-10,,
2019-04-11,,
2019-04-12,,
2019-04-15,,
2019-04-16,,
2019-04-17,,
2019-04-18,,
2019-04-22,,
2019-04-23,,
2019-04-24,,
2019-04-25,,
2019-04-26,,
2019-04-29,,
2019-04-30,,
2019-05-01,,
2019-05-02,,
2019-05-03,,
2019-05-06,,
2019-05-07,,
2019-05-08,,
2019-05-09,,
2019-05-10,,
2019-05-13,,
2019-05-14,,
2019-05-15,,
2019-05-16,,
2019-05-17,,
2019-05-20,,
2019-05-21,,
2019-05-22,,
2019-05-23,,
2019-05-24,,
2019-05-28,,
2019-05-29,,
2019-05-30,,
2019-05-31,,
2019-06-03,,
2019-06-04,,
2019-06-05,,
2019-06-06,,
2019-06-07,,
2019-06-10,,
2019-06-11,,
2019-06-12,,
2019-06-13,,
2019-06-14,,
2019-06-17,,
2019-06-18,,
2019-06-19,,
2019-06-20,,
2019-06-21,,
2019-06-24,,
2019-06-25,,
2019-06-26,,
2019-06-27,,
2019-06-28,,
2019-07-01,,
2019-07-02,,
2019-07-03,,
2019-07-05,,
2019-07-08,,
2019-07-09,,
2019-07-10,,
2019-07-11,,
2019-07-12,,
2019-07-15,,
2019-07-16,,
2019-07-17,,
2019-07-18,,
2019-07-19,,
2019-07-22,,
2019-07-23,,
2019-07-24,,
2019-07-25,,
2019-07-26,,
2019-07-29,,
2019-07-30,,
2019-07-31,,
2019-08-01,,
2019-08-02,,
2019-08-05,,
2019-08-06,,
2019-08-07,,
2019-08-08,,
2019-08-09,,
2019-08-12,,
2019-08-13,,
2019-08-14,,
2019-08-15,,
2019-08-16,,
2019-08-19,,
2019-08-20,,
2019-08-21,,
2019-08-22,,
2019-08-23,,
2019-08-26,,
2019-08-27,,
2019-08-28,,
2019-08-29,,
2019-08-30,,
2019-09-03,,
2019-09-04,,
2019-09-05,,
2019-09-06,,
2019-09-09,,
2019-09-10,,
2019-09-11,,
2019-09-12,,
2019-09-13,,
2019-09-16,,
2019-09-17,,
2019-09-18,,
2019-09-19,,
2019-09-20,,
2019-09-23,,
2019-09-24,,
2019-09-25,,
2019-09-26,,
2019-09-27,,
2019-09-30,,
2019-10-01,,
2019-10-02,,
2019-10-03,,
2019-10-04,,
2019-10-07,,
2019-10-08,,
2019-10-09,,
2019-10-10,,
2019-10-11,,
2019-10-14,,
2019-10-15,,
2019-10-16,,
2019-10-17,,
2019-10-18,,
2019-10-21,,
2019-10-22,,
2019-10-23,,
2019-10-24,,
2019-10-25,,
2019-10-28,,
2019-10-29,,
2019-10-30,,
2019-10-31,,
2019-11-01,,
2019-11-04,,
2019-11-05,,
2019-11-06,,
2019-11-07,,
2019-11-08,,
2019-11-11,,
2019-11-12,,
2019-11-13,,
2019-11-14,,
2019-11-15,,
2019-11-18,,
2019-11-19,,
2019-11-20,,
2019-11-21,,
2019-11-22,,
2019-11-25,,
2019-11-26,,
2019-11-27,,
2019-11-29,,
2019-12-02,,
2019-12-03,,
2019-12-04,,
2019-12-05,,
2019-12-06,,
2019-12-09,,
2019-12-10,,
2019-12-11,,
2019-12-12,,
2019-12-13,,
2019-12-16,,
2019-12-17,,
2019-12-18,,
2019-12-19,,
2019-12-20,,
2019-12-23,,
2019-12-24,,
2019-12-26,,
2019-12-27,,
2019-12-30,,
2019-12-31,,
2020-01-02,,
2020-01-03,,
2020-01-06,,
2020-01-07,,
2020-01-08,,
2020-01-09,,
2020-01-10,,
2020-01-13,,
2020-01-14,,
2020-01-15,,
2020-01-16,,
2020-01-17,,
2020-01-21,,
2020-01-22,,
2020-01-23,,
2020-01-24,,
2020-01-27,,
2020-01-28,,
2020-01-29,,
2020-01-30,,
2020-01-31,,
2020-02-03,,
2020-02-04,,
2020-02-05,,
2020-02-06,,
2020-02-07,,
2020-02-10,,
2020-02-11,,
2020-02-12,,
2020-02-13,,
2020-02-14,,
2020-02-18,,
2020-02-19,,
2020-02-20,,
2020-02-21,,
2020-02-24,,
2020-02-25,,
2020-02-26,,
2020-02-27,,
2020-02-28,,
2020-03-02,,
2020-03-03,,
2020-03-04,,
2020-03-05,,
2020-03-06,,
2020-03-09,,
2020-03-10,,
2020-03-11,,
2020-03-12,,
2020-03-13,,
2020-03-16,,
2020-03-17,,
2020-03-18,,
2020-03-19,,
2020-03-20,,
2020-03-23,,
2020-03-24,,
2020-03-25,,
2020-03-26,,
2020-03-27,,
2020-03-30,,
2020-03-31,,
2020-04-01,,
2020-04-02,,
2020-04-03,,
2020-04-06,,
2020-04-07,,
2020-04-08,,
2020-04-09,,
2020-04-13,,
2020-04-14,,
2020-04-15,,
2020-04-16,,
2020-04-17,,
2020-04-20,,
2020-04-21,,
2020-04-22,,
2020-04-23,,
2020-04-24,,
2020-04-27,,
2020-04-28,,
2020-04-29,,
2020-04-30,,
2020-05-01,,
2020-05-04,,
2020-05-05,,
2020-05-06,,
2020-05-07,,
2020-05-08,,
2020-05-11,,
2020-05-12,,
2020-05-13,,
2020-05-14,,
2020-05-15,,
2020-05-18,,
2020-05-19,,
2020-05-20,,
2020-05-21,,
2020-05-22,,
2020-05-26,,
2020-05-27,,
2020-05-28,,
2020-05-29,,
2020-06-01,,
2020-06-02,,
2020-06-03,,
2020-06-04,,
2020-06-05,,
2020-06-08,,
2020-06-09,,
2020-06-10,,
2020-06-11,,
2020-06-12,,
2020-06-15,,
2020-06-16,,
2020-06-17,,
2020-06-18,,
2020-06-19,,
2020-06-22,,
2020-06-23,,
2020-06-24,,
2020-06-25,,
2020-06-26,,
2020-06-29,,
2020-06-30,,
2020-07-01,,
2020-07-02,,
2020-07-06,,
2020-07-07,,
2020-07-08,,
2020-07-09,,
2020-07-10,,
2020-07-13,,
2020-07-14,,
2020-07-15,,
2020-07-16,,
2020-07-17,,
2020-07-20,,
2020-07-21,,
2020-07-22,,
2020-07-23,,
2020-07-24,,
2020-07-27,,
2020-07-28,,
2020-07-29,,
2020-07-30,,
2020-07-31,,
2020-08-03,,
2020-08-04,,
2020-08-05,,
2020-08-06,,
2020-08-07,,
2020-08-10,,
2020-08-11,,
2020-08-12,,
2020-08-13,,
2020-08-14,,
2020-08-17,,
2020-08-18,,
2020-08-19,,
2020-08-20,,
2020-08-21,,
2020-08-24,,
2020-08-25,,
2020-08-26,,
2020-08-27,,
2020-08-28,,
2020-08-31,,
2020-09-01,,
2020-09-02,,
2020-09-03,,
2020-09-04,,
2020-09-08,,
2020-09-09,,
2020-09-10,,
2020-09-11,,
2020-09-14,,
2020-09-15,,
2020-09-16,,
2020-09-17,,
2020-09-18,,
2020-09-21,,
2020-09-22,,
2020-09-23,,
2020-09-24,,
2020-09-25,,
2020-09-28,,
2020-09-29,,
2020-09-30,,
2020-10-01,,
2020-10-02,,
2020-10-05,,
2020-10-06,,
2020-10-07,,
2020-10-08,,
2020-10-09,,
2020-10-12,,
2020-10-13,,
2020-10-14,,
2020-10-15,,
2020-10-16,,
2020-10-19,,
2020-10-20,,
2020-10-21,,
2020-10-22,,
2020-10-23,,
2020-10-26,,
2020-10-27,,
2020-10-28,,
2020-10-29,,
2020-10-30,,
2020-11-02,,
2020-11-03,,
2020-11-04,,
2020-11-05,,
2020-11-06,,
2020-11-09,,
2020-11-10,,
2020-11-11,,
2020-11-12,,
2020-11-13,,
2020-11-16,,
2020-11-17,,
2020-11-18,,
2020-11-19,,
2020-11-20,,
2020-11-23,,
2020-11-24,,
2020-11-25,,
2020-11-27,,
2020-11-30,,
2020-12-01,,
2020-12-02,,
2020-12-03,,
2020-12-04,,
2020-12-07,,
2020-12-08,,
2020-12-09,,
2020-12-10,,
2020-12-11,,
2020-12-14,,
2020-12-15,,
2020-12-16,,
2020-12-17,,
2020-12-18,,
2020-12-21,,
2020-12-22,,
2020-12-23,,
2020-12-24,,
2020-12-28,,
2020-12-29,,
2020-12-30,,
2020-12-31,,
2021-01-04,,
2021-01-05,,
2021-01-06,,
2021-01-07,,
2021-01-08,,
2021-01-11,,
2021-01-12,,
2021-01-13,,
2021-01-14,,
2021-01-15,,
2021-01-19,,
2021-01-20,,
2021-01-21,,
2021-01-22,,
2021-01-25,,
2021-01-26,,
2021-01-27,,
2021-01-28,,
2021-01-29,,
2021-02-01,,
2021-02-02,,
2021-02-03,,
2021-02-04,,
2021-02-05,,
2021-02-08,,
2021-02-09,,
2021-02-10,,
2021-02-11,,
2021-02-12,,
2021-02-16,,
2021-02-17,,
2021-02-18,,
2021-02-19,,
2021-02-22,,
2021-02-23,,
2021-02-24,,
2021-02-25,,
2021-02-26,,
2021-03-01,,
2021-03-02,,
2021-03-03,,
2021-03-04,,
2021-03-05,,
2021-03-08,,
2021-03-09,,
2021-03-10,,
2021-03-11,,
2021-03-12,,
2021-03-15,,
2021-03-16,,
2021-03-17,,
2021-03-18,,
2021-03-19,,
2021-03-22,,
2021-03-23,,
2021-03-24,,
2021-03-25,,
2021-03-26,,
2021-03-29,,
2021-03-30,,
2021-03-31,,
2021-04-01,,
2021-04-05,,
2021-04-06,,
2021-04-07,,
2021-04-08,,
2021-04-09,,
2021-04-12,,
2021-04-13,,
2021-04-14,,
2021-04-15,,
2021-04-16,,
2021-04-19,,
2021-04-20,,
2021-04-21,,
2021-04-22,,
2021-04-23,,
2021-04-26,,
2021-04-27,,
2021-04-28,,
2021-04-29,,
2021-04-30,,
2021-05-03,,
2021-05-04,,
2021-05-05,,
2021-05-06,,
2021-05-07,,
2021-05-10,,
2021-05-11,,
2021-05-12,,
2021-05-13,,
2021-05-14,,
2021-05-17,,
2021-05-18,,
2021-05-19,,
2021-05-20,,
2021-05-21,,
2021-05-24,,
2021-05-25,,
2021-05-26,,
2021-05-27,,
2021-05-28,,
2021-06-01,,
2021-06-02,,
2021-06-03,,
2021-06-04,,
2021-06-07,,
2021-06-08,,
2021-06-09,,
2021-06-10,,
2021-06-11,,
2021-06-14,,
2021-06-15,,
2021-06-16,,
2021-06-17,,
2021-06-18,,
2021-06-21,,
2021-06-22,,
2021-06-23,,
2021-06-24,,
2021-06-25,,
2021-06-28,,
2021-06-29,,
2021-06-30,,
2021-07-01,,
2021-07-02,,
2021-07-06,,
2021-07-07,,
2021-07-08,,
2021-07-09,,
2021-07-12,,
2021-07-13,,
2021-07-14,,
2021-07-15,,
2021-07-16,,
2021-07-19,,
2021-07-20,,
2021-07-21,,
2021-07-22,,
2021-07-23,,
2021-07-26,,
2021-07-27,,
2021-07-28,,
2021-07-29,,
2021-07-30,,
2021-08-02,,
2021-08-03,,
2021-08-04,,
2021-08-05,,
2021-08-06,,
2021-08-09,,
2021-08-10,,
2021-08-11,,
2021-08-12,,
2021-08-13,,
2021-08-16,,
2021-08-17,,
2021-08-18,,
2021-08-19,,
2021-08-20,,
2021-08-23,,
2021-08-24,,
2021-08-25,,
2021-08-26,,
2021-08-27,,
2021-08-30,,
2021-08-31,,
2021-09-01,,
2021-09-02,,
2021-09-03,,
2021-09-07,,
2021-09-08,,
2021-09-09,,
2021-09-10,,
2021-09-13,,
2021-09-14,,
2021-09-15,,
2021-09-16,,
2021-09-17,,
2021-09-20,,
2021-09-21,,
2021-09-22,,
2021-09-23,,
2021-09-24,,
2021-09-27,,
2021-09-28,,
2021-09-29,,
2021-09-30,,
2021-10-01,,
2021-10-04,,
2021-10-05,,
2021-10-06,,
2021-10-07,,
2021-10-08,,
2021-10-11,,
2021-10-12,,
2021-10-13,,
2021-10-14,,
2021-10-15,,
2021-10-18,,
2021-10-19,,
2021-10-20,,
2021-10-21,,
2021-10-22,,
2021-10-25,,
2021-10-26,,
2021-10-27,,
2021-10-28,,
2021-10-29,,
2021-11-01,,
2021-11-02,,
2021-11-03,,
2021-11-04,,
2021-11-05,,
2021-11-08,,
2021-11-09,,
2021-11-10,,
2021-11-11,,
2021-11-12,,
2021-11-15,,
2021-11-16,,
2021-11-17,,
2021-11-18,,
2021-11-19,,
2021-11-22,,
2021-11-23,,
2021-11-24,,
2021-11-26,,
2021-11-29,,
2021-11-30,,
2021-12-01,,
2021-12-02,,
2021-12-03,,
2021-12-06,,
2021-12-07,,
2021-12-08,,
2021-12-09,,
2021-12-10,,
2021-12-13,,
2021-12-14,,
2021-12-15,,
2021-12-16,,
2021-12-17,,
2021-12-20,,
2021-12-21,,
2021-12-22,,
2021-12-23,,
2021-12-27,,
2021-12-28,,
2021-12-29,,
2021-12-30,,
2021-12-31,,
2022-01-03,,
2022-01-04,,
2022-01-05,,
2022-01-06,,
2022-01-07,,
2022-01-10,,
2022-01-11,,
2022-01-12,,
2022-01-13,,
2022-01-14,,
2022-01-18,,
2022-01-19,40.65599060058594,129900.0
2022-01-20,43.559993743896484,153400.0
2022-01-21,43.559993743896484,329500.0
2022-01-24,41.430397033691406,110000.0
2022-01-25,40.557254791259766,23500.0
2022-01-26,41.83695983886719,90500.0
2022-01-27,44.29566955566406,151600.0
2022-01-28,45.25399398803711,43600.0
2022-01-31,46.4639892578125,71300.0
2022-02-01,48.18703842163086,298800.0
2022-02-02,51.31367111206055,23860900.0
2022-02-03,51.9041633605957,8425500.0
2022-02-04,48.53550720214844,6757800.0
2022-02-07,44.59575271606445,9432500.0
2022-02-08,44.04399108886719,7277500.0
2022-02-09,45.79607009887695,4393100.0
2022-02-10,45.54439163208008,2450000.0
2022-02-11,46.55111312866211,3456800.0
2022-02-14,46.57048034667969,2155000.0
2022-02-15,46.4639892578125,2359800.0
2022-02-16,45.68959045410156,5855300.0
2022-02-17,43.840721130371094,3142600.0
2022-02-18,43.956871032714844,2018700.0
2022-02-22,42.1467170715332,2611100.0
2022-02-23,41.71110916137695,2791200.0
2022-02-24,43.042606353759766,2447900.0
2022-02-25,42.64441680908203,2040700.0
2022-02-28,44.654754638671875,5534900.0
2022-03-01,46.41257858276367,4212900.0
2022-03-02,48.034446716308594,3517100.0
2022-03-03,48.09272384643555,2072200.0
2022-03-04,49.53007125854492,2544600.0
2022-03-07,50.16133117675781,2726900.0
2022-03-08,50.81202697753906,3873700.0
2022-03-09,49.85055923461914,3050600.0
2022-03-10,49.84083557128906,2692700.0
2022-03-11,47.89849090576172,3034100.0
2022-03-14,49.48151779174805,2916600.0
2022-03-15,49.81171417236328,2117400.0
2022-03-16,50.27787780761719,2989800.0
2022-03-17,49.520347595214844,2244600.0
2022-03-18,47.59741973876953,9663900.0
2022-03-21,47.80137252807617,2452000.0
2022-03-22,49.66602325439453,3841900.0
2022-03-23,49.520347595214844,2396200.0
2022-03-24,50.89942932128906,2335200.0
2022-03-25,52.24937438964844,2441200.0
2022-03-28,55.143470764160156,3127000.0
2022-03-29,54.706443786621094,2201300.0
2022-03-30,55.84272003173828,1934100.0
2022-03-31,54.62874984741211,3817600.0
2022-04-01,56.34773254394531,2156500.0
2022-04-04,56.697357177734375,1885100.0
2022-04-05,57.29949188232422,2143100.0
2022-04-06,57.8821907043457,2559400.0
2022-04-07,59.15443801879883,3925800.0
2022-04-08,62.17479705810547,4762100.0
2022-04-11,58.93106460571289,3487700.0
2022-04-12,60.08677673339844,2553000.0
2022-04-13,62.349613189697266,3405700.0
2022-04-14,60.74717330932617,1860100.0
2022-04-18,61.485260009765625,1216800.0
2022-04-19,64.78728485107422,2078800.0
2022-04-20,63.524742126464844,2182800.0
2022-04-21,60.86370849609375,2493700.0
2022-04-22,60.6306266784668,2030500.0
2022-04-25,60.475242614746094,2261600.0
2022-04-26,58.222110748291016,2136500.0
2022-04-27,58.35807800292969,1991600.0
2022-04-28,59.54290771484375,3354600.0
2022-04-29,57.50343322753906,2578400.0
2022-05-02,56.522544860839844,2488200.0
2022-05-03,57.97931671142578,2224200.0
2022-05-04,60.028499603271484,2628900.0
2022-05-05,58.426055908203125,1946800.0
2022-05-06,58.53288650512695,2861000.0
2022-05-09,55.95926284790039,2193700.0
2022-05-10,55.39598083496094,2156200.0
2022-05-11,55.71646499633789,1877000.0
2022-05-12,52.056819915771484,3785600.0
2022-05-13,53.16668701171875,2317500.0
2022-05-16,55.09436798095703,1631900.0
2022-05-17,57.75220489501953,2215100.0
2022-05-18,55.766117095947266,4609100.0
2022-05-19,55.717437744140625,2181100.0
2022-05-20,55.15278244018555,2266200.0
2022-05-23,55.10409927368164,1581800.0
2022-05-24,55.27933120727539,1682300.0
2022-05-25,57.60617446899414,1974700.0
2022-05-26,60.81895065307617,3260100.0
2022-05-27,64.83978271484375,2793800.0
2022-05-31,60.439266204833984,7389300.0
2022-06-01,61.9677734375,2008600.0
2022-06-02,62.06512451171875,1758500.0
2022-06-03,63.44758987426758,1793500.0
2022-06-06,64.6353530883789,2033200.0
2022-06-07,64.79110717773438,2721700.0
2022-06-08,63.058162689208984,1922200.0
2022-06-09,59.59225082397461,1811000.0
2022-06-10,58.20978927612305,1540800.0
2022-06-13,54.01368713378906,2113200.0
2022-06-14,53.00117874145508,2330400.0
2022-06-15,56.66181182861328,3891700.0
2022-06-16,56.72021484375,4837000.0
2022-06-17,56.564456939697266,6478700.0
2022-06-21,58.78419876098633,4363600.0
2022-06-22,57.645111083984375,3233400.0
2022-06-23,57.099910736083984,2667600.0
2022-06-24,57.7132568359375,6473700.0
2022-06-27,57.84956359863281,1718900.0
2022-06-28,56.54498291015625,1401700.0
2022-06-29,55.79533004760742,1412200.0
2022-06-30,55.746646881103516,2424400.0
2022-07-01,56.077667236328125,1531900.0
2022-07-05,53.48796463012695,2696000.0
2022-07-06,55.259864807128906,1716600.0
2022-07-07,57.54775619506836,1872100.0
2022-07-08,58.073490142822266,2096000.0
2022-07-11,58.25846481323242,1774700.0
2022-07-12,57.66458511352539,1808400.0
2022-07-13,58.23899459838867,1577200.0
2022-07-14,56.38920593261719,2608600.0
2022-07-15,54.18894577026367,5186100.0
2022-07-18,53.36140823364258,2583100.0
2022-07-19,53.54637908935547,2326200.0
2022-07-20,52.64096450805664,2803600.0
2022-07-21,52.728580474853516,1816800.0
2022-07-22,52.572811126708984,1503100.0
2022-07-25,53.50743865966797,1847700.0
2022-07-26,54.033172607421875,1993500.0
2022-07-27,54.062374114990234,1557200.0
2022-07-28,62.88292694091797,8460600.0
2022-07-29,64.35301971435547,3895200.0
2022-08-01,63.57415008544922,2735200.0
2022-08-02,64.09986114501953,1722900.0
2022-08-03,65.39473724365234,2286700.0
2022-08-04,65.67708587646484,2425900.0
2022-08-05,72.33629608154297,4216800.0
2022-08-08,73.88427734375,3183600.0
2022-08-09,73.7187728881836,2945700.0
2022-08-10,75.08175659179688,2134600.0
2022-08-11,76.74656677246094,2540200.0
2022-08-12,79.48817443847656,2170800.0
2022-08-15,79.1955795288086,1980100.0
2022-08-16,79.39064025878906,1878800.0
2022-08-17,77.73262023925781,2502200.0
2022-08-18,79.58570861816406,1939600.0
2022-08-19,78.84446716308594,1704000.0
2022-08-22,77.68385314941406,1724600.0
2022-08-23,77.78138732910156,1065800.0
2022-08-24,78.38607025146484,1430200.0
2022-08-25,80.69757080078125,1551700.0
2022-08-26,78.83472442626953,1641000.0
2022-08-29,79.00052642822266,1191200.0
2022-08-30,77.72286224365234,1802800.0
2022-08-31,79.57595825195312,3016500.0
2022-09-01,80.48299407958984,2421100.0
2022-09-02,79.06880187988281,2232200.0
2022-09-06,80.22940826416016,2013300.0
2022-09-07,80.85363006591797,1759100.0
2022-09-08,83.67228698730469,2184400.0
2022-09-09,85.34983825683594,1905300.0
2022-09-12,85.95451354980469,1733800.0
2022-09-13,84.24771118164062,1974200.0
2022-09-14,85.87651062011719,3600300.0
2022-09-15,84.6573486328125,3631800.0
2022-09-16,83.45771026611328,6245600.0
2022-09-19,87.15415954589844,4407400.0
2022-09-20,85.58390045166016,4626000.0
2022-09-21,85.1255111694336,2155100.0
2022-09-22,83.27239990234375,1863300.0
2022-09-23,81.7801513671875,2678800.0
2022-09-26,80.87310791015625,1973300.0
2022-09-27,81.89720916748047,1777800.0
2022-09-28,82.92130279541016,1564300.0
2022-09-29,80.99016571044922,1823700.0
2022-09-30,81.1364517211914,3267800.0
2022-10-03,84.4525146484375,2026700.0
2022-10-04,87.13465118408203,1679100.0
2022-10-05,85.9935302734375,1766700.0
2022-10-06,84.15018463134766,1677300.0
2022-10-07,82.30683898925781,2017200.0
2022-10-10,82.62870025634766,982800.0
2022-10-11,80.83411407470703,1534200.0
2022-10-12,80.13187408447266,1878400.0
2022-10-13,81.75089263916016,2746500.0
2022-10-14,79.25410461425781,1693300.0
2022-10-17,83.08709716796875,1678900.0
2022-10-18,84.37451171875,1598900.0
2022-10-19,83.57475280761719,1325800.0
2022-10-20,82.4726333618164,2076500.0
2022-10-21,85.1255111694336,1749200.0
2022-10-24,85.41809844970703,1325000.0
2022-10-25,85.97402954101562,1647200.0
2022-10-26,86.5884780883789,1370100.0
2022-10-27,90.7433090209961,3345800.0
2022-10-28,91.435791015625,1958000.0
2022-10-31,92.20628356933594,2276600.0
2022-11-01,93.1620864868164,1467400.0
2022-11-02,90.79207611083984,1966100.0
2022-11-03,92.07949829101562,1484400.0
2022-11-04,91.99170684814453,1974300.0
2022-11-07,91.19196319580078,2120300.0
2022-11-08,85.37908935546875,4345400.0
2022-11-09,85.19376373291016,2241500.0
2022-11-10,92.79148864746094,4885600.0
2022-11-11,90.03134155273438,3133200.0
2022-11-14,91.74172973632812,1997000.0
2022-11-15,91.33147430419922,2537200.0
2022-11-16,89.55368041992188,1384600.0
2022-11-17,87.96150207519531,1792500.0
2022-11-18,91.1361083984375,2515700.0
2022-11-21,91.22401428222656,1744800.0
2022-11-22,94.0372314453125,1567600.0
2022-11-23,94.37909698486328,1135900.0
2022-11-25,94.90658569335938,631700.0
2022-11-28,92.61107635498047,1590100.0
2022-11-29,92.23989868164062,1436200.0
2022-11-30,93.89071655273438,3361800.0
2022-12-01,92.27896881103516,1748600.0
2022-12-02,89.90533447265625,1848700.0
2022-12-05,87.97125244140625,2397000.0
2022-12-06,88.67454528808594,1237500.0
2022-12-07,89.83695220947266,1237200.0
2022-12-08,89.28994750976562,1002400.0
2022-12-09,87.6391372680664,1384600.0
2022-12-12,88.772216796875,1554100.0
2022-12-13,88.73316192626953,1629900.0
2022-12-14,88.742919921875,2561600.0
2022-12-15,87.6196060180664,2245100.0
2022-12-16,86.1543960571289,3911700.0
2022-12-19,85.69529724121094,1238100.0
2022-12-20,85.52923583984375,1306600.0
2022-12-21,87.57074737548828,1409500.0
2022-12-22,85.30458068847656,1548300.0
2022-12-23,85.99810028076172,600700.0
2022-12-27,85.60737609863281,634400.0
2022-12-28,84.60127258300781,752000.0
2022-12-29,84.75756072998047,870800.0
2022-12-30,84.2105484008789,1343300.0
2023-01-03,80.01028442382812,4030600.0
2023-01-04,81.47547912597656,2612200.0
2023-01-05,80.49867248535156,1906300.0
2023-01-06,81.56339263916016,1914100.0
2023-01-09,82.05179595947266,1301500.0
2023-01-10,81.15314483642578,1376700.0
2023-01-11,82.15926361083984,1696200.0
2023-01-12,82.38391876220703,1496700.0
2023-01-13,83.18489837646484,1366200.0
2023-01-17,81.43640899658203,2763600.0
2023-01-18,79.95165252685547,2084900.0
2023-01-19,78.965087890625,1635500.0
2023-01-20,81.07499694824219,1795100.0
2023-01-23,82.18856048583984,1596200.0
2023-01-24,81.96388244628906,1176000.0
2023-01-25,81.4657211303711,1535200.0
2023-01-26,83.88819122314453,2161100.0
2023-01-27,84.57196807861328,1455100.0
2023-01-30,80.48892974853516,3045800.0
2023-01-31,83.38026428222656,2509000.0
2023-02-01,83.42910766601562,2623400.0
2023-02-02,83.35094451904297,2389600.0
2023-02-03,81.27034759521484,1807200.0
2023-02-06,81.3289566040039,1502000.0
2023-02-07,83.9370346069336,2032900.0
2023-02-08,82.38391876220703,2005900.0
2023-02-09,82.46205139160156,1975000.0
2023-02-10,84.796630859375,1350300.0
2023-02-13,84.38636779785156,1173500.0
2023-02-14,84.06401824951172,2383100.0
2023-02-15,84.01518249511719,2030600.0
2023-02-16,83.64401245117188,3037600.0
2023-02-17,82.58905029296875,3570700.0
2023-02-21,78.50598907470703,5056000.0
2023-02-22,75.99560546875,3341000.0
2023-02-23,77.3826675415039,1584900.0
2023-02-24,77.70812225341797,1529100.0
2023-02-27,76.82585906982422,1326200.0
2023-02-28,73.41441345214844,3584800.0
2023-03-01,72.88505554199219,2594400.0
2023-03-02,74.67899322509766,1949900.0
2023-03-03,77.42383575439453,2304600.0
2023-03-06,77.24738311767578,2295000.0
2023-03-07,76.36512756347656,2203900.0
2023-03-08,76.5317611694336,1261600.0
2023-03-09,77.09053802490234,3110500.0
2023-03-10,76.02201080322266,2895700.0
2023-03-13,75.58087158203125,2242400.0
2023-03-14,76.39452362060547,2142800.0
2023-03-15,75.80635070800781,1957000.0
2023-03-16,76.8846664428711,1962900.0
2023-03-17,75.25736999511719,3896500.0
2023-03-20,75.48284912109375,1629500.0
2023-03-21,75.01229095458984,2045700.0
2023-03-22,72.95367431640625,1863400.0
2023-03-23,71.95377349853516,1655400.0
2023-03-24,71.99299621582031,2777200.0
2023-03-27,73.78691864013672,3225500.0
2023-03-28,74.02220916748047,1752200.0
2023-03-29,74.3849105834961,2299500.0
2023-03-30,75.306396484375,1737800.0
2023-03-31,76.95329284667969,2984400.0
2023-04-03,75.11033630371094,1894900.0
2023-04-04,74.52214813232422,1316200.0
2023-04-05,74.99270629882812,1204800.0
2023-04-06,75.44363403320312,1223000.0
2023-04-10,75.80635070800781,1485500.0
2023-04-11,75.89457702636719,1371500.0
2023-04-12,75.29658508300781,1171100.0
2023-04-13,75.62007904052734,1324700.0
2023-04-14,74.92407989501953,1328400.0
2023-04-17,73.56147003173828,1093300.0
2023-04-18,73.01249694824219,1235200.0
2023-04-19,73.27717590332031,1039300.0
2023-04-20,74.96328735351562,1926900.0
2023-04-21,75.04173278808594,1178900.0
2023-04-24,75.76712799072266,1094300.0
2023-04-25,75.41423034667969,1722400.0
2023-04-26,74.36531066894531,3100600.0
2023-04-27,75.23776245117188,1865700.0
2023-04-28,75.8749771118164,2233400.0
2023-05-01,75.5318603515625,1788300.0
2023-05-02,75.27698516845703,2554000.0
2023-05-03,75.00250244140625,1607000.0
2023-05-04,77.04151916503906,3830400.0
2023-05-05,77.92377471923828,2359300.0
2023-05-08,77.1591567993164,2360100.0
2023-05-09,77.39442443847656,3158300.0
2023-05-10,77.88947296142578,1629400.0
2023-05-11,77.83734893798828,2497400.0
2023-05-12,78.55550384521484,1991000.0
2023-05-15,78.96868133544922,2048300.0
2023-05-16,77.71929168701172,3709100.0
2023-05-17,79.08675384521484,2329500.0
2023-05-18,80.08037567138672,2849300.0
2023-05-19,80.96578979492188,2444800.0
2023-05-22,82.17584991455078,1908300.0
2023-05-23,82.67758178710938,2232200.0
2023-05-24,81.95940399169922,2430300.0
2023-05-25,81.40850067138672,1863100.0
2023-05-26,82.49065399169922,2267100.0
2023-05-30,82.34307861328125,2198200.0
2023-05-31,82.65790557861328,5214700.0
2023-06-01,87.43910217285156,3646900.0
2023-06-02,86.12084197998047,3225600.0
2023-06-05,86.09132385253906,1819000.0
2023-06-06,88.09823608398438,2311500.0
2023-06-07,89.33781433105469,2452100.0
2023-06-08,90.80367279052734,3075700.0
2023-06-09,91.77761840820312,2530100.0
2023-06-12,92.23014831542969,1720700.0
2023-06-13,92.7220458984375,2429900.0
2023-06-14,91.68907165527344,2573200.0
2023-06-15,91.94486236572266,3712300.0
2023-06-16,91.38410186767578,4963400.0
2023-06-20,90.49868774414062,1846900.0
2023-06-21,89.0328369140625,2684900.0
2023-06-22,87.80311584472656,3205600.0
2023-06-23,88.89511108398438,2875900.0
2023-06-26,89.16073608398438,1890400.0
2023-06-27,89.37715911865234,1472800.0
2023-06-28,89.08203887939453,1605400.0
2023-06-29,89.39683532714844,1738700.0
2023-06-30,90.06582641601562,2667100.0
2023-07-03,90.11500549316406,1089100.0
2023-07-05,90.646240234375,2087300.0
2023-07-06,89.52474212646484,2263300.0
2023-07-07,89.8493881225586,1334000.0
2023-07-10,92.08258819580078,1539300.0
2023-07-11,92.83027648925781,1260900.0
2023-07-12,94.50269317626953,1532600.0
2023-07-13,93.72551727294922,1462400.0
2023-07-14,93.45988464355469,1259900.0
2023-07-17,94.62076568603516,1951400.0
2023-07-18,93.82389068603516,1925300.0
2023-07-19,93.19426727294922,1785300.0
2023-07-20,95.3192367553711,1600300.0
2023-07-21,95.03395080566406,5081100.0
2023-07-24,94.9847640991211,1077800.0
2023-07-25,95.93904113769531,854800.0
2023-07-26,95.76194763183594,1243000.0
2023-07-27,93.87307739257812,897900.0
2023-07-28,94.18789672851562,1135900.0
2023-07-31,95.08313751220703,1170200.0
2023-08-01,94.73882293701172,1469600.0
2023-08-02,94.0009765625,2040300.0
2023-08-03,99.5003662109375,3511000.0
2023-08-04,102.25496673583984,2723600.0
2023-08-07,102.06804656982422,1759800.0
2023-08-08,103.11084747314453,1207300.0
2023-08-09,103.40599060058594,1646700.0
2023-08-10,104.006103515625,1563700.0
2023-08-11,105.11286926269531,1414100.0
2023-08-14,105.54688262939453,2404000.0
2023-08-15,104.79721069335938,1709600.0
2023-08-16,103.67269897460938,1835200.0
2023-08-17,103.39649200439453,1800600.0
2023-08-18,103.34717559814453,1669000.0
2023-08-21,104.6689682006836,1377000.0
2023-08-22,104.81693267822266,1276900.0
2023-08-23,106.96733856201172,1393500.0
2023-08-24,105.46797943115234,1498700.0
2023-08-25,104.43223571777344,1383800.0
2023-08-28,103.93903350830078,1088000.0
2023-08-29,104.10671997070312,1131500.0
2023-08-30,104.30399322509766,1167400.0
2023-08-31,102.74545288085938,2035500.0
2023-09-01,105.83295440673828,1338800.0
2023-09-05,104.60979461669922,1433200.0
2023-09-06,105.1917724609375,1337800.0
2023-09-07,107.06597900390625,1951100.0
2023-09-08,107.16462707519531,1428100.0
2023-09-11,108.48643493652344,1820700.0
2023-09-12,107.02651977539062,1557100.0
2023-09-13,107.78605651855469,1894600.0
2023-09-14,110.93274688720703,2308300.0
2023-09-15,108.43709564208984,4287700.0
2023-09-18,109.23609161376953,1358500.0
2023-09-19,109.03881072998047,1972100.0
2023-09-20,108.6343765258789,924500.0
2023-09-21,108.44696807861328,1443800.0
2023-09-22,108.86126708984375,1210500.0
2023-09-25,110.68614196777344,2115200.0
2023-09-26,107.01664733886719,2309700.0
2023-09-27,109.24596405029297,2819500.0
2023-09-28,107.83538818359375,1550700.0
2023-09-29,107.59864807128906,2867500.0
2023-10-02,103.3077163696289,2892500.0
2023-10-03,103.46553802490234,2557000.0
2023-10-04,104.71830749511719,1973900.0
2023-10-05,106.41493225097656,1589200.0
2023-10-06,108.67384338378906,2095800.0
2023-10-09,109.86740112304688,1258400.0
2023-10-10,111.46540832519531,1464400.0
2023-10-11,113.5073013305664,1353300.0
2023-10-12,114.14847564697266,1299700.0
2023-10-13,112.14604187011719,1699400.0
2023-10-16,115.24340057373047,1701700.0
2023-10-17,115.5590591430664,1214600.0
2023-10-18,114.49372100830078,1050700.0
2023-10-19,112.73788452148438,981000.0
2023-10-20,110.57762908935547,1654400.0
2023-10-23,110.5875015258789,950800.0
2023-10-24,112.7181625366211,1930900.0
2023-10-25,110.50858306884766,1575000.0
2023-10-26,111.189208984375,1652700.0
2023-10-27,109.27555084228516,1128700.0
2023-10-30,111.49500274658203,1271600.0
2023-10-31,111.38648986816406,1942000.0
2023-11-01,113.290283203125,2751300.0
2023-11-02,115.5985107421875,1894600.0
2023-11-03,115.48014068603516,1853200.0
2023-11-06,123.0361099243164,2530800.0
2023-11-07,118.24211883544922,2271500.0
2023-11-08,119.53431701660156,1730200.0
2023-11-09,118.99177551269531,1603200.0
2023-11-10,120.1163101196289,1219700.0
2023-11-13,120.06697845458984,891600.0
2023-11-14,124.80179595947266,1433300.0
2023-11-15,120.33331298828125,1982200.0
2023-11-16,120.29573822021484,1474500.0
2023-11-17,120.31552124023438,1487900.0
2023-11-20,120.89885711669922,1041600.0
2023-11-21,121.12625885009766,984700.0
2023-11-22,121.85789489746094,1376700.0
2023-11-24,122.46100616455078,532500.0
2023-11-27,123.68701171875,1073200.0
2023-11-28,123.04434967041016,2003000.0
2023-11-29,119.21805572509766,2078800.0
2023-11-30,119.67286682128906,2650000.0
2023-12-01,118.52597045898438,1454900.0
2023-12-04,117.57681274414062,1946900.0
2023-12-05,116.97369384765625,1805900.0
2023-12-06,111.35784912109375,2629800.0
2023-12-07,109.28156280517578,3497000.0
2023-12-08,109.95388793945312,2627300.0
2023-12-11,114.83809661865234,2582900.0
2023-12-12,113.19683837890625,1846200.0
2023-12-13,115.11492919921875,1731100.0
2023-12-14,114.2943115234375,2456400.0
2023-12-15,117.40872192382812,6046800.0
2023-12-18,118.01182556152344,2019800.0
2023-12-19,119.4454574584961,1012700.0
2023-12-20,115.68838500976562,1324300.0
2023-12-21,116.97369384765625,904600.0
2023-12-22,114.02735137939453,1188400.0
2023-12-26,116.24205017089844,740700.0
2023-12-27,116.09375,541300.0
2023-12-28,115.78724670410156,559700.0
2023-12-29,115.56974792480469,849900.0
2024-01-02,113.9482650756836,1362800.0
2024-01-03,114.5414810180664,1372400.0
2024-01-04,114.0570297241211,1348900.0
2024-01-05,114.92708587646484,1729900.0
2024-01-08,115.70816040039062,1351700.0
2024-01-09,115.17425537109375,1514000.0
2024-01-10,114.5414810180664,1090500.0
2024-01-11,111.63469696044922,1609300.0
2024-01-12,111.63469696044922,1556900.0
2024-01-16,110.54711151123047,1417000.0
2024-01-17,110.65587615966797,1484500.0
2024-01-18,110.15164184570312,1614900.0
2024-01-19,113.15729522705078,1684200.0
2024-01-22,115.8861312866211,1876700.0
2024-01-23,117.34941864013672,1929400.0
2024-01-24,114.36351776123047,1514600.0
2024-01-25,119.18840026855469,1425800.0
2024-01-26,119.90025329589844,1558800.0
2024-01-29,119.64319610595703,1801500.0
2024-01-30,120.50336456298828,1285500.0
2024-01-31,120.62201690673828,1666100.0
2024-02-01,126.18841552734375,1937400.0
2024-02-02,128.24493408203125,3781700.0
2024-02-05,125.59519958496094,1878000.0
2024-02-06,129.53025817871094,2656900.0
2024-02-07,131.00343322753906,2087600.0
2024-02-08,129.2435302734375,1228700.0
2024-02-09,130.6771697998047,1245300.0
2024-02-12,127.05847930908203,1206900.0
2024-02-13,126.46526336669922,1503700.0
2024-02-14,127.21669006347656,1372300.0
2024-02-15,130.01473999023438,1348900.0
2024-02-16,129.6785430908203,1295700.0
2024-02-20,130.31134033203125,2121200.0
2024-02-21,129.9158477783203,983400.0
2024-02-22,131.8833770751953,1529900.0
2024-02-23,132.4766082763672,2052200.0
2024-02-26,131.7152862548828,1494700.0
2024-02-27,154.0006866455078,4888300.0
2024-02-28,168.9005126953125,8227500.0
2024-02-29,166.54736328125,4536900.0
2024-03-01,168.06997680664062,4557600.0
2024-03-04,174.00221252441406,3818200.0
2024-03-05,174.7733917236328,4323800.0
2024-03-06,177.94712829589844,2073600.0
2024-03-07,177.9005889892578,1967800.0
2024-03-08,168.974853515625,3196900.0
2024-03-11,166.3397216796875,2601700.0
2024-03-12,166.79542541503906,2617000.0
2024-03-13,166.29019165039062,1639000.0
2024-03-14,163.1002960205078,3012300.0
2024-03-15,163.97207641601562,4532000.0
2024-03-18,167.26101684570312,2006800.0
2024-03-19,170.7976531982422,1922200.0
2024-03-20,174.06678771972656,1969200.0
2024-03-21,172.50155639648438,2212100.0
2024-03-22,176.57310485839844,1608400.0
2024-03-25,185.50875854492188,3570600.0
2024-03-26,183.67605590820312,4228700.0
2024-03-27,183.16091918945312,2452100.0
2024-03-28,183.12130737304688,2050800.0
2024-04-01,184.24072265625,1977500.0
2024-04-02,186.37062072753906,1875500.0
2024-04-03,188.48069763183594,2555800.0
2024-04-04,181.39755249023438,3747800.0
2024-04-05,191.27435302734375,4331400.0
2024-04-08,190.1846160888672,1663500.0
2024-04-09,186.34091186523438,1958600.0
2024-04-10,189.29302978515625,3861900.0
2024-04-11,191.07620239257812,2267300.0
2024-04-12,189.87754821777344,1801900.0
2024-04-15,183.66616821289062,2531500.0
2024-04-16,184.9044647216797,2982700.0
2024-04-17,183.66616821289062,3282900.0
2024-04-18,182.1405487060547,1654200.0
2024-04-19,179.20822143554688,3442500.0
2024-04-22,181.50653076171875,2327500.0
2024-04-23,186.489501953125,2387300.0
2024-04-24,184.41905212402344,2266400.0
2024-04-25,186.25173950195312,2908900.0
2024-04-26,186.60838317871094,1826600.0
2024-04-29,186.84613037109375,2205500.0
2024-04-30,184.2010955810547,2173200.0
2024-05-01,182.83399963378906,2717000.0
2024-05-02,184.43885803222656,3071000.0
2024-05-03,193.03768920898438,3480200.0
2024-05-06,195.85113525390625,2708000.0
2024-05-07,198.68438720703125,2797300.0
2024-05-08,206.05479431152344,3992100.0
2024-05-09,213.8908233642578,4313500.0
2024-05-10,212.9199981689453,2744700.0
2024-05-13,211.59251403808594,1919300.0
2024-05-14,215.70370483398438,1951000.0
2024-05-15,221.22161865234375,2682200.0
2024-05-16,214.31680297851562,3539800.0
2024-05-17,211.11700439453125,3057300.0
2024-05-20,213.05868530273438,2326200.0
2024-05-21,220.5083465576172,1881100.0
2024-05-22,218.0515594482422,1573700.0
2024-05-23,219.0917205810547,2658300.0
2024-05-24,228.4731903076172,2672000.0
2024-05-28,229.10719299316406,2602200.0
2024-05-29,219.00994873046875,3809400.0
2024-05-30,223.19686889648438,2037800.0
2024-05-31,215.54730224609375,5618300.0
2024-06-03,206.6277618408203,4922600.0
2024-06-04,201.54788208007812,4666700.0
2024-06-05,207.68936157226562,4502200.0
2024-06-06,201.0121307373047,4842100.0
2024-06-07,196.4481658935547,4558700.0
2024-06-10,212.94784545898438,5719100.0
2024-06-11,216.59898376464844,3701900.0
2024-06-12,216.42039489746094,3137900.0
2024-06-13,218.20628356933594,2238200.0
2024-06-14,213.2156982421875,2373800.0
2024-06-17,210.35829162597656,3321100.0
2024-06-18,218.6825408935547,2714700.0
2024-06-20,220.567626953125,3075100.0
2024-06-21,216.42039489746094,5511600.0
2024-06-24,214.4063262939453,2474100.0
2024-06-25,220.62716674804688,2221900.0
2024-06-26,208.6616973876953,4237000.0
2024-06-27,203.17503356933594,4733600.0
2024-06-28,198.70037841796875,10579100.0
2024-07-01,203.44293212890625,4168400.0
2024-07-02,204.53428649902344,1905300.0
2024-07-03,208.423583984375,1612700.0
2024-07-05,209.6339874267578,1601600.0
2024-07-08,214.03921508789062,1634400.0
2024-07-09,214.2674102783203,1773200.0
2024-07-10,217.82928466796875,2584300.0
2024-07-11,215.1405029296875,2438200.0
2024-07-12,215.43817138671875,1760700.0
2024-07-15,211.2115478515625,2164300.0
2024-07-16,203.27426147460938,4049600.0
2024-07-17,185.20697021484375,6748700.0
2024-07-18,185.8121795654297,5484900.0
2024-07-19,187.8163604736328,2827000.0
2024-07-22,188.9275665283203,1868800.0
2024-07-23,188.3818817138672,1856600.0
2024-07-24,173.7078094482422,4910100.0
2024-07-25,169.09423828125,5542000.0
2024-07-26,173.66810607910156,3469300.0
2024-07-29,171.3266143798828,2100100.0
2024-07-30,167.36790466308594,3517100.0
2024-07-31,188.3124237060547,7483700.0
2024-08-01,176.17831420898438,4482100.0
2024-08-02,165.7705078125,6099200.0
2024-08-05,168.63784790039062,5430800.0
2024-08-06,179.62109375,6322100.0
2024-08-07,178.25192260742188,6154900.0
2024-08-08,185.56414794921875,3338800.0
2024-08-09,188.3818817138672,3204000.0
2024-08-12,186.20799255371094,2232300.0
2024-08-13,188.27552795410156,2349000.0
2024-08-14,185.0350341796875,2327900.0
2024-08-15,189.2496795654297,4241900.0
2024-08-16,188.8421173095703,2572300.0
2024-08-19,191.62535095214844,2025100.0
2024-08-20,189.5776824951172,2507000.0
2024-08-21,195.56163024902344,2404200.0
2024-08-22,193.7823486328125,1520300.0
2024-08-23,193.82212829589844,2683300.0
2024-08-26,193.7227020263672,1953400.0
2024-08-27,194.96522521972656,1703200.0
2024-08-28,192.60943603515625,2493200.0
2024-08-29,193.27540588378906,2463800.0
2024-08-30,195.52186584472656,2239400.0
2024-09-03,176.7152099609375,4252300.0
2024-09-04,176.4567413330078,3310400.0
2024-09-05,175.01544189453125,2444900.0
2024-09-06,172.0731658935547,3390300.0
2024-09-09,173.872314453125,2184400.0
2024-09-10,179.17039489746094,2301800.0
2024-09-11,186.1284637451172,2846900.0
2024-09-12,188.79241943359375,2154600.0
2024-09-13,194.80616760253906,2613600.0
2024-09-16,198.0565948486328,2264000.0
2024-09-17,200.0247344970703,2881700.0
2024-09-18,199.130126953125,1796000.0
2024-09-19,207.2511749267578,3432600.0
2024-09-20,253.4528045654297,15031400.0
2024-09-23,255.57998657226562,10270000.0
2024-09-24,251.97174072265625,4562700.0
2024-09-25,261.28558349609375,6246200.0
2024-09-26,255.23208618164062,4072200.0
2024-09-27,255.46072387695312,2598100.0
2024-09-30,258.46258544921875,2899300.0
2024-10-01,264.0191345214844,3179800.0
2024-10-02,263.7904968261719,3233600.0
2024-10-03,275.7087097167969,4274200.0
2024-10-04,283.8098449707031,3829200.0
2024-10-07,276.8915710449219,3477000.0
2024-10-08,277.7166442871094,2599100.0
2024-10-09,260.7090759277344,5235800.0
2024-10-10,260.7388916015625,2733500.0
2024-10-11,264.6255187988281,4477700.0
2024-10-14,270.1123962402344,2229300.0
2024-10-15,264.555908203125,3000900.0
2024-10-16,278.1241760253906,2469300.0
2024-10-17,269.57568359375,3209900.0
2024-10-18,268.5418701171875,1708800.0
2024-10-21,272.08056640625,1650900.0
2024-10-22,264.40679931640625,2134100.0
2024-10-23,264.45648193359375,2633700.0
2024-10-24,262.9158020019531,1553700.0
2024-10-25,262.8263244628906,2016200.0
2024-10-28,265.3809509277344,1542500.0
2024-10-29,263.41278076171875,1829700.0
2024-10-30,260.2120666503906,1831000.0
2024-10-31,261.385009765625,2290900.0
2024-11-01,256.5541076660156,2804500.0
2024-11-04,224.59666442871094,10719400.0
2024-11-05,232.3499755859375,6347400.0
2024-11-06,233.58253479003906,4790100.0
2024-11-07,240.1429901123047,4154900.0
2024-11-08,237.93629455566406,5162100.0
2024-11-11,235.848876953125,3382100.0
2024-11-12,227.3302001953125,4460000.0
2024-11-13,224.60662841796875,2979500.0
2024-11-14,224.03009033203125,2513200.0
2024-11-15,223.28639221191406,2717400.0
2024-11-18,229.2598114013672,3293200.0
2024-11-19,233.54075622558594,2197500.0
2024-11-20,234.37704467773438,2567600.0
2024-11-21,250.7242889404297,3586400.0
2024-11-22,248.78294372558594,2471600.0
2024-11-25,247.8271942138672,3459600.0
2024-11-26,265.5483703613281,3881600.0
2024-11-27,252.26744079589844,2298200.0
2024-11-29,255.42340087890625,1185700.0
2024-12-02,248.4743194580078,1908400.0
2024-12-03,246.41348266601562,1784600.0
2024-12-04,253.07383728027344,2701200.0
2024-12-05,254.95547485351562,2118200.0
2024-12-06,252.50637817382812,1329700.0
2024-12-09,238.7874298095703,3262400.0
2024-12-10,231.31068420410156,2771500.0
2024-12-11,235.5518341064453,2386700.0
2024-12-12,237.9611053466797,2822000.0
2024-12-13,238.01087951660156,2004800.0
2024-12-16,238.2398681640625,1974400.0
2024-12-17,233.20228576660156,2506500.0
2024-12-18,224.75982666015625,3173700.0
2024-12-19,224.17245483398438,3626800.0
2024-12-20,226.01426696777344,4985400.0
2024-12-23,227.2686767578125,1935200.0
2024-12-24,228.77197265625,978400.0
2024-12-26,227.62709045410156,920500.0
2024-12-27,225.536376953125,1466000.0
2024-12-30,225.31736755371094,1587100.0
2024-12-31,222.71893310546875,1885700.0
