Date,CFG
2010-01-04,
2010-01-05,
2010-01-06,
2010-01-07,
2010-01-08,
2010-01-11,
2010-01-12,
2010-01-13,
2010-01-14,
2010-01-15,
2010-01-19,
2010-01-20,
2010-01-21,
2010-01-22,
2010-01-25,
2010-01-26,
2010-01-27,
2010-01-28,
2010-01-29,
2010-02-01,
2010-02-02,
2010-02-03,
2010-02-04,
2010-02-05,
2010-02-08,
2010-02-09,
2010-02-10,
2010-02-11,
2010-02-12,
2010-02-16,
2010-02-17,
2010-02-18,
2010-02-19,
2010-02-22,
2010-02-23,
2010-02-24,
2010-02-25,
2010-02-26,
2010-03-01,
2010-03-02,
2010-03-03,
2010-03-04,
2010-03-05,
2010-03-08,
2010-03-09,
2010-03-10,
2010-03-11,
2010-03-12,
2010-03-15,
2010-03-16,
2010-03-17,
2010-03-18,
2010-03-19,
2010-03-22,
2010-03-23,
2010-03-24,
2010-03-25,
2010-03-26,
2010-03-29,
2010-03-30,
2010-03-31,
2010-04-01,
2010-04-05,
2010-04-06,
2010-04-07,
2010-04-08,
2010-04-09,
2010-04-12,
2010-04-13,
2010-04-14,
2010-04-15,
2010-04-16,
2010-04-19,
2010-04-20,
2010-04-21,
2010-04-22,
2010-04-23,
2010-04-26,
2010-04-27,
2010-04-28,
2010-04-29,
2010-04-30,
2010-05-03,
2010-05-04,
2010-05-05,
2010-05-06,
2010-05-07,
2010-05-10,
2010-05-11,
2010-05-12,
2010-05-13,
2010-05-14,
2010-05-17,
2010-05-18,
2010-05-19,
2010-05-20,
2010-05-21,
2010-05-24,
2010-05-25,
2010-05-26,
2010-05-27,
2010-05-28,
2010-06-01,
2010-06-02,
2010-06-03,
2010-06-04,
2010-06-07,
2010-06-08,
2010-06-09,
2010-06-10,
2010-06-11,
2010-06-14,
2010-06-15,
2010-06-16,
2010-06-17,
2010-06-18,
2010-06-21,
2010-06-22,
2010-06-23,
2010-06-24,
2010-06-25,
2010-06-28,
2010-06-29,
2010-06-30,
2010-07-01,
2010-07-02,
2010-07-06,
2010-07-07,
2010-07-08,
2010-07-09,
2010-07-12,
2010-07-13,
2010-07-14,
2010-07-15,
2010-07-16,
2010-07-19,
2010-07-20,
2010-07-21,
2010-07-22,
2010-07-23,
2010-07-26,
2010-07-27,
2010-07-28,
2010-07-29,
2010-07-30,
2010-08-02,
2010-08-03,
2010-08-04,
2010-08-05,
2010-08-06,
2010-08-09,
2010-08-10,
2010-08-11,
2010-08-12,
2010-08-13,
2010-08-16,
2010-08-17,
2010-08-18,
2010-08-19,
2010-08-20,
2010-08-23,
2010-08-24,
2010-08-25,
2010-08-26,
2010-08-27,
2010-08-30,
2010-08-31,
2010-09-01,
2010-09-02,
2010-09-03,
2010-09-07,
2010-09-08,
2010-09-09,
2010-09-10,
2010-09-13,
2010-09-14,
2010-09-15,
2010-09-16,
2010-09-17,
2010-09-20,
2010-09-21,
2010-09-22,
2010-09-23,
2010-09-24,
2010-09-27,
2010-09-28,
2010-09-29,
2010-09-30,
2010-10-01,
2010-10-04,
2010-10-05,
2010-10-06,
2010-10-07,
2010-10-08,
2010-10-11,
2010-10-12,
2010-10-13,
2010-10-14,
2010-10-15,
2010-10-18,
2010-10-19,
2010-10-20,
2010-10-21,
2010-10-22,
2010-10-25,
2010-10-26,
2010-10-27,
2010-10-28,
2010-10-29,
2010-11-01,
2010-11-02,
2010-11-03,
2010-11-04,
2010-11-05,
2010-11-08,
2010-11-09,
2010-11-10,
2010-11-11,
2010-11-12,
2010-11-15,
2010-11-16,
2010-11-17,
2010-11-18,
2010-11-19,
2010-11-22,
2010-11-23,
2010-11-24,
2010-11-26,
2010-11-29,
2010-11-30,
2010-12-01,
2010-12-02,
2010-12-03,
2010-12-06,
2010-12-07,
2010-12-08,
2010-12-09,
2010-12-10,
2010-12-13,
2010-12-14,
2010-12-15,
2010-12-16,
2010-12-17,
2010-12-20,
2010-12-21,
2010-12-22,
2010-12-23,
2010-12-27,
2010-12-28,
2010-12-29,
2010-12-30,
2010-12-31,
2011-01-03,
2011-01-04,
2011-01-05,
2011-01-06,
2011-01-07,
2011-01-10,
2011-01-11,
2011-01-12,
2011-01-13,
2011-01-14,
2011-01-18,
2011-01-19,
2011-01-20,
2011-01-21,
2011-01-24,
2011-01-25,
2011-01-26,
2011-01-27,
2011-01-28,
2011-01-31,
2011-02-01,
2011-02-02,
2011-02-03,
2011-02-04,
2011-02-07,
2011-02-08,
2011-02-09,
2011-02-10,
2011-02-11,
2011-02-14,
2011-02-15,
2011-02-16,
2011-02-17,
2011-02-18,
2011-02-22,
2011-02-23,
2011-02-24,
2011-02-25,
2011-02-28,
2011-03-01,
2011-03-02,
2011-03-03,
2011-03-04,
2011-03-07,
2011-03-08,
2011-03-09,
2011-03-10,
2011-03-11,
2011-03-14,
2011-03-15,
2011-03-16,
2011-03-17,
2011-03-18,
2011-03-21,
2011-03-22,
2011-03-23,
2011-03-24,
2011-03-25,
2011-03-28,
2011-03-29,
2011-03-30,
2011-03-31,
2011-04-01,
2011-04-04,
2011-04-05,
2011-04-06,
2011-04-07,
2011-04-08,
2011-04-11,
2011-04-12,
2011-04-13,
2011-04-14,
2011-04-15,
2011-04-18,
2011-04-19,
2011-04-20,
2011-04-21,
2011-04-25,
2011-04-26,
2011-04-27,
2011-04-28,
2011-04-29,
2011-05-02,
2011-05-03,
2011-05-04,
2011-05-05,
2011-05-06,
2011-05-09,
2011-05-10,
2011-05-11,
2011-05-12,
2011-05-13,
2011-05-16,
2011-05-17,
2011-05-18,
2011-05-19,
2011-05-20,
2011-05-23,
2011-05-24,
2011-05-25,
2011-05-26,
2011-05-27,
2011-05-31,
2011-06-01,
2011-06-02,
2011-06-03,
2011-06-06,
2011-06-07,
2011-06-08,
2011-06-09,
2011-06-10,
2011-06-13,
2011-06-14,
2011-06-15,
2011-06-16,
2011-06-17,
2011-06-20,
2011-06-21,
2011-06-22,
2011-06-23,
2011-06-24,
2011-06-27,
2011-06-28,
2011-06-29,
2011-06-30,
2011-07-01,
2011-07-05,
2011-07-06,
2011-07-07,
2011-07-08,
2011-07-11,
2011-07-12,
2011-07-13,
2011-07-14,
2011-07-15,
2011-07-18,
2011-07-19,
2011-07-20,
2011-07-21,
2011-07-22,
2011-07-25,
2011-07-26,
2011-07-27,
2011-07-28,
2011-07-29,
2011-08-01,
2011-08-02,
2011-08-03,
2011-08-04,
2011-08-05,
2011-08-08,
2011-08-09,
2011-08-10,
2011-08-11,
2011-08-12,
2011-08-15,
2011-08-16,
2011-08-17,
2011-08-18,
2011-08-19,
2011-08-22,
2011-08-23,
2011-08-24,
2011-08-25,
2011-08-26,
2011-08-29,
2011-08-30,
2011-08-31,
2011-09-01,
2011-09-02,
2011-09-06,
2011-09-07,
2011-09-08,
2011-09-09,
2011-09-12,
2011-09-13,
2011-09-14,
2011-09-15,
2011-09-16,
2011-09-19,
2011-09-20,
2011-09-21,
2011-09-22,
2011-09-23,
2011-09-26,
2011-09-27,
2011-09-28,
2011-09-29,
2011-09-30,
2011-10-03,
2011-10-04,
2011-10-05,
2011-10-06,
2011-10-07,
2011-10-10,
2011-10-11,
2011-10-12,
2011-10-13,
2011-10-14,
2011-10-17,
2011-10-18,
2011-10-19,
2011-10-20,
2011-10-21,
2011-10-24,
2011-10-25,
2011-10-26,
2011-10-27,
2011-10-28,
2011-10-31,
2011-11-01,
2011-11-02,
2011-11-03,
2011-11-04,
2011-11-07,
2011-11-08,
2011-11-09,
2011-11-10,
2011-11-11,
2011-11-14,
2011-11-15,
2011-11-16,
2011-11-17,
2011-11-18,
2011-11-21,
2011-11-22,
2011-11-23,
2011-11-25,
2011-11-28,
2011-11-29,
2011-11-30,
2011-12-01,
2011-12-02,
2011-12-05,
2011-12-06,
2011-12-07,
2011-12-08,
2011-12-09,
2011-12-12,
2011-12-13,
2011-12-14,
2011-12-15,
2011-12-16,
2011-12-19,
2011-12-20,
2011-12-21,
2011-12-22,
2011-12-23,
2011-12-27,
2011-12-28,
2011-12-29,
2011-12-30,
2012-01-03,
2012-01-04,
2012-01-05,
2012-01-06,
2012-01-09,
2012-01-10,
2012-01-11,
2012-01-12,
2012-01-13,
2012-01-17,
2012-01-18,
2012-01-19,
2012-01-20,
2012-01-23,
2012-01-24,
2012-01-25,
2012-01-26,
2012-01-27,
2012-01-30,
2012-01-31,
2012-02-01,
2012-02-02,
2012-02-03,
2012-02-06,
2012-02-07,
2012-02-08,
2012-02-09,
2012-02-10,
2012-02-13,
2012-02-14,
2012-02-15,
2012-02-16,
2012-02-17,
2012-02-21,
2012-02-22,
2012-02-23,
2012-02-24,
2012-02-27,
2012-02-28,
2012-02-29,
2012-03-01,
2012-03-02,
2012-03-05,
2012-03-06,
2012-03-07,
2012-03-08,
2012-03-09,
2012-03-12,
2012-03-13,
2012-03-14,
2012-03-15,
2012-03-16,
2012-03-19,
2012-03-20,
2012-03-21,
2012-03-22,
2012-03-23,
2012-03-26,
2012-03-27,
2012-03-28,
2012-03-29,
2012-03-30,
2012-04-02,
2012-04-03,
2012-04-04,
2012-04-05,
2012-04-09,
2012-04-10,
2012-04-11,
2012-04-12,
2012-04-13,
2012-04-16,
2012-04-17,
2012-04-18,
2012-04-19,
2012-04-20,
2012-04-23,
2012-04-24,
2012-04-25,
2012-04-26,
2012-04-27,
2012-04-30,
2012-05-01,
2012-05-02,
2012-05-03,
2012-05-04,
2012-05-07,
2012-05-08,
2012-05-09,
2012-05-10,
2012-05-11,
2012-05-14,
2012-05-15,
2012-05-16,
2012-05-17,
2012-05-18,
2012-05-21,
2012-05-22,
2012-05-23,
2012-05-24,
2012-05-25,
2012-05-29,
2012-05-30,
2012-05-31,
2012-06-01,
2012-06-04,
2012-06-05,
2012-06-06,
2012-06-07,
2012-06-08,
2012-06-11,
2012-06-12,
2012-06-13,
2012-06-14,
2012-06-15,
2012-06-18,
2012-06-19,
2012-06-20,
2012-06-21,
2012-06-22,
2012-06-25,
2012-06-26,
2012-06-27,
2012-06-28,
2012-06-29,
2012-07-02,
2012-07-03,
2012-07-05,
2012-07-06,
2012-07-09,
2012-07-10,
2012-07-11,
2012-07-12,
2012-07-13,
2012-07-16,
2012-07-17,
2012-07-18,
2012-07-19,
2012-07-20,
2012-07-23,
2012-07-24,
2012-07-25,
2012-07-26,
2012-07-27,
2012-07-30,
2012-07-31,
2012-08-01,
2012-08-02,
2012-08-03,
2012-08-06,
2012-08-07,
2012-08-08,
2012-08-09,
2012-08-10,
2012-08-13,
2012-08-14,
2012-08-15,
2012-08-16,
2012-08-17,
2012-08-20,
2012-08-21,
2012-08-22,
2012-08-23,
2012-08-24,
2012-08-27,
2012-08-28,
2012-08-29,
2012-08-30,
2012-08-31,
2012-09-04,
2012-09-05,
2012-09-06,
2012-09-07,
2012-09-10,
2012-09-11,
2012-09-12,
2012-09-13,
2012-09-14,
2012-09-17,
2012-09-18,
2012-09-19,
2012-09-20,
2012-09-21,
2012-09-24,
2012-09-25,
2012-09-26,
2012-09-27,
2012-09-28,
2012-10-01,
2012-10-02,
2012-10-03,
2012-10-04,
2012-10-05,
2012-10-08,
2012-10-09,
2012-10-10,
2012-10-11,
2012-10-12,
2012-10-15,
2012-10-16,
2012-10-17,
2012-10-18,
2012-10-19,
2012-10-22,
2012-10-23,
2012-10-24,
2012-10-25,
2012-10-26,
2012-10-31,
2012-11-01,
2012-11-02,
2012-11-05,
2012-11-06,
2012-11-07,
2012-11-08,
2012-11-09,
2012-11-12,
2012-11-13,
2012-11-14,
2012-11-15,
2012-11-16,
2012-11-19,
2012-11-20,
2012-11-21,
2012-11-23,
2012-11-26,
2012-11-27,
2012-11-28,
2012-11-29,
2012-11-30,
2012-12-03,
2012-12-04,
2012-12-05,
2012-12-06,
2012-12-07,
2012-12-10,
2012-12-11,
2012-12-12,
2012-12-13,
2012-12-14,
2012-12-17,
2012-12-18,
2012-12-19,
2012-12-20,
2012-12-21,
2012-12-24,
2012-12-26,
2012-12-27,
2012-12-28,
2012-12-31,
2013-01-02,
2013-01-03,
2013-01-04,
2013-01-07,
2013-01-08,
2013-01-09,
2013-01-10,
2013-01-11,
2013-01-14,
2013-01-15,
2013-01-16,
2013-01-17,
2013-01-18,
2013-01-22,
2013-01-23,
2013-01-24,
2013-01-25,
2013-01-28,
2013-01-29,
2013-01-30,
2013-01-31,
2013-02-01,
2013-02-04,
2013-02-05,
2013-02-06,
2013-02-07,
2013-02-08,
2013-02-11,
2013-02-12,
2013-02-13,
2013-02-14,
2013-02-15,
2013-02-19,
2013-02-20,
2013-02-21,
2013-02-22,
2013-02-25,
2013-02-26,
2013-02-27,
2013-02-28,
2013-03-01,
2013-03-04,
2013-03-05,
2013-03-06,
2013-03-07,
2013-03-08,
2013-03-11,
2013-03-12,
2013-03-13,
2013-03-14,
2013-03-15,
2013-03-18,
2013-03-19,
2013-03-20,
2013-03-21,
2013-03-22,
2013-03-25,
2013-03-26,
2013-03-27,
2013-03-28,
2013-04-01,
2013-04-02,
2013-04-03,
2013-04-04,
2013-04-05,
2013-04-08,
2013-04-09,
2013-04-10,
2013-04-11,
2013-04-12,
2013-04-15,
2013-04-16,
2013-04-17,
2013-04-18,
2013-04-19,
2013-04-22,
2013-04-23,
2013-04-24,
2013-04-25,
2013-04-26,
2013-04-29,
2013-04-30,
2013-05-01,
2013-05-02,
2013-05-03,
2013-05-06,
2013-05-07,
2013-05-08,
2013-05-09,
2013-05-10,
2013-05-13,
2013-05-14,
2013-05-15,
2013-05-16,
2013-05-17,
2013-05-20,
2013-05-21,
2013-05-22,
2013-05-23,
2013-05-24,
2013-05-28,
2013-05-29,
2013-05-30,
2013-05-31,
2013-06-03,
2013-06-04,
2013-06-05,
2013-06-06,
2013-06-07,
2013-06-10,
2013-06-11,
2013-06-12,
2013-06-13,
2013-06-14,
2013-06-17,
2013-06-18,
2013-06-19,
2013-06-20,
2013-06-21,
2013-06-24,
2013-06-25,
2013-06-26,
2013-06-27,
2013-06-28,
2013-07-01,
2013-07-02,
2013-07-03,
2013-07-05,
2013-07-08,
2013-07-09,
2013-07-10,
2013-07-11,
2013-07-12,
2013-07-15,
2013-07-16,
2013-07-17,
2013-07-18,
2013-07-19,
2013-07-22,
2013-07-23,
2013-07-24,
2013-07-25,
2013-07-26,
2013-07-29,
2013-07-30,
2013-07-31,
2013-08-01,
2013-08-02,
2013-08-05,
2013-08-06,
2013-08-07,
2013-08-08,
2013-08-09,
2013-08-12,
2013-08-13,
2013-08-14,
2013-08-15,
2013-08-16,
2013-08-19,
2013-08-20,
2013-08-21,
2013-08-22,
2013-08-23,
2013-08-26,
2013-08-27,
2013-08-28,
2013-08-29,
2013-08-30,
2013-09-03,
2013-09-04,
2013-09-05,
2013-09-06,
2013-09-09,
2013-09-10,
2013-09-11,
2013-09-12,
2013-09-13,
2013-09-16,
2013-09-17,
2013-09-18,
2013-09-19,
2013-09-20,
2013-09-23,
2013-09-24,
2013-09-25,
2013-09-26,
2013-09-27,
2013-09-30,
2013-10-01,
2013-10-02,
2013-10-03,
2013-10-04,
2013-10-07,
2013-10-08,
2013-10-09,
2013-10-10,
2013-10-11,
2013-10-14,
2013-10-15,
2013-10-16,
2013-10-17,
2013-10-18,
2013-10-21,
2013-10-22,
2013-10-23,
2013-10-24,
2013-10-25,
2013-10-28,
2013-10-29,
2013-10-30,
2013-10-31,
2013-11-01,
2013-11-04,
2013-11-05,
2013-11-06,
2013-11-07,
2013-11-08,
2013-11-11,
2013-11-12,
2013-11-13,
2013-11-14,
2013-11-15,
2013-11-18,
2013-11-19,
2013-11-20,
2013-11-21,
2013-11-22,
2013-11-25,
2013-11-26,
2013-11-27,
2013-11-29,
2013-12-02,
2013-12-03,
2013-12-04,
2013-12-05,
2013-12-06,
2013-12-09,
2013-12-10,
2013-12-11,
2013-12-12,
2013-12-13,
2013-12-16,
2013-12-17,
2013-12-18,
2013-12-19,
2013-12-20,
2013-12-23,
2013-12-24,
2013-12-26,
2013-12-27,
2013-12-30,
2013-12-31,
2014-01-02,
2014-01-03,
2014-01-06,
2014-01-07,
2014-01-08,
2014-01-09,
2014-01-10,
2014-01-13,
2014-01-14,
2014-01-15,
2014-01-16,
2014-01-17,
2014-01-21,
2014-01-22,
2014-01-23,
2014-01-24,
2014-01-27,
2014-01-28,
2014-01-29,
2014-01-30,
2014-01-31,
2014-02-03,
2014-02-04,
2014-02-05,
2014-02-06,
2014-02-07,
2014-02-10,
2014-02-11,
2014-02-12,
2014-02-13,
2014-02-14,
2014-02-18,
2014-02-19,
2014-02-20,
2014-02-21,
2014-02-24,
2014-02-25,
2014-02-26,
2014-02-27,
2014-02-28,
2014-03-03,
2014-03-04,
2014-03-05,
2014-03-06,
2014-03-07,
2014-03-10,
2014-03-11,
2014-03-12,
2014-03-13,
2014-03-14,
2014-03-17,
2014-03-18,
2014-03-19,
2014-03-20,
2014-03-21,
2014-03-24,
2014-03-25,
2014-03-26,
2014-03-27,
2014-03-28,
2014-03-31,
2014-04-01,
2014-04-02,
2014-04-03,
2014-04-04,
2014-04-07,
2014-04-08,
2014-04-09,
2014-04-10,
2014-04-11,
2014-04-14,
2014-04-15,
2014-04-16,
2014-04-17,
2014-04-21,
2014-04-22,
2014-04-23,
2014-04-24,
2014-04-25,
2014-04-28,
2014-04-29,
2014-04-30,
2014-05-01,
2014-05-02,
2014-05-05,
2014-05-06,
2014-05-07,
2014-05-08,
2014-05-09,
2014-05-12,
2014-05-13,
2014-05-14,
2014-05-15,
2014-05-16,
2014-05-19,
2014-05-20,
2014-05-21,
2014-05-22,
2014-05-23,
2014-05-27,
2014-05-28,
2014-05-29,
2014-05-30,
2014-06-02,
2014-06-03,
2014-06-04,
2014-06-05,
2014-06-06,
2014-06-09,
2014-06-10,
2014-06-11,
2014-06-12,
2014-06-13,
2014-06-16,
2014-06-17,
2014-06-18,
2014-06-19,
2014-06-20,
2014-06-23,
2014-06-24,
2014-06-25,
2014-06-26,
2014-06-27,
2014-06-30,
2014-07-01,
2014-07-02,
2014-07-03,
2014-07-07,
2014-07-08,
2014-07-09,
2014-07-10,
2014-07-11,
2014-07-14,
2014-07-15,
2014-07-16,
2014-07-17,
2014-07-18,
2014-07-21,
2014-07-22,
2014-07-23,
2014-07-24,
2014-07-25,
2014-07-28,
2014-07-29,
2014-07-30,
2014-07-31,
2014-08-01,
2014-08-04,
2014-08-05,
2014-08-06,
2014-08-07,
2014-08-08,
2014-08-11,
2014-08-12,
2014-08-13,
2014-08-14,
2014-08-15,
2014-08-18,
2014-08-19,
2014-08-20,
2014-08-21,
2014-08-22,
2014-08-25,
2014-08-26,
2014-08-27,
2014-08-28,
2014-08-29,
2014-09-02,
2014-09-03,
2014-09-04,
2014-09-05,
2014-09-08,
2014-09-09,
2014-09-10,
2014-09-11,
2014-09-12,
2014-09-15,
2014-09-16,
2014-09-17,
2014-09-18,
2014-09-19,
2014-09-22,
2014-09-23,
2014-09-24,15.768380165100098
2014-09-25,15.747889518737793
2014-09-26,15.884533882141113
2014-09-29,15.870864868164062
2014-09-30,16.000673294067383
2014-10-01,16.01433563232422
2014-10-02,15.946015357971191
2014-10-03,15.870864868164062
2014-10-06,15.467778205871582
2014-10-07,15.38578987121582
2014-10-08,15.542927742004395
2014-10-09,15.358458518981934
2014-10-10,15.221818923950195
2014-10-13,15.337964057922363
2014-10-14,15.337964057922363
2014-10-15,14.928041458129883
2014-10-16,14.893876075744629
2014-10-17,14.97586441040039
2014-10-20,15.29013442993164
2014-10-21,15.590747833251953
2014-10-22,15.440452575683594
2014-10-23,15.734221458435059
2014-10-24,15.836710929870605
2014-10-27,15.611251831054688
2014-10-28,15.90502643585205
2014-10-29,16.041664123535156
2014-10-30,16.01433563232422
2014-10-31,16.137310028076172
2014-11-03,16.396930694580078
2014-11-04,16.191112518310547
2014-11-05,16.396930694580078
2014-11-06,16.67136001586914
2014-11-07,16.444955825805664
2014-11-10,16.43123435974121
2014-11-11,16.424375534057617
2014-11-12,16.36949348449707
2014-11-13,16.342041015625
2014-11-14,16.438098907470703
2014-11-17,16.465539932250977
2014-11-18,16.280303955078125
2014-11-19,16.273441314697266
2014-11-20,16.26658058166504
2014-11-21,16.3077392578125
2014-11-24,16.637054443359375
2014-11-25,16.486122131347656
2014-11-26,16.62333106994629
2014-11-28,16.897756576538086
2014-12-01,16.45182228088379
2014-12-02,16.602750778198242
2014-12-03,16.62333106994629
2014-12-04,16.739967346191406
2014-12-05,17.254518508911133
2014-12-08,17.17904281616211
2014-12-09,17.261371612548828
2014-12-10,16.911479949951172
2014-12-11,16.938920974731445
2014-12-12,16.781129837036133
2014-12-15,16.801708221435547
2014-12-16,16.637054443359375
2014-12-17,16.849735260009766
2014-12-18,17.206491470336914
2014-12-19,17.151601791381836
2014-12-22,17.220212936401367
2014-12-23,17.453472137451172
2014-12-24,17.501495361328125
2014-12-26,17.364280700683594
2014-12-29,17.405445098876953
2014-12-30,17.28195571899414
2014-12-31,17.055553436279297
2015-01-02,16.986949920654297
2015-01-05,16.58902359008789
2015-01-06,16.40379524230957
2015-01-07,16.465539932250977
2015-01-08,16.58902359008789
2015-01-09,16.39007568359375
2015-01-12,16.383207321166992
2015-01-13,16.37635040283203
2015-01-14,16.081340789794922
2015-01-15,15.752034187316895
2015-01-16,15.909828186035156
2015-01-20,15.8480806350708
2015-01-21,15.971566200256348
2015-01-22,16.561586380004883
2015-01-23,16.26658058166504
2015-01-26,16.52728271484375
2015-01-27,16.568450927734375
2015-01-28,16.36949348449707
2015-01-29,16.63019371032715
2015-01-30,16.396930694580078
2015-02-02,16.465539932250977
2015-02-03,16.73422622680664
2015-02-04,16.54132080078125
2015-02-05,16.775558471679688
2015-02-06,16.87889862060547
2015-02-09,16.71355628967285
2015-02-10,17.09935760498047
2015-02-11,17.20269775390625
2015-02-12,17.450712203979492
2015-02-13,17.53339385986328
2015-02-17,17.60917091369629
2015-02-18,17.368043899536133
2015-02-19,17.237144470214844
2015-02-20,17.395597457885742
2015-02-23,17.161361694335938
2015-02-24,17.175134658813477
2015-02-25,17.195817947387695
2015-02-26,17.120023727416992
2015-02-27,17.113134384155273
2015-03-02,17.120023727416992
2015-03-03,17.25092124938965
2015-03-04,17.15447235107422
2015-03-05,17.430044174194336
2015-03-06,17.567832946777344
2015-03-09,17.381820678710938
2015-03-10,17.223365783691406
2015-03-11,17.299148559570312
2015-03-12,17.560943603515625
2015-03-13,17.064910888671875
2015-03-16,17.436935424804688
2015-03-17,17.63672637939453
2015-03-18,17.35426139831543
2015-03-19,17.085580825805664
2015-03-20,17.085580825805664
2015-03-23,17.058025360107422
2015-03-24,16.7548885345459
2015-03-25,16.5344295501709
2015-03-26,16.61710548400879
2015-03-27,16.865121841430664
2015-03-30,16.7548885345459
2015-03-31,16.62399673461914
2015-04-01,16.782451629638672
2015-04-02,16.96156883239746
2015-04-06,17.05113410949707
2015-04-07,17.15447235107422
2015-04-08,17.223365783691406
2015-04-09,17.25092124938965
2015-04-10,17.299148559570312
2015-04-13,17.53339385986328
2015-04-14,17.319812774658203
2015-04-15,17.63672637939453
2015-04-16,17.560943603515625
2015-04-17,17.306039810180664
2015-04-20,17.299148559570312
2015-04-21,17.25092124938965
2015-04-22,17.560943603515625
2015-04-23,17.664287567138672
2015-04-24,17.61606216430664
2015-04-27,17.55405616760254
2015-04-28,17.7607364654541
2015-04-29,17.974308013916016
2015-04-30,17.946746826171875
2015-05-01,17.967498779296875
2015-05-04,18.188804626464844
2015-05-05,18.14730453491211
2015-05-06,17.877588272094727
2015-05-07,17.946748733520508
2015-05-08,17.84992218017578
2015-05-11,18.029735565185547
2015-05-12,18.08506202697754
2015-05-13,18.140396118164062
2015-05-14,18.31329345703125
2015-05-15,17.932918548583984
2015-05-18,18.188804626464844
2015-05-19,18.57608985900879
2015-05-20,18.500017166137695
2015-05-21,18.56226348876953
2015-05-22,18.617595672607422
2015-05-26,18.46544075012207
2015-05-27,18.51385498046875
2015-05-28,18.555339813232422
2015-05-29,18.56226348876953
2015-06-01,18.638338088989258
2015-06-02,18.8043212890625
2015-06-03,19.101703643798828
2015-06-04,19.19161605834961
2015-06-05,19.585811614990234
2015-06-08,19.39217185974121
2015-06-09,19.419841766357422
2015-06-10,19.3645076751709
2015-06-11,19.032550811767578
2015-06-12,19.046369552612305
2015-06-15,19.302261352539062
2015-06-16,19.53740119934082
2015-06-17,19.302261352539062
2015-06-18,19.412921905517578
2015-06-19,19.495906829833984
2015-06-22,19.551233291625977
2015-06-23,19.495906829833984
2015-06-24,19.39908218383789
2015-06-25,18.935720443725586
2015-06-26,19.046369552612305
2015-06-29,18.62450408935547
2015-06-30,18.887311935424805
2015-07-01,18.977222442626953
2015-07-02,18.776657104492188
2015-07-06,18.679832458496094
2015-07-07,18.49310302734375
2015-07-08,18.42394256591797
2015-07-09,18.659086227416992
2015-07-10,18.880395889282227
2015-07-13,18.8458194732666
2015-07-14,19.05329132080078
2015-07-15,19.2261905670166
2015-07-16,19.440587997436523
2015-07-17,19.302261352539062
2015-07-20,19.336841583251953
2015-07-21,18.479270935058594
2015-07-22,18.700578689575195
2015-07-23,18.292543411254883
2015-07-24,18.08506202697754
2015-07-27,17.939834594726562
2015-07-28,18.098894119262695
2015-07-29,17.981325149536133
2015-07-30,18.390945434570312
2015-07-31,18.099349975585938
2015-08-03,18.07158088684082
2015-08-04,18.23820686340332
2015-08-05,18.508960723876953
2015-08-06,18.502023696899414
2015-08-07,18.5367374420166
2015-08-10,18.87692642211914
2015-08-11,18.63393211364746
2015-08-12,18.07158088684082
2015-08-13,18.189611434936523
2015-08-14,18.314571380615234
2015-08-17,18.245147705078125
2015-08-18,18.439538955688477
2015-08-19,18.231258392333984
2015-08-20,17.585596084594727
2015-08-21,17.057964324951172
2015-08-24,15.988807678222656
2015-08-25,16.037397384643555
2015-08-26,16.794143676757812
2015-08-27,16.9954776763916
2015-08-28,17.141271591186523
2015-08-31,17.231529235839844
2015-09-01,16.4470157623291
2015-09-02,16.752490997314453
2015-09-03,17.00936508178711
2015-09-04,16.724716186523438
2015-09-08,17.0996150970459
2015-09-09,16.939939498901367
2015-09-10,16.96770477294922
2015-09-11,16.8843936920166
2015-09-14,16.946880340576172
2015-09-15,17.377321243286133
2015-09-16,17.27318000793457
2015-09-17,16.690006256103516
2015-09-18,16.488672256469727
2015-09-21,16.592811584472656
2015-09-22,16.384531021118164
2015-09-23,16.204025268554688
2015-09-24,16.134601593017578
2015-09-25,16.3914737701416
2015-09-28,15.711094856262207
2015-09-29,16.120708465576172
2015-09-30,16.565040588378906
2015-10-01,16.315101623535156
2015-10-02,16.252622604370117
2015-10-05,16.467844009399414
2015-10-06,16.217906951904297
2015-10-07,16.273448944091797
2015-10-08,16.328996658325195
2015-10-09,16.287330627441406
2015-10-12,16.35675621032715
2015-10-13,16.287330627441406
2015-10-14,15.90549087524414
2015-10-15,16.328996658325195
2015-10-16,16.120708465576172
2015-10-19,16.127649307250977
2015-10-20,16.238737106323242
2015-10-21,16.08599853515625
2015-10-22,15.877721786499023
2015-10-23,16.814970016479492
2015-10-26,16.384531021118164
2015-10-27,16.335935592651367
2015-10-28,16.787193298339844
2015-10-29,16.738605499267578
2015-10-30,16.87051773071289
2015-11-02,16.974647521972656
2015-11-03,17.023447036743164
2015-11-04,17.100135803222656
2015-11-05,17.15589714050293
2015-11-06,17.93666648864746
2015-11-09,18.03426170349121
2015-11-10,18.1248836517334
2015-11-11,18.187625885009766
2015-11-12,17.783296585083008
2015-11-13,17.7972412109375
2015-11-16,17.901811599731445
2015-11-17,17.846036911010742
2015-11-18,18.264307022094727
2015-11-19,18.208538055419922
2015-11-20,18.13882827758789
2015-11-23,17.943634033203125
2015-11-24,18.215505599975586
2015-11-25,18.306129455566406
2015-11-27,18.396760940551758
2015-11-30,18.564062118530273
2015-12-01,18.473440170288086
2015-12-02,18.571033477783203
2015-12-03,18.45252799987793
2015-12-04,18.905654907226562
2015-12-07,18.48041343688965
2015-12-08,18.410696029663086
2015-12-09,18.194595336914062
2015-12-10,18.334020614624023
2015-12-11,17.85301399230957
2015-12-14,17.929697036743164
2015-12-15,18.501323699951172
2015-12-16,18.759260177612305
2015-12-17,18.459497451782227
2015-12-18,18.0551700592041
2015-12-21,18.145793914794922
2015-12-22,18.299163818359375
2015-12-23,18.487384796142578
2015-12-24,18.54314613342285
2015-12-28,18.410696029663086
2015-12-29,18.55708885192871
2015-12-30,18.334020614624023
2015-12-31,18.257335662841797
2016-01-04,17.985462188720703
2016-01-05,17.901811599731445
2016-01-06,17.622962951660156
2016-01-07,17.14195442199707
2016-01-08,16.605173110961914
2016-01-11,16.660953521728516
2016-01-12,16.660953521728516
2016-01-13,16.186912536621094
2016-01-14,15.963838577270508
2016-01-15,15.559515953063965
2016-01-19,15.496772766113281
2016-01-20,15.057598114013672
2016-01-21,14.869376182556152
2016-01-22,14.4859619140625
2016-01-25,13.795821189880371
2016-01-26,14.144380569458008
2016-01-27,14.785717964172363
2016-01-28,15.155190467834473
2016-01-29,14.813611030578613
2016-02-01,14.4859619140625
2016-02-02,14.15674114227295
2016-02-03,14.044661521911621
2016-02-04,14.170747756958008
2016-02-05,13.904566764831543
2016-02-08,13.44925308227539
2016-02-09,13.694416999816895
2016-02-10,13.211088180541992
2016-02-11,12.706740379333496
2016-02-12,13.232102394104004
2016-02-16,13.561327934265137
2016-02-17,13.764471054077148
2016-02-18,13.38620662689209
2016-02-19,13.477269172668457
2016-02-22,13.869540214538574
2016-02-23,13.568337440490723
2016-02-24,13.309152603149414
2016-02-25,13.435239791870117
2016-02-26,13.827512741088867
2016-02-29,13.470267295837402
2016-03-01,14.198769569396973
2016-03-02,14.682098388671875
2016-03-03,15.018331527709961
2016-03-04,15.361565589904785
2016-03-07,15.081378936767578
2016-03-08,14.654082298278809
2016-03-09,14.499979019165039
2016-03-10,14.717118263244629
2016-03-11,15.347559928894043
2016-03-14,15.473645210266113
2016-03-15,15.543692588806152
2016-03-16,15.137410163879395
2016-03-17,15.22146987915039
2016-03-18,15.466641426086426
2016-03-21,15.410597801208496
2016-03-22,15.361565589904785
2016-03-23,15.193453788757324
2016-03-24,15.123401641845703
2016-03-28,14.983304977416992
2016-03-29,14.85021686553955
2016-03-30,14.885242462158203
2016-03-31,14.67509651184082
2016-04-01,14.955286979675293
2016-04-04,15.067363739013672
2016-04-05,14.542003631591797
2016-04-06,14.948284149169922
2016-04-07,14.563017845153809
2016-04-08,14.619056701660156
2016-04-11,14.738136291503906
2016-04-12,15.067363739013672
2016-04-13,15.830891609191895
2016-04-14,15.984993934631348
2016-04-15,15.795862197875977
2016-04-18,15.914949417114258
2016-04-19,16.181129455566406
2016-04-20,16.363256454467773
2016-04-21,16.482337951660156
2016-04-22,16.545385360717773
2016-04-25,16.37725830078125
2016-04-26,16.49635124206543
2016-04-27,16.545385360717773
2016-04-28,16.279203414916992
2016-04-29,16.00600814819336
2016-05-02,16.23838996887207
2016-05-03,15.851088523864746
2016-05-04,15.48491382598877
2016-05-05,15.569417953491211
2016-05-06,15.555334091186523
2016-05-09,15.386330604553223
2016-05-10,15.745468139648438
2016-05-11,15.632797241210938
2016-05-12,15.322953224182129
2016-05-13,15.06944751739502
2016-05-16,15.287747383117676
2016-05-17,15.365204811096191
2016-05-18,16.287677764892578
2016-05-19,16.125722885131836
2016-05-20,16.182052612304688
2016-05-23,16.175012588500977
2016-05-24,16.37218475341797
2016-05-25,16.682025909423828
2016-05-26,16.442602157592773
2016-05-27,16.611608505249023
2016-05-31,16.58344268798828
2016-06-01,16.6186466217041
2016-06-02,16.780603408813477
2016-06-03,16.294723510742188
2016-06-06,16.527101516723633
2016-06-07,16.534149169921875
2016-06-08,16.520057678222656
2016-06-09,16.111635208129883
2016-06-10,15.815878868103027
2016-06-13,15.548295021057129
2016-06-14,15.006074905395508
2016-06-15,15.04128360748291
2016-06-16,14.745525360107422
2016-06-17,14.858200073242188
2016-06-20,15.006074905395508
2016-06-21,15.175078392028809
2016-06-22,15.04832935333252
2016-06-23,15.576461791992188
2016-06-24,14.048391342163086
2016-06-27,12.985074996948242
2016-06-28,13.358292579650879
2016-06-29,13.745593070983887
2016-06-30,14.06951904296875
2016-07-01,13.837137222290039
2016-07-05,13.308999061584473
2016-07-06,13.372379302978516
2016-07-07,13.675174713134766
2016-07-08,13.977974891662598
2016-07-11,14.168102264404297
2016-07-12,14.393437385559082
2016-07-13,14.477938652038574
2016-07-14,14.780739784240723
2016-07-15,14.77369213104248
2016-07-18,14.77369213104248
2016-07-19,14.808904647827148
2016-07-20,15.013113975524902
2016-07-21,15.266622543334961
2016-07-22,15.351119041442871
2016-07-25,15.513079643249512
2016-07-26,15.837006568908691
2016-07-27,15.900382995605469
2016-07-28,15.808843612670898
2016-07-29,15.724343299865723
2016-08-01,15.717260360717773
2016-08-02,15.611061096191406
2016-08-03,15.90133285522461
2016-08-04,16.00752830505371
2016-08-05,16.55975914001465
2016-08-08,16.60224151611328
2016-08-09,16.63055992126465
2016-08-10,16.460641860961914
2016-08-11,16.566835403442383
2016-08-12,16.47480010986328
2016-08-15,16.66595458984375
2016-08-16,16.55975914001465
2016-08-17,16.59516143798828
2016-08-18,16.55975914001465
2016-08-19,16.694278717041016
2016-08-22,16.63763999938965
2016-08-23,16.65887451171875
2016-08-24,16.63055992126465
2016-08-25,16.736759185791016
2016-08-26,17.076589584350586
2016-08-29,17.317306518554688
2016-08-30,17.508464813232422
2016-08-31,17.536781311035156
2016-09-01,17.359777450561523
2016-09-02,17.473058700561523
2016-09-06,17.204021453857422
2016-09-07,17.39518928527832
2016-09-08,17.642976760864258
2016-09-09,17.565095901489258
2016-09-12,17.749174118041992
2016-09-13,17.430587768554688
2016-09-14,17.274824142456055
2016-09-15,17.331462860107422
2016-09-16,17.06243133544922
2016-09-19,17.12615203857422
2016-09-20,17.11198616027832
2016-09-21,17.211103439331055
2016-09-22,17.161550521850586
2016-09-23,17.281904220581055
2016-09-26,16.96331214904785
2016-09-27,17.211103439331055
2016-09-28,17.281904220581055
2016-09-29,17.027029037475586
2016-09-30,17.494298934936523
2016-10-03,17.41642189025879
2016-10-04,17.69253158569336
2016-10-05,18.103172302246094
2016-10-06,18.18812370300293
2016-10-07,18.053607940673828
2016-10-10,18.081924438476562
2016-10-11,17.671295166015625
2016-10-12,17.87660789489746
2016-10-13,17.359777450561523
2016-10-14,17.550939559936523
2016-10-17,17.40226173400879
2016-10-18,17.59341812133789
2016-10-19,17.912010192871094
2016-10-20,18.089006423950195
2016-10-21,18.38636589050293
2016-10-24,18.6553955078125
2016-10-25,18.733274459838867
2016-10-26,19.023550033569336
2016-10-27,19.023550033569336
2016-10-28,18.6553955078125
2016-10-31,18.733625411987305
2016-11-01,19.0892333984375
2016-11-02,18.562938690185547
2016-11-03,18.6838436126709
2016-11-04,18.78341293334961
2016-11-07,19.451967239379883
2016-11-08,19.167469024658203
2016-11-09,20.05651092529297
2016-11-10,21.052217483520508
2016-11-11,21.230030059814453
2016-11-14,21.962587356567383
2016-11-15,22.00525665283203
2016-11-16,21.85590171813965
2016-11-17,22.567123413085938
2016-11-18,22.737821578979492
2016-11-21,22.70936393737793
2016-11-22,22.702255249023438
2016-11-23,23.043643951416016
2016-11-25,23.08631706237793
2016-11-28,22.602685928344727
2016-11-29,23.036531448364258
2016-11-30,23.833099365234375
2016-12-01,24.451873779296875
2016-12-02,24.288286209106445
2016-12-05,24.288286209106445
2016-12-06,24.679458618164062
2016-12-07,24.935504913330078
2016-12-08,25.27689552307129
2016-12-09,25.25554847717285
2016-12-12,24.89993667602539
2016-12-13,24.750587463378906
2016-12-14,24.629674911499023
2016-12-15,25.17731475830078
2016-12-16,25.12041473388672
2016-12-19,25.15597915649414
2016-12-20,25.66094970703125
2016-12-21,25.6182804107666
2016-12-22,25.60405921936035
2016-12-23,25.838754653930664
2016-12-27,25.931209564208984
2016-12-28,25.60405921936035
2016-12-29,25.091964721679688
2016-12-30,25.340900421142578
2017-01-03,25.50448226928711
2017-01-04,25.724956512451172
2017-01-05,25.404905319213867
2017-01-06,25.5400447845459
2017-01-09,25.3764591217041
2017-01-10,25.803194046020508
2017-01-11,25.796083450317383
2017-01-12,25.547149658203125
2017-01-13,25.8103084564209
2017-01-17,24.266952514648438
2017-01-18,24.885711669921875
2017-01-19,24.700794219970703
2017-01-20,25.476030349731445
2017-01-23,25.52582359313965
2017-01-24,25.817420959472656
2017-01-25,26.68511199951172
2017-01-26,26.69932746887207
2017-01-27,26.308162689208984
2017-01-30,25.98100471496582
2017-01-31,25.823925018310547
2017-02-01,26.05239486694336
2017-02-02,25.731109619140625
2017-02-03,26.266582489013672
2017-02-06,26.03811264038086
2017-02-07,26.123788833618164
2017-02-08,25.23847198486328
2017-02-09,25.873905181884766
2017-02-10,26.00242042541504
2017-02-13,26.35938835144043
2017-02-14,27.116191864013672
2017-02-15,27.394636154174805
2017-02-16,27.3089599609375
2017-02-17,27.0162353515625
2017-02-21,27.166175842285156
2017-02-22,26.89486312866211
2017-02-23,26.594999313354492
2017-02-24,26.166622161865234
2017-02-27,26.552165985107422
2017-02-28,26.680679321289062
2017-03-01,28.26567268371582
2017-03-02,27.166175842285156
2017-03-03,27.351802825927734
2017-03-06,27.3232421875
2017-03-07,27.109058380126953
2017-03-08,27.02337646484375
2017-03-09,26.937702178955078
2017-03-10,26.873449325561523
2017-03-13,26.680679321289062
2017-03-14,26.552165985107422
2017-03-15,26.259441375732422
2017-03-16,26.4879093170166
2017-03-17,26.145204544067383
2017-03-20,25.866764068603516
2017-03-21,24.53166389465332
2017-03-22,24.581636428833008
2017-03-23,24.681591033935547
2017-03-24,24.638750076293945
2017-03-27,24.445985794067383
2017-03-28,25.010009765625
2017-03-29,24.624475479125977
2017-03-30,24.902915954589844
2017-03-31,24.667312622070312
2017-04-03,24.860084533691406
2017-04-04,24.917194366455078
2017-04-05,24.545944213867188
2017-04-06,24.931472778320312
2017-04-07,24.72443199157715
2017-04-10,24.545944213867188
2017-04-11,24.545944213867188
2017-04-12,24.081865310668945
2017-04-13,23.732023239135742
2017-04-17,24.217512130737305
2017-04-18,24.060440063476562
2017-04-19,24.431711196899414
2017-04-20,25.18135643005371
2017-04-21,24.917194366455078
2017-04-24,25.595458984375
2017-04-25,26.02383041381836
2017-04-26,26.27371597290039
2017-04-27,26.252296447753906
2017-04-28,26.209468841552734
2017-05-01,26.610816955566406
2017-05-02,26.402973175048828
2017-05-03,26.668153762817383
2017-05-04,26.761320114135742
2017-05-05,26.496143341064453
2017-05-08,26.775650024414062
2017-05-09,26.646652221679688
2017-05-10,26.668153762817383
2017-05-11,26.517648696899414
2017-05-12,26.266803741455078
2017-05-15,26.531982421875
2017-05-16,26.574979782104492
2017-05-17,24.776077270507812
2017-05-18,24.69724464416504
2017-05-19,24.776077270507812
2017-05-22,24.776077270507812
2017-05-23,25.14876937866211
2017-05-24,24.81908416748047
2017-05-25,24.776077270507812
2017-05-26,24.826248168945312
2017-05-30,24.54673957824707
2017-05-31,24.439231872558594
2017-06-01,24.725910186767578
2017-06-02,24.460735321044922
2017-06-05,24.353229522705078
2017-06-06,24.26722526550293
2017-06-07,24.740245819091797
2017-06-08,25.528606414794922
2017-06-09,26.044620513916016
2017-06-12,26.238130569458008
2017-06-13,26.431642532348633
2017-06-14,26.216632843017578
2017-06-15,26.30980682373047
2017-06-16,26.066125869750977
2017-06-19,26.195127487182617
2017-06-20,25.75795555114746
2017-06-21,25.227602005004883
2017-06-22,25.069927215576172
2017-06-23,24.718746185302734
2017-06-26,24.840579986572266
2017-06-27,24.96958351135254
2017-06-28,25.327932357788086
2017-06-29,25.55010414123535
2017-06-30,25.571613311767578
2017-07-03,26.187973022460938
2017-07-05,26.431642532348633
2017-07-06,26.23096466064453
2017-07-07,26.56781768798828
2017-07-10,26.553478240966797
2017-07-11,26.32413673400879
2017-07-12,26.173629760742188
2017-07-13,26.410139083862305
2017-07-14,25.97295570373535
2017-07-17,25.865455627441406
2017-07-18,25.50710105895996
2017-07-19,25.27775764465332
2017-07-20,25.263431549072266
2017-07-21,24.711572647094727
2017-07-24,25.406770706176758
2017-07-25,25.693443298339844
2017-07-26,25.20609474182129
2017-07-27,25.11292839050293
2017-07-28,25.041257858276367
2017-07-31,25.271785736083984
2017-08-01,25.372638702392578
2017-08-02,25.660804748535156
2017-08-03,25.372638702392578
2017-08-04,25.660804748535156
2017-08-07,25.466285705566406
2017-08-08,25.459089279174805
2017-08-09,25.235759735107422
2017-08-10,24.28482437133789
2017-08-11,24.05430030822754
2017-08-14,24.65224266052246
2017-08-15,24.48654556274414
2017-08-16,24.45772933959961
2017-08-17,23.636470794677734
2017-08-18,23.816570281982422
2017-08-21,23.557222366333008
2017-08-22,24.075910568237305
2017-08-23,24.133546829223633
2017-08-24,24.493751525878906
2017-08-25,24.38568878173828
2017-08-28,24.1119384765625
2017-08-29,23.996667861938477
2017-08-30,24.05430030822754
2017-08-31,23.86700439453125
2017-09-01,24.21278953552246
2017-09-05,23.521203994750977
2017-09-06,23.607650756835938
2017-09-07,23.11057472229004
2017-09-08,23.636470794677734
2017-09-11,24.1047306060791
2017-09-12,24.839536666870117
2017-09-13,24.990821838378906
2017-09-14,25.055667877197266
2017-09-15,25.329416275024414
2017-09-18,25.63918685913086
2017-09-19,25.804889678955078
2017-09-20,25.78327751159668
2017-09-21,26.129066467285156
2017-09-22,26.186695098876953
2017-09-25,26.265933990478516
2017-09-26,26.525285720825195
2017-09-27,26.813447952270508
2017-09-28,26.705392837524414
2017-09-29,27.28171157836914
2017-10-02,26.813447952270508
2017-10-03,26.539697647094727
2017-10-04,26.345186233520508
2017-10-05,26.748615264892578
2017-10-06,27.007965087890625
2017-10-09,26.878292083740234
2017-10-10,27.238494873046875
2017-10-11,26.979150772094727
2017-10-12,26.770221710205078
2017-10-13,26.64055824279785
2017-10-16,26.69097900390625
2017-10-17,26.4244327545166
2017-10-18,26.784635543823242
2017-10-19,26.964736938476562
2017-10-20,27.61309242248535
2017-10-23,27.735572814941406
2017-10-24,27.64191436767578
2017-10-25,27.396974563598633
2017-10-26,27.74277114868164
2017-10-27,27.699546813964844
2017-10-30,27.43300437927246
2017-10-31,27.51261329650879
2017-11-01,27.773197174072266
2017-11-02,28.041011810302734
2017-11-03,28.098915100097656
2017-11-06,28.026538848876953
2017-11-07,27.26651382446289
2017-11-08,27.005943298339844
2017-11-09,26.644031524658203
2017-11-10,26.5499324798584
2017-11-13,26.926321029663086
2017-11-14,27.55605125427246
2017-11-15,27.606718063354492
2017-11-16,27.447467803955078
2017-11-17,27.628427505493164
2017-11-20,27.686338424682617
2017-11-21,27.433006286621094
2017-11-22,27.382333755493164
2017-11-24,27.324430465698242
2017-11-27,27.237564086914062
2017-11-28,28.069963455200195
2017-11-29,29.4379940032959
2017-11-30,29.459707260131836
2017-12-01,29.452465057373047
2017-12-04,30.292112350463867
2017-12-05,29.59723663330078
2017-12-06,29.409042358398438
2017-12-07,29.988101959228516
2017-12-08,30.212488174438477
2017-12-11,29.980859756469727
2017-12-12,30.342777252197266
2017-12-13,29.922958374023438
2017-12-14,29.582767486572266
2017-12-15,30.183536529541016
2017-12-18,30.422401428222656
2017-12-19,30.45859146118164
2017-12-20,30.35001564025879
2017-12-21,30.834978103637695
2017-12-22,30.856693267822266
2017-12-26,30.777067184448242
2017-12-27,30.661252975463867
2017-12-28,30.719165802001953
2017-12-29,30.386219024658203
2018-01-02,30.892887115478516
2018-01-03,31.247554779052734
2018-01-04,31.616703033447266
2018-01-05,31.7614803314209
2018-01-08,31.891773223876953
2018-01-09,31.98586654663086
2018-01-10,32.49977493286133
2018-01-11,32.789310455322266
2018-01-12,32.948551177978516
2018-01-16,32.75312042236328
2018-01-17,33.180171966552734
2018-01-18,33.12226104736328
2018-01-19,33.889522552490234
2018-01-22,34.60610580444336
2018-01-23,34.64955139160156
2018-01-24,34.29486846923828
2018-01-25,33.78094482421875
2018-01-26,33.98362731933594
2018-01-29,33.83885955810547
2018-01-30,33.41903305053711
2018-01-31,33.38267135620117
2018-02-01,34.04450988769531
2018-02-02,33.469947814941406
2018-02-05,31.768081665039062
2018-02-06,32.43719482421875
2018-02-07,32.61174774169922
2018-02-08,30.684415817260742
2018-02-09,31.309885025024414
2018-02-12,31.97173309326172
2018-02-13,32.284461975097656
2018-02-14,33.34629440307617
2018-02-15,33.469947814941406
2018-02-16,33.40449142456055
2018-02-20,33.5208625793457
2018-02-21,33.673587799072266
2018-02-22,33.05539321899414
2018-02-23,33.76814270019531
2018-02-26,32.39356231689453
2018-02-27,31.81899070739746
2018-02-28,31.629894256591797
2018-03-01,31.658994674682617
2018-03-02,32.131736755371094
2018-03-05,32.62628936767578
2018-03-06,32.960845947265625
2018-03-07,33.04812240600586
2018-03-08,32.88810729980469
2018-03-09,33.64449691772461
2018-03-12,33.56450271606445
2018-03-13,33.25902557373047
2018-03-14,32.82265853881836
2018-03-15,32.699012756347656
2018-03-16,32.633567810058594
2018-03-19,32.66265869140625
2018-03-20,32.560829162597656
2018-03-21,32.669921875
2018-03-22,31.237163543701172
2018-03-23,30.015316009521484
2018-03-26,31.360801696777344
2018-03-27,30.248050689697266
2018-03-28,30.21895980834961
2018-03-29,30.531694412231445
2018-04-02,29.891674041748047
2018-04-03,30.40805435180664
2018-04-04,31.106243133544922
2018-04-05,31.288066864013672
2018-04-06,30.168048858642578
2018-04-09,30.35715103149414
2018-04-10,31.05533790588379
2018-04-11,30.677139282226562
2018-04-12,31.448076248168945
2018-04-13,30.74987030029297
2018-04-16,30.815330505371094
2018-04-17,30.02985954284668
2018-04-18,29.840768814086914
2018-04-19,30.444412231445312
2018-04-20,30.531694412231445
2018-04-23,30.917142868041992
2018-04-24,30.74260139465332
2018-04-25,30.924423217773438
2018-04-26,30.531694412231445
2018-04-27,30.88806915283203
2018-04-30,30.175317764282227
2018-05-01,29.941341400146484
2018-05-02,29.98520278930664
2018-05-03,29.546518325805664
2018-05-04,29.999839782714844
2018-05-07,30.02907943725586
2018-05-08,30.211870193481445
2018-05-09,30.833370208740234
2018-05-10,30.9722900390625
2018-05-11,31.00153923034668
2018-05-14,30.957674026489258
2018-05-15,31.235515594482422
2018-05-16,31.103906631469727
2018-05-17,31.074657440185547
2018-05-18,30.387357711791992
2018-05-21,30.62864112854004
2018-05-22,30.847990036010742
2018-05-23,30.555532455444336
2018-05-24,30.372737884521484
2018-05-25,30.35079002380371
2018-05-29,28.815343856811523
2018-05-30,29.568439483642578
2018-05-31,29.86821937561035
2018-06-01,30.43854331970215
2018-06-04,30.643268585205078
2018-06-05,30.336170196533203
2018-06-06,30.986919403076172
2018-06-07,30.643268585205078
2018-06-08,30.69445037841797
2018-06-11,30.599397659301758
2018-06-12,30.86260986328125
2018-06-13,30.592090606689453
2018-06-14,30.270362854003906
2018-06-15,30.489717483520508
2018-06-18,30.599397659301758
2018-06-19,30.526275634765625
2018-06-20,30.62864112854004
2018-06-21,30.657888412475586
2018-06-22,30.10951042175293
2018-06-25,29.86821937561035
2018-06-26,29.34910011291504
2018-06-27,28.925018310546875
2018-06-28,28.88845443725586
2018-06-29,28.442455291748047
2018-07-02,28.793413162231445
2018-07-03,28.486324310302734
2018-07-05,28.647174835205078
2018-07-06,28.771474838256836
2018-07-09,29.612314224243164
2018-07-10,29.275978088378906
2018-07-11,29.09319305419922
2018-07-12,28.932331085205078
2018-07-13,28.77878761291504
2018-07-16,29.232105255126953
2018-07-17,29.275978088378906
2018-07-18,30.007152557373047
2018-07-19,29.729312896728516
2018-07-20,29.392961502075195
2018-07-23,29.634258270263672
2018-07-24,29.275978088378906
2018-07-25,29.188234329223633
2018-07-26,29.217485427856445
2018-07-27,29.319843292236328
2018-07-30,29.297908782958984
2018-07-31,29.283185958862305
2018-08-01,29.386245727539062
2018-08-02,29.65862274169922
2018-08-03,29.75430679321289
2018-08-06,29.540834426879883
2018-08-07,29.746957778930664
2018-08-08,30.18861961364746
2018-08-09,29.879446029663086
2018-08-10,29.64389419555664
2018-08-13,29.327354431152344
2018-08-14,29.739591598510742
2018-08-15,29.261110305786133
2018-08-16,29.783767700195312
2018-08-17,29.953067779541016
2018-08-20,30.070842742919922
2018-08-21,30.380027770996094
2018-08-22,30.36530303955078
2018-08-23,30.210718154907227
2018-08-24,30.144460678100586
2018-08-27,30.497804641723633
2018-08-28,30.549333572387695
2018-08-29,30.276966094970703
2018-08-30,30.122386932373047
2018-08-31,30.299049377441406
2018-09-04,30.350582122802734
2018-09-05,30.534610748291016
2018-09-06,30.32113265991211
2018-09-07,30.18861961364746
2018-09-10,30.004596710205078
2018-09-11,30.203353881835938
2018-09-12,29.710147857666016
2018-09-13,29.27582359313965
2018-09-14,29.548200607299805
2018-09-17,29.36416244506836
2018-09-18,29.30527687072754
2018-09-19,29.75430679321289
2018-09-20,30.203353881835938
2018-09-21,30.166545867919922
2018-09-24,29.746957778930664
2018-09-25,29.548200607299805
2018-09-26,29.01082420349121
2018-09-27,28.657482147216797
2018-09-28,28.39247703552246
2018-10-01,28.237892150878906
2018-10-02,28.024417877197266
2018-10-03,28.583873748779297
2018-10-04,28.782623291015625
2018-10-05,28.547067642211914
2018-10-08,28.878318786621094
2018-10-09,28.686931610107422
2018-10-10,28.090660095214844
2018-10-11,27.229394912719727
2018-10-12,26.58159828186035
2018-10-15,26.39020347595215
2018-10-16,26.28714370727539
2018-10-17,26.41965675354004
2018-10-18,25.705604553222656
2018-10-19,26.772987365722656
2018-10-22,26.331315994262695
2018-10-23,26.67729377746582
2018-10-24,25.786577224731445
2018-10-25,26.41965675354004
2018-10-26,26.397571563720703
2018-10-29,26.6184024810791
2018-10-30,26.94473648071289
2018-10-31,27.70123863220215
2018-11-01,27.745742797851562
2018-11-02,27.827322006225586
2018-11-05,27.98307228088379
2018-11-06,27.98307228088379
2018-11-07,28.287158966064453
2018-11-08,28.405820846557617
2018-11-09,28.22782325744629
2018-11-12,27.901491165161133
2018-11-13,27.953405380249023
2018-11-14,26.855741500854492
2018-11-15,27.13015365600586
2018-11-16,26.892826080322266
2018-11-19,26.66289710998535
2018-11-20,26.128908157348633
2018-11-21,26.32915687561035
2018-11-23,26.0992431640625
2018-11-26,26.74448585510254
2018-11-27,26.737071990966797
2018-11-28,27.01890754699707
2018-11-29,26.722246170043945
2018-11-30,26.966989517211914
2018-12-03,27.107898712158203
2018-12-04,25.542993545532227
2018-12-06,25.053489685058594
2018-12-07,24.48240852355957
2018-12-10,23.77040672302246
2018-12-11,23.495990753173828
2018-12-12,23.458904266357422
2018-12-13,22.90265464782715
2018-12-14,22.442825317382812
2018-12-17,22.309324264526367
2018-12-18,22.10906982421875
2018-12-19,21.50832748413086
2018-12-20,21.397071838378906
2018-12-21,21.15232276916504
2018-12-24,20.72216033935547
2018-12-26,21.871742248535156
2018-12-27,21.93848991394043
2018-12-28,21.931074142456055
2018-12-31,22.049741744995117
2019-01-02,22.628246307373047
2019-01-03,22.5244083404541
2019-01-04,23.451488494873047
2019-01-07,23.740739822387695
2019-01-08,23.740739822387695
2019-01-09,24.052244186401367
2019-01-10,23.911331176757812
2019-01-11,24.200576782226562
2019-01-14,24.51949119567871
2019-01-15,24.549152374267578
2019-01-16,25.179574966430664
2019-01-17,25.142492294311523
2019-01-18,26.277244567871094
2019-01-22,26.091827392578125
2019-01-23,25.921239852905273
2019-01-24,26.069570541381836
2019-01-25,26.2846622467041
2019-01-28,26.210494995117188
2019-01-29,25.995403289794922
2019-01-30,25.875648498535156
2019-01-31,25.389114379882812
2019-02-01,25.591215133666992
2019-02-04,25.785825729370117
2019-02-05,25.73343849182129
2019-02-06,25.838220596313477
2019-02-07,26.631633758544922
2019-02-08,26.437021255493164
2019-02-11,26.534332275390625
2019-02-12,26.960975646972656
2019-02-13,27.178041458129883
2019-02-14,26.871150970458984
2019-02-15,27.469955444335938
2019-02-19,27.754384994506836
2019-02-20,28.188514709472656
2019-02-21,27.866655349731445
2019-02-22,27.866655349731445
2019-02-25,27.72443389892578
2019-02-26,27.46246337890625
2019-02-27,27.716957092285156
2019-02-28,27.64959716796875
2019-03-01,27.694503784179688
2019-03-04,27.58222198486328
2019-03-05,27.350196838378906
2019-03-06,26.743906021118164
2019-03-07,26.13762092590332
2019-03-08,26.017860412597656
2019-03-11,26.272356033325195
2019-03-12,26.242414474487305
2019-03-13,26.571752548217773
2019-03-14,26.751392364501953
2019-03-15,26.84869956970215
2019-03-18,27.245403289794922
2019-03-19,26.751392364501953
2019-03-20,25.643611907958984
2019-03-21,24.91008186340332
2019-03-22,23.779848098754883
2019-03-25,23.66008758544922
2019-03-26,24.116674423217773
2019-03-27,23.94451332092285
2019-03-28,24.27385711669922
2019-03-29,24.326248168945312
2019-04-01,25.26187515258789
2019-04-02,25.456485748291016
2019-04-03,25.561277389526367
2019-04-04,25.97295379638672
2019-04-05,25.88313102722168
2019-04-08,25.950504302978516
2019-04-09,25.419065475463867
2019-04-10,25.531335830688477
2019-04-11,25.718463897705078
2019-04-12,26.242414474487305
2019-04-15,25.785825729370117
2019-04-16,26.122652053833008
2019-04-17,26.197500228881836
2019-04-18,26.466960906982422
2019-04-22,26.72144889831543
2019-04-23,27.02085304260254
2019-04-24,26.80379295349121
2019-04-25,26.73642349243164
2019-04-26,26.923547744750977
2019-04-29,27.237918853759766
2019-04-30,27.336088180541992
2019-05-01,27.10199546813965
2019-05-02,27.373842239379883
2019-05-03,27.78916358947754
2019-05-06,27.630590438842773
2019-05-07,27.109546661376953
2019-05-08,26.935855865478516
2019-05-09,27.049135208129883
2019-05-10,27.222810745239258
2019-05-13,26.06744956970215
2019-05-14,26.361955642700195
2019-05-15,25.833356857299805
2019-05-16,26.248682022094727
2019-05-17,26.248682022094727
2019-05-20,26.31664276123047
2019-05-21,26.63380241394043
2019-05-22,26.339303970336914
2019-05-23,25.689882278442383
2019-05-24,26.007038116455078
2019-05-28,25.49353790283203
2019-05-29,25.63701820373535
2019-05-30,25.312305450439453
2019-05-31,24.602481842041016
2019-06-03,24.99515151977539
2019-06-04,26.082551956176758
2019-06-05,25.90887451171875
2019-06-06,25.984384536743164
2019-06-07,25.569059371948242
2019-06-10,26.022140502929688
2019-06-11,26.309091567993164
2019-06-12,26.241134643554688
2019-06-13,26.339303970336914
2019-06-14,26.40726089477539
2019-06-17,25.961734771728516
2019-06-18,26.648900985717773
2019-06-19,26.180721282958984
2019-06-20,26.39971160888672
2019-06-21,26.27134132385254
2019-06-24,26.022140502929688
2019-06-25,25.931522369384766
2019-06-26,25.969280242919922
2019-06-27,26.256240844726562
2019-06-28,26.70176887512207
2019-07-01,26.88300132751465
2019-07-02,26.44502067565918
2019-07-03,26.81503677368164
2019-07-05,27.10199546813965
2019-07-08,26.88300132751465
2019-07-09,27.177509307861328
2019-07-10,26.42236328125
2019-07-11,26.852798461914062
2019-07-12,26.99627113342285
2019-07-15,26.49032974243164
2019-07-16,26.38460922241211
2019-07-17,25.939077377319336
2019-07-18,26.142961502075195
2019-07-19,27.81182098388672
2019-07-22,27.623046875
2019-07-23,28.061017990112305
2019-07-24,28.408384323120117
2019-07-25,27.955303192138672
2019-07-26,28.45368766784668
2019-07-29,28.340423583984375
2019-07-30,28.69877815246582
2019-07-31,28.40904426574707
2019-08-01,27.204364776611328
2019-08-02,27.07474708557129
2019-08-05,26.396162033081055
2019-08-06,26.518159866333008
2019-08-07,25.336355209350586
2019-08-08,25.54221534729004
2019-08-09,25.397348403930664
2019-08-12,24.91699981689453
2019-08-13,25.26011085510254
2019-08-14,24.18504524230957
2019-08-15,23.956314086914062
2019-08-16,24.703516006469727
2019-08-19,25.12286376953125
2019-08-20,24.62727165222168
2019-08-21,24.85601043701172
2019-08-22,24.985624313354492
2019-08-23,24.223175048828125
2019-08-26,24.55864906311035
2019-08-27,24.314664840698242
2019-08-28,25.054244995117188
2019-08-29,25.534589767456055
2019-08-30,25.725200653076172
2019-09-03,25.077119827270508
2019-09-04,25.351598739624023
2019-09-05,26.0759334564209
2019-09-06,26.03018569946289
2019-09-09,27.234865188598633
2019-09-10,27.661842346191406
2019-09-11,27.60847282409668
2019-09-12,27.730457305908203
2019-09-13,28.081186294555664
2019-09-16,28.180309295654297
2019-09-17,27.753334045410156
2019-09-18,27.9134464263916
2019-09-19,27.57796859741211
2019-09-20,27.356861114501953
2019-09-23,27.349231719970703
2019-09-24,26.89175796508789
2019-09-25,27.143369674682617
2019-09-26,26.807886123657227
2019-09-27,26.975627899169922
2019-09-30,26.968008041381836
2019-10-01,26.0759334564209
2019-10-02,25.54221534729004
2019-10-03,25.488845825195312
2019-10-04,25.740449905395508
2019-10-07,25.87769889831543
2019-10-08,24.840763092041016
2019-10-09,25.15336799621582
2019-10-10,25.748077392578125
2019-10-11,26.289417266845703
2019-10-14,26.350421905517578
2019-10-15,26.777395248413086
2019-10-16,26.785022735595703
2019-10-17,26.693525314331055
2019-10-18,26.929885864257812
2019-10-21,27.12812614440918
2019-10-22,27.40260887145996
2019-10-23,27.43309783935547
2019-10-24,27.12812614440918
2019-10-25,27.3339786529541
2019-10-28,27.57796859741211
2019-10-29,27.516357421875
2019-10-30,27.339235305786133
2019-10-31,27.077394485473633
2019-11-01,27.762802124023438
2019-11-04,28.60993766784668
2019-11-05,29.187522888183594
2019-11-06,29.01809310913086
2019-11-07,29.41085433959961
2019-11-08,29.66499137878418
2019-11-11,29.55718231201172
2019-11-12,29.564882278442383
2019-11-13,29.187522888183594
2019-11-14,28.933374404907227
2019-11-15,29.264537811279297
2019-11-18,29.264537811279297
2019-11-19,29.287641525268555
2019-11-20,29.264537811279297
2019-11-21,29.349246978759766
2019-11-22,29.718904495239258
2019-11-25,29.834426879882812
2019-11-26,29.641887664794922
2019-11-27,29.76511001586914
2019-11-29,29.61878204345703
2019-12-02,29.503267288208008
2019-12-03,29.0797061920166
2019-12-04,29.541778564453125
2019-12-05,29.695798873901367
2019-12-06,30.057743072509766
2019-12-09,29.996143341064453
2019-12-10,30.288799285888672
2019-12-11,30.142465591430664
2019-12-12,31.23603630065918
2019-12-13,30.897186279296875
2019-12-16,31.028106689453125
2019-12-17,31.21293067932129
2019-12-18,31.112815856933594
2019-12-19,31.043508529663086
2019-12-20,31.220632553100586
2019-12-23,31.143627166748047
2019-12-24,31.197526931762695
2019-12-26,31.38235855102539
2019-12-27,31.174427032470703
2019-12-30,31.135915756225586
2019-12-31,31.274538040161133
2020-01-02,31.38235855102539
2020-01-03,30.735462188720703
2020-01-06,30.573734283447266
2020-01-07,30.381208419799805
2020-01-08,30.619932174682617
2020-01-09,30.820165634155273
2020-01-10,30.43511390686035
2020-01-13,30.69695472717285
2020-01-14,30.812463760375977
2020-01-15,30.019241333007812
2020-01-16,30.4890193939209
2020-01-17,31.474777221679688
2020-01-21,30.87408447265625
2020-01-22,30.9202880859375
2020-01-23,30.69695472717285
2020-01-24,30.134769439697266
2020-01-27,29.34154510498047
2020-01-28,29.574968338012695
2020-01-29,29.271514892578125
2020-01-30,29.497156143188477
2020-01-31,29.00697135925293
2020-02-03,29.31820297241211
2020-02-04,29.79283332824707
2020-02-05,30.742097854614258
2020-02-06,30.127408981323242
2020-02-07,29.893978118896484
2020-02-10,29.948444366455078
2020-02-11,30.345272064208984
2020-02-12,30.251903533935547
2020-02-13,30.306367874145508
2020-02-14,30.08851432800293
2020-02-18,29.53606414794922
2020-02-19,29.839515686035156
2020-02-20,30.174091339111328
2020-02-21,29.263734817504883
2020-02-24,28.057701110839844
2020-02-25,26.797203063964844
2020-02-26,26.213642120361328
2020-02-27,25.24104118347168
2020-02-28,24.657480239868164
2020-03-02,25.925758361816406
2020-03-03,24.237308502197266
2020-03-04,24.67304229736328
2020-03-05,23.163558959960938
2020-03-06,21.770784378051758
2020-03-09,17.709192276000977
2020-03-10,19.77111053466797
2020-03-11,18.160480499267578
2020-03-12,16.53428077697754
2020-03-13,18.409461975097656
2020-03-16,14.40233325958252
2020-03-17,14.869183540344238
2020-03-18,11.920243263244629
2020-03-19,13.515318870544434
2020-03-20,13.632028579711914
2020-03-23,12.348190307617188
2020-03-24,13.849892616271973
2020-03-25,13.779862403869629
2020-03-26,16.12190055847168
2020-03-27,15.530552864074707
2020-03-30,15.289346694946289
2020-03-31,14.635757446289062
2020-04-01,13.460847854614258
2020-04-02,13.554221153259277
2020-04-03,13.180742263793945
2020-04-06,14.620196342468262
2020-04-07,15.195978164672852
2020-04-08,15.974061965942383
2020-04-09,17.20343589782715
2020-04-13,16.487600326538086
2020-04-14,15.818445205688477
2020-04-15,14.456796646118164
2020-04-16,13.375259399414062
2020-04-17,15.460525512695312
2020-04-20,15.795100212097168
2020-04-21,15.009235382080078
2020-04-22,15.23488712310791
2020-04-23,15.756199836730957
2020-04-24,16.028526306152344
2020-04-27,17.452421188354492
2020-04-28,17.6503849029541
2020-04-29,18.47391128540039
2020-04-30,17.72956657409668
2020-05-01,16.96147346496582
2020-05-04,16.787267684936523
2020-05-05,16.77142906188965
2020-05-06,16.264646530151367
2020-05-07,16.82685661315918
2020-05-08,17.579116821289062
2020-05-11,16.692241668701172
2020-05-12,15.939986228942871
2020-05-13,15.306502342224121
2020-05-14,15.955822944641113
2020-05-15,15.773699760437012
2020-05-18,17.08816909790039
2020-05-19,16.367584228515625
2020-05-20,17.159435272216797
2020-05-21,16.906047821044922
2020-05-22,16.85061264038086
2020-05-26,18.933183670043945
2020-05-27,20.2951717376709
2020-05-28,19.527070999145508
2020-05-29,19.083635330200195
2020-06-01,19.582504272460938
2020-06-02,19.891328811645508
2020-06-03,21.237478256225586
2020-06-04,22.536109924316406
2020-06-05,23.16167640686035
2020-06-08,24.080224990844727
2020-06-09,23.367557525634766
2020-06-10,21.577972412109375
2020-06-11,19.384540557861328
2020-06-12,20.44562339782715
2020-06-15,21.10285758972168
2020-06-16,21.570053100585938
2020-06-17,20.88114356994629
2020-06-18,20.706932067871094
2020-06-19,20.073450088500977
2020-06-22,20.136796951293945
2020-06-23,20.429784774780273
2020-06-24,19.06780242919922
2020-06-25,20.002185821533203
2020-06-26,18.339292526245117
2020-06-29,18.63228416442871
2020-06-30,19.98634910583496
2020-07-01,19.18657684326172
2020-07-02,18.814411163330078
2020-07-06,19.2182559967041
2020-07-07,18.6085262298584
2020-07-08,18.735219955444336
2020-07-09,17.998802185058594
2020-07-10,19.146984100341797
2020-07-13,19.297441482543945
2020-07-14,18.917346954345703
2020-07-15,20.152639389038086
2020-07-16,20.152639389038086
2020-07-17,19.915081024169922
2020-07-20,19.53499412536621
2020-07-21,20.231821060180664
2020-07-22,20.200151443481445
2020-07-23,20.627748489379883
2020-07-24,20.25557518005371
2020-07-27,19.685443878173828
2020-07-28,19.4521484375
2020-07-29,20.39337921142578
2020-07-30,19.934831619262695
2020-07-31,19.958967208862305
2020-08-03,19.492372512817383
2020-08-04,19.47627830505371
2020-08-05,20.007232666015625
2020-08-06,19.918739318847656
2020-08-07,20.45773696899414
2020-08-10,20.819747924804688
2020-08-11,21.439199447631836
2020-08-12,21.31047821044922
2020-08-13,20.666900634765625
2020-08-14,20.835840225219727
2020-08-17,20.465782165527344
2020-08-18,19.918739318847656
2020-08-19,19.9509220123291
2020-08-20,19.548683166503906
2020-08-21,19.46019172668457
2020-08-24,20.296846389770508
2020-08-25,20.546228408813477
2020-08-26,20.401424407958984
2020-08-27,20.924331665039062
2020-08-28,21.149585723876953
2020-08-31,20.811704635620117
2020-09-01,21.05304718017578
2020-09-02,21.551820755004883
2020-09-03,21.527681350708008
2020-09-04,22.0103702545166
2020-09-08,21.415061950683594
2020-09-09,21.825340270996094
2020-09-10,21.495506286621094
2020-09-11,21.80925178527832
2020-09-14,22.517189025878906
2020-09-15,21.471372604370117
2020-09-16,22.21953010559082
2020-09-17,22.11495018005371
2020-09-18,21.849475860595703
2020-09-21,20.779529571533203
2020-09-22,19.717618942260742
2020-09-23,19.26711654663086
2020-09-24,19.170583724975586
2020-09-25,19.65326499938965
2020-09-28,20.385334014892578
2020-09-29,19.934831619262695
2020-09-30,20.337068557739258
2020-10-01,20.45773696899414
2020-10-02,21.085224151611328
2020-10-05,22.106904983520508
2020-10-06,21.825340270996094
2020-10-07,22.621768951416016
2020-10-08,22.975736618041992
2020-10-09,22.493051528930664
2020-10-12,22.90333366394043
2020-10-13,22.541322708129883
2020-10-14,22.18735122680664
2020-10-15,22.444786071777344
2020-10-16,21.407020568847656
2020-10-19,21.431150436401367
2020-10-20,22.21953010559082
2020-10-21,22.16322135925293
2020-10-22,23.217082977294922
2020-10-23,23.434280395507812
2020-10-26,22.814842224121094
2020-10-27,21.746288299560547
2020-10-28,21.110048294067383
2020-10-29,21.78706932067871
2020-10-30,22.2275447845459
2020-11-02,22.86378288269043
2020-11-03,23.66316032409668
2020-11-04,21.795228958129883
2020-11-05,23.58159065246582
2020-11-06,22.602760314941406
2020-11-09,26.37125015258789
2020-11-10,26.754627227783203
2020-11-11,25.84105110168457
2020-11-12,25.025362014770508
2020-11-13,25.898149490356445
2020-11-16,26.95039176940918
2020-11-17,26.9748592376709
2020-11-18,26.51807403564453
2020-11-19,26.76278305053711
2020-11-20,26.33046531677246
2020-11-23,27.121685028076172
2020-11-24,28.59808349609375
2020-11-25,28.30443572998047
2020-11-27,27.8476505279541
2020-11-30,26.640424728393555
2020-12-01,27.42348861694336
2020-12-02,28.0270938873291
2020-12-03,28.214702606201172
2020-12-04,28.899892807006836
2020-12-07,28.802001953125
2020-12-08,29.030399322509766
2020-12-09,29.209850311279297
2020-12-10,29.36482810974121
2020-12-11,28.8509464263916
2020-12-14,28.239171981811523
2020-12-15,28.785690307617188
2020-12-16,28.859107971191406
2020-12-17,28.369691848754883
2020-12-18,27.904747009277344
2020-12-21,28.353374481201172
2020-12-22,27.929218292236328
2020-12-23,28.842788696289062
2020-12-24,28.647022247314453
2020-12-28,28.638870239257812
2020-12-29,28.45125961303711
2020-12-30,28.87541389465332
2020-12-31,29.169063568115234
2021-01-04,28.973299026489258
2021-01-05,29.60138511657715
2021-01-06,31.656919479370117
2021-01-07,32.76625442504883
2021-01-08,32.26869583129883
2021-01-11,32.488922119140625
2021-01-12,32.87229919433594
2021-01-13,32.831512451171875
2021-01-14,33.810340881347656
2021-01-15,33.141475677490234
2021-01-19,33.30460739135742
2021-01-20,32.700992584228516
2021-01-21,31.746641159057617
2021-01-22,31.314321517944336
2021-01-25,31.036989212036133
2021-01-26,30.2213077545166
2021-01-27,28.720436096191406
2021-01-28,30.351806640625
2021-01-29,29.723735809326172
2021-02-01,30.351806640625
2021-02-02,31.3327579498291
2021-02-03,31.975746154785156
2021-02-04,32.9072265625
2021-02-05,32.923728942871094
2021-02-08,33.368865966796875
2021-02-09,33.45954132080078
2021-02-10,33.27817916870117
2021-02-11,32.948448181152344
2021-02-12,33.401832580566406
2021-02-16,34.64657211303711
2021-02-17,34.48170852661133
2021-02-18,33.71508026123047
2021-02-19,35.04225158691406
2021-02-22,35.644012451171875
2021-02-23,36.64144515991211
2021-02-24,38.23241424560547
2021-02-25,36.43536376953125
2021-02-26,35.80887985229492
2021-03-01,36.517799377441406
2021-03-02,36.64969253540039
2021-03-03,36.773345947265625
2021-03-04,36.006717681884766
2021-03-05,36.517799377441406
2021-03-08,37.812007904052734
2021-03-09,36.31996536254883
2021-03-10,36.781585693359375
2021-03-11,36.78983688354492
2021-03-12,37.490501403808594
2021-03-15,37.045372009277344
2021-03-16,36.22104263305664
2021-03-17,36.831050872802734
2021-03-18,37.408077239990234
2021-03-19,36.71564483642578
2021-03-22,35.80887985229492
2021-03-23,34.84440612792969
2021-03-24,34.81968307495117
2021-03-25,36.35293197631836
2021-03-26,37.10307693481445
2021-03-29,35.75117492675781
2021-03-30,36.913482666015625
2021-03-31,36.39415740966797
2021-04-01,37.045372009277344
2021-04-05,37.020633697509766
2021-04-06,36.94645690917969
2021-04-07,37.08658981323242
2021-04-08,36.855777740478516
2021-04-09,37.39984130859375
2021-04-12,37.85322189331055
2021-04-13,36.913482666015625
2021-04-14,37.52347946166992
2021-04-15,36.831050872802734
2021-04-16,36.954689025878906
2021-04-19,36.773345947265625
2021-04-20,35.207115173339844
2021-04-21,36.3034782409668
2021-04-22,35.59455108642578
2021-04-23,37.037132263183594
2021-04-26,37.704837799072266
2021-04-27,38.001590728759766
2021-04-28,38.392333984375
2021-04-29,39.09899139404297
2021-04-30,38.4754638671875
2021-05-03,38.941036224365234
2021-05-04,39.95529556274414
2021-05-05,40.47905731201172
2021-05-06,40.86148452758789
2021-05-07,41.10258102416992
2021-05-10,41.02775192260742
2021-05-11,40.72846603393555
2021-05-12,39.90541458129883
2021-05-13,41.13582992553711
2021-05-14,41.95887756347656
2021-05-17,42.183345794677734
2021-05-18,41.26885223388672
2021-05-19,40.69520950317383
2021-05-20,40.404232025146484
2021-05-21,41.06100845336914
2021-05-24,41.00281524658203
2021-05-25,40.22133255004883
2021-05-26,40.81159973144531
2021-05-27,41.6429557800293
2021-05-28,41.485008239746094
2021-06-01,41.85911560058594
2021-06-02,41.50994110107422
2021-06-03,41.81754684448242
2021-06-04,41.50162887573242
2021-06-07,41.485008239746094
2021-06-08,41.24391174316406
2021-06-09,40.27121353149414
2021-06-10,39.281898498535156
2021-06-11,39.78070831298828
2021-06-14,39.15719223022461
2021-06-15,39.67263412475586
2021-06-16,39.8222770690918
2021-06-17,37.63579177856445
2021-06-18,36.787803649902344
2021-06-21,37.827003479003906
2021-06-22,37.901832580566406
2021-06-23,38.176185607910156
2021-06-24,38.708251953125
2021-06-25,39.34840774536133
2021-06-28,38.26762771606445
2021-06-29,38.034847259521484
2021-06-30,38.134620666503906
2021-07-01,38.616798400878906
2021-07-02,38.28425979614258
2021-07-06,37.16191482543945
2021-07-07,36.92082214355469
2021-07-08,36.19753646850586
2021-07-09,37.66904830932617
2021-07-12,38.134620666503906
2021-07-13,37.2783088684082
2021-07-14,37.087100982666016
2021-07-15,37.31986999511719
2021-07-16,35.748600006103516
2021-07-19,34.25215148925781
2021-07-20,35.4742546081543
2021-07-21,36.5799674987793
2021-07-22,36.155967712402344
2021-07-23,36.272361755371094
2021-07-26,36.754547119140625
2021-07-27,36.84599685668945
2021-07-28,35.99801254272461
2021-07-29,35.94767379760742
2021-07-30,35.36882019042969
2021-08-02,35.05842208862305
2021-08-03,35.96445083618164
2021-08-04,35.36043167114258
2021-08-05,36.18257522583008
2021-08-06,36.88726043701172
2021-08-09,36.811767578125
2021-08-10,37.36544418334961
2021-08-11,38.036582946777344
2021-08-12,38.00301742553711
2021-08-13,37.55839538574219
2021-08-16,37.13893508911133
2021-08-17,36.34197235107422
2021-08-18,35.981231689453125
2021-08-19,35.13391876220703
2021-08-20,35.51982498168945
2021-08-23,35.91411590576172
2021-08-24,36.49296951293945
2021-08-25,37.24799728393555
2021-08-26,36.66075897216797
2021-08-27,37.533226013183594
2021-08-30,36.459407806396484
2021-08-31,36.73625946044922
2021-09-01,36.24128723144531
2021-09-02,36.484580993652344
2021-09-03,36.132240295410156
2021-09-07,35.998008728027344
2021-09-08,35.77149963378906
2021-09-09,36.27486038208008
2021-09-10,35.94767379760742
2021-09-13,36.9040412902832
2021-09-14,35.88056945800781
2021-09-15,36.69430923461914
2021-09-16,36.67754364013672
2021-09-17,36.64398193359375
2021-09-20,35.52821731567383
2021-09-21,35.06680679321289
2021-09-22,35.80506134033203
2021-09-23,37.684234619140625
2021-09-24,38.019805908203125
2021-09-27,39.52985382080078
2021-09-28,39.72281265258789
2021-09-29,40.25971603393555
2021-09-30,39.412410736083984
2021-10-01,40.494606018066406
2021-10-04,40.486228942871094
2021-10-05,41.0986442565918
2021-10-06,40.73789596557617
2021-10-07,40.82179641723633
2021-10-08,41.14896774291992
2021-10-11,40.544952392578125
2021-10-12,40.494606018066406
2021-10-13,39.815086364746094
2021-10-14,40.20098876953125
2021-10-15,40.343605041503906
2021-10-18,40.58689880371094
2021-10-19,41.190914154052734
2021-10-20,42.68418884277344
2021-10-21,41.49292755126953
2021-10-22,42.18083953857422
2021-10-25,42.20601272583008
2021-10-26,41.62715530395508
2021-10-27,39.9409294128418
2021-10-28,40.516109466552734
2021-10-29,40.07626724243164
2021-11-01,40.58377456665039
2021-11-02,39.9409294128418
2021-11-03,40.99823760986328
2021-11-04,40.45689010620117
2021-11-05,40.423065185546875
2021-11-08,40.52456283569336
2021-11-09,40.45689010620117
2021-11-10,40.61760711669922
2021-11-11,41.548038482666016
2021-11-12,41.751041412353516
2021-11-15,42.250091552734375
2021-11-16,42.47847366333008
2021-11-17,42.33467483520508
2021-11-18,42.41080093383789
2021-11-19,41.9625129699707
2021-11-22,42.5207633972168
2021-11-23,43.002899169921875
2021-11-24,43.172061920166016
2021-11-26,41.07435989379883
2021-11-29,41.26044464111328
2021-11-30,39.983219146728516
2021-12-01,39.34883499145508
2021-12-02,40.65989685058594
2021-12-03,39.20504379272461
2021-12-06,40.228519439697266
2021-12-07,40.879825592041016
2021-12-08,40.26235580444336
2021-12-09,40.06781005859375
2021-12-10,40.09318542480469
2021-12-13,39.15428924560547
2021-12-14,39.822513580322266
2021-12-15,39.88172149658203
2021-12-16,39.8563346862793
2021-12-17,38.452239990234375
2021-12-20,37.63176345825195
2021-12-21,38.76520538330078
2021-12-22,39.027408599853516
2021-12-23,39.44187927246094
2021-12-27,39.924015045166016
2021-12-28,40.00859451293945
2021-12-29,40.00859451293945
2021-12-30,39.983219146728516
2021-12-31,39.966304779052734
2022-01-03,41.56495666503906
2022-01-04,43.451202392578125
2022-01-05,43.1213264465332
2022-01-06,45.50660705566406
2022-01-07,45.86185836791992
2022-01-10,45.60810852050781
2022-01-11,46.13253402709961
2022-01-12,46.699249267578125
2022-01-13,47.11371612548828
2022-01-14,47.663516998291016
2022-01-18,47.08833694458008
2022-01-19,45.98028564453125
2022-01-20,44.119415283203125
2022-01-21,42.81680679321289
2022-01-24,43.222816467285156
2022-01-25,43.654197692871094
2022-01-26,44.09404373168945
2022-01-27,43.81490707397461
2022-01-28,44.06207275390625
2022-01-31,43.86604309082031
2022-02-01,45.12739944458008
2022-02-02,45.28932189941406
2022-02-03,45.14444351196289
2022-02-04,46.06489181518555
2022-02-07,46.218299865722656
2022-02-08,47.18988037109375
2022-02-09,47.13874435424805
2022-02-10,46.874542236328125
2022-02-11,46.42284393310547
2022-02-14,45.73250961303711
2022-02-15,47.00238037109375
2022-02-16,47.070556640625
2022-02-17,45.24671936035156
2022-02-18,45.38307571411133
2022-02-22,45.28080368041992
2022-02-23,44.189910888671875
2022-02-24,43.02230453491211
2022-02-25,45.152957916259766
2022-02-28,44.675697326660156
2022-03-01,41.38595199584961
2022-03-02,43.20981216430664
2022-03-03,42.77513885498047
2022-03-04,41.05358123779297
2022-03-07,38.71837615966797
2022-03-08,38.88882827758789
2022-03-09,40.78084945678711
2022-03-10,40.29505920410156
2022-03-11,39.95415496826172
2022-03-14,41.56493377685547
2022-03-15,41.49674987792969
2022-03-16,42.902984619140625
2022-03-17,42.39162826538086
2022-03-18,41.97401809692383
2022-03-21,41.829139709472656
2022-03-22,42.57912063598633
2022-03-23,41.01948928833008
2022-03-24,41.45413589477539
2022-03-25,41.505279541015625
2022-03-28,40.64448928833008
2022-03-29,41.45413589477539
2022-03-30,39.88597869873047
2022-03-31,38.63314437866211
2022-04-01,37.66156005859375
2022-04-04,37.116111755371094
2022-04-05,36.681461334228516
2022-04-06,35.863277435302734
2022-04-07,35.49681091308594
2022-04-08,35.65021896362305
2022-04-11,35.64169692993164
2022-04-12,34.85760498046875
2022-04-13,35.138858795166016
2022-04-14,34.8320426940918
2022-04-18,35.138858795166016
2022-04-19,37.53372573852539
2022-04-20,37.77235412597656
2022-04-21,36.67293167114258
2022-04-22,35.658748626708984
2022-04-25,35.52238082885742
2022-04-26,34.064998626708984
2022-04-27,33.843414306640625
2022-04-28,34.34625244140625
2022-04-29,33.57921600341797
2022-05-02,33.9149284362793
2022-05-03,34.57772445678711
2022-05-04,35.71397018432617
2022-05-05,34.93925094604492
2022-05-06,34.44000244140625
2022-05-09,33.93213653564453
2022-05-10,33.60504150390625
2022-05-11,32.73564147949219
2022-05-12,32.529056549072266
2022-05-13,32.65817642211914
2022-05-16,32.70121383666992
2022-05-17,33.92353057861328
2022-05-18,32.70982360839844
2022-05-19,32.451595306396484
2022-05-20,32.494625091552734
2022-05-23,33.6136474609375
2022-05-24,33.320980072021484
2022-05-25,34.087074279785156
2022-05-26,34.68962860107422
2022-05-27,35.180267333984375
2022-05-31,35.6192741394043
2022-06-01,34.465824127197266
2022-06-02,35.369651794433594
2022-06-03,34.83596420288086
2022-06-06,34.95647048950195
2022-06-07,35.34382247924805
2022-06-08,34.758487701416016
2022-06-09,33.45870590209961
2022-06-10,31.49611473083496
2022-06-13,30.48900032043457
2022-06-14,30.695587158203125
2022-06-15,31.23788070678711
2022-06-16,30.16189956665039
2022-06-17,30.661151885986328
2022-06-21,31.13458824157715
2022-06-22,31.289531707763672
2022-06-23,30.256587982177734
2022-06-24,31.87486457824707
2022-06-27,31.323959350585938
2022-06-28,31.625232696533203
2022-06-29,31.100162506103516
2022-06-30,30.721412658691406
2022-07-01,31.09154510498047
2022-07-05,30.884958267211914
2022-07-06,30.60951042175293
2022-07-07,31.375606536865234
2022-07-08,31.255094528198242
2022-07-11,31.160409927368164
2022-07-12,31.039901733398438
2022-07-13,30.454566955566406
2022-07-14,30.06721305847168
2022-07-15,31.676881790161133
2022-07-18,31.9953670501709
2022-07-19,32.61513137817383
2022-07-20,32.33967971801758
2022-07-21,32.31386947631836
2022-07-22,31.9953670501709
2022-07-25,32.46018981933594
2022-07-26,31.513334274291992
2022-07-27,32.133094787597656
2022-07-28,32.15031433105469
2022-07-29,32.683998107910156
2022-08-01,32.710121154785156
2022-08-02,31.97026252746582
2022-08-03,32.44898986816406
2022-08-04,31.857112884521484
2022-08-05,32.388057708740234
2022-08-08,32.388057708740234
2022-08-09,32.335838317871094
2022-08-10,33.432552337646484
2022-08-11,34.276859283447266
2022-08-12,34.73817825317383
2022-08-15,34.66854476928711
2022-08-16,34.89485168457031
2022-08-17,34.3900146484375
2022-08-18,34.590206146240234
2022-08-19,33.92869186401367
2022-08-22,33.1627311706543
2022-08-23,33.15401840209961
2022-08-24,33.05828094482422
2022-08-25,33.68497848510742
2022-08-26,32.431575775146484
2022-08-29,32.0137825012207
2022-08-30,31.978965759277344
2022-08-31,31.92674446105957
2022-09-01,31.883224487304688
2022-09-02,31.49153709411621
2022-09-06,31.082441329956055
2022-09-07,31.51764488220215
2022-09-08,32.92771530151367
2022-09-09,33.35422134399414
2022-09-12,34.059261322021484
2022-09-13,32.41416931152344
2022-09-14,32.11823272705078
2022-09-15,32.82326126098633
2022-09-16,32.09211730957031
2022-09-19,32.44898986816406
2022-09-20,32.03990173339844
2022-09-21,31.761363983154297
2022-09-22,30.595012664794922
2022-09-23,29.96831703186035
2022-09-26,29.298093795776367
2022-09-27,28.714921951293945
2022-09-28,29.567922592163086
2022-09-29,29.463472366333008
2022-09-30,29.907384872436523
2022-10-03,30.499271392822266
2022-10-04,31.883224487304688
2022-10-05,31.430606842041016
2022-10-06,30.83872413635254
2022-10-07,30.481853485107422
2022-10-10,30.17721176147461
2022-10-11,29.85515594482422
2022-10-12,29.74200439453125
2022-10-13,31.448020935058594
2022-10-14,31.178190231323242
2022-10-17,31.5872802734375
2022-10-18,32.15304183959961
2022-10-19,31.961557388305664
2022-10-20,31.247821807861328
2022-10-21,33.02345275878906
2022-10-24,34.28555679321289
2022-10-25,35.199493408203125
2022-10-26,34.98188781738281
2022-10-27,34.8513298034668
2022-10-28,35.66950988769531
2022-10-31,35.59988784790039
2022-11-01,35.5647087097168
2022-11-02,34.790794372558594
2022-11-03,34.412635803222656
2022-11-04,35.28328323364258
2022-11-07,35.38002395629883
2022-11-08,35.3536376953125
2022-11-09,34.87873840332031
2022-11-10,36.426551818847656
2022-11-11,36.540897369384766
2022-11-14,35.44158172607422
2022-11-15,35.58229446411133
2022-11-16,34.922706604003906
2022-11-17,34.90512466430664
2022-11-18,35.538326263427734
2022-11-21,35.7405891418457
2022-11-22,36.400169372558594
2022-11-23,36.549686431884766
2022-11-25,36.85749053955078
2022-11-28,36.1627197265625
2022-11-29,36.751956939697266
2022-11-30,37.27083206176758
2022-12-01,36.91905212402344
2022-12-02,36.67280960083008
2022-12-05,34.720436096191406
2022-12-06,34.57973098754883
2022-12-07,34.73802185058594
2022-12-08,34.808387756347656
2022-12-09,35.01944351196289
2022-12-12,35.555912017822266
2022-12-13,35.08980941772461
2022-12-14,34.35107421875
2022-12-15,33.70028305053711
2022-12-16,33.709083557128906
2022-12-19,33.594749450683594
2022-12-20,33.462833404541016
2022-12-21,34.03447723388672
2022-12-22,34.20156478881836
2022-12-23,34.21036148071289
2022-12-27,34.48299026489258
2022-12-28,34.27192687988281
2022-12-29,34.711647033691406
2022-12-30,34.62370300292969
2023-01-03,34.764408111572266
2023-01-04,35.7493896484375
2023-01-05,35.591094970703125
2023-01-06,36.62003707885742
2023-01-09,36.145137786865234
2023-01-10,36.285850524902344
2023-01-11,36.47053909301758
2023-01-12,36.78713607788086
2023-01-13,36.690391540527344
2023-01-17,35.898887634277344
2023-01-18,35.96925354003906
2023-01-19,35.41519546508789
2023-01-20,36.285850524902344
2023-01-23,37.305999755859375
2023-01-24,36.77833938598633
2023-01-25,37.59621810913086
2023-01-26,37.921607971191406
2023-01-27,38.07111740112305
2023-01-30,37.55604934692383
2023-01-31,38.47074890136719
2023-02-01,38.77268981933594
2023-02-02,39.48313522338867
2023-02-03,39.46536636352539
2023-02-06,38.879249572753906
2023-02-07,39.32328796386719
2023-02-08,38.9058952331543
2023-02-09,38.33753967285156
2023-02-10,38.293128967285156
2023-02-13,38.60395431518555
2023-02-14,38.50626754760742
2023-02-15,38.56843185424805
2023-02-16,38.0178337097168
2023-02-17,38.34642028808594
2023-02-21,37.254112243652344
2023-02-22,37.15642166137695
2023-02-23,37.2363395690918
2023-02-24,37.20081329345703
2023-02-27,37.07648849487305
2023-02-28,37.08537292480469
2023-03-01,36.9521598815918
2023-03-02,35.83320236206055
2023-03-03,36.39268493652344
2023-03-06,36.20619583129883
2023-03-07,34.359031677246094
2023-03-08,33.817317962646484
2023-03-09,31.748140335083008
2023-03-10,30.58477020263672
2023-03-13,27.21902847290039
2023-03-14,28.329103469848633
2023-03-15,27.982763290405273
2023-03-16,28.941864013671875
2023-03-17,27.40552520751953
2023-03-20,28.01828384399414
2023-03-21,29.323734283447266
2023-03-22,27.494327545166016
2023-03-23,26.544103622436523
2023-03-24,27.618654251098633
2023-03-27,27.06806182861328
2023-03-28,27.290077209472656
2023-03-29,27.645296096801758
2023-03-30,27.325599670410156
2023-03-31,26.970375061035156
2023-04-03,26.81940460205078
2023-04-04,25.90470314025879
2023-04-05,25.41627311706543
2023-04-06,25.81589698791504
2023-04-10,26.01127052307129
2023-04-11,26.11783790588379
2023-04-12,26.0911922454834
2023-04-13,26.242164611816406
2023-04-14,25.842538833618164
2023-04-17,26.92597007751465
2023-04-18,27.032535552978516
2023-04-19,27.085824966430664
2023-04-20,25.80701446533203
2023-04-21,25.576120376586914
2023-04-24,25.398508071899414
2023-04-25,25.638286590576172
2023-04-26,25.895822525024414
2023-04-27,26.721717834472656
2023-04-28,27.4765682220459
2023-05-01,25.593881607055664
2023-05-02,24.269128799438477
2023-05-03,23.62928009033203
2023-05-04,22.3946475982666
2023-05-05,23.827543258666992
2023-05-08,23.21473503112793
2023-05-09,23.4760799407959
2023-05-10,22.890300750732422
2023-05-11,22.349584579467773
2023-05-12,22.349584579467773
2023-05-15,23.223743438720703
2023-05-16,22.57488250732422
2023-05-17,23.773469924926758
2023-05-18,23.737422943115234
2023-05-19,23.593231201171875
2023-05-22,24.50343894958496
2023-05-23,25.11625099182129
2023-05-24,24.269128799438477
2023-05-25,24.197032928466797
2023-05-26,24.34122657775879
2023-05-30,24.485414505004883
2023-05-31,23.232759475708008
2023-06-01,23.782482147216797
2023-06-02,25.04415512084961
2023-06-05,24.77379608154297
2023-06-06,25.77412223815918
2023-06-07,26.14360809326172
2023-06-08,25.981395721435547
2023-06-09,25.539806365966797
2023-06-12,24.70170021057129
2023-06-13,25.395620346069336
2023-06-14,24.422332763671875
2023-06-15,24.95403480529785
2023-06-16,24.5665225982666
2023-06-20,24.512449264526367
2023-06-21,24.278139114379883
2023-06-22,23.494102478027344
2023-06-23,22.953386306762695
2023-06-26,23.03449058532715
2023-06-27,23.50311279296875
2023-06-28,23.124610900878906
2023-06-29,23.367937088012695
2023-06-30,23.50311279296875
2023-07-03,23.89963722229004
2023-07-05,23.656314849853516
2023-07-06,23.494102478027344
2023-07-07,24.269128799438477
2023-07-10,24.061853408813477
2023-07-11,24.854902267456055
2023-07-12,25.332536697387695
2023-07-13,25.575855255126953
2023-07-14,25.03514289855957
2023-07-17,25.305500030517578
2023-07-18,26.233726501464844
2023-07-19,27.90994644165039
2023-07-20,28.13524627685547
2023-07-21,27.982044219970703
2023-07-24,28.96434211730957
2023-07-25,28.090185165405273
2023-07-26,29.234699249267578
2023-07-27,28.77509307861328
2023-07-28,29.099523544311523
2023-07-31,29.072484970092773
2023-08-01,28.396806716918945
2023-08-02,28.351150512695312
2023-08-03,28.7437744140625
2023-08-04,28.53376579284668
2023-08-07,28.77117156982422
2023-08-08,28.305500030517578
2023-08-09,27.94026756286621
2023-08-10,28.058963775634766
2023-08-11,28.04070472717285
2023-08-14,27.008922576904297
2023-08-15,25.831050872802734
2023-08-16,25.65756607055664
2023-08-17,25.821918487548828
2023-08-18,25.301462173461914
2023-08-21,25.054931640625
2023-08-22,24.42490577697754
2023-08-23,24.58012580871582
2023-08-24,24.72622299194336
2023-08-25,24.507083892822266
2023-08-28,24.99101448059082
2023-08-29,25.840181350708008
2023-08-30,25.5571231842041
2023-08-31,25.684955596923828
2023-09-01,26.141496658325195
2023-09-05,25.913225173950195
2023-09-06,25.274070739746094
2023-09-07,24.598392486572266
2023-09-08,24.99101448059082
2023-09-11,25.219289779663086
2023-09-12,25.904096603393555
2023-09-13,25.054931640625
2023-09-14,25.812786102294922
2023-09-15,25.529733657836914
2023-09-18,25.01841163635254
2023-09-19,25.07319450378418
2023-09-20,25.127975463867188
2023-09-21,24.625783920288086
2023-09-22,24.251419067382812
2023-09-25,24.315336227416992
2023-09-26,23.730966567993164
2023-09-27,23.52095603942871
2023-09-28,24.059673309326172
2023-09-29,24.470556259155273
2023-10-02,23.657917022705078
2023-10-03,23.237899780273438
2023-10-04,23.411386489868164
2023-10-05,23.54834747314453
2023-10-06,23.904449462890625
2023-10-09,24.041414260864258
2023-10-10,24.479690551757812
2023-10-11,24.42490577697754
2023-10-12,24.068803787231445
2023-10-13,23.47530174255371
2023-10-16,24.205766677856445
2023-10-17,24.744482040405273
2023-10-18,23.365732192993164
2023-10-19,22.717443466186523
2023-10-20,21.694791793823242
2023-10-23,21.53043556213379
2023-10-24,21.53043556213379
2023-10-25,21.430002212524414
2023-10-26,21.67653465270996
2023-10-27,20.882152557373047
2023-10-30,21.356952667236328
2023-10-31,21.784652709960938
2023-11-01,21.542909622192383
2023-11-02,23.15142250061035
2023-11-03,24.332237243652344
2023-11-06,24.025415420532227
2023-11-07,23.99751853942871
2023-11-08,23.904541015625
2023-11-09,23.26299476623535
2023-11-10,23.402463912963867
2023-11-13,23.197912216186523
2023-11-14,24.713443756103516
2023-11-15,25.401479721069336
2023-11-16,25.178335189819336
2023-11-17,25.81987953186035
2023-11-20,25.64322280883789
2023-11-21,24.992374420166016
2023-11-22,24.88080596923828
2023-11-24,24.983083724975586
2023-11-27,24.546085357666016
2023-11-28,24.713443756103516
2023-11-29,25.327098846435547
2023-11-30,25.35499382019043
2023-12-01,26.5172119140625
2023-12-04,26.638080596923828
2023-12-05,27.019289016723633
2023-12-06,26.740358352661133
2023-12-07,27.112266540527344
2023-12-08,27.530672073364258
2023-12-11,27.51207160949707
2023-12-12,27.251737594604492
2023-12-13,29.32513427734375
2023-12-14,31.26836395263672
2023-12-15,31.203279495239258
2023-12-18,30.645416259765625
2023-12-19,31.193981170654297
2023-12-20,30.106149673461914
2023-12-21,30.59892463684082
2023-12-22,30.73839569091797
2023-12-26,31.17538833618164
2023-12-27,31.277666091918945
2023-12-28,31.21257781982422
2023-12-29,30.81277084350586
2024-01-02,31.15679359436035
2024-01-03,29.88300132751465
2024-01-04,30.050355911254883
2024-01-05,31.026622772216797
2024-01-08,31.240468978881836
2024-01-09,30.989437103271484
2024-01-10,31.026622772216797
2024-01-11,30.31999969482422
2024-01-12,29.418113708496094
2024-01-16,29.00901222229004
2024-01-17,29.50179100036621
2024-01-18,29.380924224853516
2024-01-19,30.301403045654297
2024-01-22,30.840665817260742
2024-01-23,30.756994247436523
2024-01-24,31.314855575561523
2024-01-25,31.240468978881836
2024-01-26,31.231178283691406
2024-01-29,31.854124069213867
2024-01-30,32.296546936035156
2024-01-31,30.781028747558594
2024-02-01,29.350223541259766
2024-02-02,30.178585052490234
2024-02-05,29.698511123657227
2024-02-06,29.689098358154297
2024-02-07,29.472597122192383
2024-02-08,29.529075622558594
2024-02-09,29.651445388793945
2024-02-12,30.329195022583008
2024-02-13,28.945457458496094
2024-02-14,29.472597122192383
2024-02-15,29.877361297607422
2024-02-16,29.707923889160156
2024-02-20,29.529075622558594
2024-02-21,29.359638214111328
2024-02-22,29.25609588623047
2024-02-23,29.321985244750977
2024-02-26,28.644235610961914
2024-02-27,29.143136978149414
2024-02-28,28.936046600341797
2024-02-29,29.547901153564453
2024-03-01,29.773815155029297
2024-03-04,30.05621337890625
2024-03-05,31.628206253051758
2024-03-06,31.59055519104004
2024-03-07,31.901193618774414
2024-03-08,32.30595779418945
2024-03-11,32.230655670166016
2024-03-12,32.0235595703125
2024-03-13,32.28712844848633
2024-03-14,31.21402931213379
2024-03-15,31.52466583251953
2024-03-18,31.703516006469727
2024-03-19,31.552907943725586
2024-03-20,32.795440673828125
2024-03-21,33.61438751220703
2024-03-22,33.087249755859375
2024-03-25,33.21902847290039
2024-03-26,32.776615142822266
2024-03-27,33.717933654785156
2024-03-28,34.16035461425781
2024-04-01,33.548492431640625
2024-04-02,32.98370361328125
2024-04-03,32.87074661254883
2024-04-04,32.0988655090332
2024-04-05,31.985904693603516
2024-04-08,32.88957214355469
2024-04-09,32.936641693115234
2024-04-10,31.82588768005371
2024-04-11,31.59996795654297
2024-04-12,31.195199966430664
2024-04-15,31.063419342041016
2024-04-16,30.508045196533203
2024-04-17,31.082246780395508
2024-04-18,30.969287872314453
2024-04-19,31.995323181152344
2024-04-22,32.5224609375
2024-04-23,32.91781234741211
2024-04-24,33.43553924560547
2024-04-25,32.94605255126953
2024-04-26,33.087249755859375
2024-04-29,32.927223205566406
2024-04-30,32.49848937988281
2024-05-01,33.060611724853516
2024-05-02,33.3369140625
2024-05-03,33.718013763427734
2024-05-06,34.07052993774414
2024-05-07,33.88950729370117
2024-05-08,34.251556396484375
2024-05-09,34.3182487487793
2024-05-10,34.356361389160156
2024-05-13,34.242027282714844
2024-05-14,34.70888137817383
2024-05-15,35.09950637817383
2024-05-16,34.79462432861328
2024-05-17,35.404388427734375
2024-05-20,34.76604461669922
2024-05-21,34.842262268066406
2024-05-22,34.21344757080078
2024-05-23,33.46076965332031
2024-05-24,33.679901123046875
2024-05-28,33.022499084472656
2024-05-29,32.584232330322266
2024-05-30,32.78430938720703
2024-05-31,33.62273406982422
2024-06-03,33.07966613769531
2024-06-04,32.5556526184082
2024-06-05,32.49848937988281
2024-06-06,32.45084762573242
2024-06-07,32.536598205566406
2024-06-10,32.755733489990234
2024-06-11,32.3651008605957
2024-06-12,33.498878479003906
2024-06-13,32.860530853271484
2024-06-14,32.46037292480469
2024-06-17,32.870059967041016
2024-06-18,33.12730026245117
2024-06-20,33.041561126708984
2024-06-21,33.12730026245117
2024-06-24,33.718013763427734
2024-06-25,33.3369140625
2024-06-26,33.13683319091797
2024-06-27,32.993919372558594
2024-06-28,34.32777786254883
2024-07-01,34.13722610473633
2024-07-02,34.6612434387207
2024-07-03,34.34682846069336
2024-07-05,33.575103759765625
2024-07-08,33.87045669555664
2024-07-09,34.585018157958984
2024-07-10,34.94706344604492
2024-07-11,36.39525604248047
2024-07-12,36.39525604248047
2024-07-15,36.833518981933594
2024-07-16,37.7291145324707
2024-07-17,38.98675537109375
2024-07-18,38.82478332519531
2024-07-19,39.06296920776367
2024-07-22,39.44407272338867
2024-07-23,40.301551818847656
2024-07-24,40.22533416748047
2024-07-25,41.1971435546875
2024-07-26,41.18761444091797
2024-07-29,40.96847915649414
2024-07-30,41.15903091430664
2024-07-31,41.053199768066406
2024-08-01,39.1674690246582
2024-08-02,37.714683532714844
2024-08-05,36.84878158569336
2024-08-06,37.3779411315918
2024-08-07,36.93537139892578
2024-08-08,38.26308059692383
2024-08-09,38.089900970458984
2024-08-12,38.003318786621094
2024-08-13,38.18611526489258
2024-08-14,38.5901985168457
2024-08-15,39.0520133972168
2024-08-16,39.667762756347656
2024-08-19,40.023746490478516
2024-08-20,39.648521423339844
2024-08-21,39.571556091308594
2024-08-22,39.812076568603516
2024-08-23,41.264862060546875
2024-08-26,41.09168243408203
2024-08-27,40.668357849121094
2024-08-28,41.09168243408203
2024-08-29,41.06282043457031
2024-08-30,41.418800354003906
2024-09-03,41.053199768066406
2024-09-04,40.37972640991211
2024-09-05,40.023746490478516
2024-09-06,39.14822769165039
2024-09-09,39.879425048828125
2024-09-10,38.48436737060547
2024-09-11,38.157249450683594
2024-09-12,38.205360412597656
2024-09-13,38.57095718383789
2024-09-16,39.06163024902344
2024-09-17,39.003910064697266
2024-09-18,39.17708969116211
2024-09-19,40.61063003540039
2024-09-20,40.07184982299805
2024-09-23,39.504207611083984
2024-09-24,39.21556854248047
2024-09-25,38.715274810791016
2024-09-26,38.98466491699219
2024-09-27,39.25405502319336
2024-09-30,39.513824462890625
2024-10-01,38.40739822387695
2024-10-02,38.532474517822266
2024-10-03,38.51322937011719
2024-10-04,39.619659423828125
2024-10-07,39.61003112792969
2024-10-08,39.648521423339844
2024-10-09,39.8986701965332
2024-10-10,39.735107421875
2024-10-11,40.9954719543457
2024-10-14,41.63046646118164
2024-10-15,41.83251190185547
2024-10-16,40.80305480957031
2024-10-17,40.53366470336914
2024-10-18,40.86077880859375
2024-10-21,39.504207611083984
2024-10-22,40.033363342285156
2024-10-23,39.86980438232422
2024-10-24,40.15843963623047
2024-10-25,39.93715286254883
2024-10-28,41.120548248291016
2024-10-29,40.639495849609375
2024-10-30,41.49465560913086
2024-10-31,40.93102264404297
2024-11-01,40.639495849609375
2024-11-04,40.415985107421875
2024-11-05,41.028202056884766
2024-11-06,46.946292877197266
2024-11-07,44.73065185546875
2024-11-08,44.51686477661133
2024-11-11,45.16794967651367
2024-11-12,45.109642028808594
2024-11-13,45.109642028808594
2024-11-14,45.26512908935547
2024-11-15,45.45948028564453
2024-11-18,45.255409240722656
2024-11-19,44.75008773803711
2024-11-20,44.818111419677734
2024-11-21,45.449764251708984
2024-11-22,46.30492401123047
2024-11-25,47.09205627441406
2024-11-26,46.742218017578125
2024-11-27,46.80052947998047
2024-11-29,46.781089782714844
2024-12-02,45.751014709472656
2024-12-03,45.47891616821289
2024-12-04,45.28456497192383
2024-12-05,45.449764251708984
2024-12-06,45.702423095703125
2024-12-09,44.67234420776367
2024-12-10,45.0902099609375
2024-12-11,44.92500686645508
2024-12-12,44.254486083984375
2024-12-13,44.409969329833984
2024-12-16,44.390533447265625
2024-12-17,43.47706985473633
2024-12-18,41.455780029296875
2024-12-19,41.251708984375
2024-12-20,42.22348403930664
2024-12-23,42.340091705322266
2024-12-24,42.757957458496094
2024-12-26,42.66078186035156
2024-12-27,42.3886833190918
2024-12-30,42.330379486083984
2024-12-31,42.52473068237305
