Date,CTVA
2010-01-04,
2010-01-05,
2010-01-06,
2010-01-07,
2010-01-08,
2010-01-11,
2010-01-12,
2010-01-13,
2010-01-14,
2010-01-15,
2010-01-19,
2010-01-20,
2010-01-21,
2010-01-22,
2010-01-25,
2010-01-26,
2010-01-27,
2010-01-28,
2010-01-29,
2010-02-01,
2010-02-02,
2010-02-03,
2010-02-04,
2010-02-05,
2010-02-08,
2010-02-09,
2010-02-10,
2010-02-11,
2010-02-12,
2010-02-16,
2010-02-17,
2010-02-18,
2010-02-19,
2010-02-22,
2010-02-23,
2010-02-24,
2010-02-25,
2010-02-26,
2010-03-01,
2010-03-02,
2010-03-03,
2010-03-04,
2010-03-05,
2010-03-08,
2010-03-09,
2010-03-10,
2010-03-11,
2010-03-12,
2010-03-15,
2010-03-16,
2010-03-17,
2010-03-18,
2010-03-19,
2010-03-22,
2010-03-23,
2010-03-24,
2010-03-25,
2010-03-26,
2010-03-29,
2010-03-30,
2010-03-31,
2010-04-01,
2010-04-05,
2010-04-06,
2010-04-07,
2010-04-08,
2010-04-09,
2010-04-12,
2010-04-13,
2010-04-14,
2010-04-15,
2010-04-16,
2010-04-19,
2010-04-20,
2010-04-21,
2010-04-22,
2010-04-23,
2010-04-26,
2010-04-27,
2010-04-28,
2010-04-29,
2010-04-30,
2010-05-03,
2010-05-04,
2010-05-05,
2010-05-06,
2010-05-07,
2010-05-10,
2010-05-11,
2010-05-12,
2010-05-13,
2010-05-14,
2010-05-17,
2010-05-18,
2010-05-19,
2010-05-20,
2010-05-21,
2010-05-24,
2010-05-25,
2010-05-26,
2010-05-27,
2010-05-28,
2010-06-01,
2010-06-02,
2010-06-03,
2010-06-04,
2010-06-07,
2010-06-08,
2010-06-09,
2010-06-10,
2010-06-11,
2010-06-14,
2010-06-15,
2010-06-16,
2010-06-17,
2010-06-18,
2010-06-21,
2010-06-22,
2010-06-23,
2010-06-24,
2010-06-25,
2010-06-28,
2010-06-29,
2010-06-30,
2010-07-01,
2010-07-02,
2010-07-06,
2010-07-07,
2010-07-08,
2010-07-09,
2010-07-12,
2010-07-13,
2010-07-14,
2010-07-15,
2010-07-16,
2010-07-19,
2010-07-20,
2010-07-21,
2010-07-22,
2010-07-23,
2010-07-26,
2010-07-27,
2010-07-28,
2010-07-29,
2010-07-30,
2010-08-02,
2010-08-03,
2010-08-04,
2010-08-05,
2010-08-06,
2010-08-09,
2010-08-10,
2010-08-11,
2010-08-12,
2010-08-13,
2010-08-16,
2010-08-17,
2010-08-18,
2010-08-19,
2010-08-20,
2010-08-23,
2010-08-24,
2010-08-25,
2010-08-26,
2010-08-27,
2010-08-30,
2010-08-31,
2010-09-01,
2010-09-02,
2010-09-03,
2010-09-07,
2010-09-08,
2010-09-09,
2010-09-10,
2010-09-13,
2010-09-14,
2010-09-15,
2010-09-16,
2010-09-17,
2010-09-20,
2010-09-21,
2010-09-22,
2010-09-23,
2010-09-24,
2010-09-27,
2010-09-28,
2010-09-29,
2010-09-30,
2010-10-01,
2010-10-04,
2010-10-05,
2010-10-06,
2010-10-07,
2010-10-08,
2010-10-11,
2010-10-12,
2010-10-13,
2010-10-14,
2010-10-15,
2010-10-18,
2010-10-19,
2010-10-20,
2010-10-21,
2010-10-22,
2010-10-25,
2010-10-26,
2010-10-27,
2010-10-28,
2010-10-29,
2010-11-01,
2010-11-02,
2010-11-03,
2010-11-04,
2010-11-05,
2010-11-08,
2010-11-09,
2010-11-10,
2010-11-11,
2010-11-12,
2010-11-15,
2010-11-16,
2010-11-17,
2010-11-18,
2010-11-19,
2010-11-22,
2010-11-23,
2010-11-24,
2010-11-26,
2010-11-29,
2010-11-30,
2010-12-01,
2010-12-02,
2010-12-03,
2010-12-06,
2010-12-07,
2010-12-08,
2010-12-09,
2010-12-10,
2010-12-13,
2010-12-14,
2010-12-15,
2010-12-16,
2010-12-17,
2010-12-20,
2010-12-21,
2010-12-22,
2010-12-23,
2010-12-27,
2010-12-28,
2010-12-29,
2010-12-30,
2010-12-31,
2011-01-03,
2011-01-04,
2011-01-05,
2011-01-06,
2011-01-07,
2011-01-10,
2011-01-11,
2011-01-12,
2011-01-13,
2011-01-14,
2011-01-18,
2011-01-19,
2011-01-20,
2011-01-21,
2011-01-24,
2011-01-25,
2011-01-26,
2011-01-27,
2011-01-28,
2011-01-31,
2011-02-01,
2011-02-02,
2011-02-03,
2011-02-04,
2011-02-07,
2011-02-08,
2011-02-09,
2011-02-10,
2011-02-11,
2011-02-14,
2011-02-15,
2011-02-16,
2011-02-17,
2011-02-18,
2011-02-22,
2011-02-23,
2011-02-24,
2011-02-25,
2011-02-28,
2011-03-01,
2011-03-02,
2011-03-03,
2011-03-04,
2011-03-07,
2011-03-08,
2011-03-09,
2011-03-10,
2011-03-11,
2011-03-14,
2011-03-15,
2011-03-16,
2011-03-17,
2011-03-18,
2011-03-21,
2011-03-22,
2011-03-23,
2011-03-24,
2011-03-25,
2011-03-28,
2011-03-29,
2011-03-30,
2011-03-31,
2011-04-01,
2011-04-04,
2011-04-05,
2011-04-06,
2011-04-07,
2011-04-08,
2011-04-11,
2011-04-12,
2011-04-13,
2011-04-14,
2011-04-15,
2011-04-18,
2011-04-19,
2011-04-20,
2011-04-21,
2011-04-25,
2011-04-26,
2011-04-27,
2011-04-28,
2011-04-29,
2011-05-02,
2011-05-03,
2011-05-04,
2011-05-05,
2011-05-06,
2011-05-09,
2011-05-10,
2011-05-11,
2011-05-12,
2011-05-13,
2011-05-16,
2011-05-17,
2011-05-18,
2011-05-19,
2011-05-20,
2011-05-23,
2011-05-24,
2011-05-25,
2011-05-26,
2011-05-27,
2011-05-31,
2011-06-01,
2011-06-02,
2011-06-03,
2011-06-06,
2011-06-07,
2011-06-08,
2011-06-09,
2011-06-10,
2011-06-13,
2011-06-14,
2011-06-15,
2011-06-16,
2011-06-17,
2011-06-20,
2011-06-21,
2011-06-22,
2011-06-23,
2011-06-24,
2011-06-27,
2011-06-28,
2011-06-29,
2011-06-30,
2011-07-01,
2011-07-05,
2011-07-06,
2011-07-07,
2011-07-08,
2011-07-11,
2011-07-12,
2011-07-13,
2011-07-14,
2011-07-15,
2011-07-18,
2011-07-19,
2011-07-20,
2011-07-21,
2011-07-22,
2011-07-25,
2011-07-26,
2011-07-27,
2011-07-28,
2011-07-29,
2011-08-01,
2011-08-02,
2011-08-03,
2011-08-04,
2011-08-05,
2011-08-08,
2011-08-09,
2011-08-10,
2011-08-11,
2011-08-12,
2011-08-15,
2011-08-16,
2011-08-17,
2011-08-18,
2011-08-19,
2011-08-22,
2011-08-23,
2011-08-24,
2011-08-25,
2011-08-26,
2011-08-29,
2011-08-30,
2011-08-31,
2011-09-01,
2011-09-02,
2011-09-06,
2011-09-07,
2011-09-08,
2011-09-09,
2011-09-12,
2011-09-13,
2011-09-14,
2011-09-15,
2011-09-16,
2011-09-19,
2011-09-20,
2011-09-21,
2011-09-22,
2011-09-23,
2011-09-26,
2011-09-27,
2011-09-28,
2011-09-29,
2011-09-30,
2011-10-03,
2011-10-04,
2011-10-05,
2011-10-06,
2011-10-07,
2011-10-10,
2011-10-11,
2011-10-12,
2011-10-13,
2011-10-14,
2011-10-17,
2011-10-18,
2011-10-19,
2011-10-20,
2011-10-21,
2011-10-24,
2011-10-25,
2011-10-26,
2011-10-27,
2011-10-28,
2011-10-31,
2011-11-01,
2011-11-02,
2011-11-03,
2011-11-04,
2011-11-07,
2011-11-08,
2011-11-09,
2011-11-10,
2011-11-11,
2011-11-14,
2011-11-15,
2011-11-16,
2011-11-17,
2011-11-18,
2011-11-21,
2011-11-22,
2011-11-23,
2011-11-25,
2011-11-28,
2011-11-29,
2011-11-30,
2011-12-01,
2011-12-02,
2011-12-05,
2011-12-06,
2011-12-07,
2011-12-08,
2011-12-09,
2011-12-12,
2011-12-13,
2011-12-14,
2011-12-15,
2011-12-16,
2011-12-19,
2011-12-20,
2011-12-21,
2011-12-22,
2011-12-23,
2011-12-27,
2011-12-28,
2011-12-29,
2011-12-30,
2012-01-03,
2012-01-04,
2012-01-05,
2012-01-06,
2012-01-09,
2012-01-10,
2012-01-11,
2012-01-12,
2012-01-13,
2012-01-17,
2012-01-18,
2012-01-19,
2012-01-20,
2012-01-23,
2012-01-24,
2012-01-25,
2012-01-26,
2012-01-27,
2012-01-30,
2012-01-31,
2012-02-01,
2012-02-02,
2012-02-03,
2012-02-06,
2012-02-07,
2012-02-08,
2012-02-09,
2012-02-10,
2012-02-13,
2012-02-14,
2012-02-15,
2012-02-16,
2012-02-17,
2012-02-21,
2012-02-22,
2012-02-23,
2012-02-24,
2012-02-27,
2012-02-28,
2012-02-29,
2012-03-01,
2012-03-02,
2012-03-05,
2012-03-06,
2012-03-07,
2012-03-08,
2012-03-09,
2012-03-12,
2012-03-13,
2012-03-14,
2012-03-15,
2012-03-16,
2012-03-19,
2012-03-20,
2012-03-21,
2012-03-22,
2012-03-23,
2012-03-26,
2012-03-27,
2012-03-28,
2012-03-29,
2012-03-30,
2012-04-02,
2012-04-03,
2012-04-04,
2012-04-05,
2012-04-09,
2012-04-10,
2012-04-11,
2012-04-12,
2012-04-13,
2012-04-16,
2012-04-17,
2012-04-18,
2012-04-19,
2012-04-20,
2012-04-23,
2012-04-24,
2012-04-25,
2012-04-26,
2012-04-27,
2012-04-30,
2012-05-01,
2012-05-02,
2012-05-03,
2012-05-04,
2012-05-07,
2012-05-08,
2012-05-09,
2012-05-10,
2012-05-11,
2012-05-14,
2012-05-15,
2012-05-16,
2012-05-17,
2012-05-18,
2012-05-21,
2012-05-22,
2012-05-23,
2012-05-24,
2012-05-25,
2012-05-29,
2012-05-30,
2012-05-31,
2012-06-01,
2012-06-04,
2012-06-05,
2012-06-06,
2012-06-07,
2012-06-08,
2012-06-11,
2012-06-12,
2012-06-13,
2012-06-14,
2012-06-15,
2012-06-18,
2012-06-19,
2012-06-20,
2012-06-21,
2012-06-22,
2012-06-25,
2012-06-26,
2012-06-27,
2012-06-28,
2012-06-29,
2012-07-02,
2012-07-03,
2012-07-05,
2012-07-06,
2012-07-09,
2012-07-10,
2012-07-11,
2012-07-12,
2012-07-13,
2012-07-16,
2012-07-17,
2012-07-18,
2012-07-19,
2012-07-20,
2012-07-23,
2012-07-24,
2012-07-25,
2012-07-26,
2012-07-27,
2012-07-30,
2012-07-31,
2012-08-01,
2012-08-02,
2012-08-03,
2012-08-06,
2012-08-07,
2012-08-08,
2012-08-09,
2012-08-10,
2012-08-13,
2012-08-14,
2012-08-15,
2012-08-16,
2012-08-17,
2012-08-20,
2012-08-21,
2012-08-22,
2012-08-23,
2012-08-24,
2012-08-27,
2012-08-28,
2012-08-29,
2012-08-30,
2012-08-31,
2012-09-04,
2012-09-05,
2012-09-06,
2012-09-07,
2012-09-10,
2012-09-11,
2012-09-12,
2012-09-13,
2012-09-14,
2012-09-17,
2012-09-18,
2012-09-19,
2012-09-20,
2012-09-21,
2012-09-24,
2012-09-25,
2012-09-26,
2012-09-27,
2012-09-28,
2012-10-01,
2012-10-02,
2012-10-03,
2012-10-04,
2012-10-05,
2012-10-08,
2012-10-09,
2012-10-10,
2012-10-11,
2012-10-12,
2012-10-15,
2012-10-16,
2012-10-17,
2012-10-18,
2012-10-19,
2012-10-22,
2012-10-23,
2012-10-24,
2012-10-25,
2012-10-26,
2012-10-31,
2012-11-01,
2012-11-02,
2012-11-05,
2012-11-06,
2012-11-07,
2012-11-08,
2012-11-09,
2012-11-12,
2012-11-13,
2012-11-14,
2012-11-15,
2012-11-16,
2012-11-19,
2012-11-20,
2012-11-21,
2012-11-23,
2012-11-26,
2012-11-27,
2012-11-28,
2012-11-29,
2012-11-30,
2012-12-03,
2012-12-04,
2012-12-05,
2012-12-06,
2012-12-07,
2012-12-10,
2012-12-11,
2012-12-12,
2012-12-13,
2012-12-14,
2012-12-17,
2012-12-18,
2012-12-19,
2012-12-20,
2012-12-21,
2012-12-24,
2012-12-26,
2012-12-27,
2012-12-28,
2012-12-31,
2013-01-02,
2013-01-03,
2013-01-04,
2013-01-07,
2013-01-08,
2013-01-09,
2013-01-10,
2013-01-11,
2013-01-14,
2013-01-15,
2013-01-16,
2013-01-17,
2013-01-18,
2013-01-22,
2013-01-23,
2013-01-24,
2013-01-25,
2013-01-28,
2013-01-29,
2013-01-30,
2013-01-31,
2013-02-01,
2013-02-04,
2013-02-05,
2013-02-06,
2013-02-07,
2013-02-08,
2013-02-11,
2013-02-12,
2013-02-13,
2013-02-14,
2013-02-15,
2013-02-19,
2013-02-20,
2013-02-21,
2013-02-22,
2013-02-25,
2013-02-26,
2013-02-27,
2013-02-28,
2013-03-01,
2013-03-04,
2013-03-05,
2013-03-06,
2013-03-07,
2013-03-08,
2013-03-11,
2013-03-12,
2013-03-13,
2013-03-14,
2013-03-15,
2013-03-18,
2013-03-19,
2013-03-20,
2013-03-21,
2013-03-22,
2013-03-25,
2013-03-26,
2013-03-27,
2013-03-28,
2013-04-01,
2013-04-02,
2013-04-03,
2013-04-04,
2013-04-05,
2013-04-08,
2013-04-09,
2013-04-10,
2013-04-11,
2013-04-12,
2013-04-15,
2013-04-16,
2013-04-17,
2013-04-18,
2013-04-19,
2013-04-22,
2013-04-23,
2013-04-24,
2013-04-25,
2013-04-26,
2013-04-29,
2013-04-30,
2013-05-01,
2013-05-02,
2013-05-03,
2013-05-06,
2013-05-07,
2013-05-08,
2013-05-09,
2013-05-10,
2013-05-13,
2013-05-14,
2013-05-15,
2013-05-16,
2013-05-17,
2013-05-20,
2013-05-21,
2013-05-22,
2013-05-23,
2013-05-24,
2013-05-28,
2013-05-29,
2013-05-30,
2013-05-31,
2013-06-03,
2013-06-04,
2013-06-05,
2013-06-06,
2013-06-07,
2013-06-10,
2013-06-11,
2013-06-12,
2013-06-13,
2013-06-14,
2013-06-17,
2013-06-18,
2013-06-19,
2013-06-20,
2013-06-21,
2013-06-24,
2013-06-25,
2013-06-26,
2013-06-27,
2013-06-28,
2013-07-01,
2013-07-02,
2013-07-03,
2013-07-05,
2013-07-08,
2013-07-09,
2013-07-10,
2013-07-11,
2013-07-12,
2013-07-15,
2013-07-16,
2013-07-17,
2013-07-18,
2013-07-19,
2013-07-22,
2013-07-23,
2013-07-24,
2013-07-25,
2013-07-26,
2013-07-29,
2013-07-30,
2013-07-31,
2013-08-01,
2013-08-02,
2013-08-05,
2013-08-06,
2013-08-07,
2013-08-08,
2013-08-09,
2013-08-12,
2013-08-13,
2013-08-14,
2013-08-15,
2013-08-16,
2013-08-19,
2013-08-20,
2013-08-21,
2013-08-22,
2013-08-23,
2013-08-26,
2013-08-27,
2013-08-28,
2013-08-29,
2013-08-30,
2013-09-03,
2013-09-04,
2013-09-05,
2013-09-06,
2013-09-09,
2013-09-10,
2013-09-11,
2013-09-12,
2013-09-13,
2013-09-16,
2013-09-17,
2013-09-18,
2013-09-19,
2013-09-20,
2013-09-23,
2013-09-24,
2013-09-25,
2013-09-26,
2013-09-27,
2013-09-30,
2013-10-01,
2013-10-02,
2013-10-03,
2013-10-04,
2013-10-07,
2013-10-08,
2013-10-09,
2013-10-10,
2013-10-11,
2013-10-14,
2013-10-15,
2013-10-16,
2013-10-17,
2013-10-18,
2013-10-21,
2013-10-22,
2013-10-23,
2013-10-24,
2013-10-25,
2013-10-28,
2013-10-29,
2013-10-30,
2013-10-31,
2013-11-01,
2013-11-04,
2013-11-05,
2013-11-06,
2013-11-07,
2013-11-08,
2013-11-11,
2013-11-12,
2013-11-13,
2013-11-14,
2013-11-15,
2013-11-18,
2013-11-19,
2013-11-20,
2013-11-21,
2013-11-22,
2013-11-25,
2013-11-26,
2013-11-27,
2013-11-29,
2013-12-02,
2013-12-03,
2013-12-04,
2013-12-05,
2013-12-06,
2013-12-09,
2013-12-10,
2013-12-11,
2013-12-12,
2013-12-13,
2013-12-16,
2013-12-17,
2013-12-18,
2013-12-19,
2013-12-20,
2013-12-23,
2013-12-24,
2013-12-26,
2013-12-27,
2013-12-30,
2013-12-31,
2014-01-02,
2014-01-03,
2014-01-06,
2014-01-07,
2014-01-08,
2014-01-09,
2014-01-10,
2014-01-13,
2014-01-14,
2014-01-15,
2014-01-16,
2014-01-17,
2014-01-21,
2014-01-22,
2014-01-23,
2014-01-24,
2014-01-27,
2014-01-28,
2014-01-29,
2014-01-30,
2014-01-31,
2014-02-03,
2014-02-04,
2014-02-05,
2014-02-06,
2014-02-07,
2014-02-10,
2014-02-11,
2014-02-12,
2014-02-13,
2014-02-14,
2014-02-18,
2014-02-19,
2014-02-20,
2014-02-21,
2014-02-24,
2014-02-25,
2014-02-26,
2014-02-27,
2014-02-28,
2014-03-03,
2014-03-04,
2014-03-05,
2014-03-06,
2014-03-07,
2014-03-10,
2014-03-11,
2014-03-12,
2014-03-13,
2014-03-14,
2014-03-17,
2014-03-18,
2014-03-19,
2014-03-20,
2014-03-21,
2014-03-24,
2014-03-25,
2014-03-26,
2014-03-27,
2014-03-28,
2014-03-31,
2014-04-01,
2014-04-02,
2014-04-03,
2014-04-04,
2014-04-07,
2014-04-08,
2014-04-09,
2014-04-10,
2014-04-11,
2014-04-14,
2014-04-15,
2014-04-16,
2014-04-17,
2014-04-21,
2014-04-22,
2014-04-23,
2014-04-24,
2014-04-25,
2014-04-28,
2014-04-29,
2014-04-30,
2014-05-01,
2014-05-02,
2014-05-05,
2014-05-06,
2014-05-07,
2014-05-08,
2014-05-09,
2014-05-12,
2014-05-13,
2014-05-14,
2014-05-15,
2014-05-16,
2014-05-19,
2014-05-20,
2014-05-21,
2014-05-22,
2014-05-23,
2014-05-27,
2014-05-28,
2014-05-29,
2014-05-30,
2014-06-02,
2014-06-03,
2014-06-04,
2014-06-05,
2014-06-06,
2014-06-09,
2014-06-10,
2014-06-11,
2014-06-12,
2014-06-13,
2014-06-16,
2014-06-17,
2014-06-18,
2014-06-19,
2014-06-20,
2014-06-23,
2014-06-24,
2014-06-25,
2014-06-26,
2014-06-27,
2014-06-30,
2014-07-01,
2014-07-02,
2014-07-03,
2014-07-07,
2014-07-08,
2014-07-09,
2014-07-10,
2014-07-11,
2014-07-14,
2014-07-15,
2014-07-16,
2014-07-17,
2014-07-18,
2014-07-21,
2014-07-22,
2014-07-23,
2014-07-24,
2014-07-25,
2014-07-28,
2014-07-29,
2014-07-30,
2014-07-31,
2014-08-01,
2014-08-04,
2014-08-05,
2014-08-06,
2014-08-07,
2014-08-08,
2014-08-11,
2014-08-12,
2014-08-13,
2014-08-14,
2014-08-15,
2014-08-18,
2014-08-19,
2014-08-20,
2014-08-21,
2014-08-22,
2014-08-25,
2014-08-26,
2014-08-27,
2014-08-28,
2014-08-29,
2014-09-02,
2014-09-03,
2014-09-04,
2014-09-05,
2014-09-08,
2014-09-09,
2014-09-10,
2014-09-11,
2014-09-12,
2014-09-15,
2014-09-16,
2014-09-17,
2014-09-18,
2014-09-19,
2014-09-22,
2014-09-23,
2014-09-24,
2014-09-25,
2014-09-26,
2014-09-29,
2014-09-30,
2014-10-01,
2014-10-02,
2014-10-03,
2014-10-06,
2014-10-07,
2014-10-08,
2014-10-09,
2014-10-10,
2014-10-13,
2014-10-14,
2014-10-15,
2014-10-16,
2014-10-17,
2014-10-20,
2014-10-21,
2014-10-22,
2014-10-23,
2014-10-24,
2014-10-27,
2014-10-28,
2014-10-29,
2014-10-30,
2014-10-31,
2014-11-03,
2014-11-04,
2014-11-05,
2014-11-06,
2014-11-07,
2014-11-10,
2014-11-11,
2014-11-12,
2014-11-13,
2014-11-14,
2014-11-17,
2014-11-18,
2014-11-19,
2014-11-20,
2014-11-21,
2014-11-24,
2014-11-25,
2014-11-26,
2014-11-28,
2014-12-01,
2014-12-02,
2014-12-03,
2014-12-04,
2014-12-05,
2014-12-08,
2014-12-09,
2014-12-10,
2014-12-11,
2014-12-12,
2014-12-15,
2014-12-16,
2014-12-17,
2014-12-18,
2014-12-19,
2014-12-22,
2014-12-23,
2014-12-24,
2014-12-26,
2014-12-29,
2014-12-30,
2014-12-31,
2015-01-02,
2015-01-05,
2015-01-06,
2015-01-07,
2015-01-08,
2015-01-09,
2015-01-12,
2015-01-13,
2015-01-14,
2015-01-15,
2015-01-16,
2015-01-20,
2015-01-21,
2015-01-22,
2015-01-23,
2015-01-26,
2015-01-27,
2015-01-28,
2015-01-29,
2015-01-30,
2015-02-02,
2015-02-03,
2015-02-04,
2015-02-05,
2015-02-06,
2015-02-09,
2015-02-10,
2015-02-11,
2015-02-12,
2015-02-13,
2015-02-17,
2015-02-18,
2015-02-19,
2015-02-20,
2015-02-23,
2015-02-24,
2015-02-25,
2015-02-26,
2015-02-27,
2015-03-02,
2015-03-03,
2015-03-04,
2015-03-05,
2015-03-06,
2015-03-09,
2015-03-10,
2015-03-11,
2015-03-12,
2015-03-13,
2015-03-16,
2015-03-17,
2015-03-18,
2015-03-19,
2015-03-20,
2015-03-23,
2015-03-24,
2015-03-25,
2015-03-26,
2015-03-27,
2015-03-30,
2015-03-31,
2015-04-01,
2015-04-02,
2015-04-06,
2015-04-07,
2015-04-08,
2015-04-09,
2015-04-10,
2015-04-13,
2015-04-14,
2015-04-15,
2015-04-16,
2015-04-17,
2015-04-20,
2015-04-21,
2015-04-22,
2015-04-23,
2015-04-24,
2015-04-27,
2015-04-28,
2015-04-29,
2015-04-30,
2015-05-01,
2015-05-04,
2015-05-05,
2015-05-06,
2015-05-07,
2015-05-08,
2015-05-11,
2015-05-12,
2015-05-13,
2015-05-14,
2015-05-15,
2015-05-18,
2015-05-19,
2015-05-20,
2015-05-21,
2015-05-22,
2015-05-26,
2015-05-27,
2015-05-28,
2015-05-29,
2015-06-01,
2015-06-02,
2015-06-03,
2015-06-04,
2015-06-05,
2015-06-08,
2015-06-09,
2015-06-10,
2015-06-11,
2015-06-12,
2015-06-15,
2015-06-16,
2015-06-17,
2015-06-18,
2015-06-19,
2015-06-22,
2015-06-23,
2015-06-24,
2015-06-25,
2015-06-26,
2015-06-29,
2015-06-30,
2015-07-01,
2015-07-02,
2015-07-06,
2015-07-07,
2015-07-08,
2015-07-09,
2015-07-10,
2015-07-13,
2015-07-14,
2015-07-15,
2015-07-16,
2015-07-17,
2015-07-20,
2015-07-21,
2015-07-22,
2015-07-23,
2015-07-24,
2015-07-27,
2015-07-28,
2015-07-29,
2015-07-30,
2015-07-31,
2015-08-03,
2015-08-04,
2015-08-05,
2015-08-06,
2015-08-07,
2015-08-10,
2015-08-11,
2015-08-12,
2015-08-13,
2015-08-14,
2015-08-17,
2015-08-18,
2015-08-19,
2015-08-20,
2015-08-21,
2015-08-24,
2015-08-25,
2015-08-26,
2015-08-27,
2015-08-28,
2015-08-31,
2015-09-01,
2015-09-02,
2015-09-03,
2015-09-04,
2015-09-08,
2015-09-09,
2015-09-10,
2015-09-11,
2015-09-14,
2015-09-15,
2015-09-16,
2015-09-17,
2015-09-18,
2015-09-21,
2015-09-22,
2015-09-23,
2015-09-24,
2015-09-25,
2015-09-28,
2015-09-29,
2015-09-30,
2015-10-01,
2015-10-02,
2015-10-05,
2015-10-06,
2015-10-07,
2015-10-08,
2015-10-09,
2015-10-12,
2015-10-13,
2015-10-14,
2015-10-15,
2015-10-16,
2015-10-19,
2015-10-20,
2015-10-21,
2015-10-22,
2015-10-23,
2015-10-26,
2015-10-27,
2015-10-28,
2015-10-29,
2015-10-30,
2015-11-02,
2015-11-03,
2015-11-04,
2015-11-05,
2015-11-06,
2015-11-09,
2015-11-10,
2015-11-11,
2015-11-12,
2015-11-13,
2015-11-16,
2015-11-17,
2015-11-18,
2015-11-19,
2015-11-20,
2015-11-23,
2015-11-24,
2015-11-25,
2015-11-27,
2015-11-30,
2015-12-01,
2015-12-02,
2015-12-03,
2015-12-04,
2015-12-07,
2015-12-08,
2015-12-09,
2015-12-10,
2015-12-11,
2015-12-14,
2015-12-15,
2015-12-16,
2015-12-17,
2015-12-18,
2015-12-21,
2015-12-22,
2015-12-23,
2015-12-24,
2015-12-28,
2015-12-29,
2015-12-30,
2015-12-31,
2016-01-04,
2016-01-05,
2016-01-06,
2016-01-07,
2016-01-08,
2016-01-11,
2016-01-12,
2016-01-13,
2016-01-14,
2016-01-15,
2016-01-19,
2016-01-20,
2016-01-21,
2016-01-22,
2016-01-25,
2016-01-26,
2016-01-27,
2016-01-28,
2016-01-29,
2016-02-01,
2016-02-02,
2016-02-03,
2016-02-04,
2016-02-05,
2016-02-08,
2016-02-09,
2016-02-10,
2016-02-11,
2016-02-12,
2016-02-16,
2016-02-17,
2016-02-18,
2016-02-19,
2016-02-22,
2016-02-23,
2016-02-24,
2016-02-25,
2016-02-26,
2016-02-29,
2016-03-01,
2016-03-02,
2016-03-03,
2016-03-04,
2016-03-07,
2016-03-08,
2016-03-09,
2016-03-10,
2016-03-11,
2016-03-14,
2016-03-15,
2016-03-16,
2016-03-17,
2016-03-18,
2016-03-21,
2016-03-22,
2016-03-23,
2016-03-24,
2016-03-28,
2016-03-29,
2016-03-30,
2016-03-31,
2016-04-01,
2016-04-04,
2016-04-05,
2016-04-06,
2016-04-07,
2016-04-08,
2016-04-11,
2016-04-12,
2016-04-13,
2016-04-14,
2016-04-15,
2016-04-18,
2016-04-19,
2016-04-20,
2016-04-21,
2016-04-22,
2016-04-25,
2016-04-26,
2016-04-27,
2016-04-28,
2016-04-29,
2016-05-02,
2016-05-03,
2016-05-04,
2016-05-05,
2016-05-06,
2016-05-09,
2016-05-10,
2016-05-11,
2016-05-12,
2016-05-13,
2016-05-16,
2016-05-17,
2016-05-18,
2016-05-19,
2016-05-20,
2016-05-23,
2016-05-24,
2016-05-25,
2016-05-26,
2016-05-27,
2016-05-31,
2016-06-01,
2016-06-02,
2016-06-03,
2016-06-06,
2016-06-07,
2016-06-08,
2016-06-09,
2016-06-10,
2016-06-13,
2016-06-14,
2016-06-15,
2016-06-16,
2016-06-17,
2016-06-20,
2016-06-21,
2016-06-22,
2016-06-23,
2016-06-24,
2016-06-27,
2016-06-28,
2016-06-29,
2016-06-30,
2016-07-01,
2016-07-05,
2016-07-06,
2016-07-07,
2016-07-08,
2016-07-11,
2016-07-12,
2016-07-13,
2016-07-14,
2016-07-15,
2016-07-18,
2016-07-19,
2016-07-20,
2016-07-21,
2016-07-22,
2016-07-25,
2016-07-26,
2016-07-27,
2016-07-28,
2016-07-29,
2016-08-01,
2016-08-02,
2016-08-03,
2016-08-04,
2016-08-05,
2016-08-08,
2016-08-09,
2016-08-10,
2016-08-11,
2016-08-12,
2016-08-15,
2016-08-16,
2016-08-17,
2016-08-18,
2016-08-19,
2016-08-22,
2016-08-23,
2016-08-24,
2016-08-25,
2016-08-26,
2016-08-29,
2016-08-30,
2016-08-31,
2016-09-01,
2016-09-02,
2016-09-06,
2016-09-07,
2016-09-08,
2016-09-09,
2016-09-12,
2016-09-13,
2016-09-14,
2016-09-15,
2016-09-16,
2016-09-19,
2016-09-20,
2016-09-21,
2016-09-22,
2016-09-23,
2016-09-26,
2016-09-27,
2016-09-28,
2016-09-29,
2016-09-30,
2016-10-03,
2016-10-04,
2016-10-05,
2016-10-06,
2016-10-07,
2016-10-10,
2016-10-11,
2016-10-12,
2016-10-13,
2016-10-14,
2016-10-17,
2016-10-18,
2016-10-19,
2016-10-20,
2016-10-21,
2016-10-24,
2016-10-25,
2016-10-26,
2016-10-27,
2016-10-28,
2016-10-31,
2016-11-01,
2016-11-02,
2016-11-03,
2016-11-04,
2016-11-07,
2016-11-08,
2016-11-09,
2016-11-10,
2016-11-11,
2016-11-14,
2016-11-15,
2016-11-16,
2016-11-17,
2016-11-18,
2016-11-21,
2016-11-22,
2016-11-23,
2016-11-25,
2016-11-28,
2016-11-29,
2016-11-30,
2016-12-01,
2016-12-02,
2016-12-05,
2016-12-06,
2016-12-07,
2016-12-08,
2016-12-09,
2016-12-12,
2016-12-13,
2016-12-14,
2016-12-15,
2016-12-16,
2016-12-19,
2016-12-20,
2016-12-21,
2016-12-22,
2016-12-23,
2016-12-27,
2016-12-28,
2016-12-29,
2016-12-30,
2017-01-03,
2017-01-04,
2017-01-05,
2017-01-06,
2017-01-09,
2017-01-10,
2017-01-11,
2017-01-12,
2017-01-13,
2017-01-17,
2017-01-18,
2017-01-19,
2017-01-20,
2017-01-23,
2017-01-24,
2017-01-25,
2017-01-26,
2017-01-27,
2017-01-30,
2017-01-31,
2017-02-01,
2017-02-02,
2017-02-03,
2017-02-06,
2017-02-07,
2017-02-08,
2017-02-09,
2017-02-10,
2017-02-13,
2017-02-14,
2017-02-15,
2017-02-16,
2017-02-17,
2017-02-21,
2017-02-22,
2017-02-23,
2017-02-24,
2017-02-27,
2017-02-28,
2017-03-01,
2017-03-02,
2017-03-03,
2017-03-06,
2017-03-07,
2017-03-08,
2017-03-09,
2017-03-10,
2017-03-13,
2017-03-14,
2017-03-15,
2017-03-16,
2017-03-17,
2017-03-20,
2017-03-21,
2017-03-22,
2017-03-23,
2017-03-24,
2017-03-27,
2017-03-28,
2017-03-29,
2017-03-30,
2017-03-31,
2017-04-03,
2017-04-04,
2017-04-05,
2017-04-06,
2017-04-07,
2017-04-10,
2017-04-11,
2017-04-12,
2017-04-13,
2017-04-17,
2017-04-18,
2017-04-19,
2017-04-20,
2017-04-21,
2017-04-24,
2017-04-25,
2017-04-26,
2017-04-27,
2017-04-28,
2017-05-01,
2017-05-02,
2017-05-03,
2017-05-04,
2017-05-05,
2017-05-08,
2017-05-09,
2017-05-10,
2017-05-11,
2017-05-12,
2017-05-15,
2017-05-16,
2017-05-17,
2017-05-18,
2017-05-19,
2017-05-22,
2017-05-23,
2017-05-24,
2017-05-25,
2017-05-26,
2017-05-30,
2017-05-31,
2017-06-01,
2017-06-02,
2017-06-05,
2017-06-06,
2017-06-07,
2017-06-08,
2017-06-09,
2017-06-12,
2017-06-13,
2017-06-14,
2017-06-15,
2017-06-16,
2017-06-19,
2017-06-20,
2017-06-21,
2017-06-22,
2017-06-23,
2017-06-26,
2017-06-27,
2017-06-28,
2017-06-29,
2017-06-30,
2017-07-03,
2017-07-05,
2017-07-06,
2017-07-07,
2017-07-10,
2017-07-11,
2017-07-12,
2017-07-13,
2017-07-14,
2017-07-17,
2017-07-18,
2017-07-19,
2017-07-20,
2017-07-21,
2017-07-24,
2017-07-25,
2017-07-26,
2017-07-27,
2017-07-28,
2017-07-31,
2017-08-01,
2017-08-02,
2017-08-03,
2017-08-04,
2017-08-07,
2017-08-08,
2017-08-09,
2017-08-10,
2017-08-11,
2017-08-14,
2017-08-15,
2017-08-16,
2017-08-17,
2017-08-18,
2017-08-21,
2017-08-22,
2017-08-23,
2017-08-24,
2017-08-25,
2017-08-28,
2017-08-29,
2017-08-30,
2017-08-31,
2017-09-01,
2017-09-05,
2017-09-06,
2017-09-07,
2017-09-08,
2017-09-11,
2017-09-12,
2017-09-13,
2017-09-14,
2017-09-15,
2017-09-18,
2017-09-19,
2017-09-20,
2017-09-21,
2017-09-22,
2017-09-25,
2017-09-26,
2017-09-27,
2017-09-28,
2017-09-29,
2017-10-02,
2017-10-03,
2017-10-04,
2017-10-05,
2017-10-06,
2017-10-09,
2017-10-10,
2017-10-11,
2017-10-12,
2017-10-13,
2017-10-16,
2017-10-17,
2017-10-18,
2017-10-19,
2017-10-20,
2017-10-23,
2017-10-24,
2017-10-25,
2017-10-26,
2017-10-27,
2017-10-30,
2017-10-31,
2017-11-01,
2017-11-02,
2017-11-03,
2017-11-06,
2017-11-07,
2017-11-08,
2017-11-09,
2017-11-10,
2017-11-13,
2017-11-14,
2017-11-15,
2017-11-16,
2017-11-17,
2017-11-20,
2017-11-21,
2017-11-22,
2017-11-24,
2017-11-27,
2017-11-28,
2017-11-29,
2017-11-30,
2017-12-01,
2017-12-04,
2017-12-05,
2017-12-06,
2017-12-07,
2017-12-08,
2017-12-11,
2017-12-12,
2017-12-13,
2017-12-14,
2017-12-15,
2017-12-18,
2017-12-19,
2017-12-20,
2017-12-21,
2017-12-22,
2017-12-26,
2017-12-27,
2017-12-28,
2017-12-29,
2018-01-02,
2018-01-03,
2018-01-04,
2018-01-05,
2018-01-08,
2018-01-09,
2018-01-10,
2018-01-11,
2018-01-12,
2018-01-16,
2018-01-17,
2018-01-18,
2018-01-19,
2018-01-22,
2018-01-23,
2018-01-24,
2018-01-25,
2018-01-26,
2018-01-29,
2018-01-30,
2018-01-31,
2018-02-01,
2018-02-02,
2018-02-05,
2018-02-06,
2018-02-07,
2018-02-08,
2018-02-09,
2018-02-12,
2018-02-13,
2018-02-14,
2018-02-15,
2018-02-16,
2018-02-20,
2018-02-21,
2018-02-22,
2018-02-23,
2018-02-26,
2018-02-27,
2018-02-28,
2018-03-01,
2018-03-02,
2018-03-05,
2018-03-06,
2018-03-07,
2018-03-08,
2018-03-09,
2018-03-12,
2018-03-13,
2018-03-14,
2018-03-15,
2018-03-16,
2018-03-19,
2018-03-20,
2018-03-21,
2018-03-22,
2018-03-23,
2018-03-26,
2018-03-27,
2018-03-28,
2018-03-29,
2018-04-02,
2018-04-03,
2018-04-04,
2018-04-05,
2018-04-06,
2018-04-09,
2018-04-10,
2018-04-11,
2018-04-12,
2018-04-13,
2018-04-16,
2018-04-17,
2018-04-18,
2018-04-19,
2018-04-20,
2018-04-23,
2018-04-24,
2018-04-25,
2018-04-26,
2018-04-27,
2018-04-30,
2018-05-01,
2018-05-02,
2018-05-03,
2018-05-04,
2018-05-07,
2018-05-08,
2018-05-09,
2018-05-10,
2018-05-11,
2018-05-14,
2018-05-15,
2018-05-16,
2018-05-17,
2018-05-18,
2018-05-21,
2018-05-22,
2018-05-23,
2018-05-24,
2018-05-25,
2018-05-29,
2018-05-30,
2018-05-31,
2018-06-01,
2018-06-04,
2018-06-05,
2018-06-06,
2018-06-07,
2018-06-08,
2018-06-11,
2018-06-12,
2018-06-13,
2018-06-14,
2018-06-15,
2018-06-18,
2018-06-19,
2018-06-20,
2018-06-21,
2018-06-22,
2018-06-25,
2018-06-26,
2018-06-27,
2018-06-28,
2018-06-29,
2018-07-02,
2018-07-03,
2018-07-05,
2018-07-06,
2018-07-09,
2018-07-10,
2018-07-11,
2018-07-12,
2018-07-13,
2018-07-16,
2018-07-17,
2018-07-18,
2018-07-19,
2018-07-20,
2018-07-23,
2018-07-24,
2018-07-25,
2018-07-26,
2018-07-27,
2018-07-30,
2018-07-31,
2018-08-01,
2018-08-02,
2018-08-03,
2018-08-06,
2018-08-07,
2018-08-08,
2018-08-09,
2018-08-10,
2018-08-13,
2018-08-14,
2018-08-15,
2018-08-16,
2018-08-17,
2018-08-20,
2018-08-21,
2018-08-22,
2018-08-23,
2018-08-24,
2018-08-27,
2018-08-28,
2018-08-29,
2018-08-30,
2018-08-31,
2018-09-04,
2018-09-05,
2018-09-06,
2018-09-07,
2018-09-10,
2018-09-11,
2018-09-12,
2018-09-13,
2018-09-14,
2018-09-17,
2018-09-18,
2018-09-19,
2018-09-20,
2018-09-21,
2018-09-24,
2018-09-25,
2018-09-26,
2018-09-27,
2018-09-28,
2018-10-01,
2018-10-02,
2018-10-03,
2018-10-04,
2018-10-05,
2018-10-08,
2018-10-09,
2018-10-10,
2018-10-11,
2018-10-12,
2018-10-15,
2018-10-16,
2018-10-17,
2018-10-18,
2018-10-19,
2018-10-22,
2018-10-23,
2018-10-24,
2018-10-25,
2018-10-26,
2018-10-29,
2018-10-30,
2018-10-31,
2018-11-01,
2018-11-02,
2018-11-05,
2018-11-06,
2018-11-07,
2018-11-08,
2018-11-09,
2018-11-12,
2018-11-13,
2018-11-14,
2018-11-15,
2018-11-16,
2018-11-19,
2018-11-20,
2018-11-21,
2018-11-23,
2018-11-26,
2018-11-27,
2018-11-28,
2018-11-29,
2018-11-30,
2018-12-03,
2018-12-04,
2018-12-06,
2018-12-07,
2018-12-10,
2018-12-11,
2018-12-12,
2018-12-13,
2018-12-14,
2018-12-17,
2018-12-18,
2018-12-19,
2018-12-20,
2018-12-21,
2018-12-24,
2018-12-26,
2018-12-27,
2018-12-28,
2018-12-31,
2019-01-02,
2019-01-03,
2019-01-04,
2019-01-07,
2019-01-08,
2019-01-09,
2019-01-10,
2019-01-11,
2019-01-14,
2019-01-15,
2019-01-16,
2019-01-17,
2019-01-18,
2019-01-22,
2019-01-23,
2019-01-24,
2019-01-25,
2019-01-28,
2019-01-29,
2019-01-30,
2019-01-31,
2019-02-01,
2019-02-04,
2019-02-05,
2019-02-06,
2019-02-07,
2019-02-08,
2019-02-11,
2019-02-12,
2019-02-13,
2019-02-14,
2019-02-15,
2019-02-19,
2019-02-20,
2019-02-21,
2019-02-22,
2019-02-25,
2019-02-26,
2019-02-27,
2019-02-28,
2019-03-01,
2019-03-04,
2019-03-05,
2019-03-06,
2019-03-07,
2019-03-08,
2019-03-11,
2019-03-12,
2019-03-13,
2019-03-14,
2019-03-15,
2019-03-18,
2019-03-19,
2019-03-20,
2019-03-21,
2019-03-22,
2019-03-25,
2019-03-26,
2019-03-27,
2019-03-28,
2019-03-29,
2019-04-01,
2019-04-02,
2019-04-03,
2019-04-04,
2019-04-05,
2019-04-08,
2019-04-09,
2019-04-10,
2019-04-11,
2019-04-12,
2019-04-15,
2019-04-16,
2019-04-17,
2019-04-18,
2019-04-22,
2019-04-23,
2019-04-24,
2019-04-25,
2019-04-26,
2019-04-29,
2019-04-30,
2019-05-01,
2019-05-02,
2019-05-03,
2019-05-06,
2019-05-07,
2019-05-08,
2019-05-09,
2019-05-10,
2019-05-13,
2019-05-14,
2019-05-15,
2019-05-16,
2019-05-17,
2019-05-20,
2019-05-21,
2019-05-22,
2019-05-23,
2019-05-24,26.740293502807617
2019-05-28,26.523601531982422
2019-05-29,26.27925682067871
2019-05-30,26.55587387084961
2019-05-31,24.868473052978516
2019-06-03,22.876781463623047
2019-06-04,25.587696075439453
2019-06-05,25.827438354492188
2019-06-06,24.80392837524414
2019-06-07,24.25990104675293
2019-06-10,23.337818145751953
2019-06-11,23.005874633789062
2019-06-12,23.11652374267578
2019-06-13,23.024311065673828
2019-06-14,23.2271728515625
2019-06-17,23.927953720092773
2019-06-18,25.17275047302246
2019-06-19,25.034446716308594
2019-06-20,25.04366683959961
2019-06-21,25.089773178100586
2019-06-24,25.827438354492188
2019-06-25,25.513931274414062
2019-06-26,26.98003387451172
2019-06-27,27.265878677368164
2019-06-28,27.265878677368164
2019-07-01,27.3673095703125
2019-07-02,26.73107147216797
2019-07-03,26.55587387084961
2019-07-05,26.408344268798828
2019-07-08,25.60614013671875
2019-07-09,24.886913299560547
2019-07-10,24.43509292602539
2019-07-11,24.37055206298828
2019-07-12,25.44938087463379
2019-07-15,25.891977310180664
2019-07-16,25.68912696838379
2019-07-17,24.78548240661621
2019-07-18,24.573410034179688
2019-07-19,25.2557430267334
2019-07-22,25.596920013427734
2019-07-23,25.92885971069336
2019-07-24,26.11328125
2019-07-25,25.836654663085938
2019-07-26,26.26081085205078
2019-07-29,26.53743553161621
2019-07-30,26.982044219970703
2019-07-31,27.324758529663086
2019-08-01,28.945722579956055
2019-08-02,29.140235900878906
2019-08-05,27.695262908935547
2019-08-06,27.834205627441406
2019-08-07,28.38069725036621
2019-08-08,29.279170989990234
2019-08-09,29.29770278930664
2019-08-12,27.445173263549805
2019-08-13,27.417387008666992
2019-08-14,26.250295639038086
2019-08-15,26.32439422607422
2019-08-16,28.010196685791016
2019-08-19,28.315858840942383
2019-08-20,28.02872085571289
2019-08-21,28.32512092590332
2019-08-22,28.05651092529297
2019-08-23,26.907943725585938
2019-08-26,26.880155563354492
2019-08-27,26.61153793334961
2019-08-28,27.019092559814453
2019-08-29,27.519275665283203
2019-08-30,27.15802764892578
2019-09-03,26.148401260375977
2019-09-04,26.333656311035156
2019-09-05,26.3614444732666
2019-09-06,26.29660987854004
2019-09-09,26.63005828857422
2019-09-10,26.454072952270508
2019-09-11,27.11172103881836
2019-09-12,27.695262908935547
2019-09-13,27.8990421295166
2019-09-16,27.232131958007812
2019-09-17,26.84310531616211
2019-09-18,27.000566482543945
2019-09-19,26.99130630493164
2019-09-20,26.78752899169922
2019-09-23,26.750476837158203
2019-09-24,26.157669067382812
2019-09-25,26.12061882019043
2019-09-26,25.601903915405273
2019-09-27,25.7501163482666
2019-09-30,25.935365676879883
2019-10-01,25.518550872802734
2019-10-02,24.953527450561523
2019-10-03,24.89794921875
2019-10-04,23.980953216552734
2019-10-07,24.082841873168945
2019-10-08,24.286617279052734
2019-10-09,24.240304946899414
2019-10-10,23.832746505737305
2019-10-11,24.694169998168945
2019-10-14,24.38850975036621
2019-10-15,24.73122215270996
2019-10-16,24.888690948486328
2019-10-17,24.796064376831055
2019-10-18,24.119892120361328
2019-10-21,23.619712829589844
2019-10-22,24.064315795898438
2019-10-23,23.721595764160156
2019-10-24,24.42555809020996
2019-10-25,24.75901222229004
2019-10-28,24.796064376831055
2019-10-29,24.805320739746094
2019-10-30,25.453702926635742
2019-10-31,24.4348201751709
2019-11-01,24.249563217163086
2019-11-04,23.842008590698242
2019-11-05,23.767911911010742
2019-11-06,24.2032527923584
2019-11-07,24.221773147583008
2019-11-08,24.268091201782227
2019-11-11,24.768274307250977
2019-11-12,24.7497501373291
2019-11-13,23.823484420776367
2019-11-14,24.4348201751709
2019-11-15,23.601186752319336
2019-11-18,23.601186752319336
2019-11-19,23.804960250854492
2019-11-20,23.138050079345703
2019-11-21,23.258466720581055
2019-11-22,23.656757354736328
2019-11-25,24.018003463745117
2019-11-26,23.97168731689453
2019-11-27,24.2509708404541
2019-11-29,24.223041534423828
2019-12-02,23.441055297851562
2019-12-03,22.947654724121094
2019-12-04,23.124530792236328
2019-12-05,23.105913162231445
2019-12-06,23.515527725219727
2019-12-09,23.99030303955078
2019-12-10,24.083402633666992
2019-12-11,24.390613555908203
2019-12-12,25.116743087768555
2019-12-13,24.66058349609375
2019-12-16,25.647380828857422
2019-12-17,24.921245574951172
2019-12-18,25.89873504638672
2019-12-19,25.79632568359375
2019-12-20,26.233871459960938
2019-12-23,26.680723190307617
2019-12-24,26.820358276367188
2019-12-26,27.174116134643555
2019-12-27,27.12757682800293
2019-12-30,26.866910934448242
2019-12-31,27.518566131591797
2020-01-02,26.755189895629883
2020-01-03,26.438676834106445
2020-01-06,26.40144157409668
2020-01-07,26.503841400146484
2020-01-08,26.717958450317383
2020-01-09,26.74588394165039
2020-01-10,26.392133712768555
2020-01-13,26.606246948242188
2020-01-14,26.66210174560547
2020-01-15,26.6993465423584
2020-01-16,27.202045440673828
2020-01-17,26.3455810546875
2020-01-21,25.89873504638672
2020-01-22,26.21525001525879
2020-01-23,26.485225677490234
2020-01-24,26.019756317138672
2020-01-27,25.2843074798584
2020-01-28,25.65668296813965
2020-01-29,25.880115509033203
2020-01-30,27.22066307067871
2020-01-31,26.922767639160156
2020-02-03,28.039894104003906
2020-02-04,28.812572479248047
2020-02-05,29.52008819580078
2020-02-06,29.40837287902832
2020-02-07,28.89635467529297
2020-02-10,28.486743927001953
2020-02-11,28.40296173095703
2020-02-12,28.80326271057129
2020-02-13,28.486743927001953
2020-02-14,28.589149475097656
2020-02-18,29.231491088867188
2020-02-19,29.34320831298828
2020-02-20,29.389753341674805
2020-02-21,29.063926696777344
2020-02-24,28.54259490966797
2020-02-25,26.420061111450195
2020-02-26,26.53177261352539
2020-02-27,25.405332565307617
2020-02-28,25.321550369262695
2020-03-02,26.415979385375977
2020-03-03,26.11665153503418
2020-03-04,27.033353805541992
2020-03-05,25.546049118041992
2020-03-06,23.665868759155273
2020-03-09,21.579912185668945
2020-03-10,24.236474990844727
2020-03-11,23.385250091552734
2020-03-12,20.897058486938477
2020-03-13,23.216875076293945
2020-03-16,19.400402069091797
2020-03-17,21.205747604370117
2020-03-18,20.176794052124023
2020-03-19,21.757631301879883
2020-03-20,21.07478904724121
2020-03-23,20.504186630249023
2020-03-24,20.887710571289062
2020-03-25,21.88858985900879
2020-03-26,22.580793380737305
2020-03-27,21.710866928100586
2020-03-30,22.534029006958008
2020-03-31,21.982133865356445
2020-04-01,21.05607795715332
2020-04-02,20.803518295288086
2020-04-03,21.15897560119629
2020-04-06,22.693050384521484
2020-04-07,22.94561004638672
2020-04-08,24.367435455322266
2020-04-09,26.126001358032227
2020-04-13,24.844491958618164
2020-04-14,24.732236862182617
2020-04-15,23.8623104095459
2020-04-16,23.534914016723633
2020-04-17,23.8623104095459
2020-04-20,23.039148330688477
2020-04-21,22.702402114868164
2020-04-22,23.329124450683594
2020-04-23,23.759418487548828
2020-04-24,24.573223114013672
2020-04-27,23.909080505371094
2020-04-28,24.498390197753906
2020-04-29,25.302839279174805
2020-04-30,24.498390197753906
2020-05-01,23.843595504760742
2020-05-04,23.778121948242188
2020-05-05,24.489030838012695
2020-05-06,23.394607543945312
2020-05-07,24.741596221923828
2020-05-08,24.30195426940918
2020-05-11,22.805299758911133
2020-05-12,21.7482852935791
2020-05-13,21.76699447631836
2020-05-14,21.93630599975586
2020-05-15,21.4189453125
2020-05-18,22.585371017456055
2020-05-19,22.566558837890625
2020-05-20,23.60128402709961
2020-05-21,23.093326568603516
2020-05-22,23.083927154541016
2020-05-26,24.1186580657959
2020-05-27,24.2691593170166
2020-05-28,25.388551712036133
2020-05-29,25.689563751220703
2020-06-01,25.228635787963867
2020-06-02,26.348033905029297
2020-06-03,26.808956146240234
2020-06-04,28.379865646362305
2020-06-05,28.831384658813477
2020-06-08,28.22935676574707
2020-06-09,27.834278106689453
2020-06-10,27.410982131958008
2020-06-11,25.492027282714844
2020-06-12,25.905920028686523
2020-06-15,25.181604385375977
2020-06-16,26.1693058013916
2020-06-17,25.72719383239746
2020-06-18,25.84947967529297
2020-06-19,25.52024269104004
2020-06-22,25.943544387817383
2020-06-23,25.793039321899414
2020-06-24,24.52313995361328
2020-06-25,24.64542579650879
2020-06-26,24.38203239440918
2020-06-29,24.588985443115234
2020-06-30,25.20041847229004
2020-07-01,25.435585021972656
2020-07-02,25.934133529663086
2020-07-06,25.896509170532227
2020-07-07,25.52965545654297
2020-07-08,24.32560157775879
2020-07-09,24.222126007080078
2020-07-10,25.040502548217773
2020-07-13,25.24744987487793
2020-07-14,25.473207473754883
2020-07-15,26.282188415527344
2020-07-16,26.263368606567383
2020-07-17,26.66785430908203
2020-07-20,26.07523536682129
2020-07-21,26.66785430908203
2020-07-22,26.95945930480957
2020-07-23,26.9688663482666
2020-07-24,26.827768325805664
2020-07-27,27.100561141967773
2020-07-28,26.517349243164062
2020-07-29,27.100561141967773
2020-07-30,26.790142059326172
2020-07-31,26.865392684936523
2020-08-03,26.827768325805664
2020-08-04,27.006494522094727
2020-08-05,26.855989456176758
2020-08-06,23.91170883178711
2020-08-07,23.81764030456543
2020-08-10,23.91170883178711
2020-08-11,25.19101333618164
2020-08-12,24.795930862426758
2020-08-13,25.448205947875977
2020-08-14,26.34626579284668
2020-08-17,26.251731872558594
2020-08-18,26.847291946411133
2020-08-19,26.99854278564453
2020-08-20,27.22542381286621
2020-08-21,26.885101318359375
2020-08-24,26.97964096069336
2020-08-25,27.083620071411133
2020-08-26,27.631914138793945
2020-08-27,27.68863296508789
2020-08-28,27.90605354309082
2020-08-31,26.989089965820312
2020-09-01,27.830434799194336
2020-09-02,28.482704162597656
2020-09-03,27.80207061767578
2020-09-04,27.71699333190918
2020-09-08,26.752758026123047
2020-09-09,27.168704986572266
2020-09-10,27.546831130981445
2020-09-11,27.43339729309082
2020-09-14,27.386127471923828
2020-09-15,27.839885711669922
2020-09-16,27.631914138793945
2020-09-17,27.962779998779297
2020-09-18,27.405033111572266
2020-09-21,26.677133560180664
2020-09-22,26.554243087768555
2020-09-23,25.95867919921875
2020-09-24,26.119386672973633
2020-09-25,26.82838249206543
2020-09-28,27.386127471923828
2020-09-29,27.026901245117188
2020-09-30,27.234874725341797
2020-10-01,27.111982345581055
2020-10-02,27.764259338378906
2020-10-05,28.46379852294922
2020-10-06,28.44489097595215
2020-10-07,28.860841751098633
2020-10-08,30.56243133544922
2020-10-09,31.60228729248047
2020-10-12,31.753543853759766
2020-10-13,31.85753059387207
2020-10-14,31.970964431762695
2020-10-15,32.13167953491211
2020-10-16,32.216758728027344
2020-10-19,31.687358856201172
2020-10-20,31.261964797973633
2020-10-21,31.101268768310547
2020-10-22,31.318695068359375
2020-10-23,31.356508255004883
2020-10-26,30.921655654907227
2020-10-27,30.57187843322754
2020-10-28,30.11812400817871
2020-10-29,30.723134994506836
2020-10-30,31.176891326904297
2020-11-02,31.649560928344727
2020-11-03,31.129623413085938
2020-11-04,30.987821578979492
2020-11-05,32.08440017700195
2020-11-06,31.85753059387207
2020-11-09,32.746131896972656
2020-11-10,34.24919891357422
2020-11-11,34.627342224121094
2020-11-12,33.26121139526367
2020-11-13,34.162471771240234
2020-11-16,35.509620666503906
2020-11-17,35.12065505981445
2020-11-18,34.80757522583008
2020-11-19,35.0637321472168
2020-11-20,35.25346374511719
2020-11-23,35.85115432739258
2020-11-24,36.904197692871094
2020-11-25,36.60062789916992
2020-11-27,36.43933868408203
2020-11-30,36.353965759277344
2020-12-01,36.3444709777832
2020-12-02,36.3065185546875
2020-12-03,36.24959182739258
2020-12-04,36.66701889038086
2020-12-07,35.99345779418945
2020-12-08,36.44882583618164
2020-12-09,37.00855255126953
2020-12-10,36.752418518066406
2020-12-11,36.42037582397461
2020-12-14,36.7713737487793
2020-12-15,37.207786560058594
2020-12-16,37.07496643066406
2020-12-17,37.644187927246094
2020-12-18,37.38803482055664
2020-12-21,37.52084732055664
2020-12-22,36.980098724365234
2020-12-23,37.16982650756836
2020-12-24,37.47341537475586
2020-12-28,36.382423400878906
2020-12-29,35.99345779418945
2020-12-30,36.467796325683594
2020-12-31,36.733428955078125
2021-01-04,36.382423400878906
2021-01-05,36.828304290771484
2021-01-06,38.9628791809082
2021-01-07,39.65541458129883
2021-01-08,41.03102111816406
2021-01-11,41.38203048706055
2021-01-12,42.29278564453125
2021-01-13,41.865875244140625
2021-01-14,41.941768646240234
2021-01-15,41.50537109375
2021-01-19,41.29665756225586
2021-01-20,41.419979095458984
2021-01-21,39.51310729980469
2021-01-22,39.90207290649414
2021-01-25,39.18106460571289
2021-01-26,37.454437255859375
2021-01-27,36.7049674987793
2021-01-28,38.2228889465332
2021-01-29,37.8149528503418
2021-02-01,38.621334075927734
2021-02-02,39.36131286621094
2021-02-03,39.71232604980469
2021-02-04,40.471290588378906
2021-02-05,41.647666931152344
2021-02-08,41.37253952026367
2021-02-09,41.201786041259766
2021-02-10,40.83180236816406
2021-02-11,41.30613708496094
2021-02-12,42.09356689453125
2021-02-16,42.95686340332031
2021-02-17,42.67225646972656
2021-02-18,41.932281494140625
2021-02-19,43.13711166381836
2021-02-22,44.285037994384766
2021-02-23,44.0478630065918
2021-02-24,44.02889633178711
2021-02-25,43.03276824951172
2021-02-26,42.956642150878906
2021-03-01,44.02223587036133
2021-03-02,43.55604553222656
2021-03-03,43.13741683959961
2021-03-04,41.71980285644531
2021-03-05,42.661712646484375
2021-03-08,42.71879196166992
2021-03-09,42.53802490234375
2021-03-10,44.71678161621094
2021-03-11,44.58357620239258
2021-03-12,44.62163162231445
2021-03-15,44.55503845214844
2021-03-16,43.927093505859375
2021-03-17,44.964149475097656
2021-03-18,44.6787223815918
2021-03-19,44.78338623046875
2021-03-22,45.002201080322266
2021-03-23,43.622642517089844
2021-03-24,43.946128845214844
2021-03-25,44.507469177246094
2021-03-26,45.58256912231445
2021-03-29,45.44937515258789
2021-03-30,44.65969467163086
2021-03-31,44.35523223876953
2021-04-01,44.46940994262695
2021-04-05,44.75483703613281
2021-04-06,45.420833587646484
2021-04-07,44.47892761230469
2021-04-08,44.65018844604492
2021-04-09,44.840457916259766
2021-04-12,44.811920166015625
2021-04-13,44.59309387207031
2021-04-14,44.92609405517578
2021-04-15,45.21152114868164
2021-04-16,45.19248962402344
2021-04-19,45.21152114868164
2021-04-20,44.6787223815918
2021-04-21,45.93458938598633
2021-04-22,45.74431610107422
2021-04-23,46.26759719848633
2021-04-26,46.49592971801758
2021-04-27,46.7718391418457
2021-04-28,46.800384521484375
2021-04-29,47.15242004394531
2021-04-30,46.39127731323242
2021-05-03,47.31415557861328
2021-05-04,47.37124252319336
2021-05-05,45.363746643066406
2021-05-06,46.05827713012695
2021-05-07,46.48641586303711
2021-05-10,44.70726776123047
2021-05-11,44.80240249633789
2021-05-12,42.98518753051758
2021-05-13,43.815311431884766
2021-05-14,44.19698715209961
2021-05-17,44.1015739440918
2021-05-18,43.681732177734375
2021-05-19,42.7657356262207
2021-05-20,42.10736083984375
2021-05-21,42.65122604370117
2021-05-24,43.08060073852539
2021-05-25,42.555816650390625
2021-05-26,42.72756576538086
2021-05-27,43.109230041503906
2021-05-28,43.41456604003906
2021-06-01,43.8630256652832
2021-06-02,43.567230224609375
2021-06-03,43.87256622314453
2021-06-04,43.853485107421875
2021-06-07,43.82485580444336
2021-06-08,43.79623794555664
2021-06-09,43.405033111572266
2021-06-10,42.51765060424805
2021-06-11,42.49856185913086
2021-06-14,41.94514083862305
2021-06-15,42.279109954833984
2021-06-16,41.69706726074219
2021-06-17,41.51577377319336
2021-06-18,40.752445220947266
2021-06-21,41.42035675048828
2021-06-22,41.4966926574707
2021-06-23,41.57302474975586
2021-06-24,42.31727600097656
2021-06-25,42.135986328125
2021-06-28,42.3077278137207
2021-06-29,42.2504768371582
2021-06-30,42.31727600097656
2021-07-01,42.57490539550781
2021-07-02,42.46040344238281
2021-07-06,42.06918716430664
2021-07-07,41.39173126220703
2021-07-08,40.933738708496094
2021-07-09,41.458526611328125
2021-07-12,41.792484283447266
2021-07-13,41.076866149902344
2021-07-14,40.714271545410156
2021-07-15,40.47572326660156
2021-07-16,39.8936882019043
2021-07-19,39.05403137207031
2021-07-20,39.81735610961914
2021-07-21,40.275352478027344
2021-07-22,40.332611083984375
2021-07-23,40.19902420043945
2021-07-26,40.40894317626953
2021-07-27,40.58069610595703
2021-07-28,40.85739517211914
2021-07-29,41.239070892333984
2021-07-30,40.81922912597656
2021-08-02,40.532981872558594
2021-08-03,41.095943450927734
2021-08-04,40.332611083984375
2021-08-05,39.540645599365234
2021-08-06,42.70848083496094
2021-08-09,43.109230041503906
2021-08-10,43.538604736328125
2021-08-11,43.6435661315918
2021-08-12,44.083831787109375
2021-08-13,44.01683044433594
2021-08-16,43.23200607299805
2021-08-17,43.13629913330078
2021-08-18,42.05478286743164
2021-08-19,40.724422454833984
2021-08-20,40.14059066772461
2021-08-23,40.15016555786133
2021-08-24,40.724422454833984
2021-08-25,41.90164566040039
2021-08-26,42.10264205932617
2021-08-27,42.28448486328125
2021-08-30,41.88250732421875
2021-08-31,42.08349609375
2021-09-01,42.47590637207031
2021-09-02,42.99273681640625
2021-09-03,42.99273681640625
2021-09-07,42.42805480957031
2021-09-08,42.24620819091797
2021-09-09,41.710227966308594
2021-09-10,41.557090759277344
2021-09-13,41.28911590576172
2021-09-14,40.446868896484375
2021-09-15,41.12640380859375
2021-09-16,40.75313949584961
2021-09-17,40.07360076904297
2021-09-20,39.709903717041016
2021-09-21,39.6237678527832
2021-09-22,40.14059066772461
2021-09-23,40.590431213378906
2021-09-24,40.494720458984375
2021-09-27,41.59538269042969
2021-09-28,41.19340896606445
2021-09-29,41.0211296081543
2021-09-30,40.27458953857422
2021-10-01,41.6336555480957
2021-10-04,40.724422454833984
2021-10-05,41.59538269042969
2021-10-06,40.19801712036133
2021-10-07,40.666996002197266
2021-10-08,40.944549560546875
2021-10-11,40.63828659057617
2021-10-12,40.15016555786133
2021-10-13,40.427730560302734
2021-10-14,41.509239196777344
2021-10-15,41.64323425292969
2021-10-18,41.4231071472168
2021-10-19,41.758094787597656
2021-10-20,42.23664093017578
2021-10-21,40.877559661865234
2021-10-22,40.91584014892578
2021-10-25,40.695709228515625
2021-10-26,40.877559661865234
2021-10-27,40.30331039428711
2021-10-28,41.19340896606445
2021-10-29,41.29868698120117
2021-11-01,41.16468048095703
2021-11-02,41.001991271972656
2021-11-03,42.88746643066406
2021-11-04,45.3663330078125
2021-11-05,45.557762145996094
2021-11-08,44.54322814941406
2021-11-09,45.79703140258789
2021-11-10,45.768226623535156
2021-11-11,45.777835845947266
2021-11-12,46.74733352661133
2021-11-15,46.43056106567383
2021-11-16,46.488162994384766
2021-11-17,46.411376953125
2021-11-18,46.71854019165039
2021-11-19,45.89301300048828
2021-11-22,45.643436431884766
2021-11-23,45.979400634765625
2021-11-24,45.66264343261719
2021-11-26,44.95231628417969
2021-11-29,44.7219352722168
2021-11-30,43.1956901550293
2021-12-01,42.86932373046875
2021-12-02,44.337974548339844
2021-12-03,44.194000244140625
2021-12-06,45.211490631103516
2021-12-07,45.835426330566406
2021-12-08,46.18099594116211
2021-12-09,46.10420227050781
2021-12-10,46.03701400756836
2021-12-13,44.76033401489258
2021-12-14,44.45316696166992
2021-12-15,44.24198532104492
2021-12-16,45.09629821777344
2021-12-17,44.23238754272461
2021-12-20,42.965309143066406
2021-12-21,43.982818603515625
2021-12-22,44.08839416503906
2021-12-23,44.57795333862305
2021-12-27,45.125099182128906
2021-12-28,45.48025894165039
2021-12-29,45.45145797729492
2021-12-30,45.23068618774414
2021-12-31,45.3842658996582
2022-01-03,45.01950454711914
2022-01-04,45.854618072509766
2022-01-05,45.34587860107422
2022-01-06,45.979400634765625
2022-01-07,46.478553771972656
2022-01-10,45.4898567199707
2022-01-11,46.468963623046875
2022-01-12,46.90092086791992
2022-01-13,46.93931198120117
2022-01-14,46.65134811401367
2022-01-18,46.20978546142578
2022-01-19,45.32667541503906
2022-01-20,44.67394256591797
2022-01-21,43.618045806884766
2022-01-24,44.2227897644043
2022-01-25,44.203590393066406
2022-01-26,44.16518783569336
2022-01-27,44.9619140625
2022-01-28,45.55705261230469
2022-01-31,46.15219497680664
2022-02-01,46.008216857910156
2022-02-02,46.2001838684082
2022-02-03,46.584144592285156
2022-02-04,48.235191345214844
2022-02-07,47.563255310058594
2022-02-08,48.35038375854492
2022-02-09,49.47346878051758
2022-02-10,48.90711975097656
2022-02-11,49.00310134887695
2022-02-14,48.859134674072266
2022-02-15,48.849525451660156
2022-02-16,49.39667510986328
2022-02-17,49.214290618896484
2022-02-18,48.66714096069336
2022-02-22,48.63834762573242
2022-02-23,48.398372650146484
2022-02-24,48.04320526123047
2022-02-25,49.761436462402344
2022-02-28,50.07905578613281
2022-03-01,48.4813117980957
2022-03-02,49.376434326171875
2022-03-03,49.58818054199219
2022-03-04,49.5496826171875
2022-03-07,49.299434661865234
2022-03-08,48.20218276977539
2022-03-09,49.597808837890625
2022-03-10,51.58056640625
2022-03-11,51.6383171081543
2022-03-14,52.17732620239258
2022-03-15,52.928077697753906
2022-03-16,52.70669937133789
2022-03-17,53.69807815551758
2022-03-18,53.755828857421875
2022-03-21,54.8145751953125
2022-03-22,54.36220932006836
2022-03-23,55.25733184814453
2022-03-24,56.296836853027344
2022-03-25,57.548091888427734
2022-03-28,56.81658172607422
2022-03-29,55.85407638549805
2022-03-30,56.181331634521484
2022-03-31,55.324710845947266
2022-04-01,56.104339599609375
2022-04-04,56.47007751464844
2022-04-05,56.094703674316406
2022-04-06,55.873329162597656
2022-04-07,56.296836853027344
2022-04-08,57.40371322631836
2022-04-11,57.50958251953125
2022-04-12,58.356597900390625
2022-04-13,58.66459655761719
2022-04-14,58.72234344482422
2022-04-18,58.66459655761719
2022-04-19,58.84746551513672
2022-04-20,59.02071762084961
2022-04-21,57.95233917236328
2022-04-22,55.51720428466797
2022-04-25,55.15145492553711
2022-04-26,54.50657653808594
2022-04-27,55.0744514465332
2022-04-28,55.65195846557617
2022-04-29,55.526832580566406
2022-05-02,55.18996047973633
2022-05-03,55.112953186035156
2022-05-04,56.922462463378906
2022-05-05,55.863704681396484
2022-05-06,53.649940490722656
2022-05-09,51.089698791503906
2022-05-10,50.839439392089844
2022-05-11,51.5901985168457
2022-05-12,52.15955352783203
2022-05-13,53.52988815307617
2022-05-16,54.56246566772461
2022-05-17,55.59504699707031
2022-05-18,55.09323501586914
2022-05-19,56.93641662597656
2022-05-20,57.15838623046875
2022-05-23,58.77961730957031
2022-05-24,59.91835021972656
2022-05-25,59.84114456176758
2022-05-26,60.96057891845703
2022-05-27,60.70967102050781
2022-05-31,60.429813385009766
2022-06-01,60.14995193481445
2022-06-02,60.35261154174805
2022-06-03,59.83150100708008
2022-06-06,59.56129837036133
2022-06-07,60.19820785522461
2022-06-08,59.83150100708008
2022-06-09,58.94368362426758
2022-06-10,55.95210647583008
2022-06-13,54.2729606628418
2022-06-14,54.41770935058594
2022-06-15,53.587791442871094
2022-06-16,52.14990234375
2022-06-17,51.358585357666016
2022-06-21,53.433380126953125
2022-06-22,51.56124496459961
2022-06-23,49.148685455322266
2022-06-24,51.68669509887695
2022-06-27,52.34291458129883
2022-06-28,52.37186050415039
2022-06-29,52.62276840209961
2022-06-30,52.24641036987305
2022-07-01,52.22710418701172
2022-07-05,50.27775573730469
2022-07-06,50.21986389160156
2022-07-07,51.00151824951172
2022-07-08,50.885719299316406
2022-07-11,51.05942916870117
2022-07-12,50.721675872802734
2022-07-13,50.15230941772461
2022-07-14,49.68909454345703
2022-07-15,50.18125534057617
2022-07-18,50.41286087036133
2022-07-19,51.86039733886719
2022-07-20,52.13060760498047
2022-07-21,51.99551010131836
2022-07-22,52.12095642089844
2022-07-25,53.52988815307617
2022-07-26,53.52023696899414
2022-07-27,54.6300163269043
2022-07-28,54.9677848815918
2022-07-29,55.537139892578125
2022-08-01,54.90987777709961
2022-08-02,53.79043960571289
2022-08-03,53.75184631347656
2022-08-04,53.28863525390625
2022-08-05,55.87489700317383
2022-08-08,57.02328109741211
2022-08-09,57.631248474121094
2022-08-10,57.98830032348633
2022-08-11,58.307552337646484
2022-08-12,59.74903869628906
2022-08-15,59.60392761230469
2022-08-16,60.077972412109375
2022-08-17,59.85545349121094
2022-08-18,60.33917999267578
2022-08-19,59.33304214477539
2022-08-22,59.05248260498047
2022-08-23,59.75871276855469
2022-08-24,59.884483337402344
2022-08-25,61.18085479736328
2022-08-26,60.290802001953125
2022-08-29,59.894161224365234
2022-08-30,59.75871276855469
2022-08-31,59.42979049682617
2022-09-01,58.82997512817383
2022-09-02,59.245975494384766
2022-09-06,58.355926513671875
2022-09-07,59.80707931518555
2022-09-08,60.01992416381836
2022-09-09,60.48429489135742
2022-09-12,60.087646484375
2022-09-13,60.61006164550781
2022-09-14,61.732295989990234
2022-09-15,60.09732437133789
2022-09-16,59.352394104003906
2022-09-19,59.42010498046875
2022-09-20,59.400760650634766
2022-09-21,57.301422119140625
2022-09-22,57.81416320800781
2022-09-23,56.0340690612793
2022-09-26,55.734169006347656
2022-09-27,55.395565032958984
2022-09-28,56.47909927368164
2022-09-29,55.347190856933594
2022-09-30,55.28915023803711
2022-10-03,57.253047943115234
2022-10-04,59.74903869628906
2022-10-05,59.51685333251953
2022-10-06,58.90736770629883
2022-10-07,58.849327087402344
2022-10-10,59.06216049194336
2022-10-11,58.78160095214844
2022-10-12,58.81062698364258
2022-10-13,60.900291442871094
2022-10-14,56.81769561767578
2022-10-17,58.394630432128906
2022-10-18,59.61360549926758
2022-10-19,59.78773498535156
2022-10-20,59.91350555419922
2022-10-21,60.83256912231445
2022-10-24,61.29694747924805
2022-10-25,62.84484100341797
2022-10-26,63.725215911865234
2022-10-27,63.821964263916016
2022-10-28,63.87031936645508
2022-10-31,63.21247863769531
2022-11-01,64.92484283447266
2022-11-02,64.7313461303711
2022-11-03,64.799072265625
2022-11-04,63.241493225097656
2022-11-07,63.889678955078125
2022-11-08,65.00224304199219
2022-11-09,64.8667984008789
2022-11-10,65.16736602783203
2022-11-11,62.80152893066406
2022-11-14,64.70196533203125
2022-11-15,64.69225311279297
2022-11-16,63.363895416259766
2022-11-17,63.44146728515625
2022-11-18,63.218448638916016
2022-11-21,63.16996765136719
2022-11-22,64.08140563964844
2022-11-23,63.800228118896484
2022-11-25,64.31413269042969
2022-11-28,62.956668853759766
2022-11-29,63.57722091674805
2022-11-30,65.118896484375
2022-12-01,64.23655700683594
2022-12-02,65.26432800292969
2022-12-05,62.40399169921875
2022-12-06,61.72526168823242
2022-12-07,61.82221984863281
2022-12-08,61.80284118652344
2022-12-09,61.07563400268555
2022-12-12,60.39689636230469
2022-12-13,60.736263275146484
2022-12-14,59.8248291015625
2022-12-15,58.39950942993164
2022-12-16,57.96318435668945
2022-12-19,56.528160095214844
2022-12-20,57.1002311706543
2022-12-21,57.58503341674805
2022-12-22,57.109928131103516
2022-12-23,57.57533645629883
2022-12-27,57.94379425048828
2022-12-28,56.848140716552734
2022-12-29,57.18749237060547
2022-12-30,56.99357604980469
2023-01-03,57.13901901245117
2023-01-04,57.87591552734375
2023-01-05,57.245670318603516
2023-01-06,59.15579605102539
2023-01-09,59.25276565551758
2023-01-10,59.873313903808594
2023-01-11,60.19328308105469
2023-01-12,60.6780891418457
2023-01-13,60.81383514404297
2023-01-17,60.7944450378418
2023-01-18,59.640602111816406
2023-01-19,60.32902908325195
2023-01-20,60.464778900146484
2023-01-23,60.01875305175781
2023-01-24,60.61021423339844
2023-01-25,61.21137619018555
2023-01-26,61.21137619018555
2023-01-27,61.89009475708008
2023-01-30,60.62960433959961
2023-01-31,62.491249084472656
2023-02-01,62.52034378051758
2023-02-02,60.11571502685547
2023-02-03,59.630916595458984
2023-02-06,58.855224609375
2023-02-07,58.86492156982422
2023-02-08,59.999366760253906
2023-02-09,60.69748306274414
2023-02-10,62.51064682006836
2023-02-13,60.571434020996094
2023-02-14,60.29024887084961
2023-02-15,60.22237014770508
2023-02-16,60.842918395996094
2023-02-17,59.93149185180664
2023-02-21,58.234676361083984
2023-02-22,60.05753707885742
2023-02-23,60.11571502685547
2023-02-24,59.80543899536133
2023-02-27,60.22237014770508
2023-02-28,60.54310989379883
2023-03-01,60.40704345703125
2023-03-02,61.76777267456055
2023-03-03,61.91357421875
2023-03-06,61.47618865966797
2023-03-07,61.20404815673828
2023-03-08,60.45563888549805
2023-03-09,58.23957824707031
2023-03-10,57.238460540771484
2023-03-13,56.976036071777344
2023-03-14,57.26762390136719
2023-03-15,55.255672454833984
2023-03-16,55.36259078979492
2023-03-17,55.022403717041016
2023-03-20,56.004085540771484
2023-03-21,56.86912536621094
2023-03-22,55.82912826538086
2023-03-23,55.216796875
2023-03-24,55.245948791503906
2023-03-27,56.081844329833984
2023-03-28,56.470619201660156
2023-03-29,58.2590217590332
2023-03-30,58.268733978271484
2023-03-31,58.618648529052734
2023-04-03,59.28929138183594
2023-04-04,58.706119537353516
2023-04-05,59.01715087890625
2023-04-06,58.122947692871094
2023-04-10,58.599205017089844
2023-04-11,59.22126007080078
2023-04-12,60.05713653564453
2023-04-13,60.9610595703125
2023-04-14,60.38759994506836
2023-04-17,61.0096549987793
2023-04-18,61.20404815673828
2023-04-19,60.50423812866211
2023-04-20,60.154327392578125
2023-04-21,59.75583267211914
2023-04-24,59.78498458862305
2023-04-25,58.83247756958008
2023-04-26,57.96742630004883
2023-04-27,58.96854019165039
2023-04-28,59.405921936035156
2023-05-01,59.73639678955078
2023-05-02,58.93938064575195
2023-05-03,58.31733703613281
2023-05-04,55.28483200073242
2023-05-05,56.616416931152344
2023-05-08,55.97492599487305
2023-05-09,55.49866485595703
2023-05-10,55.955482482910156
2023-05-11,55.23624038696289
2023-05-12,55.4209098815918
2023-05-15,56.27622985839844
2023-05-16,55.372310638427734
2023-05-17,54.3906364440918
2023-05-18,54.61418151855469
2023-05-19,55.372310638427734
2023-05-22,55.26539611816406
2023-05-23,54.458675384521484
2023-05-24,53.70055389404297
2023-05-25,53.31175994873047
2023-05-26,53.62278747558594
2023-05-30,53.428401947021484
2023-05-31,52.13216018676758
2023-06-01,52.49277114868164
2023-06-02,54.5004768371582
2023-06-05,54.77336883544922
2023-06-06,56.15732192993164
2023-06-07,56.61539077758789
2023-06-08,56.36199951171875
2023-06-09,55.00727462768555
2023-06-12,55.55305862426758
2023-06-13,56.23529815673828
2023-06-14,55.582298278808594
2023-06-15,56.21580123901367
2023-06-16,55.7772216796875
2023-06-20,55.104740142822266
2023-06-21,57.08320617675781
2023-06-22,56.42046356201172
2023-06-23,55.7772216796875
2023-06-26,56.53742599487305
2023-06-27,55.87467956542969
2023-06-28,55.49458312988281
2023-06-29,56.23529815673828
2023-06-30,55.8454475402832
2023-07-03,56.527679443359375
2023-07-05,55.11448669433594
2023-07-06,55.18270492553711
2023-07-07,55.8454475402832
2023-07-10,52.7169303894043
2023-07-11,53.13601303100586
2023-07-12,52.6584587097168
2023-07-13,53.223731994628906
2023-07-14,52.872867584228516
2023-07-17,53.2042350769043
2023-07-18,53.701290130615234
2023-07-19,54.763614654541016
2023-07-20,55.18270492553711
2023-07-21,54.91956329345703
2023-07-24,55.26068115234375
2023-07-25,54.802608489990234
2023-07-26,54.373775482177734
2023-07-27,54.17885971069336
2023-07-28,54.71489715576172
2023-07-31,54.99753189086914
2023-08-01,54.51996994018555
2023-08-02,54.48099136352539
2023-08-03,54.27630615234375
2023-08-04,54.597938537597656
2023-08-07,53.18474197387695
2023-08-08,52.804649353027344
2023-08-09,52.015201568603516
2023-08-10,50.8846549987793
2023-08-11,51.07957458496094
2023-08-14,50.67998123168945
2023-08-15,49.36425018310547
2023-08-16,48.74049758911133
2023-08-17,49.14984130859375
2023-08-18,49.471458435058594
2023-08-21,48.935428619384766
2023-08-22,48.126495361328125
2023-08-23,47.83411407470703
2023-08-24,48.389644622802734
2023-08-25,48.67227554321289
2023-08-28,49.63714599609375
2023-08-29,50.00750732421875
2023-08-30,49.958763122558594
2023-08-31,49.38194274902344
2023-09-01,49.96854782104492
2023-09-05,49.82189178466797
2023-09-06,49.372169494628906
2023-09-07,48.453163146972656
2023-09-08,48.47271728515625
2023-09-11,48.69758224487305
2023-09-12,50.476932525634766
2023-09-13,50.82889175415039
2023-09-14,51.4350471496582
2023-09-15,51.37638473510742
2023-09-18,50.71156692504883
2023-09-19,51.36661148071289
2023-09-20,50.613807678222656
2023-09-21,50.3791618347168
2023-09-22,50.27162551879883
2023-09-25,50.12497329711914
2023-09-26,49.65569305419922
2023-09-27,49.61658477783203
2023-09-28,49.77302169799805
2023-09-29,50.017425537109375
2023-10-02,48.932220458984375
2023-10-03,49.21574401855469
2023-10-04,49.32328414916992
2023-10-05,48.717132568359375
2023-10-06,48.932220458984375
2023-10-09,49.46016311645508
2023-10-10,49.3917236328125
2023-10-11,48.766021728515625
2023-10-12,48.33584213256836
2023-10-13,48.443382263183594
2023-10-16,48.69758224487305
2023-10-17,50.40849685668945
2023-10-18,50.08586502075195
2023-10-19,49.82189178466797
2023-10-20,49.13752746582031
2023-10-23,47.68080520629883
2023-10-24,47.3288459777832
2023-10-25,47.54393768310547
2023-10-26,47.62215042114258
2023-10-27,46.75202560424805
2023-10-30,47.143089294433594
2023-10-31,47.06487274169922
2023-11-01,46.67380905151367
2023-11-02,48.453163146972656
2023-11-03,49.10820007324219
2023-11-06,48.85401153564453
2023-11-07,48.179412841796875
2023-11-08,47.53416061401367
2023-11-09,43.51594161987305
2023-11-10,42.57737731933594
2023-11-13,44.27852249145508
2023-11-14,45.24641799926758
2023-11-15,45.68636703491211
2023-11-16,45.92100524902344
2023-11-17,46.263187408447266
2023-11-20,45.81346130371094
2023-11-21,45.23663330078125
2023-11-22,45.32463073730469
2023-11-24,45.62770462036133
2023-11-27,44.70869827270508
2023-11-28,44.48383712768555
2023-11-29,44.48383712768555
2023-11-30,44.34647750854492
2023-12-01,45.327598571777344
2023-12-04,44.36609649658203
2023-12-05,43.061214447021484
2023-12-06,43.316307067871094
2023-12-07,43.659698486328125
2023-12-08,44.29742431640625
2023-12-11,44.935150146484375
2023-12-12,43.96384048461914
2023-12-13,44.68006134033203
2023-12-14,45.66117477416992
2023-12-15,45.670989990234375
2023-12-18,46.28908920288086
2023-12-19,46.95624923706055
2023-12-20,45.710235595703125
2023-12-21,46.39701461791992
2023-12-22,46.563804626464844
2023-12-26,47.09360885620117
2023-12-27,47.07398223876953
2023-12-28,47.181907653808594
2023-12-29,47.015113830566406
2024-01-02,47.643035888671875
2024-01-03,47.17210006713867
2024-01-04,46.7011604309082
2024-01-05,46.43626403808594
2024-01-08,46.1223030090332
2024-01-09,45.63174819946289
2024-01-10,45.18042755126953
2024-01-11,45.160804748535156
2024-01-12,45.23929977416992
2024-01-16,44.631004333496094
2024-01-17,43.99327850341797
2024-01-18,43.5713996887207
2024-01-19,44.73892593383789
2024-01-22,44.120819091796875
2024-01-23,44.5721321105957
2024-01-24,44.55250930786133
2024-01-25,44.38572311401367
2024-01-26,44.994022369384766
2024-01-29,45.06270217895508
2024-01-30,44.96458435058594
2024-01-31,44.62118911743164
2024-02-01,53.039180755615234
2024-02-02,52.03843688964844
2024-02-05,50.82184600830078
2024-02-06,51.10637283325195
2024-02-07,53.048988342285156
2024-02-08,52.23466110229492
2024-02-09,52.587860107421875
2024-02-12,54.000667572021484
2024-02-13,52.61729431152344
2024-02-14,53.058799743652344
2024-02-15,53.6474609375
2024-02-16,53.76519775390625
2024-02-20,53.33351135253906
2024-02-21,53.19615173339844
2024-02-22,53.676902770996094
2024-02-23,53.863311767578125
2024-02-26,53.78482437133789
2024-02-27,54.08897399902344
2024-02-28,53.51011276245117
2024-02-29,52.66386413574219
2024-03-01,52.8016357421875
2024-03-04,52.7524299621582
2024-03-05,53.0771484375
2024-03-06,53.16571044921875
2024-03-07,53.618350982666016
2024-03-08,53.8053092956543
2024-03-11,54.20875549316406
2024-03-12,54.22843551635742
2024-03-13,54.4153938293457
2024-03-14,54.31699752807617
2024-03-15,54.20875549316406
2024-03-18,53.83483123779297
2024-03-19,53.795467376708984
2024-03-20,54.83851623535156
2024-03-21,54.88771438598633
2024-03-22,54.18907165527344
2024-03-25,54.74011993408203
2024-03-26,55.39939498901367
2024-03-27,56.088199615478516
2024-03-28,56.74747848510742
2024-04-01,56.75732421875
2024-04-02,56.2554817199707
2024-04-03,56.49163818359375
2024-04-04,56.03900146484375
2024-04-05,55.94059753417969
2024-04-08,56.599884033203125
2024-04-09,56.599884033203125
2024-04-10,56.24563980102539
2024-04-11,55.55683135986328
2024-04-12,52.900028228759766
2024-04-15,52.81146240234375
2024-04-16,52.46706771850586
2024-04-17,52.6737060546875
2024-04-18,53.096824645996094
2024-04-19,53.92338943481445
2024-04-22,54.31699752807617
2024-04-23,54.29731750488281
2024-04-24,53.89387130737305
2024-04-25,53.82499313354492
2024-04-26,54.04146957397461
2024-04-29,54.6121940612793
2024-04-30,53.26411437988281
2024-05-01,53.047630310058594
2024-05-02,56.068519592285156
2024-05-03,56.24563980102539
2024-05-06,55.458438873291016
2024-05-07,56.599884033203125
2024-05-08,55.911075592041016
2024-05-09,56.904930114746094
2024-05-10,56.56052017211914
2024-05-13,56.38339614868164
2024-05-14,56.62939453125
2024-05-15,56.216121673583984
2024-05-16,55.10419845581055
2024-05-17,55.547000885009766
2024-05-20,55.832359313964844
2024-05-21,55.743797302246094
2024-05-22,56.068519592285156
2024-05-23,54.68107223510742
2024-05-24,54.62203598022461
2024-05-28,54.769630432128906
2024-05-29,53.40187072753906
2024-05-30,54.356353759765625
2024-05-31,55.04515838623047
2024-06-03,54.68107223510742
2024-06-04,52.993568420410156
2024-06-05,53.348838806152344
2024-06-06,54.1975212097168
2024-06-07,52.2041015625
2024-06-10,51.02974319458008
2024-06-11,50.96066665649414
2024-06-12,51.25672149658203
2024-06-13,50.901458740234375
2024-06-14,50.5067253112793
2024-06-17,51.35540771484375
2024-06-18,51.20737838745117
2024-06-20,51.68106460571289
2024-06-21,52.22383117675781
2024-06-24,52.21396255493164
2024-06-25,52.342254638671875
2024-06-26,52.934356689453125
2024-06-27,52.94423294067383
2024-06-28,53.230411529541016
2024-07-01,52.37186050415039
2024-07-02,52.075801849365234
2024-07-03,51.78961944580078
2024-07-05,51.750144958496094
2024-07-08,51.03961944580078
2024-07-09,50.052772521972656
2024-07-10,50.34882354736328
2024-07-11,51.58238220214844
2024-07-12,52.401458740234375
2024-07-15,52.2041015625
2024-07-16,53.486995697021484
2024-07-17,54.80937194824219
2024-07-18,54.473838806152344
2024-07-19,54.059364318847656
2024-07-22,54.04949188232422
2024-07-23,53.67449188232422
2024-07-24,53.11199188232422
2024-07-25,54.55278396606445
2024-07-26,54.661338806152344
2024-07-29,54.73041915893555
2024-07-30,54.799495697021484
2024-07-31,55.361995697021484
2024-08-01,52.30278015136719
2024-08-02,50.901458740234375
2024-08-05,50.635009765625
2024-08-06,50.5067253112793
2024-08-07,50.11198425292969
2024-08-08,50.87185287475586
2024-08-09,50.88172149658203
2024-08-12,50.54619598388672
2024-08-13,51.04948806762695
2024-08-14,51.306068420410156
2024-08-15,52.06593704223633
2024-08-16,53.092254638671875
2024-08-19,53.59554672241211
2024-08-20,52.89487838745117
2024-08-21,53.56593704223633
2024-08-22,53.83238983154297
2024-08-23,54.84884262084961
2024-08-26,54.91791534423828
2024-08-27,54.8291015625
2024-08-28,55.26331329345703
2024-08-29,56.250160217285156
2024-08-30,56.546207427978516
2024-09-03,55.00215530395508
2024-09-04,54.93286895751953
2024-09-05,54.546852111816406
2024-09-06,54.76460647583008
2024-09-09,55.229801177978516
2024-09-10,54.81409454345703
2024-09-11,54.586448669433594
2024-09-12,55.13082504272461
2024-09-13,56.05131912231445
2024-09-16,55.695003509521484
2024-09-17,56.45713424682617
2024-09-18,56.85304260253906
2024-09-19,58.001190185546875
2024-09-20,56.991615295410156
2024-09-23,57.40732192993164
2024-09-24,57.258853912353516
2024-09-25,56.566009521484375
2024-09-26,57.427120208740234
2024-09-27,57.98139953613281
2024-09-30,58.18925094604492
2024-10-01,57.39742660522461
2024-10-02,58.04077911376953
2024-10-03,57.496402740478516
2024-10-04,57.733951568603516
2024-10-07,56.872840881347656
2024-10-08,56.30866241455078
2024-10-09,55.92264938354492
2024-10-10,55.972137451171875
2024-10-11,56.25917434692383
2024-10-14,57.16977310180664
2024-10-15,56.714473724365234
2024-10-16,58.34761428833008
2024-10-17,58.34761428833008
2024-10-18,58.80290985107422
2024-10-21,58.64454650878906
2024-10-22,58.515872955322266
2024-10-23,60.1688117980957
2024-10-24,60.158912658691406
2024-10-25,59.73330307006836
2024-10-28,60.50533676147461
2024-10-29,60.1688117980957
2024-10-30,60.94084167480469
2024-10-31,60.297481536865234
2024-11-01,60.238094329833984
2024-11-04,60.58451843261719
2024-11-05,61.11899948120117
2024-11-06,61.10910415649414
2024-11-07,58.04077911376953
2024-11-08,57.733951568603516
2024-11-11,57.92200469970703
2024-11-12,56.546207427978516
2024-11-13,57.070796966552734
2024-11-14,56.82334899902344
2024-11-15,54.64583206176758
2024-11-18,56.40764236450195
2024-11-19,57.64487075805664
2024-11-20,58.15955352783203
2024-11-21,60.13911437988281
2024-11-22,60.60431671142578
2024-11-25,63.47467803955078
2024-11-26,62.60367202758789
2024-11-27,61.86133575439453
2024-11-29,61.60399627685547
2024-12-02,61.76279067993164
2024-12-03,61.534523010253906
2024-12-04,60.71074676513672
2024-12-05,60.32368087768555
2024-12-06,59.043365478515625
2024-12-09,59.29148864746094
2024-12-10,58.9738883972168
2024-12-11,59.3311882019043
2024-12-12,58.85478591918945
2024-12-13,59.043365478515625
2024-12-16,58.507423400878906
2024-12-17,58.130271911621094
2024-12-18,55.98648452758789
2024-12-19,55.738365173339844
2024-12-20,57.04845428466797
2024-12-23,56.492652893066406
2024-12-24,57.04845428466797
2024-12-26,56.99882888793945
2024-12-27,56.81026077270508
2024-12-30,56.1353645324707
2024-12-31,56.53235626220703
