Date,DASH
2010-01-04,
2010-01-05,
2010-01-06,
2010-01-07,
2010-01-08,
2010-01-11,
2010-01-12,
2010-01-13,
2010-01-14,
2010-01-15,
2010-01-19,
2010-01-20,
2010-01-21,
2010-01-22,
2010-01-25,
2010-01-26,
2010-01-27,
2010-01-28,
2010-01-29,
2010-02-01,
2010-02-02,
2010-02-03,
2010-02-04,
2010-02-05,
2010-02-08,
2010-02-09,
2010-02-10,
2010-02-11,
2010-02-12,
2010-02-16,
2010-02-17,
2010-02-18,
2010-02-19,
2010-02-22,
2010-02-23,
2010-02-24,
2010-02-25,
2010-02-26,
2010-03-01,
2010-03-02,
2010-03-03,
2010-03-04,
2010-03-05,
2010-03-08,
2010-03-09,
2010-03-10,
2010-03-11,
2010-03-12,
2010-03-15,
2010-03-16,
2010-03-17,
2010-03-18,
2010-03-19,
2010-03-22,
2010-03-23,
2010-03-24,
2010-03-25,
2010-03-26,
2010-03-29,
2010-03-30,
2010-03-31,
2010-04-01,
2010-04-05,
2010-04-06,
2010-04-07,
2010-04-08,
2010-04-09,
2010-04-12,
2010-04-13,
2010-04-14,
2010-04-15,
2010-04-16,
2010-04-19,
2010-04-20,
2010-04-21,
2010-04-22,
2010-04-23,
2010-04-26,
2010-04-27,
2010-04-28,
2010-04-29,
2010-04-30,
2010-05-03,
2010-05-04,
2010-05-05,
2010-05-06,
2010-05-07,
2010-05-10,
2010-05-11,
2010-05-12,
2010-05-13,
2010-05-14,
2010-05-17,
2010-05-18,
2010-05-19,
2010-05-20,
2010-05-21,
2010-05-24,
2010-05-25,
2010-05-26,
2010-05-27,
2010-05-28,
2010-06-01,
2010-06-02,
2010-06-03,
2010-06-04,
2010-06-07,
2010-06-08,
2010-06-09,
2010-06-10,
2010-06-11,
2010-06-14,
2010-06-15,
2010-06-16,
2010-06-17,
2010-06-18,
2010-06-21,
2010-06-22,
2010-06-23,
2010-06-24,
2010-06-25,
2010-06-28,
2010-06-29,
2010-06-30,
2010-07-01,
2010-07-02,
2010-07-06,
2010-07-07,
2010-07-08,
2010-07-09,
2010-07-12,
2010-07-13,
2010-07-14,
2010-07-15,
2010-07-16,
2010-07-19,
2010-07-20,
2010-07-21,
2010-07-22,
2010-07-23,
2010-07-26,
2010-07-27,
2010-07-28,
2010-07-29,
2010-07-30,
2010-08-02,
2010-08-03,
2010-08-04,
2010-08-05,
2010-08-06,
2010-08-09,
2010-08-10,
2010-08-11,
2010-08-12,
2010-08-13,
2010-08-16,
2010-08-17,
2010-08-18,
2010-08-19,
2010-08-20,
2010-08-23,
2010-08-24,
2010-08-25,
2010-08-26,
2010-08-27,
2010-08-30,
2010-08-31,
2010-09-01,
2010-09-02,
2010-09-03,
2010-09-07,
2010-09-08,
2010-09-09,
2010-09-10,
2010-09-13,
2010-09-14,
2010-09-15,
2010-09-16,
2010-09-17,
2010-09-20,
2010-09-21,
2010-09-22,
2010-09-23,
2010-09-24,
2010-09-27,
2010-09-28,
2010-09-29,
2010-09-30,
2010-10-01,
2010-10-04,
2010-10-05,
2010-10-06,
2010-10-07,
2010-10-08,
2010-10-11,
2010-10-12,
2010-10-13,
2010-10-14,
2010-10-15,
2010-10-18,
2010-10-19,
2010-10-20,
2010-10-21,
2010-10-22,
2010-10-25,
2010-10-26,
2010-10-27,
2010-10-28,
2010-10-29,
2010-11-01,
2010-11-02,
2010-11-03,
2010-11-04,
2010-11-05,
2010-11-08,
2010-11-09,
2010-11-10,
2010-11-11,
2010-11-12,
2010-11-15,
2010-11-16,
2010-11-17,
2010-11-18,
2010-11-19,
2010-11-22,
2010-11-23,
2010-11-24,
2010-11-26,
2010-11-29,
2010-11-30,
2010-12-01,
2010-12-02,
2010-12-03,
2010-12-06,
2010-12-07,
2010-12-08,
2010-12-09,
2010-12-10,
2010-12-13,
2010-12-14,
2010-12-15,
2010-12-16,
2010-12-17,
2010-12-20,
2010-12-21,
2010-12-22,
2010-12-23,
2010-12-27,
2010-12-28,
2010-12-29,
2010-12-30,
2010-12-31,
2011-01-03,
2011-01-04,
2011-01-05,
2011-01-06,
2011-01-07,
2011-01-10,
2011-01-11,
2011-01-12,
2011-01-13,
2011-01-14,
2011-01-18,
2011-01-19,
2011-01-20,
2011-01-21,
2011-01-24,
2011-01-25,
2011-01-26,
2011-01-27,
2011-01-28,
2011-01-31,
2011-02-01,
2011-02-02,
2011-02-03,
2011-02-04,
2011-02-07,
2011-02-08,
2011-02-09,
2011-02-10,
2011-02-11,
2011-02-14,
2011-02-15,
2011-02-16,
2011-02-17,
2011-02-18,
2011-02-22,
2011-02-23,
2011-02-24,
2011-02-25,
2011-02-28,
2011-03-01,
2011-03-02,
2011-03-03,
2011-03-04,
2011-03-07,
2011-03-08,
2011-03-09,
2011-03-10,
2011-03-11,
2011-03-14,
2011-03-15,
2011-03-16,
2011-03-17,
2011-03-18,
2011-03-21,
2011-03-22,
2011-03-23,
2011-03-24,
2011-03-25,
2011-03-28,
2011-03-29,
2011-03-30,
2011-03-31,
2011-04-01,
2011-04-04,
2011-04-05,
2011-04-06,
2011-04-07,
2011-04-08,
2011-04-11,
2011-04-12,
2011-04-13,
2011-04-14,
2011-04-15,
2011-04-18,
2011-04-19,
2011-04-20,
2011-04-21,
2011-04-25,
2011-04-26,
2011-04-27,
2011-04-28,
2011-04-29,
2011-05-02,
2011-05-03,
2011-05-04,
2011-05-05,
2011-05-06,
2011-05-09,
2011-05-10,
2011-05-11,
2011-05-12,
2011-05-13,
2011-05-16,
2011-05-17,
2011-05-18,
2011-05-19,
2011-05-20,
2011-05-23,
2011-05-24,
2011-05-25,
2011-05-26,
2011-05-27,
2011-05-31,
2011-06-01,
2011-06-02,
2011-06-03,
2011-06-06,
2011-06-07,
2011-06-08,
2011-06-09,
2011-06-10,
2011-06-13,
2011-06-14,
2011-06-15,
2011-06-16,
2011-06-17,
2011-06-20,
2011-06-21,
2011-06-22,
2011-06-23,
2011-06-24,
2011-06-27,
2011-06-28,
2011-06-29,
2011-06-30,
2011-07-01,
2011-07-05,
2011-07-06,
2011-07-07,
2011-07-08,
2011-07-11,
2011-07-12,
2011-07-13,
2011-07-14,
2011-07-15,
2011-07-18,
2011-07-19,
2011-07-20,
2011-07-21,
2011-07-22,
2011-07-25,
2011-07-26,
2011-07-27,
2011-07-28,
2011-07-29,
2011-08-01,
2011-08-02,
2011-08-03,
2011-08-04,
2011-08-05,
2011-08-08,
2011-08-09,
2011-08-10,
2011-08-11,
2011-08-12,
2011-08-15,
2011-08-16,
2011-08-17,
2011-08-18,
2011-08-19,
2011-08-22,
2011-08-23,
2011-08-24,
2011-08-25,
2011-08-26,
2011-08-29,
2011-08-30,
2011-08-31,
2011-09-01,
2011-09-02,
2011-09-06,
2011-09-07,
2011-09-08,
2011-09-09,
2011-09-12,
2011-09-13,
2011-09-14,
2011-09-15,
2011-09-16,
2011-09-19,
2011-09-20,
2011-09-21,
2011-09-22,
2011-09-23,
2011-09-26,
2011-09-27,
2011-09-28,
2011-09-29,
2011-09-30,
2011-10-03,
2011-10-04,
2011-10-05,
2011-10-06,
2011-10-07,
2011-10-10,
2011-10-11,
2011-10-12,
2011-10-13,
2011-10-14,
2011-10-17,
2011-10-18,
2011-10-19,
2011-10-20,
2011-10-21,
2011-10-24,
2011-10-25,
2011-10-26,
2011-10-27,
2011-10-28,
2011-10-31,
2011-11-01,
2011-11-02,
2011-11-03,
2011-11-04,
2011-11-07,
2011-11-08,
2011-11-09,
2011-11-10,
2011-11-11,
2011-11-14,
2011-11-15,
2011-11-16,
2011-11-17,
2011-11-18,
2011-11-21,
2011-11-22,
2011-11-23,
2011-11-25,
2011-11-28,
2011-11-29,
2011-11-30,
2011-12-01,
2011-12-02,
2011-12-05,
2011-12-06,
2011-12-07,
2011-12-08,
2011-12-09,
2011-12-12,
2011-12-13,
2011-12-14,
2011-12-15,
2011-12-16,
2011-12-19,
2011-12-20,
2011-12-21,
2011-12-22,
2011-12-23,
2011-12-27,
2011-12-28,
2011-12-29,
2011-12-30,
2012-01-03,
2012-01-04,
2012-01-05,
2012-01-06,
2012-01-09,
2012-01-10,
2012-01-11,
2012-01-12,
2012-01-13,
2012-01-17,
2012-01-18,
2012-01-19,
2012-01-20,
2012-01-23,
2012-01-24,
2012-01-25,
2012-01-26,
2012-01-27,
2012-01-30,
2012-01-31,
2012-02-01,
2012-02-02,
2012-02-03,
2012-02-06,
2012-02-07,
2012-02-08,
2012-02-09,
2012-02-10,
2012-02-13,
2012-02-14,
2012-02-15,
2012-02-16,
2012-02-17,
2012-02-21,
2012-02-22,
2012-02-23,
2012-02-24,
2012-02-27,
2012-02-28,
2012-02-29,
2012-03-01,
2012-03-02,
2012-03-05,
2012-03-06,
2012-03-07,
2012-03-08,
2012-03-09,
2012-03-12,
2012-03-13,
2012-03-14,
2012-03-15,
2012-03-16,
2012-03-19,
2012-03-20,
2012-03-21,
2012-03-22,
2012-03-23,
2012-03-26,
2012-03-27,
2012-03-28,
2012-03-29,
2012-03-30,
2012-04-02,
2012-04-03,
2012-04-04,
2012-04-05,
2012-04-09,
2012-04-10,
2012-04-11,
2012-04-12,
2012-04-13,
2012-04-16,
2012-04-17,
2012-04-18,
2012-04-19,
2012-04-20,
2012-04-23,
2012-04-24,
2012-04-25,
2012-04-26,
2012-04-27,
2012-04-30,
2012-05-01,
2012-05-02,
2012-05-03,
2012-05-04,
2012-05-07,
2012-05-08,
2012-05-09,
2012-05-10,
2012-05-11,
2012-05-14,
2012-05-15,
2012-05-16,
2012-05-17,
2012-05-18,
2012-05-21,
2012-05-22,
2012-05-23,
2012-05-24,
2012-05-25,
2012-05-29,
2012-05-30,
2012-05-31,
2012-06-01,
2012-06-04,
2012-06-05,
2012-06-06,
2012-06-07,
2012-06-08,
2012-06-11,
2012-06-12,
2012-06-13,
2012-06-14,
2012-06-15,
2012-06-18,
2012-06-19,
2012-06-20,
2012-06-21,
2012-06-22,
2012-06-25,
2012-06-26,
2012-06-27,
2012-06-28,
2012-06-29,
2012-07-02,
2012-07-03,
2012-07-05,
2012-07-06,
2012-07-09,
2012-07-10,
2012-07-11,
2012-07-12,
2012-07-13,
2012-07-16,
2012-07-17,
2012-07-18,
2012-07-19,
2012-07-20,
2012-07-23,
2012-07-24,
2012-07-25,
2012-07-26,
2012-07-27,
2012-07-30,
2012-07-31,
2012-08-01,
2012-08-02,
2012-08-03,
2012-08-06,
2012-08-07,
2012-08-08,
2012-08-09,
2012-08-10,
2012-08-13,
2012-08-14,
2012-08-15,
2012-08-16,
2012-08-17,
2012-08-20,
2012-08-21,
2012-08-22,
2012-08-23,
2012-08-24,
2012-08-27,
2012-08-28,
2012-08-29,
2012-08-30,
2012-08-31,
2012-09-04,
2012-09-05,
2012-09-06,
2012-09-07,
2012-09-10,
2012-09-11,
2012-09-12,
2012-09-13,
2012-09-14,
2012-09-17,
2012-09-18,
2012-09-19,
2012-09-20,
2012-09-21,
2012-09-24,
2012-09-25,
2012-09-26,
2012-09-27,
2012-09-28,
2012-10-01,
2012-10-02,
2012-10-03,
2012-10-04,
2012-10-05,
2012-10-08,
2012-10-09,
2012-10-10,
2012-10-11,
2012-10-12,
2012-10-15,
2012-10-16,
2012-10-17,
2012-10-18,
2012-10-19,
2012-10-22,
2012-10-23,
2012-10-24,
2012-10-25,
2012-10-26,
2012-10-31,
2012-11-01,
2012-11-02,
2012-11-05,
2012-11-06,
2012-11-07,
2012-11-08,
2012-11-09,
2012-11-12,
2012-11-13,
2012-11-14,
2012-11-15,
2012-11-16,
2012-11-19,
2012-11-20,
2012-11-21,
2012-11-23,
2012-11-26,
2012-11-27,
2012-11-28,
2012-11-29,
2012-11-30,
2012-12-03,
2012-12-04,
2012-12-05,
2012-12-06,
2012-12-07,
2012-12-10,
2012-12-11,
2012-12-12,
2012-12-13,
2012-12-14,
2012-12-17,
2012-12-18,
2012-12-19,
2012-12-20,
2012-12-21,
2012-12-24,
2012-12-26,
2012-12-27,
2012-12-28,
2012-12-31,
2013-01-02,
2013-01-03,
2013-01-04,
2013-01-07,
2013-01-08,
2013-01-09,
2013-01-10,
2013-01-11,
2013-01-14,
2013-01-15,
2013-01-16,
2013-01-17,
2013-01-18,
2013-01-22,
2013-01-23,
2013-01-24,
2013-01-25,
2013-01-28,
2013-01-29,
2013-01-30,
2013-01-31,
2013-02-01,
2013-02-04,
2013-02-05,
2013-02-06,
2013-02-07,
2013-02-08,
2013-02-11,
2013-02-12,
2013-02-13,
2013-02-14,
2013-02-15,
2013-02-19,
2013-02-20,
2013-02-21,
2013-02-22,
2013-02-25,
2013-02-26,
2013-02-27,
2013-02-28,
2013-03-01,
2013-03-04,
2013-03-05,
2013-03-06,
2013-03-07,
2013-03-08,
2013-03-11,
2013-03-12,
2013-03-13,
2013-03-14,
2013-03-15,
2013-03-18,
2013-03-19,
2013-03-20,
2013-03-21,
2013-03-22,
2013-03-25,
2013-03-26,
2013-03-27,
2013-03-28,
2013-04-01,
2013-04-02,
2013-04-03,
2013-04-04,
2013-04-05,
2013-04-08,
2013-04-09,
2013-04-10,
2013-04-11,
2013-04-12,
2013-04-15,
2013-04-16,
2013-04-17,
2013-04-18,
2013-04-19,
2013-04-22,
2013-04-23,
2013-04-24,
2013-04-25,
2013-04-26,
2013-04-29,
2013-04-30,
2013-05-01,
2013-05-02,
2013-05-03,
2013-05-06,
2013-05-07,
2013-05-08,
2013-05-09,
2013-05-10,
2013-05-13,
2013-05-14,
2013-05-15,
2013-05-16,
2013-05-17,
2013-05-20,
2013-05-21,
2013-05-22,
2013-05-23,
2013-05-24,
2013-05-28,
2013-05-29,
2013-05-30,
2013-05-31,
2013-06-03,
2013-06-04,
2013-06-05,
2013-06-06,
2013-06-07,
2013-06-10,
2013-06-11,
2013-06-12,
2013-06-13,
2013-06-14,
2013-06-17,
2013-06-18,
2013-06-19,
2013-06-20,
2013-06-21,
2013-06-24,
2013-06-25,
2013-06-26,
2013-06-27,
2013-06-28,
2013-07-01,
2013-07-02,
2013-07-03,
2013-07-05,
2013-07-08,
2013-07-09,
2013-07-10,
2013-07-11,
2013-07-12,
2013-07-15,
2013-07-16,
2013-07-17,
2013-07-18,
2013-07-19,
2013-07-22,
2013-07-23,
2013-07-24,
2013-07-25,
2013-07-26,
2013-07-29,
2013-07-30,
2013-07-31,
2013-08-01,
2013-08-02,
2013-08-05,
2013-08-06,
2013-08-07,
2013-08-08,
2013-08-09,
2013-08-12,
2013-08-13,
2013-08-14,
2013-08-15,
2013-08-16,
2013-08-19,
2013-08-20,
2013-08-21,
2013-08-22,
2013-08-23,
2013-08-26,
2013-08-27,
2013-08-28,
2013-08-29,
2013-08-30,
2013-09-03,
2013-09-04,
2013-09-05,
2013-09-06,
2013-09-09,
2013-09-10,
2013-09-11,
2013-09-12,
2013-09-13,
2013-09-16,
2013-09-17,
2013-09-18,
2013-09-19,
2013-09-20,
2013-09-23,
2013-09-24,
2013-09-25,
2013-09-26,
2013-09-27,
2013-09-30,
2013-10-01,
2013-10-02,
2013-10-03,
2013-10-04,
2013-10-07,
2013-10-08,
2013-10-09,
2013-10-10,
2013-10-11,
2013-10-14,
2013-10-15,
2013-10-16,
2013-10-17,
2013-10-18,
2013-10-21,
2013-10-22,
2013-10-23,
2013-10-24,
2013-10-25,
2013-10-28,
2013-10-29,
2013-10-30,
2013-10-31,
2013-11-01,
2013-11-04,
2013-11-05,
2013-11-06,
2013-11-07,
2013-11-08,
2013-11-11,
2013-11-12,
2013-11-13,
2013-11-14,
2013-11-15,
2013-11-18,
2013-11-19,
2013-11-20,
2013-11-21,
2013-11-22,
2013-11-25,
2013-11-26,
2013-11-27,
2013-11-29,
2013-12-02,
2013-12-03,
2013-12-04,
2013-12-05,
2013-12-06,
2013-12-09,
2013-12-10,
2013-12-11,
2013-12-12,
2013-12-13,
2013-12-16,
2013-12-17,
2013-12-18,
2013-12-19,
2013-12-20,
2013-12-23,
2013-12-24,
2013-12-26,
2013-12-27,
2013-12-30,
2013-12-31,
2014-01-02,
2014-01-03,
2014-01-06,
2014-01-07,
2014-01-08,
2014-01-09,
2014-01-10,
2014-01-13,
2014-01-14,
2014-01-15,
2014-01-16,
2014-01-17,
2014-01-21,
2014-01-22,
2014-01-23,
2014-01-24,
2014-01-27,
2014-01-28,
2014-01-29,
2014-01-30,
2014-01-31,
2014-02-03,
2014-02-04,
2014-02-05,
2014-02-06,
2014-02-07,
2014-02-10,
2014-02-11,
2014-02-12,
2014-02-13,
2014-02-14,
2014-02-18,
2014-02-19,
2014-02-20,
2014-02-21,
2014-02-24,
2014-02-25,
2014-02-26,
2014-02-27,
2014-02-28,
2014-03-03,
2014-03-04,
2014-03-05,
2014-03-06,
2014-03-07,
2014-03-10,
2014-03-11,
2014-03-12,
2014-03-13,
2014-03-14,
2014-03-17,
2014-03-18,
2014-03-19,
2014-03-20,
2014-03-21,
2014-03-24,
2014-03-25,
2014-03-26,
2014-03-27,
2014-03-28,
2014-03-31,
2014-04-01,
2014-04-02,
2014-04-03,
2014-04-04,
2014-04-07,
2014-04-08,
2014-04-09,
2014-04-10,
2014-04-11,
2014-04-14,
2014-04-15,
2014-04-16,
2014-04-17,
2014-04-21,
2014-04-22,
2014-04-23,
2014-04-24,
2014-04-25,
2014-04-28,
2014-04-29,
2014-04-30,
2014-05-01,
2014-05-02,
2014-05-05,
2014-05-06,
2014-05-07,
2014-05-08,
2014-05-09,
2014-05-12,
2014-05-13,
2014-05-14,
2014-05-15,
2014-05-16,
2014-05-19,
2014-05-20,
2014-05-21,
2014-05-22,
2014-05-23,
2014-05-27,
2014-05-28,
2014-05-29,
2014-05-30,
2014-06-02,
2014-06-03,
2014-06-04,
2014-06-05,
2014-06-06,
2014-06-09,
2014-06-10,
2014-06-11,
2014-06-12,
2014-06-13,
2014-06-16,
2014-06-17,
2014-06-18,
2014-06-19,
2014-06-20,
2014-06-23,
2014-06-24,
2014-06-25,
2014-06-26,
2014-06-27,
2014-06-30,
2014-07-01,
2014-07-02,
2014-07-03,
2014-07-07,
2014-07-08,
2014-07-09,
2014-07-10,
2014-07-11,
2014-07-14,
2014-07-15,
2014-07-16,
2014-07-17,
2014-07-18,
2014-07-21,
2014-07-22,
2014-07-23,
2014-07-24,
2014-07-25,
2014-07-28,
2014-07-29,
2014-07-30,
2014-07-31,
2014-08-01,
2014-08-04,
2014-08-05,
2014-08-06,
2014-08-07,
2014-08-08,
2014-08-11,
2014-08-12,
2014-08-13,
2014-08-14,
2014-08-15,
2014-08-18,
2014-08-19,
2014-08-20,
2014-08-21,
2014-08-22,
2014-08-25,
2014-08-26,
2014-08-27,
2014-08-28,
2014-08-29,
2014-09-02,
2014-09-03,
2014-09-04,
2014-09-05,
2014-09-08,
2014-09-09,
2014-09-10,
2014-09-11,
2014-09-12,
2014-09-15,
2014-09-16,
2014-09-17,
2014-09-18,
2014-09-19,
2014-09-22,
2014-09-23,
2014-09-24,
2014-09-25,
2014-09-26,
2014-09-29,
2014-09-30,
2014-10-01,
2014-10-02,
2014-10-03,
2014-10-06,
2014-10-07,
2014-10-08,
2014-10-09,
2014-10-10,
2014-10-13,
2014-10-14,
2014-10-15,
2014-10-16,
2014-10-17,
2014-10-20,
2014-10-21,
2014-10-22,
2014-10-23,
2014-10-24,
2014-10-27,
2014-10-28,
2014-10-29,
2014-10-30,
2014-10-31,
2014-11-03,
2014-11-04,
2014-11-05,
2014-11-06,
2014-11-07,
2014-11-10,
2014-11-11,
2014-11-12,
2014-11-13,
2014-11-14,
2014-11-17,
2014-11-18,
2014-11-19,
2014-11-20,
2014-11-21,
2014-11-24,
2014-11-25,
2014-11-26,
2014-11-28,
2014-12-01,
2014-12-02,
2014-12-03,
2014-12-04,
2014-12-05,
2014-12-08,
2014-12-09,
2014-12-10,
2014-12-11,
2014-12-12,
2014-12-15,
2014-12-16,
2014-12-17,
2014-12-18,
2014-12-19,
2014-12-22,
2014-12-23,
2014-12-24,
2014-12-26,
2014-12-29,
2014-12-30,
2014-12-31,
2015-01-02,
2015-01-05,
2015-01-06,
2015-01-07,
2015-01-08,
2015-01-09,
2015-01-12,
2015-01-13,
2015-01-14,
2015-01-15,
2015-01-16,
2015-01-20,
2015-01-21,
2015-01-22,
2015-01-23,
2015-01-26,
2015-01-27,
2015-01-28,
2015-01-29,
2015-01-30,
2015-02-02,
2015-02-03,
2015-02-04,
2015-02-05,
2015-02-06,
2015-02-09,
2015-02-10,
2015-02-11,
2015-02-12,
2015-02-13,
2015-02-17,
2015-02-18,
2015-02-19,
2015-02-20,
2015-02-23,
2015-02-24,
2015-02-25,
2015-02-26,
2015-02-27,
2015-03-02,
2015-03-03,
2015-03-04,
2015-03-05,
2015-03-06,
2015-03-09,
2015-03-10,
2015-03-11,
2015-03-12,
2015-03-13,
2015-03-16,
2015-03-17,
2015-03-18,
2015-03-19,
2015-03-20,
2015-03-23,
2015-03-24,
2015-03-25,
2015-03-26,
2015-03-27,
2015-03-30,
2015-03-31,
2015-04-01,
2015-04-02,
2015-04-06,
2015-04-07,
2015-04-08,
2015-04-09,
2015-04-10,
2015-04-13,
2015-04-14,
2015-04-15,
2015-04-16,
2015-04-17,
2015-04-20,
2015-04-21,
2015-04-22,
2015-04-23,
2015-04-24,
2015-04-27,
2015-04-28,
2015-04-29,
2015-04-30,
2015-05-01,
2015-05-04,
2015-05-05,
2015-05-06,
2015-05-07,
2015-05-08,
2015-05-11,
2015-05-12,
2015-05-13,
2015-05-14,
2015-05-15,
2015-05-18,
2015-05-19,
2015-05-20,
2015-05-21,
2015-05-22,
2015-05-26,
2015-05-27,
2015-05-28,
2015-05-29,
2015-06-01,
2015-06-02,
2015-06-03,
2015-06-04,
2015-06-05,
2015-06-08,
2015-06-09,
2015-06-10,
2015-06-11,
2015-06-12,
2015-06-15,
2015-06-16,
2015-06-17,
2015-06-18,
2015-06-19,
2015-06-22,
2015-06-23,
2015-06-24,
2015-06-25,
2015-06-26,
2015-06-29,
2015-06-30,
2015-07-01,
2015-07-02,
2015-07-06,
2015-07-07,
2015-07-08,
2015-07-09,
2015-07-10,
2015-07-13,
2015-07-14,
2015-07-15,
2015-07-16,
2015-07-17,
2015-07-20,
2015-07-21,
2015-07-22,
2015-07-23,
2015-07-24,
2015-07-27,
2015-07-28,
2015-07-29,
2015-07-30,
2015-07-31,
2015-08-03,
2015-08-04,
2015-08-05,
2015-08-06,
2015-08-07,
2015-08-10,
2015-08-11,
2015-08-12,
2015-08-13,
2015-08-14,
2015-08-17,
2015-08-18,
2015-08-19,
2015-08-20,
2015-08-21,
2015-08-24,
2015-08-25,
2015-08-26,
2015-08-27,
2015-08-28,
2015-08-31,
2015-09-01,
2015-09-02,
2015-09-03,
2015-09-04,
2015-09-08,
2015-09-09,
2015-09-10,
2015-09-11,
2015-09-14,
2015-09-15,
2015-09-16,
2015-09-17,
2015-09-18,
2015-09-21,
2015-09-22,
2015-09-23,
2015-09-24,
2015-09-25,
2015-09-28,
2015-09-29,
2015-09-30,
2015-10-01,
2015-10-02,
2015-10-05,
2015-10-06,
2015-10-07,
2015-10-08,
2015-10-09,
2015-10-12,
2015-10-13,
2015-10-14,
2015-10-15,
2015-10-16,
2015-10-19,
2015-10-20,
2015-10-21,
2015-10-22,
2015-10-23,
2015-10-26,
2015-10-27,
2015-10-28,
2015-10-29,
2015-10-30,
2015-11-02,
2015-11-03,
2015-11-04,
2015-11-05,
2015-11-06,
2015-11-09,
2015-11-10,
2015-11-11,
2015-11-12,
2015-11-13,
2015-11-16,
2015-11-17,
2015-11-18,
2015-11-19,
2015-11-20,
2015-11-23,
2015-11-24,
2015-11-25,
2015-11-27,
2015-11-30,
2015-12-01,
2015-12-02,
2015-12-03,
2015-12-04,
2015-12-07,
2015-12-08,
2015-12-09,
2015-12-10,
2015-12-11,
2015-12-14,
2015-12-15,
2015-12-16,
2015-12-17,
2015-12-18,
2015-12-21,
2015-12-22,
2015-12-23,
2015-12-24,
2015-12-28,
2015-12-29,
2015-12-30,
2015-12-31,
2016-01-04,
2016-01-05,
2016-01-06,
2016-01-07,
2016-01-08,
2016-01-11,
2016-01-12,
2016-01-13,
2016-01-14,
2016-01-15,
2016-01-19,
2016-01-20,
2016-01-21,
2016-01-22,
2016-01-25,
2016-01-26,
2016-01-27,
2016-01-28,
2016-01-29,
2016-02-01,
2016-02-02,
2016-02-03,
2016-02-04,
2016-02-05,
2016-02-08,
2016-02-09,
2016-02-10,
2016-02-11,
2016-02-12,
2016-02-16,
2016-02-17,
2016-02-18,
2016-02-19,
2016-02-22,
2016-02-23,
2016-02-24,
2016-02-25,
2016-02-26,
2016-02-29,
2016-03-01,
2016-03-02,
2016-03-03,
2016-03-04,
2016-03-07,
2016-03-08,
2016-03-09,
2016-03-10,
2016-03-11,
2016-03-14,
2016-03-15,
2016-03-16,
2016-03-17,
2016-03-18,
2016-03-21,
2016-03-22,
2016-03-23,
2016-03-24,
2016-03-28,
2016-03-29,
2016-03-30,
2016-03-31,
2016-04-01,
2016-04-04,
2016-04-05,
2016-04-06,
2016-04-07,
2016-04-08,
2016-04-11,
2016-04-12,
2016-04-13,
2016-04-14,
2016-04-15,
2016-04-18,
2016-04-19,
2016-04-20,
2016-04-21,
2016-04-22,
2016-04-25,
2016-04-26,
2016-04-27,
2016-04-28,
2016-04-29,
2016-05-02,
2016-05-03,
2016-05-04,
2016-05-05,
2016-05-06,
2016-05-09,
2016-05-10,
2016-05-11,
2016-05-12,
2016-05-13,
2016-05-16,
2016-05-17,
2016-05-18,
2016-05-19,
2016-05-20,
2016-05-23,
2016-05-24,
2016-05-25,
2016-05-26,
2016-05-27,
2016-05-31,
2016-06-01,
2016-06-02,
2016-06-03,
2016-06-06,
2016-06-07,
2016-06-08,
2016-06-09,
2016-06-10,
2016-06-13,
2016-06-14,
2016-06-15,
2016-06-16,
2016-06-17,
2016-06-20,
2016-06-21,
2016-06-22,
2016-06-23,
2016-06-24,
2016-06-27,
2016-06-28,
2016-06-29,
2016-06-30,
2016-07-01,
2016-07-05,
2016-07-06,
2016-07-07,
2016-07-08,
2016-07-11,
2016-07-12,
2016-07-13,
2016-07-14,
2016-07-15,
2016-07-18,
2016-07-19,
2016-07-20,
2016-07-21,
2016-07-22,
2016-07-25,
2016-07-26,
2016-07-27,
2016-07-28,
2016-07-29,
2016-08-01,
2016-08-02,
2016-08-03,
2016-08-04,
2016-08-05,
2016-08-08,
2016-08-09,
2016-08-10,
2016-08-11,
2016-08-12,
2016-08-15,
2016-08-16,
2016-08-17,
2016-08-18,
2016-08-19,
2016-08-22,
2016-08-23,
2016-08-24,
2016-08-25,
2016-08-26,
2016-08-29,
2016-08-30,
2016-08-31,
2016-09-01,
2016-09-02,
2016-09-06,
2016-09-07,
2016-09-08,
2016-09-09,
2016-09-12,
2016-09-13,
2016-09-14,
2016-09-15,
2016-09-16,
2016-09-19,
2016-09-20,
2016-09-21,
2016-09-22,
2016-09-23,
2016-09-26,
2016-09-27,
2016-09-28,
2016-09-29,
2016-09-30,
2016-10-03,
2016-10-04,
2016-10-05,
2016-10-06,
2016-10-07,
2016-10-10,
2016-10-11,
2016-10-12,
2016-10-13,
2016-10-14,
2016-10-17,
2016-10-18,
2016-10-19,
2016-10-20,
2016-10-21,
2016-10-24,
2016-10-25,
2016-10-26,
2016-10-27,
2016-10-28,
2016-10-31,
2016-11-01,
2016-11-02,
2016-11-03,
2016-11-04,
2016-11-07,
2016-11-08,
2016-11-09,
2016-11-10,
2016-11-11,
2016-11-14,
2016-11-15,
2016-11-16,
2016-11-17,
2016-11-18,
2016-11-21,
2016-11-22,
2016-11-23,
2016-11-25,
2016-11-28,
2016-11-29,
2016-11-30,
2016-12-01,
2016-12-02,
2016-12-05,
2016-12-06,
2016-12-07,
2016-12-08,
2016-12-09,
2016-12-12,
2016-12-13,
2016-12-14,
2016-12-15,
2016-12-16,
2016-12-19,
2016-12-20,
2016-12-21,
2016-12-22,
2016-12-23,
2016-12-27,
2016-12-28,
2016-12-29,
2016-12-30,
2017-01-03,
2017-01-04,
2017-01-05,
2017-01-06,
2017-01-09,
2017-01-10,
2017-01-11,
2017-01-12,
2017-01-13,
2017-01-17,
2017-01-18,
2017-01-19,
2017-01-20,
2017-01-23,
2017-01-24,
2017-01-25,
2017-01-26,
2017-01-27,
2017-01-30,
2017-01-31,
2017-02-01,
2017-02-02,
2017-02-03,
2017-02-06,
2017-02-07,
2017-02-08,
2017-02-09,
2017-02-10,
2017-02-13,
2017-02-14,
2017-02-15,
2017-02-16,
2017-02-17,
2017-02-21,
2017-02-22,
2017-02-23,
2017-02-24,
2017-02-27,
2017-02-28,
2017-03-01,
2017-03-02,
2017-03-03,
2017-03-06,
2017-03-07,
2017-03-08,
2017-03-09,
2017-03-10,
2017-03-13,
2017-03-14,
2017-03-15,
2017-03-16,
2017-03-17,
2017-03-20,
2017-03-21,
2017-03-22,
2017-03-23,
2017-03-24,
2017-03-27,
2017-03-28,
2017-03-29,
2017-03-30,
2017-03-31,
2017-04-03,
2017-04-04,
2017-04-05,
2017-04-06,
2017-04-07,
2017-04-10,
2017-04-11,
2017-04-12,
2017-04-13,
2017-04-17,
2017-04-18,
2017-04-19,
2017-04-20,
2017-04-21,
2017-04-24,
2017-04-25,
2017-04-26,
2017-04-27,
2017-04-28,
2017-05-01,
2017-05-02,
2017-05-03,
2017-05-04,
2017-05-05,
2017-05-08,
2017-05-09,
2017-05-10,
2017-05-11,
2017-05-12,
2017-05-15,
2017-05-16,
2017-05-17,
2017-05-18,
2017-05-19,
2017-05-22,
2017-05-23,
2017-05-24,
2017-05-25,
2017-05-26,
2017-05-30,
2017-05-31,
2017-06-01,
2017-06-02,
2017-06-05,
2017-06-06,
2017-06-07,
2017-06-08,
2017-06-09,
2017-06-12,
2017-06-13,
2017-06-14,
2017-06-15,
2017-06-16,
2017-06-19,
2017-06-20,
2017-06-21,
2017-06-22,
2017-06-23,
2017-06-26,
2017-06-27,
2017-06-28,
2017-06-29,
2017-06-30,
2017-07-03,
2017-07-05,
2017-07-06,
2017-07-07,
2017-07-10,
2017-07-11,
2017-07-12,
2017-07-13,
2017-07-14,
2017-07-17,
2017-07-18,
2017-07-19,
2017-07-20,
2017-07-21,
2017-07-24,
2017-07-25,
2017-07-26,
2017-07-27,
2017-07-28,
2017-07-31,
2017-08-01,
2017-08-02,
2017-08-03,
2017-08-04,
2017-08-07,
2017-08-08,
2017-08-09,
2017-08-10,
2017-08-11,
2017-08-14,
2017-08-15,
2017-08-16,
2017-08-17,
2017-08-18,
2017-08-21,
2017-08-22,
2017-08-23,
2017-08-24,
2017-08-25,
2017-08-28,
2017-08-29,
2017-08-30,
2017-08-31,
2017-09-01,
2017-09-05,
2017-09-06,
2017-09-07,
2017-09-08,
2017-09-11,
2017-09-12,
2017-09-13,
2017-09-14,
2017-09-15,
2017-09-18,
2017-09-19,
2017-09-20,
2017-09-21,
2017-09-22,
2017-09-25,
2017-09-26,
2017-09-27,
2017-09-28,
2017-09-29,
2017-10-02,
2017-10-03,
2017-10-04,
2017-10-05,
2017-10-06,
2017-10-09,
2017-10-10,
2017-10-11,
2017-10-12,
2017-10-13,
2017-10-16,
2017-10-17,
2017-10-18,
2017-10-19,
2017-10-20,
2017-10-23,
2017-10-24,
2017-10-25,
2017-10-26,
2017-10-27,
2017-10-30,
2017-10-31,
2017-11-01,
2017-11-02,
2017-11-03,
2017-11-06,
2017-11-07,
2017-11-08,
2017-11-09,
2017-11-10,
2017-11-13,
2017-11-14,
2017-11-15,
2017-11-16,
2017-11-17,
2017-11-20,
2017-11-21,
2017-11-22,
2017-11-24,
2017-11-27,
2017-11-28,
2017-11-29,
2017-11-30,
2017-12-01,
2017-12-04,
2017-12-05,
2017-12-06,
2017-12-07,
2017-12-08,
2017-12-11,
2017-12-12,
2017-12-13,
2017-12-14,
2017-12-15,
2017-12-18,
2017-12-19,
2017-12-20,
2017-12-21,
2017-12-22,
2017-12-26,
2017-12-27,
2017-12-28,
2017-12-29,
2018-01-02,
2018-01-03,
2018-01-04,
2018-01-05,
2018-01-08,
2018-01-09,
2018-01-10,
2018-01-11,
2018-01-12,
2018-01-16,
2018-01-17,
2018-01-18,
2018-01-19,
2018-01-22,
2018-01-23,
2018-01-24,
2018-01-25,
2018-01-26,
2018-01-29,
2018-01-30,
2018-01-31,
2018-02-01,
2018-02-02,
2018-02-05,
2018-02-06,
2018-02-07,
2018-02-08,
2018-02-09,
2018-02-12,
2018-02-13,
2018-02-14,
2018-02-15,
2018-02-16,
2018-02-20,
2018-02-21,
2018-02-22,
2018-02-23,
2018-02-26,
2018-02-27,
2018-02-28,
2018-03-01,
2018-03-02,
2018-03-05,
2018-03-06,
2018-03-07,
2018-03-08,
2018-03-09,
2018-03-12,
2018-03-13,
2018-03-14,
2018-03-15,
2018-03-16,
2018-03-19,
2018-03-20,
2018-03-21,
2018-03-22,
2018-03-23,
2018-03-26,
2018-03-27,
2018-03-28,
2018-03-29,
2018-04-02,
2018-04-03,
2018-04-04,
2018-04-05,
2018-04-06,
2018-04-09,
2018-04-10,
2018-04-11,
2018-04-12,
2018-04-13,
2018-04-16,
2018-04-17,
2018-04-18,
2018-04-19,
2018-04-20,
2018-04-23,
2018-04-24,
2018-04-25,
2018-04-26,
2018-04-27,
2018-04-30,
2018-05-01,
2018-05-02,
2018-05-03,
2018-05-04,
2018-05-07,
2018-05-08,
2018-05-09,
2018-05-10,
2018-05-11,
2018-05-14,
2018-05-15,
2018-05-16,
2018-05-17,
2018-05-18,
2018-05-21,
2018-05-22,
2018-05-23,
2018-05-24,
2018-05-25,
2018-05-29,
2018-05-30,
2018-05-31,
2018-06-01,
2018-06-04,
2018-06-05,
2018-06-06,
2018-06-07,
2018-06-08,
2018-06-11,
2018-06-12,
2018-06-13,
2018-06-14,
2018-06-15,
2018-06-18,
2018-06-19,
2018-06-20,
2018-06-21,
2018-06-22,
2018-06-25,
2018-06-26,
2018-06-27,
2018-06-28,
2018-06-29,
2018-07-02,
2018-07-03,
2018-07-05,
2018-07-06,
2018-07-09,
2018-07-10,
2018-07-11,
2018-07-12,
2018-07-13,
2018-07-16,
2018-07-17,
2018-07-18,
2018-07-19,
2018-07-20,
2018-07-23,
2018-07-24,
2018-07-25,
2018-07-26,
2018-07-27,
2018-07-30,
2018-07-31,
2018-08-01,
2018-08-02,
2018-08-03,
2018-08-06,
2018-08-07,
2018-08-08,
2018-08-09,
2018-08-10,
2018-08-13,
2018-08-14,
2018-08-15,
2018-08-16,
2018-08-17,
2018-08-20,
2018-08-21,
2018-08-22,
2018-08-23,
2018-08-24,
2018-08-27,
2018-08-28,
2018-08-29,
2018-08-30,
2018-08-31,
2018-09-04,
2018-09-05,
2018-09-06,
2018-09-07,
2018-09-10,
2018-09-11,
2018-09-12,
2018-09-13,
2018-09-14,
2018-09-17,
2018-09-18,
2018-09-19,
2018-09-20,
2018-09-21,
2018-09-24,
2018-09-25,
2018-09-26,
2018-09-27,
2018-09-28,
2018-10-01,
2018-10-02,
2018-10-03,
2018-10-04,
2018-10-05,
2018-10-08,
2018-10-09,
2018-10-10,
2018-10-11,
2018-10-12,
2018-10-15,
2018-10-16,
2018-10-17,
2018-10-18,
2018-10-19,
2018-10-22,
2018-10-23,
2018-10-24,
2018-10-25,
2018-10-26,
2018-10-29,
2018-10-30,
2018-10-31,
2018-11-01,
2018-11-02,
2018-11-05,
2018-11-06,
2018-11-07,
2018-11-08,
2018-11-09,
2018-11-12,
2018-11-13,
2018-11-14,
2018-11-15,
2018-11-16,
2018-11-19,
2018-11-20,
2018-11-21,
2018-11-23,
2018-11-26,
2018-11-27,
2018-11-28,
2018-11-29,
2018-11-30,
2018-12-03,
2018-12-04,
2018-12-06,
2018-12-07,
2018-12-10,
2018-12-11,
2018-12-12,
2018-12-13,
2018-12-14,
2018-12-17,
2018-12-18,
2018-12-19,
2018-12-20,
2018-12-21,
2018-12-24,
2018-12-26,
2018-12-27,
2018-12-28,
2018-12-31,
2019-01-02,
2019-01-03,
2019-01-04,
2019-01-07,
2019-01-08,
2019-01-09,
2019-01-10,
2019-01-11,
2019-01-14,
2019-01-15,
2019-01-16,
2019-01-17,
2019-01-18,
2019-01-22,
2019-01-23,
2019-01-24,
2019-01-25,
2019-01-28,
2019-01-29,
2019-01-30,
2019-01-31,
2019-02-01,
2019-02-04,
2019-02-05,
2019-02-06,
2019-02-07,
2019-02-08,
2019-02-11,
2019-02-12,
2019-02-13,
2019-02-14,
2019-02-15,
2019-02-19,
2019-02-20,
2019-02-21,
2019-02-22,
2019-02-25,
2019-02-26,
2019-02-27,
2019-02-28,
2019-03-01,
2019-03-04,
2019-03-05,
2019-03-06,
2019-03-07,
2019-03-08,
2019-03-11,
2019-03-12,
2019-03-13,
2019-03-14,
2019-03-15,
2019-03-18,
2019-03-19,
2019-03-20,
2019-03-21,
2019-03-22,
2019-03-25,
2019-03-26,
2019-03-27,
2019-03-28,
2019-03-29,
2019-04-01,
2019-04-02,
2019-04-03,
2019-04-04,
2019-04-05,
2019-04-08,
2019-04-09,
2019-04-10,
2019-04-11,
2019-04-12,
2019-04-15,
2019-04-16,
2019-04-17,
2019-04-18,
2019-04-22,
2019-04-23,
2019-04-24,
2019-04-25,
2019-04-26,
2019-04-29,
2019-04-30,
2019-05-01,
2019-05-02,
2019-05-03,
2019-05-06,
2019-05-07,
2019-05-08,
2019-05-09,
2019-05-10,
2019-05-13,
2019-05-14,
2019-05-15,
2019-05-16,
2019-05-17,
2019-05-20,
2019-05-21,
2019-05-22,
2019-05-23,
2019-05-24,
2019-05-28,
2019-05-29,
2019-05-30,
2019-05-31,
2019-06-03,
2019-06-04,
2019-06-05,
2019-06-06,
2019-06-07,
2019-06-10,
2019-06-11,
2019-06-12,
2019-06-13,
2019-06-14,
2019-06-17,
2019-06-18,
2019-06-19,
2019-06-20,
2019-06-21,
2019-06-24,
2019-06-25,
2019-06-26,
2019-06-27,
2019-06-28,
2019-07-01,
2019-07-02,
2019-07-03,
2019-07-05,
2019-07-08,
2019-07-09,
2019-07-10,
2019-07-11,
2019-07-12,
2019-07-15,
2019-07-16,
2019-07-17,
2019-07-18,
2019-07-19,
2019-07-22,
2019-07-23,
2019-07-24,
2019-07-25,
2019-07-26,
2019-07-29,
2019-07-30,
2019-07-31,
2019-08-01,
2019-08-02,
2019-08-05,
2019-08-06,
2019-08-07,
2019-08-08,
2019-08-09,
2019-08-12,
2019-08-13,
2019-08-14,
2019-08-15,
2019-08-16,
2019-08-19,
2019-08-20,
2019-08-21,
2019-08-22,
2019-08-23,
2019-08-26,
2019-08-27,
2019-08-28,
2019-08-29,
2019-08-30,
2019-09-03,
2019-09-04,
2019-09-05,
2019-09-06,
2019-09-09,
2019-09-10,
2019-09-11,
2019-09-12,
2019-09-13,
2019-09-16,
2019-09-17,
2019-09-18,
2019-09-19,
2019-09-20,
2019-09-23,
2019-09-24,
2019-09-25,
2019-09-26,
2019-09-27,
2019-09-30,
2019-10-01,
2019-10-02,
2019-10-03,
2019-10-04,
2019-10-07,
2019-10-08,
2019-10-09,
2019-10-10,
2019-10-11,
2019-10-14,
2019-10-15,
2019-10-16,
2019-10-17,
2019-10-18,
2019-10-21,
2019-10-22,
2019-10-23,
2019-10-24,
2019-10-25,
2019-10-28,
2019-10-29,
2019-10-30,
2019-10-31,
2019-11-01,
2019-11-04,
2019-11-05,
2019-11-06,
2019-11-07,
2019-11-08,
2019-11-11,
2019-11-12,
2019-11-13,
2019-11-14,
2019-11-15,
2019-11-18,
2019-11-19,
2019-11-20,
2019-11-21,
2019-11-22,
2019-11-25,
2019-11-26,
2019-11-27,
2019-11-29,
2019-12-02,
2019-12-03,
2019-12-04,
2019-12-05,
2019-12-06,
2019-12-09,
2019-12-10,
2019-12-11,
2019-12-12,
2019-12-13,
2019-12-16,
2019-12-17,
2019-12-18,
2019-12-19,
2019-12-20,
2019-12-23,
2019-12-24,
2019-12-26,
2019-12-27,
2019-12-30,
2019-12-31,
2020-01-02,
2020-01-03,
2020-01-06,
2020-01-07,
2020-01-08,
2020-01-09,
2020-01-10,
2020-01-13,
2020-01-14,
2020-01-15,
2020-01-16,
2020-01-17,
2020-01-21,
2020-01-22,
2020-01-23,
2020-01-24,
2020-01-27,
2020-01-28,
2020-01-29,
2020-01-30,
2020-01-31,
2020-02-03,
2020-02-04,
2020-02-05,
2020-02-06,
2020-02-07,
2020-02-10,
2020-02-11,
2020-02-12,
2020-02-13,
2020-02-14,
2020-02-18,
2020-02-19,
2020-02-20,
2020-02-21,
2020-02-24,
2020-02-25,
2020-02-26,
2020-02-27,
2020-02-28,
2020-03-02,
2020-03-03,
2020-03-04,
2020-03-05,
2020-03-06,
2020-03-09,
2020-03-10,
2020-03-11,
2020-03-12,
2020-03-13,
2020-03-16,
2020-03-17,
2020-03-18,
2020-03-19,
2020-03-20,
2020-03-23,
2020-03-24,
2020-03-25,
2020-03-26,
2020-03-27,
2020-03-30,
2020-03-31,
2020-04-01,
2020-04-02,
2020-04-03,
2020-04-06,
2020-04-07,
2020-04-08,
2020-04-09,
2020-04-13,
2020-04-14,
2020-04-15,
2020-04-16,
2020-04-17,
2020-04-20,
2020-04-21,
2020-04-22,
2020-04-23,
2020-04-24,
2020-04-27,
2020-04-28,
2020-04-29,
2020-04-30,
2020-05-01,
2020-05-04,
2020-05-05,
2020-05-06,
2020-05-07,
2020-05-08,
2020-05-11,
2020-05-12,
2020-05-13,
2020-05-14,
2020-05-15,
2020-05-18,
2020-05-19,
2020-05-20,
2020-05-21,
2020-05-22,
2020-05-26,
2020-05-27,
2020-05-28,
2020-05-29,
2020-06-01,
2020-06-02,
2020-06-03,
2020-06-04,
2020-06-05,
2020-06-08,
2020-06-09,
2020-06-10,
2020-06-11,
2020-06-12,
2020-06-15,
2020-06-16,
2020-06-17,
2020-06-18,
2020-06-19,
2020-06-22,
2020-06-23,
2020-06-24,
2020-06-25,
2020-06-26,
2020-06-29,
2020-06-30,
2020-07-01,
2020-07-02,
2020-07-06,
2020-07-07,
2020-07-08,
2020-07-09,
2020-07-10,
2020-07-13,
2020-07-14,
2020-07-15,
2020-07-16,
2020-07-17,
2020-07-20,
2020-07-21,
2020-07-22,
2020-07-23,
2020-07-24,
2020-07-27,
2020-07-28,
2020-07-29,
2020-07-30,
2020-07-31,
2020-08-03,
2020-08-04,
2020-08-05,
2020-08-06,
2020-08-07,
2020-08-10,
2020-08-11,
2020-08-12,
2020-08-13,
2020-08-14,
2020-08-17,
2020-08-18,
2020-08-19,
2020-08-20,
2020-08-21,
2020-08-24,
2020-08-25,
2020-08-26,
2020-08-27,
2020-08-28,
2020-08-31,
2020-09-01,
2020-09-02,
2020-09-03,
2020-09-04,
2020-09-08,
2020-09-09,
2020-09-10,
2020-09-11,
2020-09-14,
2020-09-15,
2020-09-16,
2020-09-17,
2020-09-18,
2020-09-21,
2020-09-22,
2020-09-23,
2020-09-24,
2020-09-25,
2020-09-28,
2020-09-29,
2020-09-30,
2020-10-01,
2020-10-02,
2020-10-05,
2020-10-06,
2020-10-07,
2020-10-08,
2020-10-09,
2020-10-12,
2020-10-13,
2020-10-14,
2020-10-15,
2020-10-16,
2020-10-19,
2020-10-20,
2020-10-21,
2020-10-22,
2020-10-23,
2020-10-26,
2020-10-27,
2020-10-28,
2020-10-29,
2020-10-30,
2020-11-02,
2020-11-03,
2020-11-04,
2020-11-05,
2020-11-06,
2020-11-09,
2020-11-10,
2020-11-11,
2020-11-12,
2020-11-13,
2020-11-16,
2020-11-17,
2020-11-18,
2020-11-19,
2020-11-20,
2020-11-23,
2020-11-24,
2020-11-25,
2020-11-27,
2020-11-30,
2020-12-01,
2020-12-02,
2020-12-03,
2020-12-04,
2020-12-07,
2020-12-08,
2020-12-09,189.50999450683594
2020-12-10,186.0
2020-12-11,175.0
2020-12-14,160.0
2020-12-15,158.88999938964844
2020-12-16,158.0500030517578
2020-12-17,154.2100067138672
2020-12-18,166.35000610351562
2020-12-21,160.22999572753906
2020-12-22,156.7899932861328
2020-12-23,158.22000122070312
2020-12-24,158.4600067138672
2020-12-28,147.88999938964844
2020-12-29,141.27000427246094
2020-12-30,140.1999969482422
2020-12-31,142.75
2021-01-04,139.19000244140625
2021-01-05,144.42999267578125
2021-01-06,140.00999450683594
2021-01-07,152.77000427246094
2021-01-08,156.08999633789062
2021-01-11,167.0
2021-01-12,191.99000549316406
2021-01-13,198.0
2021-01-14,207.24000549316406
2021-01-15,187.14999389648438
2021-01-19,198.75
2021-01-20,189.4600067138672
2021-01-21,190.88999938964844
2021-01-22,192.0
2021-01-25,191.80999755859375
2021-01-26,198.22000122070312
2021-01-27,193.07000732421875
2021-01-28,183.8000030517578
2021-01-29,193.27000427246094
2021-02-01,191.1699981689453
2021-02-02,182.52999877929688
2021-02-03,180.5800018310547
2021-02-04,189.3300018310547
2021-02-05,181.22999572753906
2021-02-08,177.42999267578125
2021-02-09,187.75
2021-02-10,215.16000366210938
2021-02-11,213.25999450683594
2021-02-12,202.97000122070312
2021-02-16,212.1699981689453
2021-02-17,197.8699951171875
2021-02-18,200.05999755859375
2021-02-19,205.97000122070312
2021-02-22,178.07000732421875
2021-02-23,173.5
2021-02-24,176.32000732421875
2021-02-25,166.8699951171875
2021-02-26,169.49000549316406
2021-03-01,168.88999938964844
2021-03-02,160.58999633789062
2021-03-03,148.25
2021-03-04,150.0
2021-03-05,151.47999572753906
2021-03-08,133.41000366210938
2021-03-09,141.47999572753906
2021-03-10,135.77000427246094
2021-03-11,144.97000122070312
2021-03-12,142.02999877929688
2021-03-15,140.69000244140625
2021-03-16,133.66000366210938
2021-03-17,133.8000030517578
2021-03-18,130.6199951171875
2021-03-19,135.02999877929688
2021-03-22,135.91000366210938
2021-03-23,131.75999450683594
2021-03-24,125.52999877929688
2021-03-25,131.75
2021-03-26,134.00999450683594
2021-03-29,129.97999572753906
2021-03-30,130.60000610351562
2021-03-31,131.1300048828125
2021-04-01,133.13999938964844
2021-04-05,133.5500030517578
2021-04-06,131.08999633789062
2021-04-07,127.5
2021-04-08,128.13999938964844
2021-04-09,140.5
2021-04-12,147.8300018310547
2021-04-13,149.4600067138672
2021-04-14,143.64999389648438
2021-04-15,151.5
2021-04-16,149.49000549316406
2021-04-19,146.6699981689453
2021-04-20,144.35000610351562
2021-04-21,143.32000732421875
2021-04-22,143.9600067138672
2021-04-23,152.75
2021-04-26,153.8000030517578
2021-04-27,162.1300048828125
2021-04-28,162.4499969482422
2021-04-29,150.11000061035156
2021-04-30,143.1699981689453
2021-05-03,140.47000122070312
2021-05-04,135.22000122070312
2021-05-05,128.38999938964844
2021-05-06,122.7699966430664
2021-05-07,124.88999938964844
2021-05-10,120.44999694824219
2021-05-11,124.54000091552734
2021-05-12,112.98999786376953
2021-05-13,115.48999786376953
2021-05-14,141.07000732421875
2021-05-17,133.7899932861328
2021-05-18,138.55999755859375
2021-05-19,140.1999969482422
2021-05-20,137.0
2021-05-21,137.57000732421875
2021-05-24,140.4600067138672
2021-05-25,136.27000427246094
2021-05-26,141.86000061035156
2021-05-27,152.82000732421875
2021-05-28,150.27999877929688
2021-06-01,149.27000427246094
2021-06-02,149.8300018310547
2021-06-03,139.11000061035156
2021-06-04,143.8000030517578
2021-06-07,142.5
2021-06-08,136.75999450683594
2021-06-09,136.97999572753906
2021-06-10,144.85000610351562
2021-06-11,154.16000366210938
2021-06-14,158.8300018310547
2021-06-15,158.64999389648438
2021-06-16,161.4600067138672
2021-06-17,164.52000427246094
2021-06-18,167.3300018310547
2021-06-21,173.2100067138672
2021-06-22,178.97999572753906
2021-06-23,174.02999877929688
2021-06-24,175.3000030517578
2021-06-25,176.72000122070312
2021-06-28,175.60000610351562
2021-06-29,183.91000366210938
2021-06-30,178.3300018310547
2021-07-01,180.58999633789062
2021-07-02,182.91000366210938
2021-07-06,182.77000427246094
2021-07-07,185.14999389648438
2021-07-08,178.55999755859375
2021-07-09,180.22999572753906
2021-07-12,177.17999267578125
2021-07-13,176.49000549316406
2021-07-14,169.3300018310547
2021-07-15,167.3300018310547
2021-07-16,167.36000061035156
2021-07-19,175.5
2021-07-20,177.55999755859375
2021-07-21,179.02000427246094
2021-07-22,182.77999877929688
2021-07-23,188.60000610351562
2021-07-26,184.08999633789062
2021-07-27,179.99000549316406
2021-07-28,186.85000610351562
2021-07-29,178.05999755859375
2021-07-30,174.2899932861328
2021-08-02,177.6300048828125
2021-08-03,177.1300048828125
2021-08-04,178.52000427246094
2021-08-05,181.3300018310547
2021-08-06,181.55999755859375
2021-08-09,183.14999389648438
2021-08-10,190.16000366210938
2021-08-11,190.55999755859375
2021-08-12,188.2100067138672
2021-08-13,194.7899932861328
2021-08-16,187.6699981689453
2021-08-17,185.8800048828125
2021-08-18,191.6300048828125
2021-08-19,182.05999755859375
2021-08-20,184.0800018310547
2021-08-23,183.0800018310547
2021-08-24,187.4499969482422
2021-08-25,188.25
2021-08-26,191.0
2021-08-27,187.94000244140625
2021-08-30,192.6999969482422
2021-08-31,191.39999389648438
2021-09-01,191.8000030517578
2021-09-02,191.72000122070312
2021-09-03,193.4600067138672
2021-09-07,197.1199951171875
2021-09-08,200.9199981689453
2021-09-09,207.74000549316406
2021-09-10,210.3699951171875
2021-09-13,208.63999938964844
2021-09-14,203.3300018310547
2021-09-15,209.85000610351562
2021-09-16,221.5
2021-09-17,222.91000366210938
2021-09-20,220.32000732421875
2021-09-21,221.36000061035156
2021-09-22,217.66000366210938
2021-09-23,217.0
2021-09-24,220.52000427246094
2021-09-27,216.72999572753906
2021-09-28,206.32000732421875
2021-09-29,205.8300018310547
2021-09-30,205.97999572753906
2021-10-01,203.99000549316406
2021-10-04,197.67999267578125
2021-10-05,199.5
2021-10-06,205.25999450683594
2021-10-07,204.9199981689453
2021-10-08,204.4199981689453
2021-10-11,195.3000030517578
2021-10-12,199.0
2021-10-13,205.4199981689453
2021-10-14,212.42999267578125
2021-10-15,214.07000732421875
2021-10-18,215.3699951171875
2021-10-19,213.3300018310547
2021-10-20,215.67999267578125
2021-10-21,218.82000732421875
2021-10-22,213.8300018310547
2021-10-25,216.3300018310547
2021-10-26,212.92999267578125
2021-10-27,198.9499969482422
2021-10-28,196.0
2021-10-29,194.8000030517578
2021-11-01,197.94000244140625
2021-11-02,199.19000244140625
2021-11-03,206.02000427246094
2021-11-04,207.44000244140625
2021-11-05,198.67999267578125
2021-11-08,193.14999389648438
2021-11-09,192.00999450683594
2021-11-10,214.24000549316406
2021-11-11,227.4199981689453
2021-11-12,245.97000122070312
2021-11-15,242.72000122070312
2021-11-16,234.64999389648438
2021-11-17,229.4600067138672
2021-11-18,228.80999755859375
2021-11-19,215.25
2021-11-22,201.4600067138672
2021-11-23,184.30999755859375
2021-11-24,184.92999267578125
2021-11-26,187.9199981689453
2021-11-29,183.00999450683594
2021-11-30,178.77000427246094
2021-12-01,161.6199951171875
2021-12-02,166.1199951171875
2021-12-03,157.7100067138672
2021-12-06,161.5399932861328
2021-12-07,163.4600067138672
2021-12-08,168.92999267578125
2021-12-09,164.86000061035156
2021-12-10,158.0
2021-12-13,155.25
2021-12-14,156.42999267578125
2021-12-15,156.24000549316406
2021-12-16,144.44000244140625
2021-12-17,148.80999755859375
2021-12-20,148.07000732421875
2021-12-21,151.61000061035156
2021-12-22,149.24000549316406
2021-12-23,153.67999267578125
2021-12-27,156.0399932861328
2021-12-28,153.55999755859375
2021-12-29,150.11000061035156
2021-12-30,152.3800048828125
2021-12-31,148.89999389648438
2022-01-03,145.33999633789062
2022-01-04,135.91000366210938
2022-01-05,127.97000122070312
2022-01-06,137.27999877929688
2022-01-07,132.27000427246094
2022-01-10,133.4499969482422
2022-01-11,143.63999938964844
2022-01-12,140.66000366210938
2022-01-13,131.77999877929688
2022-01-14,131.52999877929688
2022-01-18,128.5800018310547
2022-01-19,131.75999450683594
2022-01-20,126.77999877929688
2022-01-21,116.94999694824219
2022-01-24,117.3499984741211
2022-01-25,109.38999938964844
2022-01-26,101.47000122070312
2022-01-27,96.08999633789062
2022-01-28,103.66999816894531
2022-01-31,113.48999786376953
2022-02-01,114.62000274658203
2022-02-02,104.16999816894531
2022-02-03,92.29000091552734
2022-02-04,98.48999786376953
2022-02-07,97.91000366210938
2022-02-08,100.51000213623047
2022-02-09,108.12999725341797
2022-02-10,97.80999755859375
2022-02-11,95.01000213623047
2022-02-14,97.11000061035156
2022-02-15,101.80999755859375
2022-02-16,94.88999938964844
2022-02-17,105.02999877929688
2022-02-18,96.20999908447266
2022-02-22,93.16999816894531
2022-02-23,90.55000305175781
2022-02-24,100.41999816894531
2022-02-25,100.33999633789062
2022-02-28,104.94999694824219
2022-03-01,102.43000030517578
2022-03-02,103.62000274658203
2022-03-03,101.68000030517578
2022-03-04,89.86000061035156
2022-03-07,79.86000061035156
2022-03-08,85.01000213623047
2022-03-09,91.83999633789062
2022-03-10,89.6500015258789
2022-03-11,86.97000122070312
2022-03-14,76.05999755859375
2022-03-15,79.7699966430664
2022-03-16,90.5
2022-03-17,96.08999633789062
2022-03-18,107.29000091552734
2022-03-21,107.0999984741211
2022-03-22,111.25
2022-03-23,114.33999633789062
2022-03-24,114.87999725341797
2022-03-25,105.29000091552734
2022-03-28,114.43000030517578
2022-03-29,123.55000305175781
2022-03-30,118.2300033569336
2022-03-31,117.19000244140625
2022-04-01,120.9000015258789
2022-04-04,127.20999908447266
2022-04-05,118.19999694824219
2022-04-06,113.5999984741211
2022-04-07,110.91000366210938
2022-04-08,106.41999816894531
2022-04-11,104.72000122070312
2022-04-12,104.41999816894531
2022-04-13,110.76000213623047
2022-04-14,109.30999755859375
2022-04-18,103.0999984741211
2022-04-19,106.51000213623047
2022-04-20,100.13999938964844
2022-04-21,91.94999694824219
2022-04-22,89.0
2022-04-25,91.25
2022-04-26,84.26000213623047
2022-04-27,82.22000122070312
2022-04-28,87.38999938964844
2022-04-29,81.43000030517578
2022-05-02,82.26000213623047
2022-05-03,79.18000030517578
2022-05-04,81.63999938964844
2022-05-05,73.1500015258789
2022-05-06,72.11000061035156
2022-05-09,64.18000030517578
2022-05-10,68.52999877929688
2022-05-11,59.5099983215332
2022-05-12,65.58999633789062
2022-05-13,73.70999908447266
2022-05-16,65.79000091552734
2022-05-17,69.37999725341797
2022-05-18,63.630001068115234
2022-05-19,66.94999694824219
2022-05-20,66.2300033569336
2022-05-23,67.80999755859375
2022-05-24,62.65999984741211
2022-05-25,68.4800033569336
2022-05-26,73.69000244140625
2022-05-27,78.08999633789062
2022-05-31,76.91000366210938
2022-06-01,71.94999694824219
2022-06-02,72.97000122070312
2022-06-03,68.04000091552734
2022-06-06,69.94999694824219
2022-06-07,69.93000030517578
2022-06-08,73.79000091552734
2022-06-09,68.6500015258789
2022-06-10,62.18000030517578
2022-06-13,58.380001068115234
2022-06-14,58.459999084472656
2022-06-15,63.619998931884766
2022-06-16,58.380001068115234
2022-06-17,61.689998626708984
2022-06-21,63.06999969482422
2022-06-22,65.1500015258789
2022-06-23,70.2699966430664
2022-06-24,74.11000061035156
2022-06-27,71.19999694824219
2022-06-28,67.44999694824219
2022-06-29,67.41999816894531
2022-06-30,64.16999816894531
2022-07-01,67.94999694824219
2022-07-05,74.9000015258789
2022-07-06,69.36000061035156
2022-07-07,76.0
2022-07-08,74.95999908447266
2022-07-11,71.31999969482422
2022-07-12,71.12999725341797
2022-07-13,71.73999786376953
2022-07-14,69.33000183105469
2022-07-15,70.0999984741211
2022-07-18,72.44000244140625
2022-07-19,73.73999786376953
2022-07-20,77.16999816894531
2022-07-21,77.61000061035156
2022-07-22,73.44999694824219
2022-07-25,71.76000213623047
2022-07-26,68.69999694824219
2022-07-27,71.41999816894531
2022-07-28,70.06999969482422
2022-07-29,69.75
2022-08-01,72.02999877929688
2022-08-02,75.73999786376953
2022-08-03,79.5
2022-08-04,81.36000061035156
2022-08-05,80.29000091552734
2022-08-08,75.54000091552734
2022-08-09,73.02999877929688
2022-08-10,80.5999984741211
2022-08-11,77.88999938964844
2022-08-12,77.37000274658203
2022-08-15,77.76000213623047
2022-08-16,73.56999969482422
2022-08-17,68.18000030517578
2022-08-18,66.69999694824219
2022-08-19,64.98999786376953
2022-08-22,63.33000183105469
2022-08-23,63.619998931884766
2022-08-24,64.12000274658203
2022-08-25,64.94999694824219
2022-08-26,61.65999984741211
2022-08-29,60.560001373291016
2022-08-30,61.41999816894531
2022-08-31,59.900001525878906
2022-09-01,58.880001068115234
2022-09-02,58.22999954223633
2022-09-06,58.22999954223633
2022-09-07,59.119998931884766
2022-09-08,59.33000183105469
2022-09-09,64.30999755859375
2022-09-12,65.87000274658203
2022-09-13,62.06999969482422
2022-09-14,64.52999877929688
2022-09-15,64.41000366210938
2022-09-16,59.130001068115234
2022-09-19,58.880001068115234
2022-09-20,57.65999984741211
2022-09-21,57.16999816894531
2022-09-22,54.0
2022-09-23,52.0099983215332
2022-09-26,50.72999954223633
2022-09-27,51.150001525878906
2022-09-28,52.70000076293945
2022-09-29,49.84000015258789
2022-09-30,49.45000076293945
2022-10-03,50.52000045776367
2022-10-04,54.15999984741211
2022-10-05,52.9900016784668
2022-10-06,52.9900016784668
2022-10-07,49.38999938964844
2022-10-10,47.709999084472656
2022-10-11,44.849998474121094
2022-10-12,46.720001220703125
2022-10-13,45.90999984741211
2022-10-14,43.060001373291016
2022-10-17,45.709999084472656
2022-10-18,46.900001525878906
2022-10-19,45.779998779296875
2022-10-20,45.529998779296875
2022-10-21,45.22999954223633
2022-10-24,44.43000030517578
2022-10-25,47.459999084472656
2022-10-26,47.22999954223633
2022-10-27,46.34000015258789
2022-10-28,47.060001373291016
2022-10-31,43.529998779296875
2022-11-01,45.099998474121094
2022-11-02,45.119998931884766
2022-11-03,47.61000061035156
2022-11-04,51.56999969482422
2022-11-07,52.099998474121094
2022-11-08,54.529998779296875
2022-11-09,53.25
2022-11-10,59.459999084472656
2022-11-11,62.9900016784668
2022-11-14,62.02000045776367
2022-11-15,63.380001068115234
2022-11-16,60.779998779296875
2022-11-17,58.70000076293945
2022-11-18,58.290000915527344
2022-11-21,55.27000045776367
2022-11-22,53.95000076293945
2022-11-23,56.58000183105469
2022-11-25,55.470001220703125
2022-11-28,54.650001525878906
2022-11-29,53.34000015258789
2022-11-30,58.25
2022-12-01,57.119998931884766
2022-12-02,55.189998626708984
2022-12-05,53.22999954223633
2022-12-06,52.709999084472656
2022-12-07,53.619998931884766
2022-12-08,54.0099983215332
2022-12-09,55.27000045776367
2022-12-12,58.02000045776367
2022-12-13,58.2400016784668
2022-12-14,58.5
2022-12-15,55.25
2022-12-16,52.52000045776367
2022-12-19,51.439998626708984
2022-12-20,51.33000183105469
2022-12-21,52.91999816894531
2022-12-22,51.36000061035156
2022-12-23,50.689998626708984
2022-12-27,48.43000030517578
2022-12-28,46.849998474121094
2022-12-29,49.58000183105469
2022-12-30,48.81999969482422
2023-01-03,48.36000061035156
2023-01-04,48.93000030517578
2023-01-05,47.130001068115234
2023-01-06,48.0
2023-01-09,48.04999923706055
2023-01-10,48.040000915527344
2023-01-11,51.79999923706055
2023-01-12,52.029998779296875
2023-01-13,52.34000015258789
2023-01-17,54.470001220703125
2023-01-18,55.310001373291016
2023-01-19,54.650001525878906
2023-01-20,58.02000045776367
2023-01-23,60.59000015258789
2023-01-24,59.529998779296875
2023-01-25,59.529998779296875
2023-01-26,56.95000076293945
2023-01-27,58.630001068115234
2023-01-30,56.560001373291016
2023-01-31,57.91999816894531
2023-02-01,58.90999984741211
2023-02-02,63.810001373291016
2023-02-03,59.040000915527344
2023-02-06,59.68000030517578
2023-02-07,60.02000045776367
2023-02-08,62.380001068115234
2023-02-09,61.849998474121094
2023-02-10,57.720001220703125
2023-02-13,59.290000915527344
2023-02-14,61.61000061035156
2023-02-15,68.18000030517578
2023-02-16,66.88999938964844
2023-02-17,61.810001373291016
2023-02-21,58.060001373291016
2023-02-22,57.88999938964844
2023-02-23,56.56999969482422
2023-02-24,55.09000015258789
2023-02-27,54.189998626708984
2023-02-28,54.65999984741211
2023-03-01,53.91999816894531
2023-03-02,55.279998779296875
2023-03-03,57.34000015258789
2023-03-06,55.95000076293945
2023-03-07,58.15999984741211
2023-03-08,58.20000076293945
2023-03-09,55.279998779296875
2023-03-10,53.22999954223633
2023-03-13,53.79999923706055
2023-03-14,56.9900016784668
2023-03-15,58.470001220703125
2023-03-16,60.72999954223633
2023-03-17,59.63999938964844
2023-03-20,59.31999969482422
2023-03-21,60.369998931884766
2023-03-22,59.119998931884766
2023-03-23,60.310001373291016
2023-03-24,60.66999816894531
2023-03-27,59.900001525878906
2023-03-28,59.040000915527344
2023-03-29,59.86000061035156
2023-03-30,61.779998779296875
2023-03-31,63.560001373291016
2023-04-03,63.939998626708984
2023-04-04,63.34000015258789
2023-04-05,60.86000061035156
2023-04-06,60.68000030517578
2023-04-10,61.58000183105469
2023-04-11,62.91999816894531
2023-04-12,60.099998474121094
2023-04-13,61.45000076293945
2023-04-14,61.720001220703125
2023-04-17,60.619998931884766
2023-04-18,62.38999938964844
2023-04-19,61.72999954223633
2023-04-20,59.560001373291016
2023-04-21,61.290000915527344
2023-04-24,59.880001068115234
2023-04-25,56.81999969482422
2023-04-26,57.5
2023-04-27,58.41999816894531
2023-04-28,61.189998626708984
2023-05-01,62.20000076293945
2023-05-02,61.619998931884766
2023-05-03,62.36000061035156
2023-05-04,62.83000183105469
2023-05-05,62.900001525878906
2023-05-08,66.7699966430664
2023-05-09,67.30000305175781
2023-05-10,68.76000213623047
2023-05-11,67.22000122070312
2023-05-12,65.87000274658203
2023-05-15,66.19999694824219
2023-05-16,64.18000030517578
2023-05-17,65.22000122070312
2023-05-18,66.97000122070312
2023-05-19,66.9800033569336
2023-05-22,65.62999725341797
2023-05-23,66.02999877929688
2023-05-24,66.0
2023-05-25,66.5
2023-05-26,67.44000244140625
2023-05-30,64.94000244140625
2023-05-31,65.29000091552734
2023-06-01,67.56999969482422
2023-06-02,67.87999725341797
2023-06-05,69.3499984741211
2023-06-06,71.19000244140625
2023-06-07,70.1500015258789
2023-06-08,69.97000122070312
2023-06-09,71.77999877929688
2023-06-12,72.37000274658203
2023-06-13,73.16000366210938
2023-06-14,71.5
2023-06-15,71.76000213623047
2023-06-16,73.26000213623047
2023-06-20,73.0
2023-06-21,72.91000366210938
2023-06-22,72.7699966430664
2023-06-23,72.63999938964844
2023-06-26,73.58000183105469
2023-06-27,74.76000213623047
2023-06-28,76.48999786376953
2023-06-29,75.44999694824219
2023-06-30,76.41999816894531
2023-07-03,78.70999908447266
2023-07-05,79.06999969482422
2023-07-06,76.98999786376953
2023-07-07,77.94999694824219
2023-07-10,77.61000061035156
2023-07-11,79.8499984741211
2023-07-12,80.58999633789062
2023-07-13,83.29000091552734
2023-07-14,83.95999908447266
2023-07-17,85.33999633789062
2023-07-18,85.06999969482422
2023-07-19,85.0999984741211
2023-07-20,83.63999938964844
2023-07-21,84.5
2023-07-24,84.30999755859375
2023-07-25,85.4000015258789
2023-07-26,86.11000061035156
2023-07-27,86.04000091552734
2023-07-28,89.6500015258789
2023-07-31,90.79000091552734
2023-08-01,86.58999633789062
2023-08-02,85.9800033569336
2023-08-03,85.45999908447266
2023-08-04,83.5999984741211
2023-08-07,84.36000061035156
2023-08-08,84.62999725341797
2023-08-09,82.37999725341797
2023-08-10,82.38999938964844
2023-08-11,79.19000244140625
2023-08-14,79.88999938964844
2023-08-15,78.83000183105469
2023-08-16,79.79000091552734
2023-08-17,77.87999725341797
2023-08-18,77.81999969482422
2023-08-21,76.5999984741211
2023-08-22,77.83999633789062
2023-08-23,77.33999633789062
2023-08-24,76.12999725341797
2023-08-25,78.0199966430664
2023-08-28,78.5
2023-08-29,81.95999908447266
2023-08-30,82.7300033569336
2023-08-31,84.12999725341797
2023-09-01,84.04000091552734
2023-09-05,83.68000030517578
2023-09-06,82.58999633789062
2023-09-07,82.0199966430664
2023-09-08,82.16999816894531
2023-09-11,83.29000091552734
2023-09-12,82.87000274658203
2023-09-13,82.2300033569336
2023-09-14,82.9800033569336
2023-09-15,80.93000030517578
2023-09-18,80.91999816894531
2023-09-19,79.19000244140625
2023-09-20,78.94999694824219
2023-09-21,75.61000061035156
2023-09-22,76.18000030517578
2023-09-25,75.47000122070312
2023-09-26,74.58000183105469
2023-09-27,78.1500015258789
2023-09-28,77.80000305175781
2023-09-29,79.47000122070312
2023-10-02,79.44000244140625
2023-10-03,77.25
2023-10-04,77.93000030517578
2023-10-05,73.80999755859375
2023-10-06,74.51000213623047
2023-10-09,76.08000183105469
2023-10-10,81.43000030517578
2023-10-11,80.80000305175781
2023-10-12,80.0999984741211
2023-10-13,75.37000274658203
2023-10-16,76.41999816894531
2023-10-17,75.87999725341797
2023-10-18,74.5
2023-10-19,73.37000274658203
2023-10-20,73.06999969482422
2023-10-23,74.80999755859375
2023-10-24,76.36000061035156
2023-10-25,72.27999877929688
2023-10-26,71.02999877929688
2023-10-27,70.6500015258789
2023-10-30,73.20999908447266
2023-10-31,74.94999694824219
2023-11-01,75.9000015258789
2023-11-02,87.79000091552734
2023-11-03,92.48999786376953
2023-11-06,89.04000091552734
2023-11-07,88.91000366210938
2023-11-08,87.30999755859375
2023-11-09,84.52999877929688
2023-11-10,87.47000122070312
2023-11-13,89.7699966430664
2023-11-14,93.69000244140625
2023-11-15,95.16000366210938
2023-11-16,95.08999633789062
2023-11-17,95.2300033569336
2023-11-20,95.75
2023-11-21,94.5999984741211
2023-11-22,95.3499984741211
2023-11-24,93.80999755859375
2023-11-27,93.94999694824219
2023-11-28,94.44000244140625
2023-11-29,94.95999908447266
2023-11-30,93.9800033569336
2023-12-01,96.58000183105469
2023-12-04,98.36000061035156
2023-12-05,96.23500061035156
2023-12-06,96.8499984741211
2023-12-07,98.97000122070312
2023-12-08,100.0
2023-12-11,101.5
2023-12-12,101.0
2023-12-13,100.43000030517578
2023-12-14,101.76000213623047
2023-12-15,101.56999969482422
2023-12-18,102.70999908447266
2023-12-19,101.45999908447266
2023-12-20,98.72000122070312
2023-12-21,100.55999755859375
2023-12-22,100.52999877929688
2023-12-26,99.86000061035156
2023-12-27,100.69000244140625
2023-12-28,100.20999908447266
2023-12-29,98.88999938964844
2024-01-02,96.45999908447266
2024-01-03,93.7699966430664
2024-01-04,93.9000015258789
2024-01-05,94.80999755859375
2024-01-08,98.5199966430664
2024-01-09,103.05000305175781
2024-01-10,105.58999633789062
2024-01-11,103.9800033569336
2024-01-12,104.12999725341797
2024-01-16,104.0199966430664
2024-01-17,102.88999938964844
2024-01-18,104.95999908447266
2024-01-19,106.33000183105469
2024-01-22,104.66000366210938
2024-01-23,105.69000244140625
2024-01-24,107.12000274658203
2024-01-25,107.5199966430664
2024-01-26,108.23999786376953
2024-01-29,110.44999694824219
2024-01-30,105.47000122070312
2024-01-31,104.19999694824219
2024-02-01,107.30000305175781
2024-02-02,109.5
2024-02-05,108.12000274658203
2024-02-06,112.33999633789062
2024-02-07,114.33000183105469
2024-02-08,118.30000305175781
2024-02-09,119.30999755859375
2024-02-12,118.44000244140625
2024-02-13,116.38999938964844
2024-02-14,120.01000213623047
2024-02-15,126.2699966430664
2024-02-16,116.01000213623047
2024-02-20,115.4800033569336
2024-02-21,114.69000244140625
2024-02-22,121.41000366210938
2024-02-23,121.76000213623047
2024-02-26,119.88999938964844
2024-02-27,123.69999694824219
2024-02-28,122.44000244140625
2024-02-29,124.56999969482422
2024-03-01,127.43000030517578
2024-03-04,132.39999389648438
2024-03-05,130.89999389648438
2024-03-06,132.1300048828125
2024-03-07,133.1999969482422
2024-03-08,131.8000030517578
2024-03-11,128.77000427246094
2024-03-12,130.4499969482422
2024-03-13,132.4199981689453
2024-03-14,132.5500030517578
2024-03-15,130.5500030517578
2024-03-18,129.5800018310547
2024-03-19,130.8300018310547
2024-03-20,137.91000366210938
2024-03-21,136.75999450683594
2024-03-22,137.24000549316406
2024-03-25,137.82000732421875
2024-03-26,140.25999450683594
2024-03-27,138.8800048828125
2024-03-28,137.72000122070312
2024-04-01,138.25
2024-04-02,137.5
2024-04-03,138.77999877929688
2024-04-04,134.61000061035156
2024-04-05,139.55999755859375
2024-04-08,137.42999267578125
2024-04-09,136.77000427246094
2024-04-10,137.17999267578125
2024-04-11,140.9499969482422
2024-04-12,138.3800048828125
2024-04-15,132.89999389648438
2024-04-16,133.83999633789062
2024-04-17,130.89999389648438
2024-04-18,130.10000610351562
2024-04-19,127.18000030517578
2024-04-22,127.2699966430664
2024-04-23,129.36000061035156
2024-04-24,126.76000213623047
2024-04-25,128.11000061035156
2024-04-26,132.11000061035156
2024-04-29,132.1199951171875
2024-04-30,129.25999450683594
2024-05-01,127.45999908447266
2024-05-02,114.30999755859375
2024-05-03,113.80999755859375
2024-05-06,117.58999633789062
2024-05-07,115.55999755859375
2024-05-08,113.0199966430664
2024-05-09,116.16999816894531
2024-05-10,114.83999633789062
2024-05-13,116.51000213623047
2024-05-14,114.68000030517578
2024-05-15,116.27999877929688
2024-05-16,116.16000366210938
2024-05-17,117.43000030517578
2024-05-20,113.95999908447266
2024-05-21,112.81999969482422
2024-05-22,111.62999725341797
2024-05-23,110.38999938964844
2024-05-24,112.83000183105469
2024-05-28,112.44000244140625
2024-05-29,111.73999786376953
2024-05-30,110.54000091552734
2024-05-31,110.11000061035156
2024-06-03,110.81999969482422
2024-06-04,111.30000305175781
2024-06-05,110.58000183105469
2024-06-06,114.06999969482422
2024-06-07,113.2699966430664
2024-06-10,112.25
2024-06-11,113.0
2024-06-12,115.05000305175781
2024-06-13,113.7699966430664
2024-06-14,112.05000305175781
2024-06-17,112.69000244140625
2024-06-18,112.91000366210938
2024-06-20,110.20999908447266
2024-06-21,113.87999725341797
2024-06-24,110.69999694824219
2024-06-25,112.08000183105469
2024-06-26,111.08000183105469
2024-06-27,110.58000183105469
2024-06-28,108.77999877929688
2024-07-01,108.51000213623047
2024-07-02,107.44999694824219
2024-07-03,107.62000274658203
2024-07-05,110.95999908447266
2024-07-08,109.04000091552734
2024-07-09,108.94999694824219
2024-07-10,106.0
2024-07-11,105.41999816894531
2024-07-12,105.0
2024-07-15,105.6500015258789
2024-07-16,108.73999786376953
2024-07-17,103.16000366210938
2024-07-18,100.27999877929688
2024-07-19,106.0999984741211
2024-07-22,104.5
2024-07-23,105.76000213623047
2024-07-24,102.45999908447266
2024-07-25,100.77999877929688
2024-07-26,104.73999786376953
2024-07-29,105.98999786376953
2024-07-30,107.20999908447266
2024-07-31,110.72000122070312
2024-08-01,108.19999694824219
2024-08-02,117.2300033569336
2024-08-05,121.30000305175781
2024-08-06,122.63999938964844
2024-08-07,121.48999786376953
2024-08-08,124.76000213623047
2024-08-09,123.80999755859375
2024-08-12,124.04000091552734
2024-08-13,127.94000244140625
2024-08-14,126.93000030517578
2024-08-15,130.2899932861328
2024-08-16,129.02999877929688
2024-08-19,129.55999755859375
2024-08-20,127.54000091552734
2024-08-21,129.4499969482422
2024-08-22,128.8000030517578
2024-08-23,128.80999755859375
2024-08-26,128.6199951171875
2024-08-27,128.47999572753906
2024-08-28,127.16000366210938
2024-08-29,126.52999877929688
2024-08-30,128.7100067138672
2024-09-03,125.05000305175781
2024-09-04,125.41999816894531
2024-09-05,126.3499984741211
2024-09-06,123.55999755859375
2024-09-09,124.61000061035156
2024-09-10,125.80999755859375
2024-09-11,130.02000427246094
2024-09-12,130.19000244140625
2024-09-13,131.35000610351562
2024-09-16,130.8699951171875
2024-09-17,129.8800048828125
2024-09-18,132.47999572753906
2024-09-19,137.2899932861328
2024-09-20,139.72000122070312
2024-09-23,139.50999450683594
2024-09-24,141.67999267578125
2024-09-25,143.92999267578125
2024-09-26,143.02000427246094
2024-09-27,142.22999572753906
2024-09-30,142.72999572753906
2024-10-01,141.92999267578125
2024-10-02,143.5800018310547
2024-10-03,142.1199951171875
2024-10-04,144.86000061035156
2024-10-07,142.0800018310547
2024-10-08,143.3000030517578
2024-10-09,142.64999389648438
2024-10-10,144.49000549316406
2024-10-11,149.44000244140625
2024-10-14,150.02000427246094
2024-10-15,148.8699951171875
2024-10-16,149.86000061035156
2024-10-17,151.39999389648438
2024-10-18,151.97999572753906
2024-10-21,152.88999938964844
2024-10-22,152.5399932861328
2024-10-23,150.9199981689453
2024-10-24,153.19000244140625
2024-10-25,153.8800048828125
2024-10-28,153.3699951171875
2024-10-29,155.1999969482422
2024-10-30,155.25
2024-10-31,156.6999969482422
2024-11-01,155.66000366210938
2024-11-04,157.24000549316406
2024-11-05,159.4600067138672
2024-11-06,169.63999938964844
2024-11-07,170.58999633789062
2024-11-08,171.39999389648438
2024-11-11,174.9499969482422
2024-11-12,176.49000549316406
2024-11-13,175.75999450683594
2024-11-14,173.8000030517578
2024-11-15,169.42999267578125
2024-11-18,172.72999572753906
2024-11-19,176.17999267578125
2024-11-20,172.1999969482422
2024-11-21,173.1699981689453
2024-11-22,177.24000549316406
2024-11-25,179.10000610351562
2024-11-26,179.00999450683594
2024-11-27,178.44000244140625
2024-11-29,180.47999572753906
2024-12-02,176.3699951171875
2024-12-03,176.08999633789062
2024-12-04,176.8800048828125
2024-12-05,175.88999938964844
2024-12-06,178.47999572753906
2024-12-09,175.63999938964844
2024-12-10,173.89999389648438
2024-12-11,176.41000366210938
2024-12-12,176.02000427246094
2024-12-13,175.08999633789062
2024-12-16,179.5
2024-12-17,177.0
2024-12-18,165.38999938964844
2024-12-19,167.64999389648438
2024-12-20,171.0
2024-12-23,169.94000244140625
2024-12-24,171.80999755859375
2024-12-26,170.57000732421875
2024-12-27,169.33999633789062
2024-12-30,169.60000610351562
2024-12-31,167.75
