Date,DELL
2010-01-04,
2010-01-05,
2010-01-06,
2010-01-07,
2010-01-08,
2010-01-11,
2010-01-12,
2010-01-13,
2010-01-14,
2010-01-15,
2010-01-19,
2010-01-20,
2010-01-21,
2010-01-22,
2010-01-25,
2010-01-26,
2010-01-27,
2010-01-28,
2010-01-29,
2010-02-01,
2010-02-02,
2010-02-03,
2010-02-04,
2010-02-05,
2010-02-08,
2010-02-09,
2010-02-10,
2010-02-11,
2010-02-12,
2010-02-16,
2010-02-17,
2010-02-18,
2010-02-19,
2010-02-22,
2010-02-23,
2010-02-24,
2010-02-25,
2010-02-26,
2010-03-01,
2010-03-02,
2010-03-03,
2010-03-04,
2010-03-05,
2010-03-08,
2010-03-09,
2010-03-10,
2010-03-11,
2010-03-12,
2010-03-15,
2010-03-16,
2010-03-17,
2010-03-18,
2010-03-19,
2010-03-22,
2010-03-23,
2010-03-24,
2010-03-25,
2010-03-26,
2010-03-29,
2010-03-30,
2010-03-31,
2010-04-01,
2010-04-05,
2010-04-06,
2010-04-07,
2010-04-08,
2010-04-09,
2010-04-12,
2010-04-13,
2010-04-14,
2010-04-15,
2010-04-16,
2010-04-19,
2010-04-20,
2010-04-21,
2010-04-22,
2010-04-23,
2010-04-26,
2010-04-27,
2010-04-28,
2010-04-29,
2010-04-30,
2010-05-03,
2010-05-04,
2010-05-05,
2010-05-06,
2010-05-07,
2010-05-10,
2010-05-11,
2010-05-12,
2010-05-13,
2010-05-14,
2010-05-17,
2010-05-18,
2010-05-19,
2010-05-20,
2010-05-21,
2010-05-24,
2010-05-25,
2010-05-26,
2010-05-27,
2010-05-28,
2010-06-01,
2010-06-02,
2010-06-03,
2010-06-04,
2010-06-07,
2010-06-08,
2010-06-09,
2010-06-10,
2010-06-11,
2010-06-14,
2010-06-15,
2010-06-16,
2010-06-17,
2010-06-18,
2010-06-21,
2010-06-22,
2010-06-23,
2010-06-24,
2010-06-25,
2010-06-28,
2010-06-29,
2010-06-30,
2010-07-01,
2010-07-02,
2010-07-06,
2010-07-07,
2010-07-08,
2010-07-09,
2010-07-12,
2010-07-13,
2010-07-14,
2010-07-15,
2010-07-16,
2010-07-19,
2010-07-20,
2010-07-21,
2010-07-22,
2010-07-23,
2010-07-26,
2010-07-27,
2010-07-28,
2010-07-29,
2010-07-30,
2010-08-02,
2010-08-03,
2010-08-04,
2010-08-05,
2010-08-06,
2010-08-09,
2010-08-10,
2010-08-11,
2010-08-12,
2010-08-13,
2010-08-16,
2010-08-17,
2010-08-18,
2010-08-19,
2010-08-20,
2010-08-23,
2010-08-24,
2010-08-25,
2010-08-26,
2010-08-27,
2010-08-30,
2010-08-31,
2010-09-01,
2010-09-02,
2010-09-03,
2010-09-07,
2010-09-08,
2010-09-09,
2010-09-10,
2010-09-13,
2010-09-14,
2010-09-15,
2010-09-16,
2010-09-17,
2010-09-20,
2010-09-21,
2010-09-22,
2010-09-23,
2010-09-24,
2010-09-27,
2010-09-28,
2010-09-29,
2010-09-30,
2010-10-01,
2010-10-04,
2010-10-05,
2010-10-06,
2010-10-07,
2010-10-08,
2010-10-11,
2010-10-12,
2010-10-13,
2010-10-14,
2010-10-15,
2010-10-18,
2010-10-19,
2010-10-20,
2010-10-21,
2010-10-22,
2010-10-25,
2010-10-26,
2010-10-27,
2010-10-28,
2010-10-29,
2010-11-01,
2010-11-02,
2010-11-03,
2010-11-04,
2010-11-05,
2010-11-08,
2010-11-09,
2010-11-10,
2010-11-11,
2010-11-12,
2010-11-15,
2010-11-16,
2010-11-17,
2010-11-18,
2010-11-19,
2010-11-22,
2010-11-23,
2010-11-24,
2010-11-26,
2010-11-29,
2010-11-30,
2010-12-01,
2010-12-02,
2010-12-03,
2010-12-06,
2010-12-07,
2010-12-08,
2010-12-09,
2010-12-10,
2010-12-13,
2010-12-14,
2010-12-15,
2010-12-16,
2010-12-17,
2010-12-20,
2010-12-21,
2010-12-22,
2010-12-23,
2010-12-27,
2010-12-28,
2010-12-29,
2010-12-30,
2010-12-31,
2011-01-03,
2011-01-04,
2011-01-05,
2011-01-06,
2011-01-07,
2011-01-10,
2011-01-11,
2011-01-12,
2011-01-13,
2011-01-14,
2011-01-18,
2011-01-19,
2011-01-20,
2011-01-21,
2011-01-24,
2011-01-25,
2011-01-26,
2011-01-27,
2011-01-28,
2011-01-31,
2011-02-01,
2011-02-02,
2011-02-03,
2011-02-04,
2011-02-07,
2011-02-08,
2011-02-09,
2011-02-10,
2011-02-11,
2011-02-14,
2011-02-15,
2011-02-16,
2011-02-17,
2011-02-18,
2011-02-22,
2011-02-23,
2011-02-24,
2011-02-25,
2011-02-28,
2011-03-01,
2011-03-02,
2011-03-03,
2011-03-04,
2011-03-07,
2011-03-08,
2011-03-09,
2011-03-10,
2011-03-11,
2011-03-14,
2011-03-15,
2011-03-16,
2011-03-17,
2011-03-18,
2011-03-21,
2011-03-22,
2011-03-23,
2011-03-24,
2011-03-25,
2011-03-28,
2011-03-29,
2011-03-30,
2011-03-31,
2011-04-01,
2011-04-04,
2011-04-05,
2011-04-06,
2011-04-07,
2011-04-08,
2011-04-11,
2011-04-12,
2011-04-13,
2011-04-14,
2011-04-15,
2011-04-18,
2011-04-19,
2011-04-20,
2011-04-21,
2011-04-25,
2011-04-26,
2011-04-27,
2011-04-28,
2011-04-29,
2011-05-02,
2011-05-03,
2011-05-04,
2011-05-05,
2011-05-06,
2011-05-09,
2011-05-10,
2011-05-11,
2011-05-12,
2011-05-13,
2011-05-16,
2011-05-17,
2011-05-18,
2011-05-19,
2011-05-20,
2011-05-23,
2011-05-24,
2011-05-25,
2011-05-26,
2011-05-27,
2011-05-31,
2011-06-01,
2011-06-02,
2011-06-03,
2011-06-06,
2011-06-07,
2011-06-08,
2011-06-09,
2011-06-10,
2011-06-13,
2011-06-14,
2011-06-15,
2011-06-16,
2011-06-17,
2011-06-20,
2011-06-21,
2011-06-22,
2011-06-23,
2011-06-24,
2011-06-27,
2011-06-28,
2011-06-29,
2011-06-30,
2011-07-01,
2011-07-05,
2011-07-06,
2011-07-07,
2011-07-08,
2011-07-11,
2011-07-12,
2011-07-13,
2011-07-14,
2011-07-15,
2011-07-18,
2011-07-19,
2011-07-20,
2011-07-21,
2011-07-22,
2011-07-25,
2011-07-26,
2011-07-27,
2011-07-28,
2011-07-29,
2011-08-01,
2011-08-02,
2011-08-03,
2011-08-04,
2011-08-05,
2011-08-08,
2011-08-09,
2011-08-10,
2011-08-11,
2011-08-12,
2011-08-15,
2011-08-16,
2011-08-17,
2011-08-18,
2011-08-19,
2011-08-22,
2011-08-23,
2011-08-24,
2011-08-25,
2011-08-26,
2011-08-29,
2011-08-30,
2011-08-31,
2011-09-01,
2011-09-02,
2011-09-06,
2011-09-07,
2011-09-08,
2011-09-09,
2011-09-12,
2011-09-13,
2011-09-14,
2011-09-15,
2011-09-16,
2011-09-19,
2011-09-20,
2011-09-21,
2011-09-22,
2011-09-23,
2011-09-26,
2011-09-27,
2011-09-28,
2011-09-29,
2011-09-30,
2011-10-03,
2011-10-04,
2011-10-05,
2011-10-06,
2011-10-07,
2011-10-10,
2011-10-11,
2011-10-12,
2011-10-13,
2011-10-14,
2011-10-17,
2011-10-18,
2011-10-19,
2011-10-20,
2011-10-21,
2011-10-24,
2011-10-25,
2011-10-26,
2011-10-27,
2011-10-28,
2011-10-31,
2011-11-01,
2011-11-02,
2011-11-03,
2011-11-04,
2011-11-07,
2011-11-08,
2011-11-09,
2011-11-10,
2011-11-11,
2011-11-14,
2011-11-15,
2011-11-16,
2011-11-17,
2011-11-18,
2011-11-21,
2011-11-22,
2011-11-23,
2011-11-25,
2011-11-28,
2011-11-29,
2011-11-30,
2011-12-01,
2011-12-02,
2011-12-05,
2011-12-06,
2011-12-07,
2011-12-08,
2011-12-09,
2011-12-12,
2011-12-13,
2011-12-14,
2011-12-15,
2011-12-16,
2011-12-19,
2011-12-20,
2011-12-21,
2011-12-22,
2011-12-23,
2011-12-27,
2011-12-28,
2011-12-29,
2011-12-30,
2012-01-03,
2012-01-04,
2012-01-05,
2012-01-06,
2012-01-09,
2012-01-10,
2012-01-11,
2012-01-12,
2012-01-13,
2012-01-17,
2012-01-18,
2012-01-19,
2012-01-20,
2012-01-23,
2012-01-24,
2012-01-25,
2012-01-26,
2012-01-27,
2012-01-30,
2012-01-31,
2012-02-01,
2012-02-02,
2012-02-03,
2012-02-06,
2012-02-07,
2012-02-08,
2012-02-09,
2012-02-10,
2012-02-13,
2012-02-14,
2012-02-15,
2012-02-16,
2012-02-17,
2012-02-21,
2012-02-22,
2012-02-23,
2012-02-24,
2012-02-27,
2012-02-28,
2012-02-29,
2012-03-01,
2012-03-02,
2012-03-05,
2012-03-06,
2012-03-07,
2012-03-08,
2012-03-09,
2012-03-12,
2012-03-13,
2012-03-14,
2012-03-15,
2012-03-16,
2012-03-19,
2012-03-20,
2012-03-21,
2012-03-22,
2012-03-23,
2012-03-26,
2012-03-27,
2012-03-28,
2012-03-29,
2012-03-30,
2012-04-02,
2012-04-03,
2012-04-04,
2012-04-05,
2012-04-09,
2012-04-10,
2012-04-11,
2012-04-12,
2012-04-13,
2012-04-16,
2012-04-17,
2012-04-18,
2012-04-19,
2012-04-20,
2012-04-23,
2012-04-24,
2012-04-25,
2012-04-26,
2012-04-27,
2012-04-30,
2012-05-01,
2012-05-02,
2012-05-03,
2012-05-04,
2012-05-07,
2012-05-08,
2012-05-09,
2012-05-10,
2012-05-11,
2012-05-14,
2012-05-15,
2012-05-16,
2012-05-17,
2012-05-18,
2012-05-21,
2012-05-22,
2012-05-23,
2012-05-24,
2012-05-25,
2012-05-29,
2012-05-30,
2012-05-31,
2012-06-01,
2012-06-04,
2012-06-05,
2012-06-06,
2012-06-07,
2012-06-08,
2012-06-11,
2012-06-12,
2012-06-13,
2012-06-14,
2012-06-15,
2012-06-18,
2012-06-19,
2012-06-20,
2012-06-21,
2012-06-22,
2012-06-25,
2012-06-26,
2012-06-27,
2012-06-28,
2012-06-29,
2012-07-02,
2012-07-03,
2012-07-05,
2012-07-06,
2012-07-09,
2012-07-10,
2012-07-11,
2012-07-12,
2012-07-13,
2012-07-16,
2012-07-17,
2012-07-18,
2012-07-19,
2012-07-20,
2012-07-23,
2012-07-24,
2012-07-25,
2012-07-26,
2012-07-27,
2012-07-30,
2012-07-31,
2012-08-01,
2012-08-02,
2012-08-03,
2012-08-06,
2012-08-07,
2012-08-08,
2012-08-09,
2012-08-10,
2012-08-13,
2012-08-14,
2012-08-15,
2012-08-16,
2012-08-17,
2012-08-20,
2012-08-21,
2012-08-22,
2012-08-23,
2012-08-24,
2012-08-27,
2012-08-28,
2012-08-29,
2012-08-30,
2012-08-31,
2012-09-04,
2012-09-05,
2012-09-06,
2012-09-07,
2012-09-10,
2012-09-11,
2012-09-12,
2012-09-13,
2012-09-14,
2012-09-17,
2012-09-18,
2012-09-19,
2012-09-20,
2012-09-21,
2012-09-24,
2012-09-25,
2012-09-26,
2012-09-27,
2012-09-28,
2012-10-01,
2012-10-02,
2012-10-03,
2012-10-04,
2012-10-05,
2012-10-08,
2012-10-09,
2012-10-10,
2012-10-11,
2012-10-12,
2012-10-15,
2012-10-16,
2012-10-17,
2012-10-18,
2012-10-19,
2012-10-22,
2012-10-23,
2012-10-24,
2012-10-25,
2012-10-26,
2012-10-31,
2012-11-01,
2012-11-02,
2012-11-05,
2012-11-06,
2012-11-07,
2012-11-08,
2012-11-09,
2012-11-12,
2012-11-13,
2012-11-14,
2012-11-15,
2012-11-16,
2012-11-19,
2012-11-20,
2012-11-21,
2012-11-23,
2012-11-26,
2012-11-27,
2012-11-28,
2012-11-29,
2012-11-30,
2012-12-03,
2012-12-04,
2012-12-05,
2012-12-06,
2012-12-07,
2012-12-10,
2012-12-11,
2012-12-12,
2012-12-13,
2012-12-14,
2012-12-17,
2012-12-18,
2012-12-19,
2012-12-20,
2012-12-21,
2012-12-24,
2012-12-26,
2012-12-27,
2012-12-28,
2012-12-31,
2013-01-02,
2013-01-03,
2013-01-04,
2013-01-07,
2013-01-08,
2013-01-09,
2013-01-10,
2013-01-11,
2013-01-14,
2013-01-15,
2013-01-16,
2013-01-17,
2013-01-18,
2013-01-22,
2013-01-23,
2013-01-24,
2013-01-25,
2013-01-28,
2013-01-29,
2013-01-30,
2013-01-31,
2013-02-01,
2013-02-04,
2013-02-05,
2013-02-06,
2013-02-07,
2013-02-08,
2013-02-11,
2013-02-12,
2013-02-13,
2013-02-14,
2013-02-15,
2013-02-19,
2013-02-20,
2013-02-21,
2013-02-22,
2013-02-25,
2013-02-26,
2013-02-27,
2013-02-28,
2013-03-01,
2013-03-04,
2013-03-05,
2013-03-06,
2013-03-07,
2013-03-08,
2013-03-11,
2013-03-12,
2013-03-13,
2013-03-14,
2013-03-15,
2013-03-18,
2013-03-19,
2013-03-20,
2013-03-21,
2013-03-22,
2013-03-25,
2013-03-26,
2013-03-27,
2013-03-28,
2013-04-01,
2013-04-02,
2013-04-03,
2013-04-04,
2013-04-05,
2013-04-08,
2013-04-09,
2013-04-10,
2013-04-11,
2013-04-12,
2013-04-15,
2013-04-16,
2013-04-17,
2013-04-18,
2013-04-19,
2013-04-22,
2013-04-23,
2013-04-24,
2013-04-25,
2013-04-26,
2013-04-29,
2013-04-30,
2013-05-01,
2013-05-02,
2013-05-03,
2013-05-06,
2013-05-07,
2013-05-08,
2013-05-09,
2013-05-10,
2013-05-13,
2013-05-14,
2013-05-15,
2013-05-16,
2013-05-17,
2013-05-20,
2013-05-21,
2013-05-22,
2013-05-23,
2013-05-24,
2013-05-28,
2013-05-29,
2013-05-30,
2013-05-31,
2013-06-03,
2013-06-04,
2013-06-05,
2013-06-06,
2013-06-07,
2013-06-10,
2013-06-11,
2013-06-12,
2013-06-13,
2013-06-14,
2013-06-17,
2013-06-18,
2013-06-19,
2013-06-20,
2013-06-21,
2013-06-24,
2013-06-25,
2013-06-26,
2013-06-27,
2013-06-28,
2013-07-01,
2013-07-02,
2013-07-03,
2013-07-05,
2013-07-08,
2013-07-09,
2013-07-10,
2013-07-11,
2013-07-12,
2013-07-15,
2013-07-16,
2013-07-17,
2013-07-18,
2013-07-19,
2013-07-22,
2013-07-23,
2013-07-24,
2013-07-25,
2013-07-26,
2013-07-29,
2013-07-30,
2013-07-31,
2013-08-01,
2013-08-02,
2013-08-05,
2013-08-06,
2013-08-07,
2013-08-08,
2013-08-09,
2013-08-12,
2013-08-13,
2013-08-14,
2013-08-15,
2013-08-16,
2013-08-19,
2013-08-20,
2013-08-21,
2013-08-22,
2013-08-23,
2013-08-26,
2013-08-27,
2013-08-28,
2013-08-29,
2013-08-30,
2013-09-03,
2013-09-04,
2013-09-05,
2013-09-06,
2013-09-09,
2013-09-10,
2013-09-11,
2013-09-12,
2013-09-13,
2013-09-16,
2013-09-17,
2013-09-18,
2013-09-19,
2013-09-20,
2013-09-23,
2013-09-24,
2013-09-25,
2013-09-26,
2013-09-27,
2013-09-30,
2013-10-01,
2013-10-02,
2013-10-03,
2013-10-04,
2013-10-07,
2013-10-08,
2013-10-09,
2013-10-10,
2013-10-11,
2013-10-14,
2013-10-15,
2013-10-16,
2013-10-17,
2013-10-18,
2013-10-21,
2013-10-22,
2013-10-23,
2013-10-24,
2013-10-25,
2013-10-28,
2013-10-29,
2013-10-30,
2013-10-31,
2013-11-01,
2013-11-04,
2013-11-05,
2013-11-06,
2013-11-07,
2013-11-08,
2013-11-11,
2013-11-12,
2013-11-13,
2013-11-14,
2013-11-15,
2013-11-18,
2013-11-19,
2013-11-20,
2013-11-21,
2013-11-22,
2013-11-25,
2013-11-26,
2013-11-27,
2013-11-29,
2013-12-02,
2013-12-03,
2013-12-04,
2013-12-05,
2013-12-06,
2013-12-09,
2013-12-10,
2013-12-11,
2013-12-12,
2013-12-13,
2013-12-16,
2013-12-17,
2013-12-18,
2013-12-19,
2013-12-20,
2013-12-23,
2013-12-24,
2013-12-26,
2013-12-27,
2013-12-30,
2013-12-31,
2014-01-02,
2014-01-03,
2014-01-06,
2014-01-07,
2014-01-08,
2014-01-09,
2014-01-10,
2014-01-13,
2014-01-14,
2014-01-15,
2014-01-16,
2014-01-17,
2014-01-21,
2014-01-22,
2014-01-23,
2014-01-24,
2014-01-27,
2014-01-28,
2014-01-29,
2014-01-30,
2014-01-31,
2014-02-03,
2014-02-04,
2014-02-05,
2014-02-06,
2014-02-07,
2014-02-10,
2014-02-11,
2014-02-12,
2014-02-13,
2014-02-14,
2014-02-18,
2014-02-19,
2014-02-20,
2014-02-21,
2014-02-24,
2014-02-25,
2014-02-26,
2014-02-27,
2014-02-28,
2014-03-03,
2014-03-04,
2014-03-05,
2014-03-06,
2014-03-07,
2014-03-10,
2014-03-11,
2014-03-12,
2014-03-13,
2014-03-14,
2014-03-17,
2014-03-18,
2014-03-19,
2014-03-20,
2014-03-21,
2014-03-24,
2014-03-25,
2014-03-26,
2014-03-27,
2014-03-28,
2014-03-31,
2014-04-01,
2014-04-02,
2014-04-03,
2014-04-04,
2014-04-07,
2014-04-08,
2014-04-09,
2014-04-10,
2014-04-11,
2014-04-14,
2014-04-15,
2014-04-16,
2014-04-17,
2014-04-21,
2014-04-22,
2014-04-23,
2014-04-24,
2014-04-25,
2014-04-28,
2014-04-29,
2014-04-30,
2014-05-01,
2014-05-02,
2014-05-05,
2014-05-06,
2014-05-07,
2014-05-08,
2014-05-09,
2014-05-12,
2014-05-13,
2014-05-14,
2014-05-15,
2014-05-16,
2014-05-19,
2014-05-20,
2014-05-21,
2014-05-22,
2014-05-23,
2014-05-27,
2014-05-28,
2014-05-29,
2014-05-30,
2014-06-02,
2014-06-03,
2014-06-04,
2014-06-05,
2014-06-06,
2014-06-09,
2014-06-10,
2014-06-11,
2014-06-12,
2014-06-13,
2014-06-16,
2014-06-17,
2014-06-18,
2014-06-19,
2014-06-20,
2014-06-23,
2014-06-24,
2014-06-25,
2014-06-26,
2014-06-27,
2014-06-30,
2014-07-01,
2014-07-02,
2014-07-03,
2014-07-07,
2014-07-08,
2014-07-09,
2014-07-10,
2014-07-11,
2014-07-14,
2014-07-15,
2014-07-16,
2014-07-17,
2014-07-18,
2014-07-21,
2014-07-22,
2014-07-23,
2014-07-24,
2014-07-25,
2014-07-28,
2014-07-29,
2014-07-30,
2014-07-31,
2014-08-01,
2014-08-04,
2014-08-05,
2014-08-06,
2014-08-07,
2014-08-08,
2014-08-11,
2014-08-12,
2014-08-13,
2014-08-14,
2014-08-15,
2014-08-18,
2014-08-19,
2014-08-20,
2014-08-21,
2014-08-22,
2014-08-25,
2014-08-26,
2014-08-27,
2014-08-28,
2014-08-29,
2014-09-02,
2014-09-03,
2014-09-04,
2014-09-05,
2014-09-08,
2014-09-09,
2014-09-10,
2014-09-11,
2014-09-12,
2014-09-15,
2014-09-16,
2014-09-17,
2014-09-18,
2014-09-19,
2014-09-22,
2014-09-23,
2014-09-24,
2014-09-25,
2014-09-26,
2014-09-29,
2014-09-30,
2014-10-01,
2014-10-02,
2014-10-03,
2014-10-06,
2014-10-07,
2014-10-08,
2014-10-09,
2014-10-10,
2014-10-13,
2014-10-14,
2014-10-15,
2014-10-16,
2014-10-17,
2014-10-20,
2014-10-21,
2014-10-22,
2014-10-23,
2014-10-24,
2014-10-27,
2014-10-28,
2014-10-29,
2014-10-30,
2014-10-31,
2014-11-03,
2014-11-04,
2014-11-05,
2014-11-06,
2014-11-07,
2014-11-10,
2014-11-11,
2014-11-12,
2014-11-13,
2014-11-14,
2014-11-17,
2014-11-18,
2014-11-19,
2014-11-20,
2014-11-21,
2014-11-24,
2014-11-25,
2014-11-26,
2014-11-28,
2014-12-01,
2014-12-02,
2014-12-03,
2014-12-04,
2014-12-05,
2014-12-08,
2014-12-09,
2014-12-10,
2014-12-11,
2014-12-12,
2014-12-15,
2014-12-16,
2014-12-17,
2014-12-18,
2014-12-19,
2014-12-22,
2014-12-23,
2014-12-24,
2014-12-26,
2014-12-29,
2014-12-30,
2014-12-31,
2015-01-02,
2015-01-05,
2015-01-06,
2015-01-07,
2015-01-08,
2015-01-09,
2015-01-12,
2015-01-13,
2015-01-14,
2015-01-15,
2015-01-16,
2015-01-20,
2015-01-21,
2015-01-22,
2015-01-23,
2015-01-26,
2015-01-27,
2015-01-28,
2015-01-29,
2015-01-30,
2015-02-02,
2015-02-03,
2015-02-04,
2015-02-05,
2015-02-06,
2015-02-09,
2015-02-10,
2015-02-11,
2015-02-12,
2015-02-13,
2015-02-17,
2015-02-18,
2015-02-19,
2015-02-20,
2015-02-23,
2015-02-24,
2015-02-25,
2015-02-26,
2015-02-27,
2015-03-02,
2015-03-03,
2015-03-04,
2015-03-05,
2015-03-06,
2015-03-09,
2015-03-10,
2015-03-11,
2015-03-12,
2015-03-13,
2015-03-16,
2015-03-17,
2015-03-18,
2015-03-19,
2015-03-20,
2015-03-23,
2015-03-24,
2015-03-25,
2015-03-26,
2015-03-27,
2015-03-30,
2015-03-31,
2015-04-01,
2015-04-02,
2015-04-06,
2015-04-07,
2015-04-08,
2015-04-09,
2015-04-10,
2015-04-13,
2015-04-14,
2015-04-15,
2015-04-16,
2015-04-17,
2015-04-20,
2015-04-21,
2015-04-22,
2015-04-23,
2015-04-24,
2015-04-27,
2015-04-28,
2015-04-29,
2015-04-30,
2015-05-01,
2015-05-04,
2015-05-05,
2015-05-06,
2015-05-07,
2015-05-08,
2015-05-11,
2015-05-12,
2015-05-13,
2015-05-14,
2015-05-15,
2015-05-18,
2015-05-19,
2015-05-20,
2015-05-21,
2015-05-22,
2015-05-26,
2015-05-27,
2015-05-28,
2015-05-29,
2015-06-01,
2015-06-02,
2015-06-03,
2015-06-04,
2015-06-05,
2015-06-08,
2015-06-09,
2015-06-10,
2015-06-11,
2015-06-12,
2015-06-15,
2015-06-16,
2015-06-17,
2015-06-18,
2015-06-19,
2015-06-22,
2015-06-23,
2015-06-24,
2015-06-25,
2015-06-26,
2015-06-29,
2015-06-30,
2015-07-01,
2015-07-02,
2015-07-06,
2015-07-07,
2015-07-08,
2015-07-09,
2015-07-10,
2015-07-13,
2015-07-14,
2015-07-15,
2015-07-16,
2015-07-17,
2015-07-20,
2015-07-21,
2015-07-22,
2015-07-23,
2015-07-24,
2015-07-27,
2015-07-28,
2015-07-29,
2015-07-30,
2015-07-31,
2015-08-03,
2015-08-04,
2015-08-05,
2015-08-06,
2015-08-07,
2015-08-10,
2015-08-11,
2015-08-12,
2015-08-13,
2015-08-14,
2015-08-17,
2015-08-18,
2015-08-19,
2015-08-20,
2015-08-21,
2015-08-24,
2015-08-25,
2015-08-26,
2015-08-27,
2015-08-28,
2015-08-31,
2015-09-01,
2015-09-02,
2015-09-03,
2015-09-04,
2015-09-08,
2015-09-09,
2015-09-10,
2015-09-11,
2015-09-14,
2015-09-15,
2015-09-16,
2015-09-17,
2015-09-18,
2015-09-21,
2015-09-22,
2015-09-23,
2015-09-24,
2015-09-25,
2015-09-28,
2015-09-29,
2015-09-30,
2015-10-01,
2015-10-02,
2015-10-05,
2015-10-06,
2015-10-07,
2015-10-08,
2015-10-09,
2015-10-12,
2015-10-13,
2015-10-14,
2015-10-15,
2015-10-16,
2015-10-19,
2015-10-20,
2015-10-21,
2015-10-22,
2015-10-23,
2015-10-26,
2015-10-27,
2015-10-28,
2015-10-29,
2015-10-30,
2015-11-02,
2015-11-03,
2015-11-04,
2015-11-05,
2015-11-06,
2015-11-09,
2015-11-10,
2015-11-11,
2015-11-12,
2015-11-13,
2015-11-16,
2015-11-17,
2015-11-18,
2015-11-19,
2015-11-20,
2015-11-23,
2015-11-24,
2015-11-25,
2015-11-27,
2015-11-30,
2015-12-01,
2015-12-02,
2015-12-03,
2015-12-04,
2015-12-07,
2015-12-08,
2015-12-09,
2015-12-10,
2015-12-11,
2015-12-14,
2015-12-15,
2015-12-16,
2015-12-17,
2015-12-18,
2015-12-21,
2015-12-22,
2015-12-23,
2015-12-24,
2015-12-28,
2015-12-29,
2015-12-30,
2015-12-31,
2016-01-04,
2016-01-05,
2016-01-06,
2016-01-07,
2016-01-08,
2016-01-11,
2016-01-12,
2016-01-13,
2016-01-14,
2016-01-15,
2016-01-19,
2016-01-20,
2016-01-21,
2016-01-22,
2016-01-25,
2016-01-26,
2016-01-27,
2016-01-28,
2016-01-29,
2016-02-01,
2016-02-02,
2016-02-03,
2016-02-04,
2016-02-05,
2016-02-08,
2016-02-09,
2016-02-10,
2016-02-11,
2016-02-12,
2016-02-16,
2016-02-17,
2016-02-18,
2016-02-19,
2016-02-22,
2016-02-23,
2016-02-24,
2016-02-25,
2016-02-26,
2016-02-29,
2016-03-01,
2016-03-02,
2016-03-03,
2016-03-04,
2016-03-07,
2016-03-08,
2016-03-09,
2016-03-10,
2016-03-11,
2016-03-14,
2016-03-15,
2016-03-16,
2016-03-17,
2016-03-18,
2016-03-21,
2016-03-22,
2016-03-23,
2016-03-24,
2016-03-28,
2016-03-29,
2016-03-30,
2016-03-31,
2016-04-01,
2016-04-04,
2016-04-05,
2016-04-06,
2016-04-07,
2016-04-08,
2016-04-11,
2016-04-12,
2016-04-13,
2016-04-14,
2016-04-15,
2016-04-18,
2016-04-19,
2016-04-20,
2016-04-21,
2016-04-22,
2016-04-25,
2016-04-26,
2016-04-27,
2016-04-28,
2016-04-29,
2016-05-02,
2016-05-03,
2016-05-04,
2016-05-05,
2016-05-06,
2016-05-09,
2016-05-10,
2016-05-11,
2016-05-12,
2016-05-13,
2016-05-16,
2016-05-17,
2016-05-18,
2016-05-19,
2016-05-20,
2016-05-23,
2016-05-24,
2016-05-25,
2016-05-26,
2016-05-27,
2016-05-31,
2016-06-01,
2016-06-02,
2016-06-03,
2016-06-06,
2016-06-07,
2016-06-08,
2016-06-09,
2016-06-10,
2016-06-13,
2016-06-14,
2016-06-15,
2016-06-16,
2016-06-17,
2016-06-20,
2016-06-21,
2016-06-22,
2016-06-23,
2016-06-24,
2016-06-27,
2016-06-28,
2016-06-29,
2016-06-30,
2016-07-01,
2016-07-05,
2016-07-06,
2016-07-07,
2016-07-08,
2016-07-11,
2016-07-12,
2016-07-13,
2016-07-14,
2016-07-15,
2016-07-18,
2016-07-19,
2016-07-20,
2016-07-21,
2016-07-22,
2016-07-25,
2016-07-26,
2016-07-27,
2016-07-28,
2016-07-29,
2016-08-01,
2016-08-02,
2016-08-03,
2016-08-04,
2016-08-05,
2016-08-08,
2016-08-09,
2016-08-10,
2016-08-11,
2016-08-12,
2016-08-15,
2016-08-16,
2016-08-17,11.102109909057617
2016-08-18,11.037562370300293
2016-08-19,11.23120403289795
2016-08-22,11.269932746887207
2016-08-23,11.618487358093262
2016-08-24,11.773398399353027
2016-08-25,11.724344253540039
2016-08-26,11.812127113342285
2016-08-29,11.954131126403809
2016-08-30,11.65721321105957
2016-08-31,11.53586483001709
2016-09-01,11.23120403289795
2016-09-02,11.096945762634277
2016-09-06,11.73466968536377
2016-09-07,12.393052101135254
2016-09-08,12.989466667175293
2016-09-09,12.671895980834961
2016-09-12,12.754517555236816
2016-09-13,12.522144317626953
2016-09-14,12.483418464660645
2016-09-15,12.62283992767334
2016-09-16,12.514399528503418
2016-09-19,12.589276313781738
2016-09-20,12.58152961730957
2016-09-21,12.501490592956543
2016-09-22,12.400797843933105
2016-09-23,12.39563274383545
2016-09-26,12.36465072631836
2016-09-27,12.338831901550293
2016-09-28,12.35690689086914
2016-09-29,12.28203010559082
2016-09-30,12.341415405273438
2016-10-03,12.374978065490723
2016-10-04,12.35690689086914
2016-10-05,12.514399528503418
2016-10-06,12.493744850158691
2016-10-07,12.411126136779785
2016-10-10,12.269120216369629
2016-10-11,12.171009063720703
2016-10-12,12.163263320922852
2016-10-13,12.16843032836914
2016-10-14,12.19682788848877
2016-10-17,12.235554695129395
2016-10-18,12.310432434082031
2016-10-19,12.318178176879883
2016-10-20,12.315595626831055
2016-10-21,12.19682788848877
2016-10-24,12.37756061553955
2016-10-25,12.132280349731445
2016-10-26,12.062570571899414
2016-10-27,12.478254318237305
2016-10-28,12.61767578125
2016-10-31,12.674478530883789
2016-11-01,12.514399528503418
2016-11-02,12.651241302490234
2016-11-03,12.591856956481934
2016-11-04,12.553129196166992
2016-11-07,12.785497665405273
2016-11-08,12.82680892944336
2016-11-09,12.746769905090332
2016-11-10,12.71837043762207
2016-11-11,12.689969062805176
2016-11-14,12.648658752441406
2016-11-15,12.930083274841309
2016-11-16,13.077251434326172
2016-11-17,13.374168395996094
2016-11-18,13.423224449157715
2016-11-21,13.539408683776855
2016-11-22,13.449043273925781
2016-11-23,13.307039260864258
2016-11-25,13.474862098693848
2016-11-28,13.461953163146973
2016-11-29,13.753705024719238
2016-11-30,13.828579902648926
2016-12-01,13.39482307434082
2016-12-02,13.619447708129883
2016-12-05,13.699485778808594
2016-12-06,13.779522895812988
2016-12-07,13.916363716125488
2016-12-08,13.921528816223145
2016-12-09,13.934438705444336
2016-12-12,13.916363716125488
2016-12-13,13.88279914855957
2016-12-14,13.996402740478516
2016-12-15,14.654784202575684
2016-12-16,14.572163581848145
2016-12-19,14.55925464630127
2016-12-20,14.729659080505371
2016-12-21,14.791625022888184
2016-12-22,14.417250633239746
2016-12-23,14.481796264648438
2016-12-27,14.471468925476074
2016-12-28,14.288156509399414
2016-12-29,14.267501831054688
2016-12-30,14.192626953125
2017-01-03,14.089349746704102
2017-01-04,14.200370788574219
2017-01-05,14.2700834274292
2017-01-06,14.662528991699219
2017-01-09,14.585071563720703
2017-01-10,14.714167594909668
2017-01-11,14.866496086120605
2017-01-12,14.881990432739258
2017-01-13,15.018829345703125
2017-01-17,14.959446907043457
2017-01-18,15.122103691101074
2017-01-19,15.184070587158203
2017-01-20,15.300256729125977
2017-01-23,15.047231674194336
2017-01-24,15.431927680969238
2017-01-25,15.506808280944824
2017-01-26,15.390621185302734
2017-01-27,16.149700164794922
2017-01-30,16.12129783630371
2017-01-31,16.2632999420166
2017-02-01,16.29170036315918
2017-02-02,16.513742446899414
2017-02-03,16.614431381225586
2017-02-06,16.686729431152344
2017-02-07,16.746110916137695
2017-02-08,16.740943908691406
2017-02-09,16.782257080078125
2017-02-10,16.71254539489746
2017-02-13,16.73836326599121
2017-02-14,16.743526458740234
2017-02-15,16.81324005126953
2017-02-16,16.81324005126953
2017-02-17,16.676401138305664
2017-02-21,16.80807876586914
2017-02-22,16.722871780395508
2017-02-23,16.555051803588867
2017-02-24,16.586034774780273
2017-02-27,16.534395217895508
2017-02-28,16.392396926879883
2017-03-01,16.544723510742188
2017-03-02,16.387229919433594
2017-03-03,16.379486083984375
2017-03-06,16.191007614135742
2017-03-07,16.278789520263672
2017-03-08,16.4001407623291
2017-03-09,16.29944610595703
2017-03-10,16.389812469482422
2017-03-13,16.394973754882812
2017-03-14,16.392396926879883
2017-03-15,16.454362869262695
2017-03-16,16.52406883239746
2017-03-17,16.573129653930664
2017-03-20,16.542137145996094
2017-03-21,16.12129783630371
2017-03-22,16.260717391967773
2017-03-23,16.28653335571289
2017-03-24,16.36141014099121
2017-03-27,16.36141014099121
2017-03-28,16.413049697875977
2017-03-29,16.49825096130371
2017-03-30,16.521488189697266
2017-03-31,16.544723510742188
2017-04-03,16.485340118408203
2017-04-04,16.570545196533203
2017-04-05,16.529232025146484
2017-04-06,16.57571029663086
2017-04-07,16.748693466186523
2017-04-10,16.7590274810791
2017-04-11,16.81065559387207
2017-04-12,16.49825096130371
2017-04-13,16.5034122467041
2017-04-17,16.588613510131836
2017-04-18,16.6247615814209
2017-04-19,16.660911560058594
2017-04-20,16.75644302368164
2017-04-21,16.63250732421875
2017-04-24,17.08692169189453
2017-04-25,17.130813598632812
2017-04-26,17.314128875732422
2017-04-27,17.409656524658203
2017-04-28,17.32703399658203
2017-05-01,17.445798873901367
2017-05-02,17.280561447143555
2017-05-03,17.084339141845703
2017-05-04,17.123069763183594
2017-05-05,17.373506546020508
2017-05-08,17.461294174194336
2017-05-09,17.3606014251709
2017-05-10,17.293468475341797
2017-05-11,17.06626319885254
2017-05-12,16.769346237182617
2017-05-15,17.107574462890625
2017-05-16,17.17986488342285
2017-05-17,16.75385856628418
2017-05-18,16.694473266601562
2017-05-19,16.7616024017334
2017-05-22,17.396745681762695
2017-05-23,17.396745681762695
2017-05-24,17.57489585876465
2017-05-25,17.72722816467285
2017-05-26,17.76337432861328
2017-05-30,17.750465393066406
2017-05-31,17.915708541870117
2017-06-01,17.887304306030273
2017-06-02,17.621366500854492
2017-06-05,17.19793701171875
2017-06-06,17.332197189331055
2017-06-07,17.51293182373047
2017-06-08,16.80807876586914
2017-06-09,16.15227699279785
2017-06-12,16.069656372070312
2017-06-13,16.21940803527832
2017-06-14,16.051586151123047
2017-06-15,15.968962669372559
2017-06-16,16.038673400878906
2017-06-19,16.18067741394043
2017-06-20,16.067073822021484
2017-06-21,16.348499298095703
2017-06-22,16.410465240478516
2017-06-23,16.425962448120117
2017-06-26,16.38206672668457
2017-06-27,16.002527236938477
2017-06-28,16.188426971435547
2017-06-29,15.697864532470703
2017-06-30,15.777902603149414
2017-07-03,15.584264755249023
2017-07-05,15.697864532470703
2017-07-06,15.708191871643066
2017-07-07,15.881176948547363
2017-07-10,15.878596305847168
2017-07-11,15.883759498596191
2017-07-12,15.901837348937988
2017-07-13,15.826961517333984
2017-07-14,15.801139831542969
2017-07-17,16.242647171020508
2017-07-18,16.196168899536133
2017-07-19,16.428539276123047
2017-07-20,16.508577346801758
2017-07-21,16.428539276123047
2017-07-24,16.438865661621094
2017-07-25,16.449193954467773
2017-07-26,16.529232025146484
2017-07-27,16.402721405029297
2017-07-28,16.451778411865234
2017-07-31,16.593778610229492
2017-08-01,16.645416259765625
2017-08-02,16.485340118408203
2017-08-03,16.52665138244629
2017-08-04,16.6247615814209
2017-08-07,16.640256881713867
2017-08-08,16.640256881713867
2017-08-09,16.555051803588867
2017-08-10,16.309772491455078
2017-08-11,16.276208877563477
2017-08-14,17.489696502685547
2017-08-15,17.09466552734375
2017-08-16,17.355438232421875
2017-08-17,17.143718719482422
2017-08-18,17.24957847595215
2017-08-21,17.31670570373535
2017-08-22,17.740135192871094
2017-08-23,17.866647720336914
2017-08-24,18.052547454833984
2017-08-25,18.522445678710938
2017-08-28,18.796125411987305
2017-08-29,18.832273483276367
2017-08-30,19.16533660888672
2017-08-31,19.346067428588867
2017-09-01,19.302175521850586
2017-09-05,19.312509536743164
2017-09-06,19.281522750854492
2017-09-07,19.2273006439209
2017-09-08,19.17308807373047
2017-09-11,19.482912063598633
2017-09-12,19.686880111694336
2017-09-13,19.810810089111328
2017-09-14,19.973468780517578
2017-09-15,19.875356674194336
2017-09-18,19.841794967651367
2017-09-19,19.83404541015625
2017-09-20,19.83662986755371
2017-09-21,19.77724838256836
2017-09-22,19.883102416992188
2017-09-25,19.604263305664062
2017-09-26,19.653316497802734
2017-09-27,19.911502838134766
2017-09-28,19.919248580932617
2017-09-29,19.934741973876953
2017-10-02,20.123220443725586
2017-10-03,20.208419799804688
2017-10-04,20.195514678955078
2017-10-05,20.4072265625
2017-10-06,20.4072265625
2017-10-09,20.464027404785156
2017-10-10,20.417551040649414
2017-10-11,20.489850997924805
2017-10-12,20.729961395263672
2017-10-13,20.83065414428711
2017-10-16,20.93909454345703
2017-10-17,20.910690307617188
2017-10-18,21.00364112854004
2017-10-19,21.078516006469727
2017-10-20,21.233427047729492
2017-10-23,21.35477638244629
2017-10-24,21.494199752807617
2017-10-25,21.326379776000977
2017-10-26,21.421907424926758
2017-10-27,21.656856536865234
2017-10-30,21.468379974365234
2017-10-31,21.37026596069336
2017-11-01,21.27474021911621
2017-11-02,21.13532066345215
2017-11-03,20.879711151123047
2017-11-06,21.047536849975586
2017-11-07,21.295391082763672
2017-11-08,21.25149917602539
2017-11-09,21.14048194885254
2017-11-10,21.321212768554688
2017-11-13,21.122407913208008
2017-11-14,21.039793014526367
2017-11-15,20.72480010986328
2017-11-16,20.99847984313965
2017-11-17,21.039793014526367
2017-11-20,20.980403900146484
2017-11-21,21.23084831237793
2017-11-22,20.85905647277832
2017-11-24,20.900367736816406
2017-11-27,21.148229598999023
2017-11-28,21.31605339050293
2017-11-29,20.136127471923828
2017-11-30,20.20067596435547
2017-12-01,20.64475440979004
2017-12-04,19.33574104309082
2017-12-05,19.2273006439209
2017-12-06,19.3796329498291
2017-12-07,19.59393310546875
2017-12-08,19.945066452026367
2017-12-11,20.471773147583008
2017-12-12,20.461448669433594
2017-12-13,20.70414161682129
2017-12-14,20.593122482299805
2017-12-15,20.910690307617188
2017-12-18,21.886646270751953
2017-12-19,21.517438888549805
2017-12-20,21.520017623901367
2017-12-21,21.310884475708008
2017-12-22,21.192119598388672
2017-12-26,21.01138687133789
2017-12-27,20.980403900146484
2017-12-28,20.921022415161133
2017-12-29,20.985567092895508
2018-01-02,21.28248405456543
2018-01-03,21.507108688354492
2018-01-04,21.88922882080078
2018-01-05,22.049304962158203
2018-01-08,22.04414176940918
2018-01-09,21.7601318359375
2018-01-10,21.8453369140625
2018-01-11,22.41851234436035
2018-01-12,22.397857666015625
2018-01-16,22.227453231811523
2018-01-17,22.748994827270508
2018-01-18,22.8212890625
2018-01-19,22.84710693359375
2018-01-22,22.960708618164062
2018-01-23,23.007186889648438
2018-01-24,22.816125869750977
2018-01-25,22.834199905395508
2018-01-26,21.36252212524414
2018-01-29,19.312509536743164
2018-01-30,18.093856811523438
2018-01-31,18.51211929321289
2018-02-01,18.137746810913086
2018-02-02,18.305570602416992
2018-02-05,17.448379516601562
2018-02-06,17.358016967773438
2018-02-07,17.23925018310547
2018-02-08,16.942337036132812
2018-02-09,17.376089096069336
2018-02-12,17.5645694732666
2018-02-13,17.634281158447266
2018-02-14,18.039634704589844
2018-02-15,17.8227596282959
2018-02-16,18.01898193359375
2018-02-20,18.0267276763916
2018-02-21,18.052547454833984
2018-02-22,18.217784881591797
2018-02-23,18.532777786254883
2018-02-26,18.690269470214844
2018-02-27,18.780637741088867
2018-02-28,19.180831909179688
2018-03-01,19.459672927856445
2018-03-02,19.018173217773438
2018-03-05,19.105955123901367
2018-03-06,19.519054412841797
2018-03-07,19.95798110961914
2018-03-08,19.988956451416016
2018-03-09,20.26264190673828
2018-03-12,20.0819091796875
2018-03-13,19.968305587768555
2018-03-14,20.092233657836914
2018-03-15,20.04059600830078
2018-03-16,20.12838363647461
2018-03-19,20.130964279174805
2018-03-20,20.20067596435547
2018-03-21,19.622329711914062
2018-03-22,19.22471809387207
2018-03-23,18.8839111328125
2018-03-26,19.397705078125
2018-03-27,19.023338317871094
2018-03-28,18.615398406982422
2018-03-29,18.901987075805664
2018-04-02,18.734167098999023
2018-04-03,18.80129623413086
2018-04-04,18.84002113342285
2018-04-05,18.798709869384766
2018-04-06,18.406265258789062
2018-04-09,18.563758850097656
2018-04-10,18.793546676635742
2018-04-11,18.571502685546875
2018-04-12,18.765148162841797
2018-04-13,18.821945190429688
2018-04-16,19.196321487426758
2018-04-17,19.464839935302734
2018-04-18,19.568111419677734
2018-04-19,19.080137252807617
2018-04-20,18.762563705444336
2018-04-23,18.871002197265625
2018-04-24,18.70059585571289
2018-04-25,18.532777786254883
2018-04-26,18.84002113342285
2018-04-27,18.749652862548828
2018-04-30,18.530195236206055
2018-05-01,18.4372501373291
2018-05-02,18.253934860229492
2018-05-03,18.383028030395508
2018-05-04,18.834857940673828
2018-05-07,18.71609115600586
2018-05-08,18.592159271240234
2018-05-09,18.775474548339844
2018-05-10,19.284103393554688
2018-05-11,19.188573837280273
2018-05-14,19.018173217773438
2018-05-15,19.08530044555664
2018-05-16,19.162755966186523
2018-05-17,19.188573837280273
2018-05-18,20.34783935546875
2018-05-21,20.77643394470215
2018-05-22,20.853893280029297
2018-05-23,21.14306640625
2018-05-24,21.344449996948242
2018-05-25,21.176624298095703
2018-05-29,20.797088623046875
2018-05-30,20.923601150512695
2018-05-31,20.825490951538086
2018-06-01,21.907304763793945
2018-06-04,21.953771591186523
2018-06-05,22.372037887573242
2018-06-06,22.552772521972656
2018-06-07,22.736083984375
2018-06-08,22.80579948425293
2018-06-11,22.62765121459961
2018-06-12,22.387535095214844
2018-06-13,22.697355270385742
2018-06-14,22.697355270385742
2018-06-15,22.8212890625
2018-06-18,23.125951766967773
2018-06-19,22.97878074645996
2018-06-20,23.03042221069336
2018-06-21,23.00201988220215
2018-06-22,22.921981811523438
2018-06-25,22.193889617919922
2018-06-26,22.322982788085938
2018-06-27,21.68783950805664
2018-06-28,22.015737533569336
2018-06-29,21.837587356567383
2018-07-02,23.804990768432617
2018-07-03,24.484025955200195
2018-07-05,24.23099708557129
2018-07-06,24.099323272705078
2018-07-09,24.174196243286133
2018-07-10,24.365257263183594
2018-07-11,24.292964935302734
2018-07-12,24.558897018432617
2018-07-13,24.502098083496094
2018-07-16,24.47110939025879
2018-07-17,24.491769790649414
2018-07-18,24.545989990234375
2018-07-19,24.460786819458008
2018-07-20,24.35234832763672
2018-07-23,24.171615600585938
2018-07-24,24.037353515625
2018-07-25,24.218093872070312
2018-07-26,24.373001098632812
2018-07-27,24.184524536132812
2018-07-30,23.936668395996094
2018-07-31,23.887605667114258
2018-08-01,23.939247131347656
2018-08-02,24.021867752075195
2018-08-03,24.034774780273438
2018-08-06,24.125141143798828
2018-08-07,24.1922664642334
2018-08-08,24.308460235595703
2018-08-09,24.45820426940918
2018-08-10,24.40656852722168
2018-08-13,24.26972198486328
2018-08-14,24.491769790649414
2018-08-15,24.445293426513672
2018-08-16,24.67766571044922
2018-08-17,24.53049659729004
2018-08-20,24.535661697387695
2018-08-21,24.553735733032227
2018-08-22,24.716392517089844
2018-08-23,24.60795021057129
2018-08-24,24.615699768066406
2018-08-27,24.633771896362305
2018-08-28,24.59504508972168
2018-08-29,24.804174423217773
2018-08-30,24.948762893676758
2018-08-31,24.82999610900879
2018-09-04,24.824832916259766
2018-09-05,24.70606803894043
2018-09-06,24.7551212310791
2018-09-07,24.85323143005371
2018-09-10,25.00556182861328
2018-09-11,24.96683692932129
2018-09-12,25.103673934936523
2018-09-13,25.13465690612793
2018-09-14,25.470304489135742
2018-09-17,25.12691307067871
2018-09-18,24.884218215942383
2018-09-19,24.64668083190918
2018-09-20,24.775774002075195
2018-09-21,24.837739944458008
2018-09-24,24.837739944458008
2018-09-25,25.031383514404297
2018-09-26,24.9435977935791
2018-09-27,25.10883903503418
2018-09-28,25.075273513793945
2018-10-01,24.969417572021484
2018-10-02,24.982324600219727
2018-10-03,24.9435977935791
2018-10-04,24.964252471923828
2018-10-05,25.03396224975586
2018-10-08,24.669918060302734
2018-10-09,24.419475555419922
2018-10-10,23.87470054626465
2018-10-11,23.686220169067383
2018-10-12,24.398822784423828
2018-10-15,24.52791404724121
2018-10-16,24.698320388793945
2018-10-17,24.553735733032227
2018-10-18,24.396240234375
2018-10-19,24.212926864624023
2018-10-22,24.453039169311523
2018-10-23,23.97797203063965
2018-10-24,23.198244094848633
2018-10-25,23.45643424987793
2018-10-26,22.841941833496094
2018-10-29,22.400442123413086
2018-10-30,22.896163940429688
2018-10-31,23.337661743164062
2018-11-01,23.536470413208008
2018-11-02,23.541635513305664
2018-11-05,23.6784725189209
2018-11-06,23.779170989990234
2018-11-07,25.266332626342773
2018-11-08,25.540014266967773
2018-11-09,25.315391540527344
2018-11-12,25.431575775146484
2018-11-13,26.224212646484375
2018-11-14,27.287954330444336
2018-11-15,27.12529182434082
2018-11-16,26.97296142578125
2018-11-19,26.670881271362305
2018-11-20,26.50047492980957
2018-11-21,26.590843200683594
2018-11-23,26.830961227416992
2018-11-26,27.2724609375
2018-11-27,27.02202033996582
2018-11-28,27.522903442382812
2018-11-29,27.36798858642578
2018-11-30,27.233732223510742
2018-12-03,27.24664306640625
2018-12-04,26.970382690429688
2018-12-06,27.267297744750977
2018-12-07,26.85161018371582
2018-12-10,26.88001251220703
2018-12-11,27.04008674621582
2018-12-12,27.112380981445312
2018-12-13,27.238895416259766
2018-12-14,27.313770294189453
2018-12-17,27.130451202392578
2018-12-18,27.33184242248535
2018-12-19,27.07107162475586
2018-12-20,26.69927978515625
2018-12-21,26.523710250854492
2018-12-24,20.7841796875
2018-12-26,20.946840286254883
2018-12-27,20.655086517333984
2018-12-28,21.183488845825195
2018-12-31,22.787519454956055
2019-01-02,21.971521377563477
2019-01-03,21.043601989746094
2019-01-04,21.458602905273438
2019-01-07,21.598487854003906
2019-01-08,21.854944229125977
2019-01-09,21.88758659362793
2019-01-10,21.071578979492188
2019-01-11,20.73585319519043
2019-01-14,19.957149505615234
2019-01-15,20.055070877075195
2019-01-16,19.873220443725586
2019-01-17,20.381473541259766
2019-01-18,20.213611602783203
2019-01-22,20.544675827026367
2019-01-23,20.80579376220703
2019-01-24,20.964336395263672
2019-01-25,21.407306671142578
2019-01-28,21.86893081665039
2019-01-29,21.845623016357422
2019-01-30,22.381851196289062
2019-01-31,22.656965255737305
2019-02-01,23.15123176574707
2019-02-04,23.701448440551758
2019-02-05,23.813356399536133
2019-02-06,23.75273895263672
2019-02-07,23.519594192504883
2019-02-08,24.009199142456055
2019-02-11,24.256330490112305
2019-02-12,24.993066787719727
2019-02-13,25.15627098083496
2019-02-14,25.356775283813477
2019-02-15,25.6458683013916
2019-02-19,25.66452407836914
2019-02-20,25.897666931152344
2019-02-21,25.897666931152344
2019-02-22,26.19609260559082
2019-02-25,26.41058349609375
2019-02-26,26.452552795410156
2019-02-27,26.228734970092773
2019-02-28,26.028228759765625
2019-03-01,26.41524887084961
2019-03-04,25.80440902709961
2019-03-05,25.701828002929688
2019-03-06,25.05368423461914
2019-03-07,24.77391242980957
2019-03-08,24.41020393371582
2019-03-11,25.24952507019043
2019-03-12,25.505983352661133
2019-03-13,25.622556686401367
2019-03-14,26.662378311157227
2019-03-15,28.08456039428711
2019-03-18,28.205795288085938
2019-03-19,28.182483673095703
2019-03-20,27.80478858947754
2019-03-21,28.308378219604492
2019-03-22,27.767484664916992
2019-03-25,26.713672637939453
2019-03-26,27.459733963012695
2019-03-27,26.830245971679688
2019-03-28,26.541149139404297
2019-03-29,27.366474151611328
2019-04-01,28.177818298339844
2019-04-02,28.569501876831055
2019-04-03,28.718713760375977
2019-04-04,28.13585090637207
2019-04-05,29.003149032592773
2019-04-08,29.13837432861328
2019-04-09,28.78399658203125
2019-04-10,29.511402130126953
2019-04-11,29.77718734741211
2019-04-12,29.613988876342773
2019-04-15,29.786516189575195
2019-04-16,29.278261184692383
2019-04-17,29.259611129760742
2019-04-18,29.306238174438477
2019-04-22,29.492755889892578
2019-04-23,30.308759689331055
2019-04-24,30.891618728637695
2019-04-25,31.241334915161133
2019-04-26,30.476625442504883
2019-04-29,30.56521987915039
2019-04-30,31.432506561279297
2019-05-01,31.978073120117188
2019-05-02,31.77290153503418
2019-05-03,32.034027099609375
2019-05-06,31.79621696472168
2019-05-07,31.469810485839844
2019-05-08,31.287960052490234
2019-05-09,31.283300399780273
2019-05-10,31.315940856933594
2019-05-13,29.861120223999023
2019-05-14,30.844993591308594
2019-05-15,31.660993576049805
2019-05-16,32.54694747924805
2019-05-17,32.37441635131836
2019-05-20,31.707626342773438
2019-05-21,32.47700881958008
2019-05-22,32.173912048339844
2019-05-23,30.63515853881836
2019-05-24,30.830995559692383
2019-05-28,30.966222763061523
2019-05-29,30.868303298950195
2019-05-30,30.966222763061523
2019-05-31,27.767484664916992
2019-06-03,26.0468807220459
2019-06-04,26.895524978637695
2019-06-05,25.4127254486084
2019-06-06,24.82054328918457
2019-06-07,25.319469451904297
2019-06-10,25.272838592529297
2019-06-11,25.33812713623047
2019-06-12,24.72728729248047
2019-06-13,25.100311279296875
2019-06-14,23.929927825927734
2019-06-17,23.60819435119629
2019-06-18,24.018522262573242
2019-06-19,24.909135818481445
2019-06-20,25.370759963989258
2019-06-21,25.174922943115234
2019-06-24,24.85317611694336
2019-06-25,24.39155387878418
2019-06-26,24.82054328918457
2019-06-27,24.344928741455078
2019-06-28,23.68745994567871
2019-07-01,24.041841506958008
2019-07-02,24.3309383392334
2019-07-03,24.67599105834961
2019-07-05,24.419530868530273
2019-07-08,23.91594123840332
2019-07-09,23.827346801757812
2019-07-10,24.38222885131836
2019-07-11,24.937110900878906
2019-07-12,25.07699966430664
2019-07-15,25.748455047607422
2019-07-16,26.1168212890625
2019-07-17,26.345304489135742
2019-07-18,26.760303497314453
2019-07-19,26.48518943786621
2019-07-22,26.308002471923828
2019-07-23,25.86036491394043
2019-07-24,26.21474266052246
2019-07-25,25.678510665893555
2019-07-26,25.776430130004883
2019-07-29,26.09817123413086
2019-07-30,26.68569564819336
2019-07-31,26.92350196838379
2019-08-01,26.900188446044922
2019-08-02,24.438180923461914
2019-08-05,23.510272979736328
2019-08-06,23.673473358154297
2019-08-07,23.491621017456055
2019-08-08,23.934593200683594
2019-08-09,23.51493263244629
2019-08-12,23.062631607055664
2019-08-13,23.090608596801758
2019-08-14,22.66162109375
2019-08-15,21.86893081665039
2019-08-16,22.582355499267578
2019-08-19,22.8714542388916
2019-08-20,22.601009368896484
2019-08-21,22.83881378173828
2019-08-22,22.866796493530273
2019-08-23,21.360679626464844
2019-08-26,21.64044952392578
2019-08-27,21.262758255004883
2019-08-28,21.12287139892578
2019-08-29,21.80831527709961
2019-08-30,24.027849197387695
2019-09-03,23.813356399536133
2019-09-04,23.87397575378418
2019-09-05,24.67599105834961
2019-09-06,24.88115882873535
2019-09-09,25.31480598449707
2019-09-10,25.869693756103516
2019-09-11,25.785757064819336
2019-09-12,25.24952507019043
2019-09-13,24.951101303100586
2019-09-16,25.226207733154297
2019-09-17,25.109638214111328
2019-09-18,24.62003517150879
2019-09-19,24.73194694519043
2019-09-20,24.177066802978516
2019-09-23,24.685317993164062
2019-09-24,24.34026336669922
2019-09-25,25.058347702026367
2019-09-26,24.316951751708984
2019-09-27,23.757402420043945
2019-09-30,24.181726455688477
2019-10-01,24.079137802124023
2019-10-02,23.67813491821289
2019-10-03,23.808691024780273
2019-10-04,23.44032859802246
2019-10-07,23.556900024414062
2019-10-08,22.75954246520996
2019-10-09,23.062631607055664
2019-10-10,22.84813690185547
2019-10-11,23.454315185546875
2019-10-14,23.631505966186523
2019-10-15,23.841339111328125
2019-10-16,23.566219329833984
2019-10-17,23.486955642700195
2019-10-18,23.253812789916992
2019-10-21,23.309764862060547
2019-10-22,23.30510139465332
2019-10-23,23.454315185546875
2019-10-24,23.785381317138672
2019-10-25,24.097793579101562
2019-10-28,24.05582618713379
2019-10-29,24.829864501953125
2019-10-30,25.063011169433594
2019-10-31,24.662002563476562
2019-11-01,24.825206756591797
2019-11-04,25.104976654052734
2019-11-05,25.38008689880371
2019-11-06,25.333457946777344
2019-11-07,25.324132919311523
2019-11-08,25.324132919311523
2019-11-11,25.42205238342285
2019-11-12,25.846376419067383
2019-11-13,25.54328727722168
2019-11-14,25.669187545776367
2019-11-15,25.944297790527344
2019-11-18,25.91165542602539
2019-11-19,26.210081100463867
2019-11-20,25.77176856994629
2019-11-21,25.044357299804688
2019-11-22,24.997732162475586
2019-11-25,25.67384910583496
2019-11-26,24.801891326904297
2019-11-27,23.46364402770996
2019-11-29,22.610334396362305
2019-12-02,22.251291275024414
2019-12-03,22.10207748413086
2019-12-04,22.232637405395508
2019-12-05,22.07410430908203
2019-12-06,21.971521377563477
2019-12-09,22.21864891052246
2019-12-10,22.08342742919922
2019-12-11,22.246631622314453
2019-12-12,23.08128547668457
2019-12-13,23.01133918762207
2019-12-16,23.076622009277344
2019-12-17,23.28179359436035
2019-12-18,23.314428329467773
2019-12-19,23.263139724731445
2019-12-20,23.137237548828125
2019-12-23,23.52891731262207
2019-12-24,23.701448440551758
2019-12-26,24.251665115356445
2019-12-27,23.771390914916992
2019-12-30,23.73874855041504
2019-12-31,23.962570190429688
2020-01-02,24.38222885131836
2020-01-03,23.58021354675293
2020-01-06,23.818017959594727
2020-01-07,23.221168518066406
2020-01-08,23.314428329467773
2020-01-09,23.137237548828125
2020-01-10,23.08594512939453
2020-01-13,23.23516082763672
2020-01-14,23.715435028076172
2020-01-15,23.594202041625977
2020-01-16,23.93925666809082
2020-01-17,23.472965240478516
2020-01-21,22.983367919921875
2020-01-22,23.286449432373047
2020-01-23,23.486955642700195
2020-01-24,23.30510139465332
2020-01-27,22.45179557800293
2020-01-28,22.698925018310547
2020-01-29,22.8248291015625
2020-01-30,23.025325775146484
2020-01-31,22.74089241027832
2020-02-03,22.93207359313965
2020-02-04,23.794706344604492
2020-02-05,23.68279457092285
2020-02-06,24.643348693847656
2020-02-07,24.069814682006836
2020-02-10,24.298297882080078
2020-02-11,24.368240356445312
2020-02-12,24.85317611694336
2020-02-13,24.503463745117188
2020-02-14,24.65734100341797
2020-02-18,24.606048583984375
2020-02-19,24.8718318939209
2020-02-20,24.689977645874023
2020-02-21,24.116445541381836
2020-02-24,22.526399612426758
2020-02-25,21.551856994628906
2020-02-26,21.41663932800293
2020-02-27,20.3115291595459
2020-02-28,18.86604118347168
2020-03-02,19.76597023010254
2020-03-03,19.481536865234375
2020-03-04,20.227598190307617
2020-03-05,19.04789161682129
2020-03-06,18.47435188293457
2020-03-09,16.9029598236084
2020-03-10,18.25053596496582
2020-03-11,17.224699020385742
2020-03-12,15.26628589630127
2020-03-13,16.763076782226562
2020-03-16,15.019155502319336
2020-03-17,14.60416030883789
2020-03-18,13.461750030517578
2020-03-19,14.902584075927734
2020-03-20,15.149717330932617
2020-03-23,15.825835227966309
2020-03-24,18.115310668945312
2020-03-25,18.343795776367188
2020-03-26,19.83591651916504
2020-03-27,18.068681716918945
2020-03-30,18.558279037475586
2020-03-31,18.441713333129883
2020-04-01,17.20604705810547
2020-04-02,17.317955017089844
2020-04-03,16.991554260253906
2020-04-06,18.14328956604004
2020-04-07,17.891494750976562
2020-04-08,18.828733444213867
2020-04-09,19.37895393371582
2020-04-13,18.86604118347168
2020-04-14,19.276369094848633
2020-04-15,18.86137580871582
2020-04-16,19.16445541381836
2020-04-17,19.35563850402832
2020-04-20,19.099180221557617
2020-04-21,17.43919563293457
2020-04-22,18.068681716918945
2020-04-23,18.14328956604004
2020-04-24,18.506994247436523
2020-04-27,18.740135192871094
2020-04-28,19.043228149414062
2020-04-29,20.232261657714844
2020-04-30,19.90585708618164
2020-05-01,18.65154266357422
2020-05-04,18.90799903869629
2020-05-05,18.740135192871094
2020-05-06,18.88002586364746
2020-05-07,19.46755027770996
2020-05-08,20.353496551513672
2020-05-11,20.222936630249023
2020-05-12,19.700693130493164
2020-05-13,19.131824493408203
2020-05-14,19.518836975097656
2020-05-15,19.626083374023438
2020-05-18,20.414113998413086
2020-05-19,20.535350799560547
2020-05-20,20.824451446533203
2020-05-21,20.698549270629883
2020-05-22,20.083049774169922
2020-05-26,20.731191635131836
2020-05-27,21.24877166748047
2020-05-28,21.253435134887695
2020-05-29,23.14656639099121
2020-06-01,23.020666122436523
2020-06-02,22.9180850982666
2020-06-03,22.75954246520996
2020-06-04,22.941396713256836
2020-06-05,23.556900024414062
2020-06-08,24.088470458984375
2020-06-09,23.328420639038086
2020-06-10,23.029993057250977
2020-06-11,21.724384307861328
2020-06-12,21.86893081665039
2020-06-15,21.943540573120117
2020-06-16,22.232637405395508
2020-06-17,22.15803337097168
2020-06-18,22.111408233642578
2020-06-19,22.810840606689453
2020-06-22,22.517074584960938
2020-06-23,22.852802276611328
2020-06-24,24.759920120239258
2020-06-25,24.06049156188965
2020-06-26,24.36357879638672
2020-06-29,25.067676544189453
2020-06-30,25.61789321899414
2020-07-01,25.310142517089844
2020-07-02,25.063011169433594
2020-07-06,25.207561492919922
2020-07-07,24.689977645874023
2020-07-08,25.24952507019043
2020-07-09,25.035036087036133
2020-07-10,24.913801193237305
2020-07-13,24.139759063720703
2020-07-14,24.48015022277832
2020-07-15,24.56407928466797
2020-07-16,27.557655334472656
2020-07-17,28.149839401245117
2020-07-20,28.653430938720703
2020-07-21,28.471582412719727
2020-07-22,28.797985076904297
2020-07-23,28.686073303222656
2020-07-24,28.350343704223633
2020-07-27,28.42495346069336
2020-07-28,27.68355369567871
2020-07-29,27.832765579223633
2020-07-30,27.585636138916016
2020-07-31,27.898046493530273
2020-08-03,28.201135635375977
2020-08-04,28.126529693603516
2020-08-05,28.261749267578125
2020-08-06,28.4202880859375
2020-08-07,28.350343704223633
2020-08-10,28.830617904663086
2020-08-11,28.695402145385742
2020-08-12,28.830617904663086
2020-08-13,27.77215003967285
2020-08-14,27.935348510742188
2020-08-17,27.832765579223633
2020-08-18,27.986635208129883
2020-08-19,27.907371520996094
2020-08-20,27.81877899169922
2020-08-21,28.191808700561523
2020-08-24,28.70472526550293
2020-08-25,28.275737762451172
2020-08-26,28.97050666809082
2020-08-27,29.110393524169922
2020-08-28,30.872966766357422
2020-08-31,30.81235694885254
2020-09-01,30.947574615478516
2020-09-02,31.926780700683594
2020-09-03,30.560550689697266
2020-09-04,30.14556121826172
2020-09-08,29.912412643432617
2020-09-09,31.166728973388672
2020-09-10,30.513925552368164
2020-09-11,30.956899642944336
2020-09-14,31.1713924407959
2020-09-15,31.287960052490234
2020-09-16,31.413862228393555
2020-09-17,31.03616714477539
2020-09-18,30.947574615478516
2020-09-21,30.541902542114258
2020-09-22,30.919591903686523
2020-09-23,30.59319496154785
2020-09-24,30.481290817260742
2020-09-25,30.644485473632812
2020-09-28,31.385879516601562
2020-09-29,31.894136428833008
2020-09-30,31.563074111938477
2020-10-01,31.493125915527344
2020-10-02,31.315940856933594
2020-10-05,31.80554962158203
2020-10-06,31.46515464782715
2020-10-07,31.432506561279297
2020-10-08,32.0153694152832
2020-10-09,31.889467239379883
2020-10-12,32.29048538208008
2020-10-13,32.87800598144531
2020-10-14,32.94329071044922
2020-10-15,32.65885925292969
2020-10-16,32.71014404296875
2020-10-19,32.407047271728516
2020-10-20,32.36509323120117
2020-10-21,32.56093215942383
2020-10-22,32.071327209472656
2020-10-23,31.791555404663086
2020-10-26,30.187522888183594
2020-10-27,29.641969680786133
2020-10-28,28.303712844848633
2020-10-29,28.219783782958984
2020-10-30,28.09855079650879
2020-11-02,28.112539291381836
2020-11-03,28.793319702148438
2020-11-04,29.017135620117188
2020-11-05,30.080276489257812
2020-11-06,30.117576599121094
2020-11-09,29.954378128051758
2020-11-10,30.126901626586914
2020-11-11,30.252803802490234
2020-11-12,30.038311004638672
2020-11-13,30.826335906982422
2020-11-16,31.40453338623047
2020-11-17,31.642337799072266
2020-11-18,31.521106719970703
2020-11-19,31.940767288208008
2020-11-20,31.86616325378418
2020-11-23,32.351097106933594
2020-11-24,32.7940788269043
2020-11-25,32.33711242675781
2020-11-27,32.556270599365234
2020-11-30,32.187896728515625
2020-12-01,32.88267517089844
2020-12-02,32.88267517089844
2020-12-03,33.06452560424805
2020-12-04,33.61940383911133
2020-12-07,32.8173828125
2020-12-08,33.51215744018555
2020-12-09,33.35361862182617
2020-12-10,33.64738845825195
2020-12-11,33.4049186706543
2020-12-14,33.77328109741211
2020-12-15,34.384117126464844
2020-12-16,34.44473648071289
2020-12-17,34.83641815185547
2020-12-18,34.001766204833984
2020-12-21,34.06704330444336
2020-12-22,33.91316223144531
2020-12-23,34.2255859375
2020-12-24,34.03440475463867
2020-12-28,33.969120025634766
2020-12-29,33.33964157104492
2020-12-30,33.8059196472168
2020-12-31,34.174293518066406
2021-01-04,33.801265716552734
2021-01-05,34.253562927246094
2021-01-06,34.537986755371094
2021-01-07,35.59646987915039
2021-01-08,36.006805419921875
2021-01-11,35.26540756225586
2021-01-12,35.78764724731445
2021-01-13,33.21372985839844
2021-01-14,34.155643463134766
2021-01-15,34.6265869140625
2021-01-19,34.90636444091797
2021-01-20,35.927528381347656
2021-01-21,35.85758590698242
2021-01-22,35.409950256347656
2021-01-25,35.288719177246094
2021-01-26,35.45659255981445
2021-01-27,34.44007110595703
2021-01-28,34.468048095703125
2021-01-29,33.987770080566406
2021-02-01,34.48203659057617
2021-02-02,35.983489990234375
2021-02-03,36.253929138183594
2021-02-04,36.98134994506836
2021-02-05,37.12123107910156
2021-02-08,37.275108337402344
2021-02-09,37.111900329589844
2021-02-10,37.107242584228516
2021-02-11,37.06993865966797
2021-02-12,37.32640075683594
2021-02-16,37.041969299316406
2021-02-17,36.95803451538086
2021-02-18,37.15853500366211
2021-02-19,37.66212463378906
2021-02-22,37.66212463378906
2021-02-23,37.564208984375
2021-02-24,38.091121673583984
2021-02-25,37.153873443603516
2021-02-26,37.80201721191406
2021-03-01,38.74391555786133
2021-03-02,38.56673049926758
2021-03-03,38.98172378540039
2021-03-04,38.60869598388672
2021-03-05,39.79773712158203
2021-03-08,39.685821533203125
2021-03-09,40.329307556152344
2021-03-10,40.88418197631836
2021-03-11,41.32249069213867
2021-03-12,41.41575241088867
2021-03-15,41.63957214355469
2021-03-16,41.536991119384766
2021-03-17,42.56282424926758
2021-03-18,41.084686279296875
2021-03-19,40.860870361328125
2021-03-22,40.730308532714844
2021-03-23,39.9842529296875
2021-03-24,40.264015197753906
2021-03-25,40.09615707397461
2021-03-26,41.49502182006836
2021-03-29,41.13131332397461
2021-03-30,41.308494567871094
2021-03-31,41.10333251953125
2021-04-01,41.536991119384766
2021-04-05,41.667545318603516
2021-04-06,41.72350311279297
2021-04-07,42.67007064819336
2021-04-08,43.16899108886719
2021-04-09,43.77517318725586
2021-04-12,43.574668884277344
2021-04-13,43.14567947387695
2021-04-14,43.224945068359375
2021-04-15,46.12526321411133
2021-04-16,47.290985107421875
2021-04-19,48.22355651855469
2021-04-20,47.318965911865234
2021-04-21,47.286319732666016
2021-04-22,46.85734176635742
2021-04-23,47.286319732666016
2021-04-26,46.8060417175293
2021-04-27,46.959922790527344
2021-04-28,46.35840606689453
2021-04-29,46.62885665893555
2021-04-30,45.850154876708984
2021-05-03,45.59369659423828
2021-05-04,45.00617218017578
2021-05-05,45.882789611816406
2021-05-06,46.521610260009766
2021-05-07,47.12312316894531
2021-05-10,46.47964096069336
2021-05-11,45.61235427856445
2021-05-12,43.87309646606445
2021-05-13,44.950225830078125
2021-05-14,45.89678955078125
2021-05-17,45.87812805175781
2021-05-18,45.7662239074707
2021-05-19,45.1367301940918
2021-05-20,45.980712890625
2021-05-21,45.91543197631836
2021-05-24,46.69413757324219
2021-05-25,46.40037155151367
2021-05-26,46.47032165527344
2021-05-27,46.48897171020508
2021-05-28,45.99470520019531
2021-06-01,47.95777893066406
2021-06-02,46.997222900390625
2021-06-03,47.402896881103516
2021-06-04,48.27485656738281
2021-06-07,47.95311737060547
2021-06-08,48.452049255371094
2021-06-09,48.4753532409668
2021-06-10,48.39609146118164
2021-06-11,48.48468780517578
2021-06-14,47.906497955322266
2021-06-15,47.96244430541992
2021-06-16,47.91114807128906
2021-06-17,46.465667724609375
2021-06-18,45.96206283569336
2021-06-21,46.62885665893555
2021-06-22,46.51695251464844
2021-06-23,46.2651481628418
2021-06-24,46.19987487792969
2021-06-25,46.395713806152344
2021-06-28,46.512290954589844
2021-06-29,47.654693603515625
2021-06-30,46.47499084472656
2021-07-01,46.01802444458008
2021-07-02,46.33509826660156
2021-07-06,45.86880111694336
2021-07-07,46.39105224609375
2021-07-08,46.16257095336914
2021-07-09,46.74542999267578
2021-07-12,45.290611267089844
2021-07-13,43.71921920776367
2021-07-14,43.55134582519531
2021-07-15,43.66326141357422
2021-07-16,43.03376770019531
2021-07-19,43.30887985229492
2021-07-20,44.469940185546875
2021-07-21,44.86161804199219
2021-07-22,44.7357292175293
2021-07-23,45.02015686035156
2021-07-26,44.97819137573242
2021-07-27,44.810333251953125
2021-07-28,44.71240997314453
2021-07-29,45.132076263427734
2021-07-30,45.052799224853516
2021-08-02,44.898929595947266
2021-08-03,45.89678955078125
2021-08-04,45.411842346191406
2021-08-05,45.85482406616211
2021-08-06,45.948081970214844
2021-08-09,45.92941665649414
2021-08-10,45.89211654663086
2021-08-11,46.80138397216797
2021-08-12,46.866668701171875
2021-08-13,46.64284133911133
2021-08-16,46.465667724609375
2021-08-17,45.61235427856445
2021-08-18,45.211334228515625
2021-08-19,44.86627960205078
2021-08-20,45.92941665649414
2021-08-23,46.684814453125
2021-08-24,46.97391128540039
2021-08-25,47.589412689208984
2021-08-26,47.35160827636719
2021-08-27,45.2066764831543
2021-08-30,45.7662239074707
2021-08-31,45.444488525390625
2021-09-01,45.11341857910156
2021-09-02,45.262630462646484
2021-09-03,45.29528045654297
2021-09-07,44.76836395263672
2021-09-08,44.24612808227539
2021-09-09,44.94089889526367
2021-09-10,44.40932846069336
2021-09-13,46.11128234863281
2021-09-14,45.43516540527344
2021-09-15,46.83402633666992
2021-09-16,47.28166198730469
2021-09-17,46.8759880065918
2021-09-20,47.0345344543457
2021-09-21,46.321109771728516
2021-09-22,46.28847122192383
2021-09-23,47.88317108154297
2021-09-24,48.43806076049805
2021-09-27,48.899688720703125
2021-09-28,49.09552764892578
2021-09-29,49.137489318847656
2021-09-30,48.51266098022461
2021-10-01,49.324005126953125
2021-10-04,49.07220458984375
2021-10-05,49.393951416015625
2021-10-06,49.19343948364258
2021-10-07,49.916194915771484
2021-10-08,48.988285064697266
2021-10-11,49.053558349609375
2021-10-12,48.37744140625
2021-10-13,48.34479904174805
2021-10-14,49.42658233642578
2021-10-15,50.22393798828125
2021-10-18,50.66225814819336
2021-10-19,51.669437408447266
2021-10-20,52.05179214477539
2021-10-21,52.68128204345703
2021-10-22,53.4087028503418
2021-10-25,52.35954284667969
2021-10-26,51.38966369628906
2021-10-27,50.54102325439453
2021-10-28,51.32904815673828
2021-10-29,51.28708267211914
2021-11-01,51.9958381652832
2021-11-02,50.24050521850586
2021-11-03,50.783294677734375
2021-11-04,50.203704833984375
2021-11-05,51.850494384765625
2021-11-08,51.08689880371094
2021-11-09,51.5928955078125
2021-11-10,52.08967971801758
2021-11-11,51.69407653808594
2021-11-12,51.519290924072266
2021-11-15,52.16328430175781
2021-11-16,52.16328430175781
2021-11-17,51.519290924072266
2021-11-18,51.42729187011719
2021-11-19,50.61770248413086
2021-11-22,50.71889877319336
2021-11-23,50.29570388793945
2021-11-24,52.71528244018555
2021-11-26,51.68488693237305
2021-11-29,52.96366882324219
2021-11-30,51.95168685913086
2021-12-01,51.24329376220703
2021-12-02,52.577274322509766
2021-12-03,53.80085372924805
2021-12-06,54.049259185791016
2021-12-07,54.19645690917969
2021-12-08,53.72726821899414
2021-12-09,53.03727340698242
2021-12-10,52.99126434326172
2021-12-13,51.26169967651367
2021-12-14,50.2589111328125
2021-12-15,51.55609893798828
2021-12-16,50.590110778808594
2021-12-17,50.27731704711914
2021-12-20,49.31132125854492
2021-12-21,51.0132942199707
2021-12-22,50.939697265625
2021-12-23,51.40889358520508
2021-12-27,52.07128143310547
2021-12-28,52.39328384399414
2021-12-29,52.48528289794922
2021-12-30,51.98848342895508
2021-12-31,51.675689697265625
2022-01-03,52.42088317871094
2022-01-04,53.81006622314453
2022-01-05,53.34087371826172
2022-01-06,53.39607620239258
2022-01-07,53.35006332397461
2022-01-10,55.08884811401367
2022-01-11,55.42924118041992
2022-01-12,55.15324401855469
2022-01-13,55.35563278198242
2022-01-14,55.68683624267578
2022-01-18,54.72084426879883
2022-01-19,53.32246398925781
2022-01-20,52.80727767944336
2022-01-21,51.12369918823242
2022-01-24,50.985694885253906
2022-01-25,51.004093170166016
2022-01-26,50.912105560302734
2022-01-27,51.0132942199707
2022-01-28,51.740089416503906
2022-01-31,52.26448440551758
2022-02-01,53.883663177490234
2022-02-02,54.647247314453125
2022-02-03,54.4632568359375
2022-02-04,54.04005432128906
2022-02-07,54.24245071411133
2022-02-08,55.15324401855469
2022-02-09,55.90763473510742
2022-02-10,55.861637115478516
2022-02-11,54.748451232910156
2022-02-14,53.911251068115234
2022-02-15,55.03363800048828
2022-02-16,55.46603775024414
2022-02-17,54.51845932006836
2022-02-18,54.187259674072266
2022-02-22,52.558876037597656
2022-02-23,52.23687744140625
2022-02-24,51.37208938598633
2022-02-25,47.342552185058594
2022-02-28,46.8825569152832
2022-03-01,45.888973236083984
2022-03-02,49.31132125854492
2022-03-03,48.38214111328125
2022-03-04,47.80253982543945
2022-03-07,45.38298034667969
2022-03-08,46.22016525268555
2022-03-09,47.820945739746094
2022-03-10,47.81175231933594
2022-03-11,47.848541259765625
2022-03-14,46.6801643371582
2022-03-15,47.912940979003906
2022-03-16,47.81175231933594
2022-03-17,46.46855926513672
2022-03-18,47.68293762207031
2022-03-21,48.13373565673828
2022-03-22,48.7501220703125
2022-03-23,48.391326904296875
2022-03-24,49.22852325439453
2022-03-25,50.40611267089844
2022-03-28,49.95531463623047
2022-03-29,50.62690353393555
2022-03-30,49.973716735839844
2022-03-31,46.17416000366211
2022-04-01,44.895381927490234
2022-04-04,45.428977966308594
2022-04-05,44.766578674316406
2022-04-06,43.34980773925781
2022-04-07,43.87419509887695
2022-04-08,43.59819793701172
2022-04-11,43.19340515136719
2022-04-12,43.33140563964844
2022-04-13,43.524600982666016
2022-04-14,43.184207916259766
2022-04-18,43.64419937133789
2022-04-19,44.45946502685547
2022-04-20,45.39514923095703
2022-04-21,44.66328048706055
2022-04-22,43.42185592651367
2022-04-25,43.79243087768555
2022-04-26,43.088340759277344
2022-04-27,43.125404357910156
2022-04-28,44.57989501953125
2022-04-29,43.55155563354492
2022-05-02,44.0055046081543
2022-05-03,44.32975769042969
2022-05-04,45.21913528442383
2022-05-05,43.78316879272461
2022-05-06,42.22676467895508
2022-05-09,41.865455627441406
2022-05-10,42.152645111083984
2022-05-11,41.14283752441406
2022-05-12,40.522132873535156
2022-05-13,41.77280807495117
2022-05-16,41.717220306396484
2022-05-17,43.18098449707031
2022-05-18,40.12376022338867
2022-05-19,38.07634353637695
2022-05-20,37.10358810424805
2022-05-23,38.187522888183594
2022-05-24,37.87253952026367
2022-05-25,40.114501953125
2022-05-26,40.698150634765625
2022-05-27,45.932491302490234
2022-05-31,46.26599884033203
2022-06-01,46.942291259765625
2022-06-02,47.50741958618164
2022-06-03,47.26654815673828
2022-06-06,46.358642578125
2022-06-07,47.386985778808594
2022-06-08,46.6273078918457
2022-06-09,46.645835876464844
2022-06-10,45.54338455200195
2022-06-13,43.773902893066406
2022-06-14,43.866546630859375
2022-06-15,44.385345458984375
2022-06-16,42.51395034790039
2022-06-17,44.08888626098633
2022-06-21,45.608238220214844
2022-06-22,45.033851623535156
2022-06-23,45.43221664428711
2022-06-24,46.55319595336914
2022-06-27,46.54393005371094
2022-06-28,45.33957290649414
2022-06-29,43.90359878540039
2022-06-30,42.81041717529297
2022-07-01,39.595699310302734
2022-07-05,39.96626663208008
2022-07-06,39.09542465209961
2022-07-07,39.780982971191406
2022-07-08,39.762454986572266
2022-07-11,39.35481643676758
2022-07-12,39.88288497924805
2022-07-13,39.96626663208008
2022-07-14,39.55863571166992
2022-07-15,40.262718200683594
2022-07-18,39.74393081665039
2022-07-19,41.116336822509766
2022-07-20,41.23769760131836
2022-07-21,41.68584442138672
2022-07-22,40.462806701660156
2022-07-25,40.93894577026367
2022-07-26,40.54683303833008
2022-07-27,41.34973907470703
2022-07-28,41.545799255371094
2022-07-29,42.0686149597168
2022-08-01,42.40472412109375
2022-08-02,41.32173156738281
2022-08-03,41.499114990234375
2022-08-04,41.26571273803711
2022-08-05,42.3953857421875
2022-08-08,42.43273162841797
2022-08-09,42.09663009643555
2022-08-10,44.094566345214844
2022-08-11,44.43999481201172
2022-08-12,45.01883316040039
2022-08-15,45.093528747558594
2022-08-16,45.364280700683594
2022-08-17,44.65473175048828
2022-08-18,45.691043853759766
2022-08-19,44.50535583496094
2022-08-22,43.73045349121094
2022-08-23,43.82381820678711
2022-08-24,43.525054931640625
2022-08-25,44.720088958740234
2022-08-26,38.67960739135742
2022-08-29,37.89537048339844
2022-08-30,37.05511474609375
2022-08-31,35.74806213378906
2022-09-01,35.150543212890625
2022-09-02,35.28125
2022-09-06,34.814449310302734
2022-09-07,35.45863723754883
2022-09-08,35.94411087036133
2022-09-09,37.14848327636719
2022-09-12,37.6246223449707
2022-09-13,35.75739669799805
2022-09-14,35.59868240356445
2022-09-15,35.150543212890625
2022-09-16,35.43996810913086
2022-09-19,35.30926513671875
2022-09-20,34.49701690673828
2022-09-21,34.33830261230469
2022-09-22,33.871498107910156
2022-09-23,33.161956787109375
2022-09-26,32.396385192871094
2022-09-27,32.41506576538086
2022-09-28,32.94721984863281
2022-09-29,31.920244216918945
2022-09-30,31.901567459106445
2022-10-03,33.498046875
2022-10-04,34.97315979003906
2022-10-05,35.34660339355469
2022-10-06,34.99182891845703
2022-10-07,32.30302429199219
2022-10-10,32.19098663330078
2022-10-11,31.621488571166992
2022-10-12,31.528125762939453
2022-10-13,32.66714096069336
2022-10-14,31.985597610473633
2022-10-17,32.18165969848633
2022-10-18,32.57755661010742
2022-10-19,32.51157760620117
2022-10-20,32.86035919189453
2022-10-21,34.7361946105957
2022-10-24,35.14153289794922
2022-10-25,35.57514953613281
2022-10-26,35.62228012084961
2022-10-27,35.593994140625
2022-10-28,36.9136962890625
2022-10-31,36.19728469848633
2022-11-01,36.904266357421875
2022-11-02,35.509159088134766
2022-11-03,35.20751953125
2022-11-04,36.76287841796875
2022-11-07,37.58296203613281
2022-11-08,38.10142135620117
2022-11-09,37.07395553588867
2022-11-10,39.326847076416016
2022-11-11,40.231781005859375
2022-11-14,39.826454162597656
2022-11-15,39.92070770263672
2022-11-16,38.81782150268555
2022-11-17,39.36455535888672
2022-11-18,39.628501892089844
2022-11-21,38.714134216308594
2022-11-22,41.33466339111328
2022-11-23,42.05107879638672
2022-11-25,42.06992721557617
2022-11-28,41.08015441894531
2022-11-29,41.023597717285156
2022-11-30,42.22074890136719
2022-12-01,42.32444381713867
2022-12-02,41.98509216308594
2022-12-05,40.59941101074219
2022-12-06,40.0338249206543
2022-12-07,39.515377044677734
2022-12-08,39.807594299316406
2022-12-09,39.4305419921875
2022-12-12,40.41088104248047
2022-12-13,40.392032623291016
2022-12-14,39.28914260864258
2022-12-15,37.12107467651367
2022-12-16,36.99852752685547
2022-12-19,36.76287841796875
2022-12-20,36.71574401855469
2022-12-21,36.8759880065918
2022-12-22,36.894840240478516
2022-12-23,36.8759880065918
2022-12-27,37.14935302734375
2022-12-28,36.53664016723633
2022-12-29,37.53583908081055
2022-12-30,37.91288757324219
2023-01-03,38.55388259887695
2023-01-04,38.59158706665039
2023-01-05,38.52560043334961
2023-01-06,39.986690521240234
2023-01-09,39.85472869873047
2023-01-10,40.05268096923828
2023-01-11,38.43134307861328
2023-01-12,37.639530181884766
2023-01-13,37.87518310546875
2023-01-17,37.73378372192383
2023-01-18,37.724365234375
2023-01-19,37.19647979736328
2023-01-20,37.95059585571289
2023-01-23,38.68585205078125
2023-01-24,38.57182312011719
2023-01-25,38.50529861450195
2023-01-26,38.95193862915039
2023-01-27,38.305747985839844
2023-01-30,38.020660400390625
2023-01-31,38.6003303527832
2023-02-01,39.18000793457031
2023-02-02,40.31082534790039
2023-02-03,40.13978576660156
2023-02-06,38.923423767089844
2023-02-07,39.90221405029297
2023-02-08,39.75967025756836
2023-02-09,39.94973373413086
2023-02-10,40.595916748046875
2023-02-13,41.242103576660156
2023-02-14,40.890499114990234
2023-02-15,40.671939849853516
2023-02-16,40.595916748046875
2023-02-17,40.36784744262695
2023-02-21,39.80718231201172
2023-02-22,39.73116683959961
2023-02-23,39.940223693847656
2023-02-24,39.541107177734375
2023-02-27,38.9614372253418
2023-02-28,38.61933898925781
2023-03-01,38.429283142089844
2023-03-02,38.17270278930664
2023-03-03,37.811607360839844
2023-03-06,37.12739944458008
2023-03-07,36.11060333251953
2023-03-08,36.84231948852539
2023-03-09,35.92053985595703
2023-03-10,34.89424133300781
2023-03-13,34.7516975402832
2023-03-14,35.68296813964844
2023-03-15,35.644962310791016
2023-03-16,36.15811538696289
2023-03-17,35.369388580322266
2023-03-20,36.63324737548828
2023-03-21,37.20342254638672
2023-03-22,36.186622619628906
2023-03-23,35.939552307128906
2023-03-24,35.52143096923828
2023-03-27,36.101104736328125
2023-03-28,36.405189514160156
2023-03-29,37.17491149902344
2023-03-30,37.878116607666016
2023-03-31,38.21071243286133
2023-04-03,38.93292236328125
2023-04-04,38.83789825439453
2023-04-05,38.77138137817383
2023-04-06,38.2297248840332
2023-04-10,39.370059967041016
2023-04-11,39.5316047668457
2023-04-12,39.788177490234375
2023-04-13,40.529396057128906
2023-04-14,41.128074645996094
2023-04-17,41.74575424194336
2023-04-18,43.23769760131836
2023-04-19,41.65073013305664
2023-04-20,40.785972595214844
2023-04-21,40.96652603149414
2023-04-24,40.90901184082031
2023-04-25,39.9792594909668
2023-04-26,39.940921783447266
2023-04-27,41.02403259277344
2023-04-28,41.68540573120117
2023-05-01,42.00171661376953
2023-05-02,42.90270233154297
2023-05-03,43.28610610961914
2023-05-04,42.34676742553711
2023-05-05,43.50656509399414
2023-05-08,44.11043167114258
2023-05-09,44.072078704833984
2023-05-10,43.92831039428711
2023-05-11,42.84519958496094
2023-05-12,42.90270233154297
2023-05-15,43.06564712524414
2023-05-16,43.496978759765625
2023-05-17,43.947471618652344
2023-05-18,45.1647834777832
2023-05-19,45.768646240234375
2023-05-22,45.56735610961914
2023-05-23,44.42673110961914
2023-05-24,44.004981994628906
2023-05-25,46.08495330810547
2023-05-26,46.49710464477539
2023-05-30,45.35647964477539
2023-05-31,42.95063781738281
2023-06-01,43.57366180419922
2023-06-02,45.30855941772461
2023-06-05,43.592830657958984
2023-06-06,44.905982971191406
2023-06-07,45.682376861572266
2023-06-08,45.90283203125
2023-06-09,45.63444900512695
2023-06-12,46.07536315917969
2023-06-13,46.77507019042969
2023-06-14,47.33100509643555
2023-06-15,48.116981506347656
2023-06-16,47.608970642089844
2023-06-20,47.2830810546875
2023-06-21,47.982784271240234
2023-06-22,49.152156829833984
2023-06-23,48.75917053222656
2023-06-26,49.19050598144531
2023-06-27,49.25759506225586
2023-06-28,49.62183380126953
2023-06-29,50.896644592285156
2023-06-30,51.86473846435547
2023-07-03,52.3439826965332
2023-07-05,51.9605827331543
2023-07-06,51.56760025024414
2023-07-07,51.30880355834961
2023-07-10,52.59319305419922
2023-07-11,53.42709732055664
2023-07-12,51.922245025634766
2023-07-13,53.33124542236328
2023-07-14,53.1203727722168
2023-07-17,52.43025588989258
2023-07-18,51.596351623535156
2023-07-19,52.046852111816406
2023-07-20,51.375892639160156
2023-07-21,51.33755874633789
2023-07-24,51.85874938964844
2023-07-25,52.47645950317383
2023-07-26,52.04212951660156
2023-07-27,51.839447021484375
2023-07-28,50.77775955200195
2023-07-31,51.07695388793945
2023-08-01,51.511287689208984
2023-08-02,51.10591506958008
2023-08-03,51.64641189575195
2023-08-04,51.38581848144531
2023-08-07,52.66949462890625
2023-08-08,55.57466506958008
2023-08-09,54.59983444213867
2023-08-10,54.04969024658203
2023-08-11,54.86043930053711
2023-08-14,54.78322219848633
2023-08-15,53.78909683227539
2023-08-16,53.29685974121094
2023-08-17,52.94939422607422
2023-08-18,53.01695251464844
2023-08-21,54.09794998168945
2023-08-22,53.85665512084961
2023-08-23,54.85078811645508
2023-08-24,54.73496627807617
2023-08-25,54.252376556396484
2023-08-28,55.19824981689453
2023-08-29,54.53227996826172
2023-08-30,53.750484466552734
2023-08-31,54.28133010864258
2023-09-01,65.81515502929688
2023-09-05,65.72828674316406
2023-09-06,68.01573944091797
2023-09-07,66.57763671875
2023-09-08,68.04469299316406
2023-09-11,69.64689636230469
2023-09-12,68.26669311523438
2023-09-13,67.99645233154297
2023-09-14,68.68171691894531
2023-09-15,66.87683868408203
2023-09-18,66.74170684814453
2023-09-19,67.46559143066406
2023-09-20,66.5390396118164
2023-09-21,66.05644226074219
2023-09-22,67.6103744506836
2023-09-25,67.59107208251953
2023-09-26,66.52938079833984
2023-09-27,65.58351135253906
2023-09-28,66.11434936523438
2023-09-29,66.50041961669922
2023-10-02,65.34220886230469
2023-10-03,64.89823913574219
2023-10-04,64.85962677001953
2023-10-05,63.88481521606445
2023-10-06,64.09713745117188
2023-10-09,64.84032440185547
2023-10-10,65.61247253417969
2023-10-11,67.89027404785156
2023-10-12,66.64521789550781
2023-10-13,65.67037963867188
2023-10-16,65.4001235961914
2023-10-17,65.53526306152344
2023-10-18,64.56043243408203
2023-10-19,64.69554138183594
2023-10-20,63.614566802978516
2023-10-23,63.614566802978516
2023-10-24,64.9831314086914
2023-10-25,64.39105987548828
2023-10-26,62.61481857299805
2023-10-27,64.02223205566406
2023-10-30,64.47840881347656
2023-10-31,64.9443130493164
2023-11-01,66.65261840820312
2023-11-02,66.63319396972656
2023-11-03,67.46792602539062
2023-11-06,69.85565948486328
2023-11-07,69.50623321533203
2023-11-08,70.35067749023438
2023-11-09,70.11772155761719
2023-11-10,71.3406982421875
2023-11-13,71.60277557373047
2023-11-14,71.71925354003906
2023-11-15,70.79715728759766
2023-11-16,70.40892028808594
2023-11-17,71.4377670288086
2023-11-20,71.20482635498047
2023-11-21,71.4571762084961
2023-11-22,72.48603820800781
2023-11-24,72.2239761352539
2023-11-27,72.27250671386719
2023-11-28,71.85513305664062
2023-11-29,72.85487365722656
2023-11-30,73.64108276367188
2023-12-01,69.81682586669922
2023-12-04,67.28350830078125
2023-12-05,67.25439453125
2023-12-06,65.64315795898438
2023-12-07,66.57494354248047
2023-12-08,66.68172454833984
2023-12-11,67.20585632324219
2023-12-12,67.93382263183594
2023-12-13,67.8173599243164
2023-12-14,70.30213928222656
2023-12-15,69.51593780517578
2023-12-18,71.21453094482422
2023-12-19,71.36982727050781
2023-12-20,70.29244232177734
2023-12-21,73.10723876953125
2023-12-22,73.48577880859375
2023-12-26,74.73788452148438
2023-12-27,74.99024963378906
2023-12-28,74.42728424072266
2023-12-29,74.2525634765625
2024-01-02,72.59280395507812
2024-01-03,74.3496322631836
2024-01-04,73.73814392089844
2024-01-05,73.6119613647461
2024-01-08,77.02854919433594
2024-01-09,74.84465789794922
2024-01-10,75.951171875
2024-01-11,77.36827850341797
2024-01-12,76.98001861572266
2024-01-16,77.18385314941406
2024-01-17,75.37850189208984
2024-01-18,76.1064682006836
2024-01-19,80.74603271484375
2024-01-22,79.10810089111328
2024-01-23,80.36579132080078
2024-01-24,81.6137466430664
2024-01-25,80.96052551269531
2024-01-26,82.11097717285156
2024-01-29,81.32125854492188
2024-01-30,82.67646026611328
2024-01-31,80.80452728271484
2024-02-01,83.63191223144531
2024-02-02,84.15838623046875
2024-02-05,83.56365966796875
2024-02-06,80.60953521728516
2024-02-07,81.64299774169922
2024-02-08,82.67646026611328
2024-02-09,84.04139709472656
2024-02-12,84.45087432861328
2024-02-13,81.87698364257812
2024-02-14,83.88540649414062
2024-02-15,80.6485366821289
2024-02-16,82.1012191772461
2024-02-20,80.39505004882812
2024-02-21,79.35183715820312
2024-02-22,85.59158325195312
2024-02-23,88.08746337890625
2024-02-26,90.44686126708984
2024-02-27,89.26715850830078
2024-02-28,90.91484832763672
2024-02-29,92.28954315185547
2024-03-01,121.47003173828125
2024-03-04,118.73039245605469
2024-03-05,114.80131530761719
2024-03-06,115.53253936767578
2024-03-07,117.48246002197266
2024-03-08,113.3388900756836
2024-03-11,112.95865631103516
2024-03-12,110.70650482177734
2024-03-13,107.24539184570312
2024-03-14,103.78428649902344
2024-03-15,104.32052612304688
2024-03-18,103.95978546142578
2024-03-19,104.8274917602539
2024-03-20,108.2885971069336
2024-03-21,111.18421936035156
2024-03-22,109.4292984008789
2024-03-25,110.1702651977539
2024-03-26,111.77896118164062
2024-03-27,108.8833236694336
2024-03-28,111.25247955322266
2024-04-01,116.64399719238281
2024-04-02,115.47403717041016
2024-04-03,125.36012268066406
2024-04-04,123.97567749023438
2024-04-05,129.39645385742188
2024-04-08,123.96592712402344
2024-04-09,120.6315689086914
2024-04-10,120.28058624267578
2024-04-11,120.93380737304688
2024-04-12,114.81107330322266
2024-04-15,114.85980987548828
2024-04-16,118.04794311523438
2024-04-17,116.62449645996094
2024-04-18,115.40580749511719
2024-04-19,111.99343872070312
2024-04-22,113.08475494384766
2024-04-23,118.06658172607422
2024-04-24,117.6457290649414
2024-04-25,122.2556381225586
2024-04-26,122.40245056152344
2024-04-29,124.9863510131836
2024-04-30,121.99137115478516
2024-05-01,116.25589752197266
2024-05-02,120.76792907714844
2024-05-03,122.44159698486328
2024-05-06,126.58171844482422
2024-05-07,124.83953857421875
2024-05-08,128.81326293945312
2024-05-09,128.88177490234375
2024-05-10,129.94862365722656
2024-05-13,128.22601318359375
2024-05-14,131.26991271972656
2024-05-15,145.99032592773438
2024-05-16,143.19110107421875
2024-05-17,146.34266662597656
2024-05-20,142.35914611816406
2024-05-21,144.11109924316406
2024-05-22,144.6396484375
2024-05-23,150.30661010742188
2024-05-24,156.77613830566406
2024-05-28,162.55078125
2024-05-29,175.40176391601562
2024-05-30,166.30914306640625
2024-05-31,136.5943145751953
2024-06-03,129.2243194580078
2024-06-04,132.8750762939453
2024-06-05,134.7346954345703
2024-06-06,131.11331176757812
2024-06-07,127.2081069946289
2024-06-10,129.63539123535156
2024-06-11,128.84262084960938
2024-06-12,129.00901794433594
2024-06-13,132.1508026123047
2024-06-14,132.11163330078125
2024-06-17,139.0118408203125
2024-06-18,145.9805450439453
2024-06-20,145.36392211914062
2024-06-21,141.97743225097656
2024-06-24,134.63681030273438
2024-06-25,137.3675537109375
2024-06-26,135.3023681640625
2024-06-27,136.4670867919922
2024-06-28,134.97938537597656
2024-07-01,139.78506469726562
2024-07-02,140.4212188720703
2024-07-03,139.6382293701172
2024-07-05,136.00704956054688
2024-07-08,142.86810302734375
2024-07-09,142.64297485351562
2024-07-10,142.67234802246094
2024-07-11,137.7296600341797
2024-07-12,136.6041259765625
2024-07-15,134.30404663085938
2024-07-16,131.40695190429688
2024-07-17,122.5101089477539
2024-07-18,122.67649841308594
2024-07-19,123.11693572998047
2024-07-22,126.0042495727539
2024-07-23,123.60289764404297
2024-07-24,114.04663848876953
2024-07-25,109.44038391113281
2024-07-26,111.53234100341797
2024-07-29,109.21448516845703
2024-07-30,106.67073059082031
2024-07-31,111.65020751953125
2024-08-01,106.49394989013672
2024-08-02,100.46357727050781
2024-08-05,96.42696380615234
2024-08-06,92.97962951660156
2024-08-07,86.3207015991211
2024-08-08,89.82694244384766
2024-08-09,90.89749908447266
2024-08-12,93.56891632080078
2024-08-13,98.1555404663086
2024-08-14,101.1117935180664
2024-08-15,108.2421646118164
2024-08-16,109.31269836425781
2024-08-19,109.87252044677734
2024-08-20,108.73323059082031
2024-08-21,109.70555877685547
2024-08-22,107.03412628173828
2024-08-23,110.01002502441406
2024-08-26,109.67609405517578
2024-08-27,109.86270141601562
2024-08-28,109.56805419921875
2024-08-29,108.76270294189453
2024-08-30,113.47699737548828
2024-09-03,108.79216003417969
2024-09-04,107.1126937866211
2024-09-05,105.24662017822266
2024-09-06,100.17875671386719
2024-09-09,103.99929809570312
2024-09-10,104.73590087890625
2024-09-11,106.85733795166016
2024-09-12,110.14752960205078
2024-09-13,112.2591323852539
2024-09-16,113.3395004272461
2024-09-17,114.73413848876953
2024-09-18,113.91896057128906
2024-09-19,115.66717529296875
2024-09-20,115.4020004272461
2024-09-23,115.47074127197266
2024-09-24,115.21539306640625
2024-09-25,118.02432250976562
2024-09-26,124.23147583007812
2024-09-27,118.07342529296875
2024-09-30,116.42342376708984
2024-10-01,111.13949584960938
2024-10-02,111.43412780761719
2024-10-03,113.60467529296875
2024-10-04,118.26985931396484
2024-10-07,116.9636001586914
2024-10-08,119.75289916992188
2024-10-09,120.15557098388672
2024-10-10,122.5716552734375
2024-10-11,125.4493408203125
2024-10-14,126.05827331542969
2024-10-15,123.58326721191406
2024-10-16,124.46720123291016
2024-10-17,126.87344360351562
2024-10-18,124.20201873779297
2024-10-21,123.41630554199219
2024-10-22,118.67046356201172
2024-10-23,117.77352905273438
2024-10-24,118.83802795410156
2024-10-25,120.78958129882812
2024-10-28,118.9267349243164
2024-10-29,119.8827896118164
2024-10-30,127.54117584228516
2024-10-31,121.85405731201172
2024-11-01,128.9900665283203
2024-11-04,127.98472595214844
2024-11-05,131.54287719726562
2024-11-06,136.36260986328125
2024-11-07,135.88949584960938
2024-11-08,132.30178833007812
2024-11-11,136.5203094482422
2024-11-12,134.50962829589844
2024-11-13,132.59747314453125
2024-11-14,132.49891662597656
2024-11-15,129.74899291992188
2024-11-18,134.05621337890625
2024-11-19,133.9477996826172
2024-11-20,132.03567504882812
2024-11-21,136.92442321777344
2024-11-22,142.13845825195312
2024-11-25,142.0891571044922
2024-11-26,139.7039337158203
2024-11-27,122.59329223632812
2024-11-29,125.7571792602539
2024-12-02,124.03231811523438
2024-12-03,123.75633239746094
2024-12-04,124.28858184814453
2024-12-05,123.27336883544922
2024-12-06,121.62737274169922
2024-12-09,122.0314712524414
2024-12-10,115.11231994628906
2024-12-11,116.98503112792969
2024-12-12,117.46797943115234
2024-12-13,116.74847412109375
2024-12-16,117.55669403076172
2024-12-17,116.58091735839844
2024-12-18,111.05150604248047
2024-12-19,110.35169982910156
2024-12-20,114.10696411132812
2024-12-23,117.1131591796875
2024-12-24,117.23143005371094
2024-12-26,117.56654357910156
2024-12-27,115.64456939697266
2024-12-30,113.17061614990234
2024-12-31,113.58458709716797
