Date,DOW
2010-01-04,
2010-01-05,
2010-01-06,
2010-01-07,
2010-01-08,
2010-01-11,
2010-01-12,
2010-01-13,
2010-01-14,
2010-01-15,
2010-01-19,
2010-01-20,
2010-01-21,
2010-01-22,
2010-01-25,
2010-01-26,
2010-01-27,
2010-01-28,
2010-01-29,
2010-02-01,
2010-02-02,
2010-02-03,
2010-02-04,
2010-02-05,
2010-02-08,
2010-02-09,
2010-02-10,
2010-02-11,
2010-02-12,
2010-02-16,
2010-02-17,
2010-02-18,
2010-02-19,
2010-02-22,
2010-02-23,
2010-02-24,
2010-02-25,
2010-02-26,
2010-03-01,
2010-03-02,
2010-03-03,
2010-03-04,
2010-03-05,
2010-03-08,
2010-03-09,
2010-03-10,
2010-03-11,
2010-03-12,
2010-03-15,
2010-03-16,
2010-03-17,
2010-03-18,
2010-03-19,
2010-03-22,
2010-03-23,
2010-03-24,
2010-03-25,
2010-03-26,
2010-03-29,
2010-03-30,
2010-03-31,
2010-04-01,
2010-04-05,
2010-04-06,
2010-04-07,
2010-04-08,
2010-04-09,
2010-04-12,
2010-04-13,
2010-04-14,
2010-04-15,
2010-04-16,
2010-04-19,
2010-04-20,
2010-04-21,
2010-04-22,
2010-04-23,
2010-04-26,
2010-04-27,
2010-04-28,
2010-04-29,
2010-04-30,
2010-05-03,
2010-05-04,
2010-05-05,
2010-05-06,
2010-05-07,
2010-05-10,
2010-05-11,
2010-05-12,
2010-05-13,
2010-05-14,
2010-05-17,
2010-05-18,
2010-05-19,
2010-05-20,
2010-05-21,
2010-05-24,
2010-05-25,
2010-05-26,
2010-05-27,
2010-05-28,
2010-06-01,
2010-06-02,
2010-06-03,
2010-06-04,
2010-06-07,
2010-06-08,
2010-06-09,
2010-06-10,
2010-06-11,
2010-06-14,
2010-06-15,
2010-06-16,
2010-06-17,
2010-06-18,
2010-06-21,
2010-06-22,
2010-06-23,
2010-06-24,
2010-06-25,
2010-06-28,
2010-06-29,
2010-06-30,
2010-07-01,
2010-07-02,
2010-07-06,
2010-07-07,
2010-07-08,
2010-07-09,
2010-07-12,
2010-07-13,
2010-07-14,
2010-07-15,
2010-07-16,
2010-07-19,
2010-07-20,
2010-07-21,
2010-07-22,
2010-07-23,
2010-07-26,
2010-07-27,
2010-07-28,
2010-07-29,
2010-07-30,
2010-08-02,
2010-08-03,
2010-08-04,
2010-08-05,
2010-08-06,
2010-08-09,
2010-08-10,
2010-08-11,
2010-08-12,
2010-08-13,
2010-08-16,
2010-08-17,
2010-08-18,
2010-08-19,
2010-08-20,
2010-08-23,
2010-08-24,
2010-08-25,
2010-08-26,
2010-08-27,
2010-08-30,
2010-08-31,
2010-09-01,
2010-09-02,
2010-09-03,
2010-09-07,
2010-09-08,
2010-09-09,
2010-09-10,
2010-09-13,
2010-09-14,
2010-09-15,
2010-09-16,
2010-09-17,
2010-09-20,
2010-09-21,
2010-09-22,
2010-09-23,
2010-09-24,
2010-09-27,
2010-09-28,
2010-09-29,
2010-09-30,
2010-10-01,
2010-10-04,
2010-10-05,
2010-10-06,
2010-10-07,
2010-10-08,
2010-10-11,
2010-10-12,
2010-10-13,
2010-10-14,
2010-10-15,
2010-10-18,
2010-10-19,
2010-10-20,
2010-10-21,
2010-10-22,
2010-10-25,
2010-10-26,
2010-10-27,
2010-10-28,
2010-10-29,
2010-11-01,
2010-11-02,
2010-11-03,
2010-11-04,
2010-11-05,
2010-11-08,
2010-11-09,
2010-11-10,
2010-11-11,
2010-11-12,
2010-11-15,
2010-11-16,
2010-11-17,
2010-11-18,
2010-11-19,
2010-11-22,
2010-11-23,
2010-11-24,
2010-11-26,
2010-11-29,
2010-11-30,
2010-12-01,
2010-12-02,
2010-12-03,
2010-12-06,
2010-12-07,
2010-12-08,
2010-12-09,
2010-12-10,
2010-12-13,
2010-12-14,
2010-12-15,
2010-12-16,
2010-12-17,
2010-12-20,
2010-12-21,
2010-12-22,
2010-12-23,
2010-12-27,
2010-12-28,
2010-12-29,
2010-12-30,
2010-12-31,
2011-01-03,
2011-01-04,
2011-01-05,
2011-01-06,
2011-01-07,
2011-01-10,
2011-01-11,
2011-01-12,
2011-01-13,
2011-01-14,
2011-01-18,
2011-01-19,
2011-01-20,
2011-01-21,
2011-01-24,
2011-01-25,
2011-01-26,
2011-01-27,
2011-01-28,
2011-01-31,
2011-02-01,
2011-02-02,
2011-02-03,
2011-02-04,
2011-02-07,
2011-02-08,
2011-02-09,
2011-02-10,
2011-02-11,
2011-02-14,
2011-02-15,
2011-02-16,
2011-02-17,
2011-02-18,
2011-02-22,
2011-02-23,
2011-02-24,
2011-02-25,
2011-02-28,
2011-03-01,
2011-03-02,
2011-03-03,
2011-03-04,
2011-03-07,
2011-03-08,
2011-03-09,
2011-03-10,
2011-03-11,
2011-03-14,
2011-03-15,
2011-03-16,
2011-03-17,
2011-03-18,
2011-03-21,
2011-03-22,
2011-03-23,
2011-03-24,
2011-03-25,
2011-03-28,
2011-03-29,
2011-03-30,
2011-03-31,
2011-04-01,
2011-04-04,
2011-04-05,
2011-04-06,
2011-04-07,
2011-04-08,
2011-04-11,
2011-04-12,
2011-04-13,
2011-04-14,
2011-04-15,
2011-04-18,
2011-04-19,
2011-04-20,
2011-04-21,
2011-04-25,
2011-04-26,
2011-04-27,
2011-04-28,
2011-04-29,
2011-05-02,
2011-05-03,
2011-05-04,
2011-05-05,
2011-05-06,
2011-05-09,
2011-05-10,
2011-05-11,
2011-05-12,
2011-05-13,
2011-05-16,
2011-05-17,
2011-05-18,
2011-05-19,
2011-05-20,
2011-05-23,
2011-05-24,
2011-05-25,
2011-05-26,
2011-05-27,
2011-05-31,
2011-06-01,
2011-06-02,
2011-06-03,
2011-06-06,
2011-06-07,
2011-06-08,
2011-06-09,
2011-06-10,
2011-06-13,
2011-06-14,
2011-06-15,
2011-06-16,
2011-06-17,
2011-06-20,
2011-06-21,
2011-06-22,
2011-06-23,
2011-06-24,
2011-06-27,
2011-06-28,
2011-06-29,
2011-06-30,
2011-07-01,
2011-07-05,
2011-07-06,
2011-07-07,
2011-07-08,
2011-07-11,
2011-07-12,
2011-07-13,
2011-07-14,
2011-07-15,
2011-07-18,
2011-07-19,
2011-07-20,
2011-07-21,
2011-07-22,
2011-07-25,
2011-07-26,
2011-07-27,
2011-07-28,
2011-07-29,
2011-08-01,
2011-08-02,
2011-08-03,
2011-08-04,
2011-08-05,
2011-08-08,
2011-08-09,
2011-08-10,
2011-08-11,
2011-08-12,
2011-08-15,
2011-08-16,
2011-08-17,
2011-08-18,
2011-08-19,
2011-08-22,
2011-08-23,
2011-08-24,
2011-08-25,
2011-08-26,
2011-08-29,
2011-08-30,
2011-08-31,
2011-09-01,
2011-09-02,
2011-09-06,
2011-09-07,
2011-09-08,
2011-09-09,
2011-09-12,
2011-09-13,
2011-09-14,
2011-09-15,
2011-09-16,
2011-09-19,
2011-09-20,
2011-09-21,
2011-09-22,
2011-09-23,
2011-09-26,
2011-09-27,
2011-09-28,
2011-09-29,
2011-09-30,
2011-10-03,
2011-10-04,
2011-10-05,
2011-10-06,
2011-10-07,
2011-10-10,
2011-10-11,
2011-10-12,
2011-10-13,
2011-10-14,
2011-10-17,
2011-10-18,
2011-10-19,
2011-10-20,
2011-10-21,
2011-10-24,
2011-10-25,
2011-10-26,
2011-10-27,
2011-10-28,
2011-10-31,
2011-11-01,
2011-11-02,
2011-11-03,
2011-11-04,
2011-11-07,
2011-11-08,
2011-11-09,
2011-11-10,
2011-11-11,
2011-11-14,
2011-11-15,
2011-11-16,
2011-11-17,
2011-11-18,
2011-11-21,
2011-11-22,
2011-11-23,
2011-11-25,
2011-11-28,
2011-11-29,
2011-11-30,
2011-12-01,
2011-12-02,
2011-12-05,
2011-12-06,
2011-12-07,
2011-12-08,
2011-12-09,
2011-12-12,
2011-12-13,
2011-12-14,
2011-12-15,
2011-12-16,
2011-12-19,
2011-12-20,
2011-12-21,
2011-12-22,
2011-12-23,
2011-12-27,
2011-12-28,
2011-12-29,
2011-12-30,
2012-01-03,
2012-01-04,
2012-01-05,
2012-01-06,
2012-01-09,
2012-01-10,
2012-01-11,
2012-01-12,
2012-01-13,
2012-01-17,
2012-01-18,
2012-01-19,
2012-01-20,
2012-01-23,
2012-01-24,
2012-01-25,
2012-01-26,
2012-01-27,
2012-01-30,
2012-01-31,
2012-02-01,
2012-02-02,
2012-02-03,
2012-02-06,
2012-02-07,
2012-02-08,
2012-02-09,
2012-02-10,
2012-02-13,
2012-02-14,
2012-02-15,
2012-02-16,
2012-02-17,
2012-02-21,
2012-02-22,
2012-02-23,
2012-02-24,
2012-02-27,
2012-02-28,
2012-02-29,
2012-03-01,
2012-03-02,
2012-03-05,
2012-03-06,
2012-03-07,
2012-03-08,
2012-03-09,
2012-03-12,
2012-03-13,
2012-03-14,
2012-03-15,
2012-03-16,
2012-03-19,
2012-03-20,
2012-03-21,
2012-03-22,
2012-03-23,
2012-03-26,
2012-03-27,
2012-03-28,
2012-03-29,
2012-03-30,
2012-04-02,
2012-04-03,
2012-04-04,
2012-04-05,
2012-04-09,
2012-04-10,
2012-04-11,
2012-04-12,
2012-04-13,
2012-04-16,
2012-04-17,
2012-04-18,
2012-04-19,
2012-04-20,
2012-04-23,
2012-04-24,
2012-04-25,
2012-04-26,
2012-04-27,
2012-04-30,
2012-05-01,
2012-05-02,
2012-05-03,
2012-05-04,
2012-05-07,
2012-05-08,
2012-05-09,
2012-05-10,
2012-05-11,
2012-05-14,
2012-05-15,
2012-05-16,
2012-05-17,
2012-05-18,
2012-05-21,
2012-05-22,
2012-05-23,
2012-05-24,
2012-05-25,
2012-05-29,
2012-05-30,
2012-05-31,
2012-06-01,
2012-06-04,
2012-06-05,
2012-06-06,
2012-06-07,
2012-06-08,
2012-06-11,
2012-06-12,
2012-06-13,
2012-06-14,
2012-06-15,
2012-06-18,
2012-06-19,
2012-06-20,
2012-06-21,
2012-06-22,
2012-06-25,
2012-06-26,
2012-06-27,
2012-06-28,
2012-06-29,
2012-07-02,
2012-07-03,
2012-07-05,
2012-07-06,
2012-07-09,
2012-07-10,
2012-07-11,
2012-07-12,
2012-07-13,
2012-07-16,
2012-07-17,
2012-07-18,
2012-07-19,
2012-07-20,
2012-07-23,
2012-07-24,
2012-07-25,
2012-07-26,
2012-07-27,
2012-07-30,
2012-07-31,
2012-08-01,
2012-08-02,
2012-08-03,
2012-08-06,
2012-08-07,
2012-08-08,
2012-08-09,
2012-08-10,
2012-08-13,
2012-08-14,
2012-08-15,
2012-08-16,
2012-08-17,
2012-08-20,
2012-08-21,
2012-08-22,
2012-08-23,
2012-08-24,
2012-08-27,
2012-08-28,
2012-08-29,
2012-08-30,
2012-08-31,
2012-09-04,
2012-09-05,
2012-09-06,
2012-09-07,
2012-09-10,
2012-09-11,
2012-09-12,
2012-09-13,
2012-09-14,
2012-09-17,
2012-09-18,
2012-09-19,
2012-09-20,
2012-09-21,
2012-09-24,
2012-09-25,
2012-09-26,
2012-09-27,
2012-09-28,
2012-10-01,
2012-10-02,
2012-10-03,
2012-10-04,
2012-10-05,
2012-10-08,
2012-10-09,
2012-10-10,
2012-10-11,
2012-10-12,
2012-10-15,
2012-10-16,
2012-10-17,
2012-10-18,
2012-10-19,
2012-10-22,
2012-10-23,
2012-10-24,
2012-10-25,
2012-10-26,
2012-10-31,
2012-11-01,
2012-11-02,
2012-11-05,
2012-11-06,
2012-11-07,
2012-11-08,
2012-11-09,
2012-11-12,
2012-11-13,
2012-11-14,
2012-11-15,
2012-11-16,
2012-11-19,
2012-11-20,
2012-11-21,
2012-11-23,
2012-11-26,
2012-11-27,
2012-11-28,
2012-11-29,
2012-11-30,
2012-12-03,
2012-12-04,
2012-12-05,
2012-12-06,
2012-12-07,
2012-12-10,
2012-12-11,
2012-12-12,
2012-12-13,
2012-12-14,
2012-12-17,
2012-12-18,
2012-12-19,
2012-12-20,
2012-12-21,
2012-12-24,
2012-12-26,
2012-12-27,
2012-12-28,
2012-12-31,
2013-01-02,
2013-01-03,
2013-01-04,
2013-01-07,
2013-01-08,
2013-01-09,
2013-01-10,
2013-01-11,
2013-01-14,
2013-01-15,
2013-01-16,
2013-01-17,
2013-01-18,
2013-01-22,
2013-01-23,
2013-01-24,
2013-01-25,
2013-01-28,
2013-01-29,
2013-01-30,
2013-01-31,
2013-02-01,
2013-02-04,
2013-02-05,
2013-02-06,
2013-02-07,
2013-02-08,
2013-02-11,
2013-02-12,
2013-02-13,
2013-02-14,
2013-02-15,
2013-02-19,
2013-02-20,
2013-02-21,
2013-02-22,
2013-02-25,
2013-02-26,
2013-02-27,
2013-02-28,
2013-03-01,
2013-03-04,
2013-03-05,
2013-03-06,
2013-03-07,
2013-03-08,
2013-03-11,
2013-03-12,
2013-03-13,
2013-03-14,
2013-03-15,
2013-03-18,
2013-03-19,
2013-03-20,
2013-03-21,
2013-03-22,
2013-03-25,
2013-03-26,
2013-03-27,
2013-03-28,
2013-04-01,
2013-04-02,
2013-04-03,
2013-04-04,
2013-04-05,
2013-04-08,
2013-04-09,
2013-04-10,
2013-04-11,
2013-04-12,
2013-04-15,
2013-04-16,
2013-04-17,
2013-04-18,
2013-04-19,
2013-04-22,
2013-04-23,
2013-04-24,
2013-04-25,
2013-04-26,
2013-04-29,
2013-04-30,
2013-05-01,
2013-05-02,
2013-05-03,
2013-05-06,
2013-05-07,
2013-05-08,
2013-05-09,
2013-05-10,
2013-05-13,
2013-05-14,
2013-05-15,
2013-05-16,
2013-05-17,
2013-05-20,
2013-05-21,
2013-05-22,
2013-05-23,
2013-05-24,
2013-05-28,
2013-05-29,
2013-05-30,
2013-05-31,
2013-06-03,
2013-06-04,
2013-06-05,
2013-06-06,
2013-06-07,
2013-06-10,
2013-06-11,
2013-06-12,
2013-06-13,
2013-06-14,
2013-06-17,
2013-06-18,
2013-06-19,
2013-06-20,
2013-06-21,
2013-06-24,
2013-06-25,
2013-06-26,
2013-06-27,
2013-06-28,
2013-07-01,
2013-07-02,
2013-07-03,
2013-07-05,
2013-07-08,
2013-07-09,
2013-07-10,
2013-07-11,
2013-07-12,
2013-07-15,
2013-07-16,
2013-07-17,
2013-07-18,
2013-07-19,
2013-07-22,
2013-07-23,
2013-07-24,
2013-07-25,
2013-07-26,
2013-07-29,
2013-07-30,
2013-07-31,
2013-08-01,
2013-08-02,
2013-08-05,
2013-08-06,
2013-08-07,
2013-08-08,
2013-08-09,
2013-08-12,
2013-08-13,
2013-08-14,
2013-08-15,
2013-08-16,
2013-08-19,
2013-08-20,
2013-08-21,
2013-08-22,
2013-08-23,
2013-08-26,
2013-08-27,
2013-08-28,
2013-08-29,
2013-08-30,
2013-09-03,
2013-09-04,
2013-09-05,
2013-09-06,
2013-09-09,
2013-09-10,
2013-09-11,
2013-09-12,
2013-09-13,
2013-09-16,
2013-09-17,
2013-09-18,
2013-09-19,
2013-09-20,
2013-09-23,
2013-09-24,
2013-09-25,
2013-09-26,
2013-09-27,
2013-09-30,
2013-10-01,
2013-10-02,
2013-10-03,
2013-10-04,
2013-10-07,
2013-10-08,
2013-10-09,
2013-10-10,
2013-10-11,
2013-10-14,
2013-10-15,
2013-10-16,
2013-10-17,
2013-10-18,
2013-10-21,
2013-10-22,
2013-10-23,
2013-10-24,
2013-10-25,
2013-10-28,
2013-10-29,
2013-10-30,
2013-10-31,
2013-11-01,
2013-11-04,
2013-11-05,
2013-11-06,
2013-11-07,
2013-11-08,
2013-11-11,
2013-11-12,
2013-11-13,
2013-11-14,
2013-11-15,
2013-11-18,
2013-11-19,
2013-11-20,
2013-11-21,
2013-11-22,
2013-11-25,
2013-11-26,
2013-11-27,
2013-11-29,
2013-12-02,
2013-12-03,
2013-12-04,
2013-12-05,
2013-12-06,
2013-12-09,
2013-12-10,
2013-12-11,
2013-12-12,
2013-12-13,
2013-12-16,
2013-12-17,
2013-12-18,
2013-12-19,
2013-12-20,
2013-12-23,
2013-12-24,
2013-12-26,
2013-12-27,
2013-12-30,
2013-12-31,
2014-01-02,
2014-01-03,
2014-01-06,
2014-01-07,
2014-01-08,
2014-01-09,
2014-01-10,
2014-01-13,
2014-01-14,
2014-01-15,
2014-01-16,
2014-01-17,
2014-01-21,
2014-01-22,
2014-01-23,
2014-01-24,
2014-01-27,
2014-01-28,
2014-01-29,
2014-01-30,
2014-01-31,
2014-02-03,
2014-02-04,
2014-02-05,
2014-02-06,
2014-02-07,
2014-02-10,
2014-02-11,
2014-02-12,
2014-02-13,
2014-02-14,
2014-02-18,
2014-02-19,
2014-02-20,
2014-02-21,
2014-02-24,
2014-02-25,
2014-02-26,
2014-02-27,
2014-02-28,
2014-03-03,
2014-03-04,
2014-03-05,
2014-03-06,
2014-03-07,
2014-03-10,
2014-03-11,
2014-03-12,
2014-03-13,
2014-03-14,
2014-03-17,
2014-03-18,
2014-03-19,
2014-03-20,
2014-03-21,
2014-03-24,
2014-03-25,
2014-03-26,
2014-03-27,
2014-03-28,
2014-03-31,
2014-04-01,
2014-04-02,
2014-04-03,
2014-04-04,
2014-04-07,
2014-04-08,
2014-04-09,
2014-04-10,
2014-04-11,
2014-04-14,
2014-04-15,
2014-04-16,
2014-04-17,
2014-04-21,
2014-04-22,
2014-04-23,
2014-04-24,
2014-04-25,
2014-04-28,
2014-04-29,
2014-04-30,
2014-05-01,
2014-05-02,
2014-05-05,
2014-05-06,
2014-05-07,
2014-05-08,
2014-05-09,
2014-05-12,
2014-05-13,
2014-05-14,
2014-05-15,
2014-05-16,
2014-05-19,
2014-05-20,
2014-05-21,
2014-05-22,
2014-05-23,
2014-05-27,
2014-05-28,
2014-05-29,
2014-05-30,
2014-06-02,
2014-06-03,
2014-06-04,
2014-06-05,
2014-06-06,
2014-06-09,
2014-06-10,
2014-06-11,
2014-06-12,
2014-06-13,
2014-06-16,
2014-06-17,
2014-06-18,
2014-06-19,
2014-06-20,
2014-06-23,
2014-06-24,
2014-06-25,
2014-06-26,
2014-06-27,
2014-06-30,
2014-07-01,
2014-07-02,
2014-07-03,
2014-07-07,
2014-07-08,
2014-07-09,
2014-07-10,
2014-07-11,
2014-07-14,
2014-07-15,
2014-07-16,
2014-07-17,
2014-07-18,
2014-07-21,
2014-07-22,
2014-07-23,
2014-07-24,
2014-07-25,
2014-07-28,
2014-07-29,
2014-07-30,
2014-07-31,
2014-08-01,
2014-08-04,
2014-08-05,
2014-08-06,
2014-08-07,
2014-08-08,
2014-08-11,
2014-08-12,
2014-08-13,
2014-08-14,
2014-08-15,
2014-08-18,
2014-08-19,
2014-08-20,
2014-08-21,
2014-08-22,
2014-08-25,
2014-08-26,
2014-08-27,
2014-08-28,
2014-08-29,
2014-09-02,
2014-09-03,
2014-09-04,
2014-09-05,
2014-09-08,
2014-09-09,
2014-09-10,
2014-09-11,
2014-09-12,
2014-09-15,
2014-09-16,
2014-09-17,
2014-09-18,
2014-09-19,
2014-09-22,
2014-09-23,
2014-09-24,
2014-09-25,
2014-09-26,
2014-09-29,
2014-09-30,
2014-10-01,
2014-10-02,
2014-10-03,
2014-10-06,
2014-10-07,
2014-10-08,
2014-10-09,
2014-10-10,
2014-10-13,
2014-10-14,
2014-10-15,
2014-10-16,
2014-10-17,
2014-10-20,
2014-10-21,
2014-10-22,
2014-10-23,
2014-10-24,
2014-10-27,
2014-10-28,
2014-10-29,
2014-10-30,
2014-10-31,
2014-11-03,
2014-11-04,
2014-11-05,
2014-11-06,
2014-11-07,
2014-11-10,
2014-11-11,
2014-11-12,
2014-11-13,
2014-11-14,
2014-11-17,
2014-11-18,
2014-11-19,
2014-11-20,
2014-11-21,
2014-11-24,
2014-11-25,
2014-11-26,
2014-11-28,
2014-12-01,
2014-12-02,
2014-12-03,
2014-12-04,
2014-12-05,
2014-12-08,
2014-12-09,
2014-12-10,
2014-12-11,
2014-12-12,
2014-12-15,
2014-12-16,
2014-12-17,
2014-12-18,
2014-12-19,
2014-12-22,
2014-12-23,
2014-12-24,
2014-12-26,
2014-12-29,
2014-12-30,
2014-12-31,
2015-01-02,
2015-01-05,
2015-01-06,
2015-01-07,
2015-01-08,
2015-01-09,
2015-01-12,
2015-01-13,
2015-01-14,
2015-01-15,
2015-01-16,
2015-01-20,
2015-01-21,
2015-01-22,
2015-01-23,
2015-01-26,
2015-01-27,
2015-01-28,
2015-01-29,
2015-01-30,
2015-02-02,
2015-02-03,
2015-02-04,
2015-02-05,
2015-02-06,
2015-02-09,
2015-02-10,
2015-02-11,
2015-02-12,
2015-02-13,
2015-02-17,
2015-02-18,
2015-02-19,
2015-02-20,
2015-02-23,
2015-02-24,
2015-02-25,
2015-02-26,
2015-02-27,
2015-03-02,
2015-03-03,
2015-03-04,
2015-03-05,
2015-03-06,
2015-03-09,
2015-03-10,
2015-03-11,
2015-03-12,
2015-03-13,
2015-03-16,
2015-03-17,
2015-03-18,
2015-03-19,
2015-03-20,
2015-03-23,
2015-03-24,
2015-03-25,
2015-03-26,
2015-03-27,
2015-03-30,
2015-03-31,
2015-04-01,
2015-04-02,
2015-04-06,
2015-04-07,
2015-04-08,
2015-04-09,
2015-04-10,
2015-04-13,
2015-04-14,
2015-04-15,
2015-04-16,
2015-04-17,
2015-04-20,
2015-04-21,
2015-04-22,
2015-04-23,
2015-04-24,
2015-04-27,
2015-04-28,
2015-04-29,
2015-04-30,
2015-05-01,
2015-05-04,
2015-05-05,
2015-05-06,
2015-05-07,
2015-05-08,
2015-05-11,
2015-05-12,
2015-05-13,
2015-05-14,
2015-05-15,
2015-05-18,
2015-05-19,
2015-05-20,
2015-05-21,
2015-05-22,
2015-05-26,
2015-05-27,
2015-05-28,
2015-05-29,
2015-06-01,
2015-06-02,
2015-06-03,
2015-06-04,
2015-06-05,
2015-06-08,
2015-06-09,
2015-06-10,
2015-06-11,
2015-06-12,
2015-06-15,
2015-06-16,
2015-06-17,
2015-06-18,
2015-06-19,
2015-06-22,
2015-06-23,
2015-06-24,
2015-06-25,
2015-06-26,
2015-06-29,
2015-06-30,
2015-07-01,
2015-07-02,
2015-07-06,
2015-07-07,
2015-07-08,
2015-07-09,
2015-07-10,
2015-07-13,
2015-07-14,
2015-07-15,
2015-07-16,
2015-07-17,
2015-07-20,
2015-07-21,
2015-07-22,
2015-07-23,
2015-07-24,
2015-07-27,
2015-07-28,
2015-07-29,
2015-07-30,
2015-07-31,
2015-08-03,
2015-08-04,
2015-08-05,
2015-08-06,
2015-08-07,
2015-08-10,
2015-08-11,
2015-08-12,
2015-08-13,
2015-08-14,
2015-08-17,
2015-08-18,
2015-08-19,
2015-08-20,
2015-08-21,
2015-08-24,
2015-08-25,
2015-08-26,
2015-08-27,
2015-08-28,
2015-08-31,
2015-09-01,
2015-09-02,
2015-09-03,
2015-09-04,
2015-09-08,
2015-09-09,
2015-09-10,
2015-09-11,
2015-09-14,
2015-09-15,
2015-09-16,
2015-09-17,
2015-09-18,
2015-09-21,
2015-09-22,
2015-09-23,
2015-09-24,
2015-09-25,
2015-09-28,
2015-09-29,
2015-09-30,
2015-10-01,
2015-10-02,
2015-10-05,
2015-10-06,
2015-10-07,
2015-10-08,
2015-10-09,
2015-10-12,
2015-10-13,
2015-10-14,
2015-10-15,
2015-10-16,
2015-10-19,
2015-10-20,
2015-10-21,
2015-10-22,
2015-10-23,
2015-10-26,
2015-10-27,
2015-10-28,
2015-10-29,
2015-10-30,
2015-11-02,
2015-11-03,
2015-11-04,
2015-11-05,
2015-11-06,
2015-11-09,
2015-11-10,
2015-11-11,
2015-11-12,
2015-11-13,
2015-11-16,
2015-11-17,
2015-11-18,
2015-11-19,
2015-11-20,
2015-11-23,
2015-11-24,
2015-11-25,
2015-11-27,
2015-11-30,
2015-12-01,
2015-12-02,
2015-12-03,
2015-12-04,
2015-12-07,
2015-12-08,
2015-12-09,
2015-12-10,
2015-12-11,
2015-12-14,
2015-12-15,
2015-12-16,
2015-12-17,
2015-12-18,
2015-12-21,
2015-12-22,
2015-12-23,
2015-12-24,
2015-12-28,
2015-12-29,
2015-12-30,
2015-12-31,
2016-01-04,
2016-01-05,
2016-01-06,
2016-01-07,
2016-01-08,
2016-01-11,
2016-01-12,
2016-01-13,
2016-01-14,
2016-01-15,
2016-01-19,
2016-01-20,
2016-01-21,
2016-01-22,
2016-01-25,
2016-01-26,
2016-01-27,
2016-01-28,
2016-01-29,
2016-02-01,
2016-02-02,
2016-02-03,
2016-02-04,
2016-02-05,
2016-02-08,
2016-02-09,
2016-02-10,
2016-02-11,
2016-02-12,
2016-02-16,
2016-02-17,
2016-02-18,
2016-02-19,
2016-02-22,
2016-02-23,
2016-02-24,
2016-02-25,
2016-02-26,
2016-02-29,
2016-03-01,
2016-03-02,
2016-03-03,
2016-03-04,
2016-03-07,
2016-03-08,
2016-03-09,
2016-03-10,
2016-03-11,
2016-03-14,
2016-03-15,
2016-03-16,
2016-03-17,
2016-03-18,
2016-03-21,
2016-03-22,
2016-03-23,
2016-03-24,
2016-03-28,
2016-03-29,
2016-03-30,
2016-03-31,
2016-04-01,
2016-04-04,
2016-04-05,
2016-04-06,
2016-04-07,
2016-04-08,
2016-04-11,
2016-04-12,
2016-04-13,
2016-04-14,
2016-04-15,
2016-04-18,
2016-04-19,
2016-04-20,
2016-04-21,
2016-04-22,
2016-04-25,
2016-04-26,
2016-04-27,
2016-04-28,
2016-04-29,
2016-05-02,
2016-05-03,
2016-05-04,
2016-05-05,
2016-05-06,
2016-05-09,
2016-05-10,
2016-05-11,
2016-05-12,
2016-05-13,
2016-05-16,
2016-05-17,
2016-05-18,
2016-05-19,
2016-05-20,
2016-05-23,
2016-05-24,
2016-05-25,
2016-05-26,
2016-05-27,
2016-05-31,
2016-06-01,
2016-06-02,
2016-06-03,
2016-06-06,
2016-06-07,
2016-06-08,
2016-06-09,
2016-06-10,
2016-06-13,
2016-06-14,
2016-06-15,
2016-06-16,
2016-06-17,
2016-06-20,
2016-06-21,
2016-06-22,
2016-06-23,
2016-06-24,
2016-06-27,
2016-06-28,
2016-06-29,
2016-06-30,
2016-07-01,
2016-07-05,
2016-07-06,
2016-07-07,
2016-07-08,
2016-07-11,
2016-07-12,
2016-07-13,
2016-07-14,
2016-07-15,
2016-07-18,
2016-07-19,
2016-07-20,
2016-07-21,
2016-07-22,
2016-07-25,
2016-07-26,
2016-07-27,
2016-07-28,
2016-07-29,
2016-08-01,
2016-08-02,
2016-08-03,
2016-08-04,
2016-08-05,
2016-08-08,
2016-08-09,
2016-08-10,
2016-08-11,
2016-08-12,
2016-08-15,
2016-08-16,
2016-08-17,
2016-08-18,
2016-08-19,
2016-08-22,
2016-08-23,
2016-08-24,
2016-08-25,
2016-08-26,
2016-08-29,
2016-08-30,
2016-08-31,
2016-09-01,
2016-09-02,
2016-09-06,
2016-09-07,
2016-09-08,
2016-09-09,
2016-09-12,
2016-09-13,
2016-09-14,
2016-09-15,
2016-09-16,
2016-09-19,
2016-09-20,
2016-09-21,
2016-09-22,
2016-09-23,
2016-09-26,
2016-09-27,
2016-09-28,
2016-09-29,
2016-09-30,
2016-10-03,
2016-10-04,
2016-10-05,
2016-10-06,
2016-10-07,
2016-10-10,
2016-10-11,
2016-10-12,
2016-10-13,
2016-10-14,
2016-10-17,
2016-10-18,
2016-10-19,
2016-10-20,
2016-10-21,
2016-10-24,
2016-10-25,
2016-10-26,
2016-10-27,
2016-10-28,
2016-10-31,
2016-11-01,
2016-11-02,
2016-11-03,
2016-11-04,
2016-11-07,
2016-11-08,
2016-11-09,
2016-11-10,
2016-11-11,
2016-11-14,
2016-11-15,
2016-11-16,
2016-11-17,
2016-11-18,
2016-11-21,
2016-11-22,
2016-11-23,
2016-11-25,
2016-11-28,
2016-11-29,
2016-11-30,
2016-12-01,
2016-12-02,
2016-12-05,
2016-12-06,
2016-12-07,
2016-12-08,
2016-12-09,
2016-12-12,
2016-12-13,
2016-12-14,
2016-12-15,
2016-12-16,
2016-12-19,
2016-12-20,
2016-12-21,
2016-12-22,
2016-12-23,
2016-12-27,
2016-12-28,
2016-12-29,
2016-12-30,
2017-01-03,
2017-01-04,
2017-01-05,
2017-01-06,
2017-01-09,
2017-01-10,
2017-01-11,
2017-01-12,
2017-01-13,
2017-01-17,
2017-01-18,
2017-01-19,
2017-01-20,
2017-01-23,
2017-01-24,
2017-01-25,
2017-01-26,
2017-01-27,
2017-01-30,
2017-01-31,
2017-02-01,
2017-02-02,
2017-02-03,
2017-02-06,
2017-02-07,
2017-02-08,
2017-02-09,
2017-02-10,
2017-02-13,
2017-02-14,
2017-02-15,
2017-02-16,
2017-02-17,
2017-02-21,
2017-02-22,
2017-02-23,
2017-02-24,
2017-02-27,
2017-02-28,
2017-03-01,
2017-03-02,
2017-03-03,
2017-03-06,
2017-03-07,
2017-03-08,
2017-03-09,
2017-03-10,
2017-03-13,
2017-03-14,
2017-03-15,
2017-03-16,
2017-03-17,
2017-03-20,
2017-03-21,
2017-03-22,
2017-03-23,
2017-03-24,
2017-03-27,
2017-03-28,
2017-03-29,
2017-03-30,
2017-03-31,
2017-04-03,
2017-04-04,
2017-04-05,
2017-04-06,
2017-04-07,
2017-04-10,
2017-04-11,
2017-04-12,
2017-04-13,
2017-04-17,
2017-04-18,
2017-04-19,
2017-04-20,
2017-04-21,
2017-04-24,
2017-04-25,
2017-04-26,
2017-04-27,
2017-04-28,
2017-05-01,
2017-05-02,
2017-05-03,
2017-05-04,
2017-05-05,
2017-05-08,
2017-05-09,
2017-05-10,
2017-05-11,
2017-05-12,
2017-05-15,
2017-05-16,
2017-05-17,
2017-05-18,
2017-05-19,
2017-05-22,
2017-05-23,
2017-05-24,
2017-05-25,
2017-05-26,
2017-05-30,
2017-05-31,
2017-06-01,
2017-06-02,
2017-06-05,
2017-06-06,
2017-06-07,
2017-06-08,
2017-06-09,
2017-06-12,
2017-06-13,
2017-06-14,
2017-06-15,
2017-06-16,
2017-06-19,
2017-06-20,
2017-06-21,
2017-06-22,
2017-06-23,
2017-06-26,
2017-06-27,
2017-06-28,
2017-06-29,
2017-06-30,
2017-07-03,
2017-07-05,
2017-07-06,
2017-07-07,
2017-07-10,
2017-07-11,
2017-07-12,
2017-07-13,
2017-07-14,
2017-07-17,
2017-07-18,
2017-07-19,
2017-07-20,
2017-07-21,
2017-07-24,
2017-07-25,
2017-07-26,
2017-07-27,
2017-07-28,
2017-07-31,
2017-08-01,
2017-08-02,
2017-08-03,
2017-08-04,
2017-08-07,
2017-08-08,
2017-08-09,
2017-08-10,
2017-08-11,
2017-08-14,
2017-08-15,
2017-08-16,
2017-08-17,
2017-08-18,
2017-08-21,
2017-08-22,
2017-08-23,
2017-08-24,
2017-08-25,
2017-08-28,
2017-08-29,
2017-08-30,
2017-08-31,
2017-09-01,
2017-09-05,
2017-09-06,
2017-09-07,
2017-09-08,
2017-09-11,
2017-09-12,
2017-09-13,
2017-09-14,
2017-09-15,
2017-09-18,
2017-09-19,
2017-09-20,
2017-09-21,
2017-09-22,
2017-09-25,
2017-09-26,
2017-09-27,
2017-09-28,
2017-09-29,
2017-10-02,
2017-10-03,
2017-10-04,
2017-10-05,
2017-10-06,
2017-10-09,
2017-10-10,
2017-10-11,
2017-10-12,
2017-10-13,
2017-10-16,
2017-10-17,
2017-10-18,
2017-10-19,
2017-10-20,
2017-10-23,
2017-10-24,
2017-10-25,
2017-10-26,
2017-10-27,
2017-10-30,
2017-10-31,
2017-11-01,
2017-11-02,
2017-11-03,
2017-11-06,
2017-11-07,
2017-11-08,
2017-11-09,
2017-11-10,
2017-11-13,
2017-11-14,
2017-11-15,
2017-11-16,
2017-11-17,
2017-11-20,
2017-11-21,
2017-11-22,
2017-11-24,
2017-11-27,
2017-11-28,
2017-11-29,
2017-11-30,
2017-12-01,
2017-12-04,
2017-12-05,
2017-12-06,
2017-12-07,
2017-12-08,
2017-12-11,
2017-12-12,
2017-12-13,
2017-12-14,
2017-12-15,
2017-12-18,
2017-12-19,
2017-12-20,
2017-12-21,
2017-12-22,
2017-12-26,
2017-12-27,
2017-12-28,
2017-12-29,
2018-01-02,
2018-01-03,
2018-01-04,
2018-01-05,
2018-01-08,
2018-01-09,
2018-01-10,
2018-01-11,
2018-01-12,
2018-01-16,
2018-01-17,
2018-01-18,
2018-01-19,
2018-01-22,
2018-01-23,
2018-01-24,
2018-01-25,
2018-01-26,
2018-01-29,
2018-01-30,
2018-01-31,
2018-02-01,
2018-02-02,
2018-02-05,
2018-02-06,
2018-02-07,
2018-02-08,
2018-02-09,
2018-02-12,
2018-02-13,
2018-02-14,
2018-02-15,
2018-02-16,
2018-02-20,
2018-02-21,
2018-02-22,
2018-02-23,
2018-02-26,
2018-02-27,
2018-02-28,
2018-03-01,
2018-03-02,
2018-03-05,
2018-03-06,
2018-03-07,
2018-03-08,
2018-03-09,
2018-03-12,
2018-03-13,
2018-03-14,
2018-03-15,
2018-03-16,
2018-03-19,
2018-03-20,
2018-03-21,
2018-03-22,
2018-03-23,
2018-03-26,
2018-03-27,
2018-03-28,
2018-03-29,
2018-04-02,
2018-04-03,
2018-04-04,
2018-04-05,
2018-04-06,
2018-04-09,
2018-04-10,
2018-04-11,
2018-04-12,
2018-04-13,
2018-04-16,
2018-04-17,
2018-04-18,
2018-04-19,
2018-04-20,
2018-04-23,
2018-04-24,
2018-04-25,
2018-04-26,
2018-04-27,
2018-04-30,
2018-05-01,
2018-05-02,
2018-05-03,
2018-05-04,
2018-05-07,
2018-05-08,
2018-05-09,
2018-05-10,
2018-05-11,
2018-05-14,
2018-05-15,
2018-05-16,
2018-05-17,
2018-05-18,
2018-05-21,
2018-05-22,
2018-05-23,
2018-05-24,
2018-05-25,
2018-05-29,
2018-05-30,
2018-05-31,
2018-06-01,
2018-06-04,
2018-06-05,
2018-06-06,
2018-06-07,
2018-06-08,
2018-06-11,
2018-06-12,
2018-06-13,
2018-06-14,
2018-06-15,
2018-06-18,
2018-06-19,
2018-06-20,
2018-06-21,
2018-06-22,
2018-06-25,
2018-06-26,
2018-06-27,
2018-06-28,
2018-06-29,
2018-07-02,
2018-07-03,
2018-07-05,
2018-07-06,
2018-07-09,
2018-07-10,
2018-07-11,
2018-07-12,
2018-07-13,
2018-07-16,
2018-07-17,
2018-07-18,
2018-07-19,
2018-07-20,
2018-07-23,
2018-07-24,
2018-07-25,
2018-07-26,
2018-07-27,
2018-07-30,
2018-07-31,
2018-08-01,
2018-08-02,
2018-08-03,
2018-08-06,
2018-08-07,
2018-08-08,
2018-08-09,
2018-08-10,
2018-08-13,
2018-08-14,
2018-08-15,
2018-08-16,
2018-08-17,
2018-08-20,
2018-08-21,
2018-08-22,
2018-08-23,
2018-08-24,
2018-08-27,
2018-08-28,
2018-08-29,
2018-08-30,
2018-08-31,
2018-09-04,
2018-09-05,
2018-09-06,
2018-09-07,
2018-09-10,
2018-09-11,
2018-09-12,
2018-09-13,
2018-09-14,
2018-09-17,
2018-09-18,
2018-09-19,
2018-09-20,
2018-09-21,
2018-09-24,
2018-09-25,
2018-09-26,
2018-09-27,
2018-09-28,
2018-10-01,
2018-10-02,
2018-10-03,
2018-10-04,
2018-10-05,
2018-10-08,
2018-10-09,
2018-10-10,
2018-10-11,
2018-10-12,
2018-10-15,
2018-10-16,
2018-10-17,
2018-10-18,
2018-10-19,
2018-10-22,
2018-10-23,
2018-10-24,
2018-10-25,
2018-10-26,
2018-10-29,
2018-10-30,
2018-10-31,
2018-11-01,
2018-11-02,
2018-11-05,
2018-11-06,
2018-11-07,
2018-11-08,
2018-11-09,
2018-11-12,
2018-11-13,
2018-11-14,
2018-11-15,
2018-11-16,
2018-11-19,
2018-11-20,
2018-11-21,
2018-11-23,
2018-11-26,
2018-11-27,
2018-11-28,
2018-11-29,
2018-11-30,
2018-12-03,
2018-12-04,
2018-12-06,
2018-12-07,
2018-12-10,
2018-12-11,
2018-12-12,
2018-12-13,
2018-12-14,
2018-12-17,
2018-12-18,
2018-12-19,
2018-12-20,
2018-12-21,
2018-12-24,
2018-12-26,
2018-12-27,
2018-12-28,
2018-12-31,
2019-01-02,
2019-01-03,
2019-01-04,
2019-01-07,
2019-01-08,
2019-01-09,
2019-01-10,
2019-01-11,
2019-01-14,
2019-01-15,
2019-01-16,
2019-01-17,
2019-01-18,
2019-01-22,
2019-01-23,
2019-01-24,
2019-01-25,
2019-01-28,
2019-01-29,
2019-01-30,
2019-01-31,
2019-02-01,
2019-02-04,
2019-02-05,
2019-02-06,
2019-02-07,
2019-02-08,
2019-02-11,
2019-02-12,
2019-02-13,
2019-02-14,
2019-02-15,
2019-02-19,
2019-02-20,
2019-02-21,
2019-02-22,
2019-02-25,
2019-02-26,
2019-02-27,
2019-02-28,
2019-03-01,
2019-03-04,
2019-03-05,
2019-03-06,
2019-03-07,
2019-03-08,
2019-03-11,
2019-03-12,
2019-03-13,
2019-03-14,
2019-03-15,
2019-03-18,
2019-03-19,
2019-03-20,34.63999557495117
2019-03-21,34.06961441040039
2019-03-22,33.805294036865234
2019-03-25,34.1878776550293
2019-03-26,33.979190826416016
2019-03-27,34.84867858886719
2019-03-28,35.370361328125
2019-03-29,35.912906646728516
2019-04-01,37.21364974975586
2019-04-02,39.12650680541992
2019-04-03,39.56472396850586
2019-04-04,41.5332145690918
2019-04-05,39.815128326416016
2019-04-08,39.752532958984375
2019-04-09,39.14041519165039
2019-04-10,38.750885009765625
2019-04-11,38.180511474609375
2019-04-12,40.55244827270508
2019-04-15,40.19074249267578
2019-04-16,40.691566467285156
2019-04-17,40.56636428833008
2019-04-18,40.18379592895508
2019-04-22,40.26725769042969
2019-04-23,40.0933723449707
2019-04-24,38.93869400024414
2019-04-25,38.486568450927734
2019-04-26,38.43091583251953
2019-04-29,38.60480880737305
2019-04-30,39.46037673950195
2019-05-01,39.043033599853516
2019-05-02,36.657188415527344
2019-05-03,37.07453536987305
2019-05-06,37.185829162597656
2019-05-07,36.831085205078125
2019-05-08,36.504150390625
2019-05-09,36.817169189453125
2019-05-10,36.914554595947266
2019-05-13,35.439918518066406
2019-05-14,36.504150390625
2019-05-15,36.831085205078125
2019-05-16,36.851959228515625
2019-05-17,35.33557891845703
2019-05-20,34.83476257324219
2019-05-21,35.21733474731445
2019-05-22,34.9251823425293
2019-05-23,33.88180923461914
2019-05-24,34.222652435302734
2019-05-28,33.777469635009766
2019-05-29,33.88180923461914
2019-05-30,34.20643997192383
2019-05-31,32.999656677246094
2019-06-03,33.84652328491211
2019-06-04,35.23679733276367
2019-06-05,35.526145935058594
2019-06-06,36.034263610839844
2019-06-07,36.203643798828125
2019-06-10,36.42946243286133
2019-06-11,36.72588348388672
2019-06-12,37.04345703125
2019-06-13,37.318695068359375
2019-06-14,36.097774505615234
2019-06-17,34.827484130859375
2019-06-18,35.0109748840332
2019-06-19,34.22761535644531
2019-06-20,34.53108215332031
2019-06-21,34.12881088256836
2019-06-24,34.98979568481445
2019-06-25,35.06742477416992
2019-06-26,35.60378646850586
2019-06-27,35.92840576171875
2019-06-28,34.799259185791016
2019-07-01,35.39912033081055
2019-07-02,34.86275863647461
2019-07-03,34.81336975097656
2019-07-05,34.799259185791016
2019-07-08,34.24173355102539
2019-07-09,33.78300857543945
2019-07-10,33.557186126708984
2019-07-11,33.71949768066406
2019-07-12,35.08153533935547
2019-07-15,35.94253158569336
2019-07-16,36.92348861694336
2019-07-17,36.41537094116211
2019-07-18,36.52122116088867
2019-07-19,36.35890197753906
2019-07-22,35.907249450683594
2019-07-23,37.13520050048828
2019-07-24,37.25517272949219
2019-07-25,35.829612731933594
2019-07-26,34.658103942871094
2019-07-29,33.9100456237793
2019-07-30,34.15705108642578
2019-07-31,34.185272216796875
2019-08-01,33.06316375732422
2019-08-02,32.18101119995117
2019-08-05,31.59527015686035
2019-08-06,31.355327606201172
2019-08-07,31.679950714111328
2019-08-08,33.020835876464844
2019-08-09,32.91497039794922
2019-08-12,32.244529724121094
2019-08-13,33.06316375732422
2019-08-14,31.108308792114258
2019-08-15,30.614307403564453
2019-08-16,31.411775588989258
2019-08-19,32.18101119995117
2019-08-20,30.45905113220215
2019-08-21,30.54373550415039
2019-08-22,29.67569923400879
2019-08-23,28.73002052307129
2019-08-26,28.807655334472656
2019-08-27,29.054662704467773
2019-08-28,30.00738525390625
2019-08-29,30.402029037475586
2019-08-30,30.588592529296875
2019-09-03,29.993030548095703
2019-09-04,30.524015426635742
2019-09-05,31.112388610839844
2019-09-06,31.026287078857422
2019-09-09,31.89451026916504
2019-09-10,33.236305236816406
2019-09-11,33.638126373291016
2019-09-12,33.70270919799805
2019-09-13,34.58527374267578
2019-09-16,35.166473388671875
2019-09-17,34.44176483154297
2019-09-18,34.09016799926758
2019-09-19,34.18345642089844
2019-09-20,34.592445373535156
2019-09-23,34.37718963623047
2019-09-24,33.43721389770508
2019-09-25,34.21215057373047
2019-09-26,33.88926315307617
2019-09-27,33.77445602416992
2019-09-30,34.19062805175781
2019-10-01,32.985164642333984
2019-10-02,32.23893356323242
2019-10-03,32.511592864990234
2019-10-04,32.53311538696289
2019-10-07,32.41114044189453
2019-10-08,31.463987350463867
2019-10-09,31.57878875732422
2019-10-10,32.231754302978516
2019-10-11,33.8175163269043
2019-10-14,33.595069885253906
2019-10-15,33.867733001708984
2019-10-16,33.81032943725586
2019-10-17,34.30542755126953
2019-10-18,34.41305923461914
2019-10-21,33.81032943725586
2019-10-22,33.595069885253906
2019-10-23,33.88926315307617
2019-10-24,35.49654769897461
2019-10-25,36.221256256103516
2019-10-28,36.74506378173828
2019-10-29,36.94596481323242
2019-10-30,36.61589813232422
2019-10-31,36.22842788696289
2019-11-01,37.53435516357422
2019-11-04,38.86896514892578
2019-11-05,38.89049530029297
2019-11-06,38.947898864746094
2019-11-07,40.03854751586914
2019-11-08,40.17488479614258
2019-11-11,40.04573440551758
2019-11-12,39.57932662963867
2019-11-13,38.50303268432617
2019-11-14,38.71110153198242
2019-11-15,39.364070892333984
2019-11-18,38.97659683227539
2019-11-19,38.309288024902344
2019-11-20,37.792659759521484
2019-11-21,38.660892486572266
2019-11-22,38.89049530029297
2019-11-25,39.6080322265625
2019-11-26,39.730018615722656
2019-11-27,39.44660186767578
2019-11-29,38.7852668762207
2019-12-02,38.632659912109375
2019-12-03,37.65884017944336
2019-12-04,37.99313735961914
2019-12-05,37.78965759277344
2019-12-06,38.67626190185547
2019-12-09,38.71259689331055
2019-12-10,38.61086654663086
2019-12-11,38.58906173706055
2019-12-12,39.570133209228516
2019-12-13,38.71986389160156
2019-12-16,39.36664962768555
2019-12-17,39.722747802734375
2019-12-18,39.42478942871094
2019-12-19,39.62100601196289
2019-12-20,39.686405181884766
2019-12-23,39.91896057128906
2019-12-24,39.897151947021484
2019-12-26,40.12971115112305
2019-12-27,39.84629440307617
2019-12-30,39.49018859863281
2019-12-31,39.77360916137695
2020-01-02,39.06142807006836
2020-01-03,38.094886779785156
2020-01-06,37.94226837158203
2020-01-07,37.927734375
2020-01-08,38.320159912109375
2020-01-09,37.927734375
2020-01-10,37.42629623413086
2020-01-13,38.044010162353516
2020-01-14,37.964073181152344
2020-01-15,37.985870361328125
2020-01-16,38.13848114013672
2020-01-17,38.76347351074219
2020-01-21,38.22568893432617
2020-01-22,36.96846008300781
2020-01-23,36.517879486083984
2020-01-24,35.23885726928711
2020-01-27,34.286842346191406
2020-01-28,34.27231979370117
2020-01-29,36.09638595581055
2020-01-30,35.224327087402344
2020-01-31,33.48018264770508
2020-02-03,33.96708297729492
2020-02-04,34.919097900390625
2020-02-05,36.05278396606445
2020-02-06,35.75482177734375
2020-02-07,34.90456771850586
2020-02-10,35.02083969116211
2020-02-11,35.456871032714844
2020-02-12,35.88563919067383
2020-02-13,35.10077667236328
2020-02-14,35.340599060058594
2020-02-18,34.693809509277344
2020-02-19,34.5629997253418
2020-02-20,35.4350700378418
2020-02-21,35.10077667236328
2020-02-24,33.603721618652344
2020-02-25,31.93952751159668
2020-02-26,31.285472869873047
2020-02-27,29.217012405395508
2020-02-28,29.852327346801758
2020-03-02,30.59845542907715
2020-03-03,29.963144302368164
2020-03-04,30.96043586730957
2020-03-05,29.623319625854492
2020-03-06,28.788543701171875
2020-03-09,22.553617477416992
2020-03-10,23.196313858032227
2020-03-11,20.67722511291504
2020-03-12,17.485885620117188
2020-03-13,18.978130340576172
2020-03-16,16.252195358276367
2020-03-17,19.650381088256836
2020-03-18,19.53218650817871
2020-03-19,20.773258209228516
2020-03-20,20.270915985107422
2020-03-23,19.63560676574707
2020-03-24,21.03182029724121
2020-03-25,22.44280433654785
2020-03-26,21.925689697265625
2020-03-27,21.098304748535156
2020-03-30,21.164791107177734
2020-03-31,21.600643157958984
2020-04-01,19.97542953491211
2020-04-02,20.70677375793457
2020-04-03,20.662450790405273
2020-04-06,22.561002731323242
2020-04-07,23.883344650268555
2020-04-08,25.70063018798828
2020-04-09,27.008193969726562
2020-04-13,26.02567481994629
2020-04-14,26.129098892211914
2020-04-15,23.809465408325195
2020-04-16,23.36622428894043
2020-04-17,24.68855857849121
2020-04-20,23.292348861694336
2020-04-21,22.81217384338379
2020-04-22,23.521360397338867
2020-04-23,24.053251266479492
2020-04-24,24.46693992614746
2020-04-27,25.44207191467285
2020-04-28,26.498458862304688
2020-04-29,27.680444717407227
2020-04-30,27.10422706604004
2020-05-01,25.0653133392334
2020-05-04,24.422616958618164
2020-05-05,24.651630401611328
2020-05-06,23.610008239746094
2020-05-07,24.267480850219727
2020-05-08,25.360816955566406
2020-05-11,25.043153762817383
2020-05-12,24.961894989013672
2020-05-13,23.89811134338379
2020-05-14,24.755054473876953
2020-05-15,24.791982650756836
2020-05-18,27.141164779663086
2020-05-19,26.32855987548828
2020-05-20,26.727481842041016
2020-05-21,26.46152687072754
2020-05-22,26.68314552307129
2020-05-26,28.655582427978516
2020-05-27,29.416467666625977
2020-05-28,29.108165740966797
2020-05-29,29.025455474853516
2020-06-01,29.032974243164062
2020-06-02,30.529367446899414
2020-06-03,31.303878784179688
2020-06-04,32.11598587036133
2020-06-05,33.063453674316406
2020-06-08,34.51473617553711
2020-06-09,33.39430236816406
2020-06-10,32.77019500732422
2020-06-11,29.521743774414062
2020-06-12,31.00309944152832
2020-06-15,31.567060470581055
2020-06-16,31.770090103149414
2020-06-17,30.957977294921875
2020-06-18,31.266281127929688
2020-06-19,31.31892204284668
2020-06-22,31.386598587036133
2020-06-23,31.09333038330078
2020-06-24,28.912662506103516
2020-06-25,30.06315803527832
2020-06-26,29.927791595458984
2020-06-29,30.815114974975586
2020-06-30,30.649677276611328
2020-07-01,30.642152786254883
2020-07-02,31.273801803588867
2020-07-06,31.92048454284668
2020-07-07,31.348997116088867
2020-07-08,30.34138298034668
2020-07-09,29.65709686279297
2020-07-10,30.649677276611328
2020-07-13,31.010622024536133
2020-07-14,31.91295623779297
2020-07-15,32.58219528198242
2020-07-16,32.95817947387695
2020-07-17,32.837867736816406
2020-07-20,31.80769157409668
2020-07-21,32.3641357421875
2020-07-22,33.341678619384766
2020-07-23,32.19871139526367
2020-07-24,32.040794372558594
2020-07-27,33.08600997924805
2020-07-28,32.048316955566406
2020-07-29,32.725074768066406
2020-07-30,31.37907600402832
2020-07-31,30.875267028808594
2020-08-03,30.1458740234375
2020-08-04,31.070781707763672
2020-08-05,31.574586868286133
2020-08-06,31.61969757080078
2020-08-07,32.05583953857422
2020-08-10,33.68758010864258
2020-08-11,33.46198654174805
2020-08-12,33.29655838012695
2020-08-13,33.40935134887695
2020-08-14,33.74021530151367
2020-08-17,33.431907653808594
2020-08-18,33.61989974975586
2020-08-19,33.5672721862793
2020-08-20,32.8529052734375
2020-08-21,32.7777214050293
2020-08-24,34.68015670776367
2020-08-25,34.281620025634766
2020-08-26,34.84558868408203
2020-08-27,34.710235595703125
2020-08-28,35.16072463989258
2020-08-31,34.45063018798828
2020-09-01,36.09223556518555
2020-09-02,37.58112716674805
2020-09-03,36.9473876953125
2020-09-04,37.107730865478516
2020-09-08,36.59615707397461
2020-09-09,37.58876037597656
2020-09-10,37.184085845947266
2020-09-11,38.06214141845703
2020-09-14,38.24539566040039
2020-09-15,38.99365997314453
2020-09-16,37.9476203918457
2020-09-17,38.91730880737305
2020-09-18,38.459190368652344
2020-09-21,36.58089828491211
2020-09-22,36.49691390991211
2020-09-23,35.68756103515625
2020-09-24,35.43559265136719
2020-09-25,35.153079986572266
2020-09-28,36.25257110595703
2020-09-29,35.55775833129883
2020-09-30,35.924251556396484
2020-10-01,35.20652389526367
2020-10-02,36.122772216796875
2020-10-05,37.092464447021484
2020-10-06,36.5579833984375
2020-10-07,36.87867736816406
2020-10-08,37.703285217285156
2020-10-09,37.68801498413086
2020-10-12,37.092464447021484
2020-10-13,36.5579833984375
2020-10-14,37.2833366394043
2020-10-15,37.420780181884766
2020-10-16,37.64220428466797
2020-10-19,37.29098129272461
2020-10-20,37.67274475097656
2020-10-21,37.069549560546875
2020-10-22,37.27570724487305
2020-10-23,37.05428695678711
2020-10-26,36.0006103515625
2020-10-27,35.55775833129883
2020-10-28,34.49644088745117
2020-10-29,35.31342697143555
2020-10-30,34.73314666748047
2020-11-02,36.512176513671875
2020-11-03,37.206993103027344
2020-11-04,35.46613693237305
2020-11-05,37.39024353027344
2020-11-06,36.82522964477539
2020-11-09,39.79536056518555
2020-11-10,40.81850051879883
2020-11-11,39.86408615112305
2020-11-12,38.97074890136719
2020-11-13,39.680843353271484
2020-11-16,41.177364349365234
2020-11-17,41.59731674194336
2020-11-18,42.22340393066406
2020-11-19,42.25395202636719
2020-11-20,41.78818893432617
2020-11-23,42.712066650390625
2020-11-24,44.078800201416016
2020-11-25,43.08620071411133
2020-11-27,42.83106994628906
2020-11-30,40.983299255371094
2020-12-01,41.38532638549805
2020-12-02,41.13019561767578
2020-12-03,41.43944549560547
2020-12-04,42.56047058105469
2020-12-07,41.137916564941406
2020-12-08,42.173912048339844
2020-12-09,42.25896072387695
2020-12-10,42.081138610839844
2020-12-11,41.74869155883789
2020-12-14,41.02195739746094
2020-12-15,41.84920120239258
2020-12-16,41.61726379394531
2020-12-17,41.61726379394531
2020-12-18,43.03207778930664
2020-12-21,42.58366394042969
2020-12-22,42.26668167114258
2020-12-23,42.32853317260742
2020-12-24,42.35946273803711
2020-12-28,41.972896575927734
2020-12-29,42.00382614135742
2020-12-30,42.885189056396484
2020-12-31,42.90837860107422
2021-01-04,41.77961349487305
2021-01-05,43.14031219482422
2021-01-06,45.17363739013672
2021-01-07,45.2354736328125
2021-01-08,45.003543853759766
2021-01-11,45.50608444213867
2021-01-12,47.19149398803711
2021-01-13,46.4106330871582
2021-01-14,46.11685562133789
2021-01-15,44.3077278137207
2021-01-19,44.4932861328125
2021-01-20,45.28187942504883
2021-01-21,44.50101852416992
2021-01-22,44.45462417602539
2021-01-25,44.24588394165039
2021-01-26,43.093936920166016
2021-01-27,42.05022048950195
2021-01-28,42.042484283447266
2021-01-29,40.12512969970703
2021-02-01,40.78228759765625
2021-02-02,42.220298767089844
2021-02-03,42.79241180419922
2021-02-04,43.557804107666016
2021-02-05,44.25362014770508
2021-02-08,44.33865737915039
2021-02-09,43.75881576538086
2021-02-10,44.586055755615234
2021-02-11,44.586055755615234
2021-02-12,44.95716094970703
2021-02-16,45.4210319519043
2021-02-17,45.2586784362793
2021-02-18,44.50101852416992
2021-02-19,46.68895721435547
2021-02-22,48.30478286743164
2021-02-23,48.02646255493164
2021-02-24,49.240264892578125
2021-02-25,47.95824432373047
2021-02-26,46.36355209350586
2021-03-01,48.10676956176758
2021-03-02,49.03701400756836
2021-03-03,48.66178512573242
2021-03-04,47.840999603271484
2021-03-05,49.17772674560547
2021-03-08,49.59203338623047
2021-03-09,48.66960906982422
2021-03-10,50.100154876708984
2021-03-11,50.279945373535156
2021-03-12,50.29557418823242
2021-03-15,49.16990661621094
2021-03-16,49.3887939453125
2021-03-17,51.60103988647461
2021-03-18,50.59263229370117
2021-03-19,49.95943832397461
2021-03-22,49.646751403808594
2021-03-23,47.48922348022461
2021-03-24,48.49763870239258
2021-03-25,49.43569564819336
2021-03-26,50.02198791503906
2021-03-29,49.95162582397461
2021-03-30,50.50664138793945
2021-03-31,49.98289489746094
2021-04-01,50.49882507324219
2021-04-05,50.491004943847656
2021-04-06,50.49882507324219
2021-04-07,50.02198791503906
2021-04-08,49.39661407470703
2021-04-09,49.357521057128906
2021-04-12,49.86564254760742
2021-04-13,49.49041748046875
2021-04-14,50.21739959716797
2021-04-15,50.475379943847656
2021-04-16,50.56136703491211
2021-04-19,50.459739685058594
2021-04-20,48.841590881347656
2021-04-21,50.670806884765625
2021-04-22,47.62993240356445
2021-04-23,48.55235290527344
2021-04-26,48.622711181640625
2021-04-27,48.9744873046875
2021-04-28,49.49041748046875
2021-04-29,50.076690673828125
2021-04-30,48.85723114013672
2021-05-03,50.459739685058594
2021-05-04,51.76520919799805
2021-05-05,53.21138381958008
2021-05-06,53.96965026855469
2021-05-07,53.96965026855469
2021-05-10,53.72731399536133
2021-05-11,53.60223388671875
2021-05-12,52.843971252441406
2021-05-13,53.21919631958008
2021-05-14,54.58720779418945
2021-05-17,55.43144607543945
2021-05-18,54.35267639160156
2021-05-19,53.586612701416016
2021-05-20,53.35990905761719
2021-05-21,53.805477142333984
2021-05-24,54.368324279785156
2021-05-25,53.96965026855469
2021-05-26,54.38395309448242
2021-05-27,54.21812438964844
2021-05-28,54.028602600097656
2021-06-01,55.60004425048828
2021-06-02,54.44712829589844
2021-06-03,55.75796127319336
2021-06-04,55.568443298339844
2021-06-07,54.676124572753906
2021-06-08,54.78667449951172
2021-06-09,54.36026382446289
2021-06-10,53.68904113769531
2021-06-11,53.69694900512695
2021-06-14,52.875694274902344
2021-06-15,53.081016540527344
2021-06-16,51.793861389160156
2021-06-17,50.17506408691406
2021-06-18,48.94318389892578
2021-06-21,49.83550262451172
2021-06-22,50.143470764160156
2021-06-23,49.867088317871094
2021-06-24,49.83550262451172
2021-06-25,49.97764205932617
2021-06-28,49.6696662902832
2021-06-29,49.73285675048828
2021-06-30,49.96974563598633
2021-07-01,50.143470764160156
2021-07-02,50.151363372802734
2021-07-06,48.90371322631836
2021-07-07,49.15638732910156
2021-07-08,48.493080139160156
2021-07-09,49.81182098388672
2021-07-12,49.92237091064453
2021-07-13,49.51175308227539
2021-07-14,49.211673736572266
2021-07-15,48.88791275024414
2021-07-16,47.38755416870117
2021-07-19,45.6345100402832
2021-07-20,46.2899284362793
2021-07-21,47.16645431518555
2021-07-22,47.75869369506836
2021-07-23,47.46651840209961
2021-07-26,48.96686935424805
2021-07-27,48.91949462890625
2021-07-28,48.85633087158203
2021-07-29,49.432777404785156
2021-07-30,49.0853271484375
2021-08-02,48.343048095703125
2021-08-03,49.14060592651367
2021-08-04,48.16143035888672
2021-08-05,48.1693229675293
2021-08-06,48.958980560302734
2021-08-09,48.81684875488281
2021-08-10,49.84340286254883
2021-08-11,50.727813720703125
2021-08-12,50.54620361328125
2021-08-13,50.293514251708984
2021-08-16,50.00133514404297
2021-08-17,49.20377731323242
2021-08-18,48.86422348022461
2021-08-19,47.8139762878418
2021-08-20,48.08245849609375
2021-08-23,49.00636291503906
2021-08-24,49.95395278930664
2021-08-25,50.43565368652344
2021-08-26,50.261924743652344
2021-08-27,51.62803268432617
2021-08-30,51.06929397583008
2021-08-31,50.207218170166016
2021-09-01,49.91986846923828
2021-09-02,49.98373031616211
2021-09-03,49.584632873535156
2021-09-07,49.38507843017578
2021-09-08,48.44319152832031
2021-09-09,48.11591720581055
2021-09-10,48.219696044921875
2021-09-13,48.467140197753906
2021-09-14,47.613067626953125
2021-09-15,48.05207443237305
2021-09-16,47.469383239746094
2021-09-17,46.096466064453125
2021-09-20,44.84327697753906
2021-09-21,44.32444381713867
2021-09-22,44.939064025878906
2021-09-23,45.84103775024414
2021-09-24,45.346153259277344
2021-09-27,47.644981384277344
2021-09-28,47.46139907836914
2021-09-29,46.95054244995117
2021-09-30,45.94480895996094
2021-10-01,46.758975982666016
2021-10-04,46.487579345703125
2021-10-05,47.17403793334961
2021-10-06,45.62551498413086
2021-10-07,46.703094482421875
2021-10-08,46.86273956298828
2021-10-11,46.479610443115234
2021-10-12,46.088478088378906
2021-10-13,45.425968170166016
2021-10-14,46.886688232421875
2021-10-15,47.06229019165039
2021-10-18,47.05431365966797
2021-10-19,47.24588394165039
2021-10-20,47.80462646484375
2021-10-21,47.30175018310547
2021-10-22,46.615299224853516
2021-10-25,46.86273956298828
2021-10-26,46.86273956298828
2021-10-27,44.699607849121094
2021-10-28,45.15457534790039
2021-10-29,44.6756591796875
2021-11-01,45.84901809692383
2021-11-02,46.671173095703125
2021-11-03,47.134132385253906
2021-11-04,45.63349914550781
2021-11-05,46.543453216552734
2021-11-08,46.75099563598633
2021-11-09,46.92659378051758
2021-11-10,46.90265655517578
2021-11-11,47.63699722290039
2021-11-12,47.94032287597656
2021-11-15,47.82856750488281
2021-11-16,46.98247528076172
2021-11-17,46.567405700683594
2021-11-18,46.280052185058594
2021-11-19,45.76919174194336
2021-11-22,46.92659378051758
2021-11-23,47.23789978027344
2021-11-24,46.798885345458984
2021-11-26,45.97673034667969
2021-11-29,45.94441604614258
2021-11-30,44.384918212890625
2021-12-01,42.631500244140625
2021-12-02,42.97086715698242
2021-12-03,42.881996154785156
2021-12-06,43.53649139404297
2021-12-07,44.32835006713867
2021-12-08,44.368751525878906
2021-12-09,43.94859313964844
2021-12-10,44.18291091918945
2021-12-13,43.08399963378906
2021-12-14,43.53649139404297
2021-12-15,43.665775299072266
2021-12-16,44.11826705932617
2021-12-17,43.71426010131836
2021-12-20,43.237518310546875
2021-12-21,43.79506301879883
2021-12-22,43.81930160522461
2021-12-23,44.55460739135742
2021-12-27,45.144466400146484
2021-12-28,45.75856018066406
2021-12-29,46.106021881103516
2021-12-30,45.879764556884766
2021-12-31,45.8312873840332
2022-01-03,45.952491760253906
2022-01-04,47.19685363769531
2022-01-05,47.14836883544922
2022-01-06,47.059486389160156
2022-01-07,47.7543830871582
2022-01-10,47.18877410888672
2022-01-11,47.81903839111328
2022-01-12,47.8836784362793
2022-01-13,48.43313980102539
2022-01-14,49.079551696777344
2022-01-18,48.64322280883789
2022-01-19,48.352325439453125
2022-01-20,46.7120361328125
2022-01-21,45.8312873840332
2022-01-24,45.75048065185547
2022-01-25,46.20297622680664
2022-01-26,46.23530197143555
2022-01-27,48.6270637512207
2022-01-28,48.51393508911133
2022-01-31,48.26344299316406
2022-02-01,49.94414138793945
2022-02-02,49.822940826416016
2022-02-03,49.459327697753906
2022-02-04,48.966434478759766
2022-02-07,48.40888977050781
2022-02-08,49.36236572265625
2022-02-09,50.08959197998047
2022-02-10,49.249244689941406
2022-02-11,49.36236572265625
2022-02-14,49.15228271484375
2022-02-15,49.98454666137695
2022-02-16,50.16231155395508
2022-02-17,49.427001953125
2022-02-18,48.95834732055664
2022-02-22,48.724021911621094
2022-02-23,48.45737838745117
2022-02-24,47.44734191894531
2022-02-25,48.78031921386719
2022-02-28,48.21604537963867
2022-03-01,46.71952438354492
2022-03-02,48.412322998046875
2022-03-03,48.79667282104492
2022-03-04,48.1097412109375
2022-03-07,47.41463088989258
2022-03-08,47.300140380859375
2022-03-09,48.90298843383789
2022-03-10,49.58173751831055
2022-03-11,49.810707092285156
2022-03-14,49.29551315307617
2022-03-15,48.1424560546875
2022-03-16,48.772132873535156
2022-03-17,51.38901138305664
2022-03-18,51.021018981933594
2022-03-21,51.79791259765625
2022-03-22,51.96963882446289
2022-03-23,51.76520538330078
2022-03-24,52.41123580932617
2022-03-25,52.91007995605469
2022-03-28,52.42759704589844
2022-03-29,52.49301528930664
2022-03-30,52.55026626586914
2022-03-31,52.10866165161133
2022-04-01,52.48484420776367
2022-04-04,52.34581756591797
2022-04-05,51.92057418823242
2022-04-06,50.432220458984375
2022-04-07,50.08876037597656
2022-04-08,50.440399169921875
2022-04-11,50.661197662353516
2022-04-12,51.73248291015625
2022-04-13,52.46848678588867
2022-04-14,53.556121826171875
2022-04-18,53.875057220458984
2022-04-19,54.83186340332031
2022-04-20,55.232566833496094
2022-04-21,56.84359359741211
2022-04-22,56.017635345458984
2022-04-25,55.66598892211914
2022-04-26,55.09354019165039
2022-04-27,55.15895462036133
2022-04-28,55.4533576965332
2022-04-29,54.38207244873047
2022-05-02,54.84003448486328
2022-05-03,55.73141860961914
2022-05-04,57.743141174316406
2022-05-05,55.99309158325195
2022-05-06,55.5515022277832
2022-05-09,54.48838806152344
2022-05-10,53.817813873291016
2022-05-11,54.61923599243164
2022-05-12,54.82367706298828
2022-05-13,55.24891662597656
2022-05-16,55.59238815307617
2022-05-17,57.219749450683594
2022-05-18,56.3529167175293
2022-05-19,56.230247497558594
2022-05-20,55.69870376586914
2022-05-23,55.19166946411133
2022-05-24,54.848209381103516
2022-05-25,55.03630828857422
2022-05-26,55.4778938293457
2022-05-27,57.064395904541016
2022-05-31,56.171993255615234
2022-06-01,56.279415130615234
2022-06-02,56.271148681640625
2022-06-03,55.387001037597656
2022-06-06,55.4200553894043
2022-06-07,55.66794204711914
2022-06-08,55.56052780151367
2022-06-09,54.420230865478516
2022-06-10,51.123291015625
2022-06-13,48.48738098144531
2022-06-14,48.38823699951172
2022-06-15,47.43798065185547
2022-06-16,45.793643951416016
2022-06-17,45.25654602050781
2022-06-21,45.4052848815918
2022-06-22,43.248634338378906
2022-06-23,42.19096755981445
2022-06-24,43.90966796875
2022-06-27,43.14948654174805
2022-06-28,43.40563201904297
2022-06-29,42.9511604309082
2022-06-30,42.64543151855469
2022-07-01,42.7115364074707
2022-07-05,41.91828536987305
2022-07-06,42.29012680053711
2022-07-07,43.19905090332031
2022-07-08,42.45538330078125
2022-07-11,42.14964294433594
2022-07-12,41.66212463378906
2022-07-13,41.04240417480469
2022-07-14,40.40616226196289
2022-07-15,40.94325256347656
2022-07-18,41.703453063964844
2022-07-19,43.33952713012695
2022-07-20,43.422157287597656
2022-07-21,42.47191619873047
2022-07-22,42.01744079589844
2022-07-25,42.620643615722656
2022-07-26,42.3892707824707
2022-07-27,43.1660041809082
2022-07-28,43.215576171875
2022-07-29,43.96751022338867
2022-08-01,43.347782135009766
2022-08-02,42.59585189819336
2022-08-03,42.5462760925293
2022-08-04,42.13311767578125
2022-08-05,42.5462760925293
2022-08-08,43.09162902832031
2022-08-09,43.56262969970703
2022-08-10,44.653350830078125
2022-08-11,45.66143035888672
2022-08-12,46.215057373046875
2022-08-15,45.727535247802734
2022-08-16,46.36378860473633
2022-08-17,45.826683044433594
2022-08-18,46.289424896240234
2022-08-19,45.85148620605469
2022-08-22,44.95907974243164
2022-08-23,45.958900451660156
2022-08-24,44.818607330322266
2022-08-25,46.0745849609375
2022-08-26,45.000389099121094
2022-08-29,44.26498794555664
2022-08-30,43.01749801635742
2022-08-31,42.699337005615234
2022-09-01,41.82860565185547
2022-09-02,41.28439712524414
2022-09-06,40.68158721923828
2022-09-07,40.9997444152832
2022-09-08,41.3597526550293
2022-09-09,42.289093017578125
2022-09-12,42.64073181152344
2022-09-13,40.07877731323242
2022-09-14,39.40897750854492
2022-09-15,39.275020599365234
2022-09-16,38.864768981933594
2022-09-19,39.132694244384766
2022-09-20,38.58848571777344
2022-09-21,37.65914535522461
2022-09-22,37.48332595825195
2022-09-23,36.75492477416992
2022-09-26,36.32792663574219
2022-09-27,36.66282272338867
2022-09-28,37.71774673461914
2022-09-29,36.97260665893555
2022-09-30,36.7800407409668
2022-10-03,37.910316467285156
2022-10-04,39.0322151184082
2022-10-05,38.56336212158203
2022-10-06,38.11124801635742
2022-10-07,37.181915283203125
2022-10-10,37.575416564941406
2022-10-11,36.796791076660156
2022-10-12,36.6795654296875
2022-10-13,38.44615173339844
2022-10-14,37.7763557434082
2022-10-17,37.89356994628906
2022-10-18,38.83127975463867
2022-10-19,37.784732818603516
2022-10-20,37.617279052734375
2022-10-21,39.24153137207031
2022-10-24,39.38386154174805
2022-10-25,40.06203079223633
2022-10-26,40.17924118041992
2022-10-27,39.86946487426758
2022-10-28,39.75224304199219
2022-10-31,39.132694244384766
2022-11-01,39.29176712036133
2022-11-02,39.29176712036133
2022-11-03,38.92338180541992
2022-11-04,41.04997253417969
2022-11-07,41.443477630615234
2022-11-08,41.56906509399414
2022-11-09,39.91969680786133
2022-11-10,41.82860565185547
2022-11-11,44.49103927612305
2022-11-14,43.49471664428711
2022-11-15,43.201690673828125
2022-11-16,42.289093017578125
2022-11-17,41.970943450927734
2022-11-18,41.92070388793945
2022-11-21,42.004425048828125
2022-11-22,43.176570892333984
2022-11-23,43.15982437133789
2022-11-25,43.16819763183594
2022-11-28,42.029544830322266
2022-11-29,43.0059928894043
2022-11-30,43.2776985168457
2022-12-01,43.36260986328125
2022-12-02,43.77016830444336
2022-12-05,43.515438079833984
2022-12-06,43.34562301635742
2022-12-07,43.04844665527344
2022-12-08,42.929569244384766
2022-12-09,42.6239128112793
2022-12-12,43.396568298339844
2022-12-13,43.778656005859375
2022-12-14,43.60883712768555
2022-12-15,42.055015563964844
2022-12-16,42.284271240234375
2022-12-19,41.88520431518555
2022-12-20,42.165401458740234
2022-12-21,43.02296829223633
2022-12-22,42.59843444824219
2022-12-23,43.18430709838867
2022-12-27,43.46449661254883
2022-12-28,42.44559860229492
2022-12-29,43.0059928894043
2022-12-30,42.78522491455078
2023-01-03,43.33713150024414
2023-01-04,44.43245315551758
2023-01-05,44.92491912841797
2023-01-06,46.71647644042969
2023-01-09,46.93724060058594
2023-01-10,47.9476432800293
2023-01-11,48.89012908935547
2023-01-12,49.68826675415039
2023-01-13,49.824119567871094
2023-01-17,48.73729705810547
2023-01-18,48.26180648803711
2023-01-19,48.058021545410156
2023-01-20,48.77125549316406
2023-01-23,49.280704498291016
2023-01-24,49.41655349731445
2023-01-25,49.153343200683594
2023-01-26,49.3486328125
2023-01-27,50.07035446166992
2023-01-30,49.20429229736328
2023-01-31,50.393001556396484
2023-02-01,51.1317024230957
2023-02-02,50.90245819091797
2023-02-03,50.944908142089844
2023-02-06,51.021324157714844
2023-02-07,51.377933502197266
2023-02-08,50.78358459472656
2023-02-09,50.163753509521484
2023-02-10,50.792076110839844
2023-02-13,51.216609954833984
2023-02-14,50.74112319946289
2023-02-15,50.74112319946289
2023-02-16,49.824119567871094
2023-02-17,49.35712814331055
2023-02-21,48.26180648803711
2023-02-22,48.406150817871094
2023-02-23,48.55898666381836
2023-02-24,49.06843948364258
2023-02-27,48.982486724853516
2023-02-28,49.16298294067383
2023-03-01,49.867759704589844
2023-03-02,50.22874450683594
2023-03-03,50.125606536865234
2023-03-06,49.08562469482422
2023-03-07,47.95969009399414
2023-03-08,48.35505294799805
2023-03-09,47.35803985595703
2023-03-10,46.30946350097656
2023-03-13,45.037418365478516
2023-03-14,44.942874908447266
2023-03-15,43.38718795776367
2023-03-16,43.75676727294922
2023-03-17,42.9918212890625
2023-03-20,44.05759048461914
2023-03-21,44.74518585205078
2023-03-22,44.160728454589844
2023-03-23,44.392799377441406
2023-03-24,44.50452423095703
2023-03-27,44.6936149597168
2023-03-28,45.47575759887695
2023-03-29,46.06880187988281
2023-03-30,46.412601470947266
2023-03-31,47.11738204956055
2023-04-03,47.55572509765625
2023-04-04,46.63606643676758
2023-04-05,46.962677001953125
2023-04-06,46.97986602783203
2023-04-10,47.96828079223633
2023-04-11,48.294891357421875
2023-04-12,48.896541595458984
2023-04-13,48.92231369018555
2023-04-14,48.56132888793945
2023-04-17,48.9051399230957
2023-04-18,48.8019905090332
2023-04-19,48.50975799560547
2023-04-20,47.87373352050781
2023-04-21,47.16035461425781
2023-04-24,47.6072998046875
2023-04-25,45.12336349487305
2023-04-26,45.19212341308594
2023-04-27,45.982852935791016
2023-04-28,46.75639724731445
2023-05-01,46.50714111328125
2023-05-02,46.223514556884766
2023-05-03,45.55310821533203
2023-05-04,45.862525939941406
2023-05-05,46.764991760253906
2023-05-08,46.541526794433594
2023-05-09,46.128963470458984
2023-05-10,45.939884185791016
2023-05-11,44.985843658447266
2023-05-12,44.96006393432617
2023-05-15,44.917083740234375
2023-05-16,43.88569259643555
2023-05-17,44.24667739868164
2023-05-18,44.581878662109375
2023-05-19,44.65064239501953
2023-05-22,44.495933532714844
2023-05-23,44.65924072265625
2023-05-24,44.10915756225586
2023-05-25,43.292640686035156
2023-05-26,43.26686096191406
2023-05-30,43.144832611083984
2023-05-31,42.517276763916016
2023-06-01,42.70902633666992
2023-06-02,44.98393630981445
2023-06-05,44.888065338134766
2023-06-06,45.83811569213867
2023-06-07,46.95378494262695
2023-06-08,46.003719329833984
2023-06-09,45.09724044799805
2023-06-12,45.149539947509766
2023-06-13,46.317508697509766
2023-06-14,46.02987289428711
2023-06-15,46.61384582519531
2023-06-16,46.33493423461914
2023-06-20,45.25413513183594
2023-06-21,45.219268798828125
2023-06-22,44.792179107666016
2023-06-23,44.76603317260742
2023-06-26,45.28028869628906
2023-06-27,45.820682525634766
2023-06-28,46.160614013671875
2023-06-29,46.4046630859375
2023-06-30,46.422096252441406
2023-07-03,46.87533187866211
2023-07-05,46.05602264404297
2023-07-06,45.99501037597656
2023-07-07,46.28264236450195
2023-07-10,46.430816650390625
2023-07-11,46.56155776977539
2023-07-12,47.162967681884766
2023-07-13,47.25012969970703
2023-07-14,46.12575149536133
2023-07-17,45.69866180419922
2023-07-18,46.17804718017578
2023-07-19,46.03858947753906
2023-07-20,46.23905944824219
2023-07-21,46.23905944824219
2023-07-24,45.803245544433594
2023-07-25,46.61384582519531
2023-07-26,46.805606842041016
2023-07-27,47.88640594482422
2023-07-28,48.33964157104492
2023-07-31,49.219974517822266
2023-08-01,48.618560791015625
2023-08-02,47.67721939086914
2023-08-03,47.851539611816406
2023-08-04,47.51161575317383
2023-08-07,48.39194107055664
2023-08-08,47.947418212890625
2023-08-09,48.40937423706055
2023-08-10,48.792877197265625
2023-08-11,48.330928802490234
2023-08-14,48.26991653442383
2023-08-15,46.65742874145508
2023-08-16,46.474395751953125
2023-08-17,46.94506072998047
2023-08-18,47.08452224731445
2023-08-21,47.21526336669922
2023-08-22,46.88405227661133
2023-08-23,46.54412841796875
2023-08-24,46.66615295410156
2023-08-25,47.049659729003906
2023-08-28,47.59006118774414
2023-08-29,48.14789581298828
2023-08-30,48.333274841308594
2023-08-31,48.16554641723633
2023-09-01,48.80998611450195
2023-09-05,47.83890914916992
2023-09-06,48.456871032714844
2023-09-07,47.75945281982422
2023-09-08,47.4151611328125
2023-09-11,47.37984848022461
2023-09-12,47.34454345703125
2023-09-13,46.62947463989258
2023-09-14,47.70648956298828
2023-09-15,47.529930114746094
2023-09-18,47.123844146728516
2023-09-19,46.70009994506836
2023-09-20,46.3116569519043
2023-09-21,45.02278137207031
2023-09-22,44.36067581176758
2023-09-25,45.10223388671875
2023-09-26,44.563720703125
2023-09-27,45.02278137207031
2023-09-28,44.96098327636719
2023-09-29,45.517147064208984
2023-10-02,45.28761672973633
2023-10-03,45.040428161621094
2023-10-04,45.1198844909668
2023-10-05,44.01638412475586
2023-10-06,44.38716125488281
2023-10-09,44.85504913330078
2023-10-10,45.29644775390625
2023-10-11,44.92566680908203
2023-10-12,44.36067581176758
2023-10-13,43.90161895751953
2023-10-16,44.307708740234375
2023-10-17,44.784423828125
2023-10-18,44.210609436035156
2023-10-19,43.654441833496094
2023-10-20,43.24835205078125
2023-10-23,42.58625030517578
2023-10-24,43.469058990478516
2023-10-25,41.96828842163086
2023-10-26,42.39203643798828
2023-10-27,42.47148895263672
2023-10-30,42.674530029296875
2023-10-31,42.674530029296875
2023-11-01,42.55976486206055
2023-11-02,43.24835205078125
2023-11-03,43.90161895751953
2023-11-06,43.55732727050781
2023-11-07,42.84225845336914
2023-11-08,42.639217376708984
2023-11-09,42.69218826293945
2023-11-10,43.68092727661133
2023-11-13,43.469058990478516
2023-11-14,45.066917419433594
2023-11-15,45.490665435791016
2023-11-16,45.41120910644531
2023-11-17,45.6407356262207
2023-11-20,45.62308120727539
2023-11-21,45.6672248840332
2023-11-22,45.37589645385742
2023-11-24,45.614253997802734
2023-11-27,45.12871551513672
2023-11-28,45.63190841674805
2023-11-29,45.936187744140625
2023-11-30,46.31205368041992
2023-12-01,46.80425262451172
2023-12-04,46.62527084350586
2023-12-05,45.76614761352539
2023-12-06,45.542415618896484
2023-12-07,45.70350646972656
2023-12-08,45.56926345825195
2023-12-11,45.89143753051758
2023-12-12,45.479774475097656
2023-12-13,46.83110809326172
2023-12-14,48.53144836425781
2023-12-15,48.54039764404297
2023-12-18,48.549339294433594
2023-12-19,49.1489372253418
2023-12-20,48.84467315673828
2023-12-21,49.19369125366211
2023-12-22,49.32792282104492
2023-12-26,49.855926513671875
2023-12-27,49.855926513671875
2023-12-28,49.426368713378906
2023-12-29,49.07735061645508
2024-01-02,49.515865325927734
2024-01-03,48.88941955566406
2024-01-04,48.49565505981445
2024-01-05,49.0594482421875
2024-01-08,49.29213333129883
2024-01-09,48.27191925048828
2024-01-10,47.77076721191406
2024-01-11,48.00344467163086
2024-01-12,47.761810302734375
2024-01-16,47.52018737792969
2024-01-17,46.956390380859375
2024-01-18,47.07272720336914
2024-01-19,47.26066207885742
2024-01-22,47.931854248046875
2024-01-23,48.24506759643555
2024-01-24,47.5112419128418
2024-01-25,49.16684341430664
2024-01-26,48.37931442260742
2024-01-29,48.38825988769531
2024-01-30,48.7462272644043
2024-01-31,47.9676513671875
2024-02-01,47.91395950317383
2024-02-02,47.806556701660156
2024-02-05,47.57388687133789
2024-02-06,48.36141586303711
2024-02-07,48.40616226196289
2024-02-08,48.21822738647461
2024-02-09,48.31666564941406
2024-02-12,49.0326042175293
2024-02-13,47.59178161621094
2024-02-14,47.94975280761719
2024-02-15,49.37266540527344
2024-02-16,49.65009689331055
2024-02-20,48.961002349853516
2024-02-21,49.8917236328125
2024-02-22,50.115455627441406
2024-02-23,50.464473724365234
2024-02-26,50.1781005859375
2024-02-27,50.357078552246094
2024-02-28,49.931175231933594
2024-02-29,50.63800811767578
2024-03-01,50.53831481933594
2024-03-04,51.671058654785156
2024-03-05,51.63481521606445
2024-03-06,51.52607345581055
2024-03-07,51.59856414794922
2024-03-08,51.299522399902344
2024-03-11,52.0426025390625
2024-03-12,52.26914978027344
2024-03-13,52.53194046020508
2024-03-14,51.94291687011719
2024-03-15,51.689186096191406
2024-03-18,51.41733169555664
2024-03-19,51.43545150756836
2024-03-20,52.71318054199219
2024-03-21,52.49570083618164
2024-03-22,52.26914978027344
2024-03-25,52.006351470947266
2024-03-26,51.716365814208984
2024-03-27,52.685997009277344
2024-03-28,52.49570083618164
2024-04-01,52.794734954833984
2024-04-02,53.72811508178711
2024-04-03,54.36245346069336
2024-04-04,54.24464416503906
2024-04-05,54.09059524536133
2024-04-08,53.93653869628906
2024-04-09,54.25370407104492
2024-04-10,53.32938766479492
2024-04-11,52.975975036621094
2024-04-12,52.2782096862793
2024-04-15,51.94291687011719
2024-04-16,51.52607345581055
2024-04-17,51.48982238769531
2024-04-18,51.19078063964844
2024-04-19,51.34482955932617
2024-04-22,51.64387512207031
2024-04-23,51.41733169555664
2024-04-24,51.63481521606445
2024-04-25,51.145469665527344
2024-04-26,51.91573715209961
2024-04-29,52.37788772583008
2024-04-30,51.562320709228516
2024-05-01,51.86136245727539
2024-05-02,51.4988899230957
2024-05-03,51.689186096191406
2024-05-06,51.96104431152344
2024-05-07,52.88536071777344
2024-05-08,53.13909149169922
2024-05-09,53.873111724853516
2024-05-10,53.83686447143555
2024-05-13,53.79154968261719
2024-05-14,54.05434799194336
2024-05-15,53.519691467285156
2024-05-16,53.19346618652344
2024-05-17,53.63749694824219
2024-05-20,53.68281173706055
2024-05-21,53.38376235961914
2024-05-22,52.19664764404297
2024-05-23,51.580440521240234
2024-05-24,52.341636657714844
2024-05-28,52.59538269042969
2024-05-29,51.65293502807617
2024-05-30,52.006351470947266
2024-05-31,52.86869430541992
2024-06-03,51.43758010864258
2024-06-04,50.59358596801758
2024-06-05,51.08897018432617
2024-06-06,51.07979965209961
2024-06-07,51.12566375732422
2024-06-10,51.41922378540039
2024-06-11,51.51096725463867
2024-06-12,51.60270690917969
2024-06-13,51.428401947021484
2024-06-14,50.47432327270508
2024-06-17,50.66697692871094
2024-06-18,50.859619140625
2024-06-20,49.73124694824219
2024-06-21,49.529422760009766
2024-06-24,50.10737228393555
2024-06-25,48.76799774169922
2024-06-26,48.80469512939453
2024-06-27,48.58451843261719
2024-06-28,48.66708755493164
2024-07-01,48.28178405761719
2024-07-02,48.35517120361328
2024-07-03,48.51112747192383
2024-07-05,47.914833068847656
2024-07-08,48.437740325927734
2024-07-09,47.318538665771484
2024-07-10,47.43779754638672
2024-07-11,48.07996368408203
2024-07-12,48.53865051269531
2024-07-15,48.86891174316406
2024-07-16,50.180763244628906
2024-07-17,50.83210372924805
2024-07-18,50.24497985839844
2024-07-19,49.446861267089844
2024-07-22,49.92389678955078
2024-07-23,49.602813720703125
2024-07-24,48.91477966308594
2024-07-25,48.483604431152344
2024-07-26,48.4927864074707
2024-07-29,48.4927864074707
2024-07-30,49.25421142578125
2024-07-31,49.96976852416992
2024-08-01,48.87808609008789
2024-08-02,47.71300506591797
2024-08-05,46.795623779296875
2024-08-06,48.14418029785156
2024-08-07,47.85978317260742
2024-08-08,48.318477630615234
2024-08-09,48.30930709838867
2024-08-12,47.905662536621094
2024-08-13,48.40104293823242
2024-08-14,48.40104293823242
2024-08-15,49.419334411621094
2024-08-16,49.45602798461914
2024-08-19,49.21751403808594
2024-08-20,48.36434555053711
2024-08-21,48.575347900390625
2024-08-22,48.21757125854492
2024-08-23,49.10742950439453
2024-08-26,49.56611633300781
2024-08-27,49.32760238647461
2024-08-28,49.089080810546875
2024-08-29,49.4101676940918
2024-08-30,49.800540924072266
2024-09-03,48.26692581176758
2024-09-04,47.94161605834961
2024-09-05,47.69065856933594
2024-09-06,47.1051025390625
2024-09-09,47.681365966796875
2024-09-10,47.23522186279297
2024-09-11,47.15157699584961
2024-09-12,46.714725494384766
2024-09-13,46.61248779296875
2024-09-16,47.08651351928711
2024-09-17,47.87655258178711
2024-09-18,47.99738693237305
2024-09-19,49.15921401977539
2024-09-20,48.06244659423828
2024-09-23,48.369171142578125
2024-09-24,49.67970657348633
2024-09-25,49.11273956298828
2024-09-26,50.86012649536133
2024-09-27,51.194732666015625
2024-09-30,50.77647399902344
2024-10-01,50.69282150268555
2024-10-02,50.82294845581055
2024-10-03,50.655643463134766
2024-10-04,51.4363899230957
2024-10-07,50.767173767089844
2024-10-08,49.456634521484375
2024-10-09,49.65182113647461
2024-10-10,49.83771896362305
2024-10-11,49.98643112182617
2024-10-14,49.763362884521484
2024-10-15,48.861785888671875
2024-10-16,49.20568084716797
2024-10-17,49.33580780029297
2024-10-18,49.36369323730469
2024-10-21,48.52717590332031
2024-10-22,48.39704895019531
2024-10-23,47.85796356201172
2024-10-24,47.39323806762695
2024-10-25,46.19422912597656
2024-10-28,46.5753059387207
2024-10-29,45.98974609375
2024-10-30,45.859619140625
2024-10-31,45.89680099487305
2024-11-01,45.515724182128906
2024-11-04,44.56767272949219
2024-11-05,44.52119827270508
2024-11-06,44.939453125
2024-11-07,45.450660705566406
2024-11-08,43.210662841796875
2024-11-11,43.00617599487305
2024-11-12,41.86294174194336
2024-11-13,41.81646728515625
2024-11-14,41.44468307495117
2024-11-15,40.933475494384766
2024-11-18,41.10078048706055
2024-11-19,40.57098388671875
2024-11-20,40.83123779296875
2024-11-21,41.649166107177734
2024-11-22,42.25331497192383
2024-11-25,42.6343879699707
2024-11-26,41.3982048034668
2024-11-27,41.491153717041016
2024-11-29,41.74610900878906
2024-12-02,41.90663146972656
2024-12-03,41.42505645751953
2024-12-04,40.46189880371094
2024-12-05,39.838687896728516
2024-12-06,39.64983367919922
2024-12-09,40.34859085083008
2024-12-10,39.82924270629883
2024-12-11,39.18714141845703
2024-12-12,38.979400634765625
2024-12-13,38.58280563354492
2024-12-16,37.87460708618164
2024-12-17,38.30896759033203
2024-12-18,37.912376403808594
2024-12-19,36.920894622802734
2024-12-20,37.714080810546875
2024-12-23,37.74241256713867
2024-12-24,37.8557243347168
2024-12-26,37.978477478027344
2024-12-27,37.7990608215332
2024-12-30,37.241947174072266
2024-12-31,37.89349365234375
