Date,FANG
2010-01-04,
2010-01-05,
2010-01-06,
2010-01-07,
2010-01-08,
2010-01-11,
2010-01-12,
2010-01-13,
2010-01-14,
2010-01-15,
2010-01-19,
2010-01-20,
2010-01-21,
2010-01-22,
2010-01-25,
2010-01-26,
2010-01-27,
2010-01-28,
2010-01-29,
2010-02-01,
2010-02-02,
2010-02-03,
2010-02-04,
2010-02-05,
2010-02-08,
2010-02-09,
2010-02-10,
2010-02-11,
2010-02-12,
2010-02-16,
2010-02-17,
2010-02-18,
2010-02-19,
2010-02-22,
2010-02-23,
2010-02-24,
2010-02-25,
2010-02-26,
2010-03-01,
2010-03-02,
2010-03-03,
2010-03-04,
2010-03-05,
2010-03-08,
2010-03-09,
2010-03-10,
2010-03-11,
2010-03-12,
2010-03-15,
2010-03-16,
2010-03-17,
2010-03-18,
2010-03-19,
2010-03-22,
2010-03-23,
2010-03-24,
2010-03-25,
2010-03-26,
2010-03-29,
2010-03-30,
2010-03-31,
2010-04-01,
2010-04-05,
2010-04-06,
2010-04-07,
2010-04-08,
2010-04-09,
2010-04-12,
2010-04-13,
2010-04-14,
2010-04-15,
2010-04-16,
2010-04-19,
2010-04-20,
2010-04-21,
2010-04-22,
2010-04-23,
2010-04-26,
2010-04-27,
2010-04-28,
2010-04-29,
2010-04-30,
2010-05-03,
2010-05-04,
2010-05-05,
2010-05-06,
2010-05-07,
2010-05-10,
2010-05-11,
2010-05-12,
2010-05-13,
2010-05-14,
2010-05-17,
2010-05-18,
2010-05-19,
2010-05-20,
2010-05-21,
2010-05-24,
2010-05-25,
2010-05-26,
2010-05-27,
2010-05-28,
2010-06-01,
2010-06-02,
2010-06-03,
2010-06-04,
2010-06-07,
2010-06-08,
2010-06-09,
2010-06-10,
2010-06-11,
2010-06-14,
2010-06-15,
2010-06-16,
2010-06-17,
2010-06-18,
2010-06-21,
2010-06-22,
2010-06-23,
2010-06-24,
2010-06-25,
2010-06-28,
2010-06-29,
2010-06-30,
2010-07-01,
2010-07-02,
2010-07-06,
2010-07-07,
2010-07-08,
2010-07-09,
2010-07-12,
2010-07-13,
2010-07-14,
2010-07-15,
2010-07-16,
2010-07-19,
2010-07-20,
2010-07-21,
2010-07-22,
2010-07-23,
2010-07-26,
2010-07-27,
2010-07-28,
2010-07-29,
2010-07-30,
2010-08-02,
2010-08-03,
2010-08-04,
2010-08-05,
2010-08-06,
2010-08-09,
2010-08-10,
2010-08-11,
2010-08-12,
2010-08-13,
2010-08-16,
2010-08-17,
2010-08-18,
2010-08-19,
2010-08-20,
2010-08-23,
2010-08-24,
2010-08-25,
2010-08-26,
2010-08-27,
2010-08-30,
2010-08-31,
2010-09-01,
2010-09-02,
2010-09-03,
2010-09-07,
2010-09-08,
2010-09-09,
2010-09-10,
2010-09-13,
2010-09-14,
2010-09-15,
2010-09-16,
2010-09-17,
2010-09-20,
2010-09-21,
2010-09-22,
2010-09-23,
2010-09-24,
2010-09-27,
2010-09-28,
2010-09-29,
2010-09-30,
2010-10-01,
2010-10-04,
2010-10-05,
2010-10-06,
2010-10-07,
2010-10-08,
2010-10-11,
2010-10-12,
2010-10-13,
2010-10-14,
2010-10-15,
2010-10-18,
2010-10-19,
2010-10-20,
2010-10-21,
2010-10-22,
2010-10-25,
2010-10-26,
2010-10-27,
2010-10-28,
2010-10-29,
2010-11-01,
2010-11-02,
2010-11-03,
2010-11-04,
2010-11-05,
2010-11-08,
2010-11-09,
2010-11-10,
2010-11-11,
2010-11-12,
2010-11-15,
2010-11-16,
2010-11-17,
2010-11-18,
2010-11-19,
2010-11-22,
2010-11-23,
2010-11-24,
2010-11-26,
2010-11-29,
2010-11-30,
2010-12-01,
2010-12-02,
2010-12-03,
2010-12-06,
2010-12-07,
2010-12-08,
2010-12-09,
2010-12-10,
2010-12-13,
2010-12-14,
2010-12-15,
2010-12-16,
2010-12-17,
2010-12-20,
2010-12-21,
2010-12-22,
2010-12-23,
2010-12-27,
2010-12-28,
2010-12-29,
2010-12-30,
2010-12-31,
2011-01-03,
2011-01-04,
2011-01-05,
2011-01-06,
2011-01-07,
2011-01-10,
2011-01-11,
2011-01-12,
2011-01-13,
2011-01-14,
2011-01-18,
2011-01-19,
2011-01-20,
2011-01-21,
2011-01-24,
2011-01-25,
2011-01-26,
2011-01-27,
2011-01-28,
2011-01-31,
2011-02-01,
2011-02-02,
2011-02-03,
2011-02-04,
2011-02-07,
2011-02-08,
2011-02-09,
2011-02-10,
2011-02-11,
2011-02-14,
2011-02-15,
2011-02-16,
2011-02-17,
2011-02-18,
2011-02-22,
2011-02-23,
2011-02-24,
2011-02-25,
2011-02-28,
2011-03-01,
2011-03-02,
2011-03-03,
2011-03-04,
2011-03-07,
2011-03-08,
2011-03-09,
2011-03-10,
2011-03-11,
2011-03-14,
2011-03-15,
2011-03-16,
2011-03-17,
2011-03-18,
2011-03-21,
2011-03-22,
2011-03-23,
2011-03-24,
2011-03-25,
2011-03-28,
2011-03-29,
2011-03-30,
2011-03-31,
2011-04-01,
2011-04-04,
2011-04-05,
2011-04-06,
2011-04-07,
2011-04-08,
2011-04-11,
2011-04-12,
2011-04-13,
2011-04-14,
2011-04-15,
2011-04-18,
2011-04-19,
2011-04-20,
2011-04-21,
2011-04-25,
2011-04-26,
2011-04-27,
2011-04-28,
2011-04-29,
2011-05-02,
2011-05-03,
2011-05-04,
2011-05-05,
2011-05-06,
2011-05-09,
2011-05-10,
2011-05-11,
2011-05-12,
2011-05-13,
2011-05-16,
2011-05-17,
2011-05-18,
2011-05-19,
2011-05-20,
2011-05-23,
2011-05-24,
2011-05-25,
2011-05-26,
2011-05-27,
2011-05-31,
2011-06-01,
2011-06-02,
2011-06-03,
2011-06-06,
2011-06-07,
2011-06-08,
2011-06-09,
2011-06-10,
2011-06-13,
2011-06-14,
2011-06-15,
2011-06-16,
2011-06-17,
2011-06-20,
2011-06-21,
2011-06-22,
2011-06-23,
2011-06-24,
2011-06-27,
2011-06-28,
2011-06-29,
2011-06-30,
2011-07-01,
2011-07-05,
2011-07-06,
2011-07-07,
2011-07-08,
2011-07-11,
2011-07-12,
2011-07-13,
2011-07-14,
2011-07-15,
2011-07-18,
2011-07-19,
2011-07-20,
2011-07-21,
2011-07-22,
2011-07-25,
2011-07-26,
2011-07-27,
2011-07-28,
2011-07-29,
2011-08-01,
2011-08-02,
2011-08-03,
2011-08-04,
2011-08-05,
2011-08-08,
2011-08-09,
2011-08-10,
2011-08-11,
2011-08-12,
2011-08-15,
2011-08-16,
2011-08-17,
2011-08-18,
2011-08-19,
2011-08-22,
2011-08-23,
2011-08-24,
2011-08-25,
2011-08-26,
2011-08-29,
2011-08-30,
2011-08-31,
2011-09-01,
2011-09-02,
2011-09-06,
2011-09-07,
2011-09-08,
2011-09-09,
2011-09-12,
2011-09-13,
2011-09-14,
2011-09-15,
2011-09-16,
2011-09-19,
2011-09-20,
2011-09-21,
2011-09-22,
2011-09-23,
2011-09-26,
2011-09-27,
2011-09-28,
2011-09-29,
2011-09-30,
2011-10-03,
2011-10-04,
2011-10-05,
2011-10-06,
2011-10-07,
2011-10-10,
2011-10-11,
2011-10-12,
2011-10-13,
2011-10-14,
2011-10-17,
2011-10-18,
2011-10-19,
2011-10-20,
2011-10-21,
2011-10-24,
2011-10-25,
2011-10-26,
2011-10-27,
2011-10-28,
2011-10-31,
2011-11-01,
2011-11-02,
2011-11-03,
2011-11-04,
2011-11-07,
2011-11-08,
2011-11-09,
2011-11-10,
2011-11-11,
2011-11-14,
2011-11-15,
2011-11-16,
2011-11-17,
2011-11-18,
2011-11-21,
2011-11-22,
2011-11-23,
2011-11-25,
2011-11-28,
2011-11-29,
2011-11-30,
2011-12-01,
2011-12-02,
2011-12-05,
2011-12-06,
2011-12-07,
2011-12-08,
2011-12-09,
2011-12-12,
2011-12-13,
2011-12-14,
2011-12-15,
2011-12-16,
2011-12-19,
2011-12-20,
2011-12-21,
2011-12-22,
2011-12-23,
2011-12-27,
2011-12-28,
2011-12-29,
2011-12-30,
2012-01-03,
2012-01-04,
2012-01-05,
2012-01-06,
2012-01-09,
2012-01-10,
2012-01-11,
2012-01-12,
2012-01-13,
2012-01-17,
2012-01-18,
2012-01-19,
2012-01-20,
2012-01-23,
2012-01-24,
2012-01-25,
2012-01-26,
2012-01-27,
2012-01-30,
2012-01-31,
2012-02-01,
2012-02-02,
2012-02-03,
2012-02-06,
2012-02-07,
2012-02-08,
2012-02-09,
2012-02-10,
2012-02-13,
2012-02-14,
2012-02-15,
2012-02-16,
2012-02-17,
2012-02-21,
2012-02-22,
2012-02-23,
2012-02-24,
2012-02-27,
2012-02-28,
2012-02-29,
2012-03-01,
2012-03-02,
2012-03-05,
2012-03-06,
2012-03-07,
2012-03-08,
2012-03-09,
2012-03-12,
2012-03-13,
2012-03-14,
2012-03-15,
2012-03-16,
2012-03-19,
2012-03-20,
2012-03-21,
2012-03-22,
2012-03-23,
2012-03-26,
2012-03-27,
2012-03-28,
2012-03-29,
2012-03-30,
2012-04-02,
2012-04-03,
2012-04-04,
2012-04-05,
2012-04-09,
2012-04-10,
2012-04-11,
2012-04-12,
2012-04-13,
2012-04-16,
2012-04-17,
2012-04-18,
2012-04-19,
2012-04-20,
2012-04-23,
2012-04-24,
2012-04-25,
2012-04-26,
2012-04-27,
2012-04-30,
2012-05-01,
2012-05-02,
2012-05-03,
2012-05-04,
2012-05-07,
2012-05-08,
2012-05-09,
2012-05-10,
2012-05-11,
2012-05-14,
2012-05-15,
2012-05-16,
2012-05-17,
2012-05-18,
2012-05-21,
2012-05-22,
2012-05-23,
2012-05-24,
2012-05-25,
2012-05-29,
2012-05-30,
2012-05-31,
2012-06-01,
2012-06-04,
2012-06-05,
2012-06-06,
2012-06-07,
2012-06-08,
2012-06-11,
2012-06-12,
2012-06-13,
2012-06-14,
2012-06-15,
2012-06-18,
2012-06-19,
2012-06-20,
2012-06-21,
2012-06-22,
2012-06-25,
2012-06-26,
2012-06-27,
2012-06-28,
2012-06-29,
2012-07-02,
2012-07-03,
2012-07-05,
2012-07-06,
2012-07-09,
2012-07-10,
2012-07-11,
2012-07-12,
2012-07-13,
2012-07-16,
2012-07-17,
2012-07-18,
2012-07-19,
2012-07-20,
2012-07-23,
2012-07-24,
2012-07-25,
2012-07-26,
2012-07-27,
2012-07-30,
2012-07-31,
2012-08-01,
2012-08-02,
2012-08-03,
2012-08-06,
2012-08-07,
2012-08-08,
2012-08-09,
2012-08-10,
2012-08-13,
2012-08-14,
2012-08-15,
2012-08-16,
2012-08-17,
2012-08-20,
2012-08-21,
2012-08-22,
2012-08-23,
2012-08-24,
2012-08-27,
2012-08-28,
2012-08-29,
2012-08-30,
2012-08-31,
2012-09-04,
2012-09-05,
2012-09-06,
2012-09-07,
2012-09-10,
2012-09-11,
2012-09-12,
2012-09-13,
2012-09-14,
2012-09-17,
2012-09-18,
2012-09-19,
2012-09-20,
2012-09-21,
2012-09-24,
2012-09-25,
2012-09-26,
2012-09-27,
2012-09-28,
2012-10-01,
2012-10-02,
2012-10-03,
2012-10-04,
2012-10-05,
2012-10-08,
2012-10-09,
2012-10-10,
2012-10-11,
2012-10-12,13.625746726989746
2012-10-15,13.820398330688477
2012-10-16,13.851543426513672
2012-10-17,13.78146743774414
2012-10-18,13.78146743774414
2012-10-19,13.555668830871582
2012-10-22,13.259795188903809
2012-10-23,13.337654113769531
2012-10-24,13.540095329284668
2012-10-25,13.259795188903809
2012-10-26,13.345443725585938
2012-10-31,13.259795188903809
2012-11-01,13.41551685333252
2012-11-02,13.236438751220703
2012-11-05,13.010642051696777
2012-11-06,13.24422550201416
2012-11-07,13.283156394958496
2012-11-08,13.04178524017334
2012-11-09,12.88606071472168
2012-11-12,12.847131729125977
2012-11-13,12.488969802856445
2012-11-14,12.496756553649902
2012-11-15,13.00285530090332
2012-11-16,13.096285820007324
2012-11-19,13.329873085021973
2012-11-20,13.337654113769531
2012-11-21,13.392162322998047
2012-11-23,13.485594749450684
2012-11-26,13.438879013061523
2012-11-27,13.41551685333252
2012-11-28,13.431089401245117
2012-11-29,14.139631271362305
2012-11-30,14.015052795410156
2012-12-03,14.092914581298828
2012-12-04,13.882688522338867
2012-12-05,13.999482154846191
2012-12-06,13.71917724609375
2012-12-07,13.820398330688477
2012-12-10,13.71917724609375
2012-12-11,13.656890869140625
2012-12-12,13.73475456237793
2012-12-13,13.921619415283203
2012-12-14,13.680246353149414
2012-12-17,13.999482154846191
2012-12-18,14.637945175170898
2012-12-19,14.933819770812988
2012-12-20,14.809239387512207
2012-12-21,14.778097152709961
2012-12-24,14.513370513916016
2012-12-26,14.52115249633789
2012-12-27,14.435510635375977
2012-12-28,14.6223726272583
2012-12-31,14.887103080749512
2013-01-02,14.980535507202148
2013-01-03,14.902673721313477
2013-01-04,15.611211776733398
2013-01-07,16.17181396484375
2013-01-08,16.03944969177246
2013-01-09,15.938226699829102
2013-01-10,16.84142303466797
2013-01-11,16.87256622314453
2013-01-14,16.973787307739258
2013-01-15,16.91149139404297
2013-01-16,16.568910598754883
2013-01-17,16.444332122802734
2013-01-18,15.992732048034668
2013-01-22,16.966005325317383
2013-01-23,16.685699462890625
2013-01-24,16.685699462890625
2013-01-25,17.1295108795166
2013-01-28,16.849206924438477
2013-01-29,17.23072624206543
2013-01-30,17.651180267333984
2013-01-31,17.456525802612305
2013-02-01,17.674541473388672
2013-02-04,17.549957275390625
2013-02-05,17.620038986206055
2013-02-06,17.620038986206055
2013-02-07,17.456525802612305
2013-02-08,17.168437957763672
2013-02-11,16.78691864013672
2013-02-12,16.794708251953125
2013-02-13,16.78691864013672
2013-02-14,17.1295108795166
2013-02-15,17.363094329833984
2013-02-19,17.76797103881836
2013-02-20,16.568910598754883
2013-02-21,16.140668869018555
2013-02-22,16.335329055786133
2013-02-25,15.36983871459961
2013-02-26,15.611211776733398
2013-02-27,16.319747924804688
2013-02-28,17.682323455810547
2013-03-01,17.39423370361328
2013-03-04,17.433170318603516
2013-03-05,18.453149795532227
2013-03-06,18.336360931396484
2013-03-07,19.083831787109375
2013-03-08,19.38749122619629
2013-03-11,19.068252563476562
2013-03-12,19.410844802856445
2013-03-13,20.0493106842041
2013-03-14,19.35634422302246
2013-03-15,18.803529739379883
2013-03-18,18.678951263427734
2013-03-19,18.4998722076416
2013-03-20,18.686737060546875
2013-03-21,18.92810821533203
2013-03-22,19.114974975585938
2013-03-25,19.621070861816406
2013-03-26,19.971446990966797
2013-03-27,20.32961654663086
2013-03-28,20.898000717163086
2013-04-01,21.334028244018555
2013-04-02,21.05372428894043
2013-04-03,19.403057098388672
2013-04-04,19.50428581237793
2013-04-05,19.605499267578125
2013-04-08,20.282899856567383
2013-04-09,20.835712432861328
2013-04-10,20.306255340576172
2013-04-11,20.633275985717773
2013-04-12,20.7344913482666
2013-04-15,20.088239669799805
2013-04-16,20.820140838623047
2013-04-17,20.088239669799805
2013-04-18,20.641061782836914
2013-04-19,20.41526222229004
2013-04-22,21.007001876831055
2013-04-23,21.404098510742188
2013-04-24,21.10044288635254
2013-04-25,21.25616455078125
2013-04-26,20.92914390563965
2013-04-29,20.27511215209961
2013-04-30,20.44640350341797
2013-05-01,20.58655548095703
2013-05-02,21.10044288635254
2013-05-03,21.396316528320312
2013-05-06,22.392942428588867
2013-05-07,22.221647262573242
2013-05-08,22.992467880249023
2013-05-09,22.33065414428711
2013-05-10,22.25279426574707
2013-05-13,22.315080642700195
2013-05-14,22.47859001159668
2013-05-15,22.95354652404785
2013-05-16,23.31170654296875
2013-05-17,24.47184181213379
2013-05-20,24.939006805419922
2013-05-21,24.689849853515625
2013-05-22,25.336103439331055
2013-05-23,25.904489517211914
2013-05-24,26.722030639648438
2013-05-28,27.212560653686523
2013-05-29,27.220348358154297
2013-05-30,27.212560653686523
2013-05-31,26.29379653930664
2013-06-03,26.940046310424805
2013-06-04,26.53516387939453
2013-06-05,26.42616081237793
2013-06-06,26.924470901489258
2013-06-07,27.601865768432617
2013-06-10,27.049055099487305
2013-06-11,26.83103370666504
2013-06-12,26.80768585205078
2013-06-13,27.22812843322754
2013-06-14,27.165847778320312
2013-06-17,26.82325553894043
2013-06-18,27.259275436401367
2013-06-19,26.947826385498047
2013-06-20,25.41396713256836
2013-06-21,25.81105613708496
2013-06-24,24.93122100830078
2013-06-25,25.631977081298828
2013-06-26,26.20036506652832
2013-06-27,25.74098014831543
2013-06-28,25.943422317504883
2013-07-01,26.68310546875
2013-07-02,26.908897399902344
2013-07-03,27.40721321105957
2013-07-05,27.9444522857666
2013-07-08,28.107969284057617
2013-07-09,28.419414520263672
2013-07-10,28.93330192565918
2013-07-11,29.275890350341797
2013-07-12,29.003372192382812
2013-07-15,29.018951416015625
2013-07-16,29.36153221130371
2013-07-17,29.322612762451172
2013-07-18,29.64963722229004
2013-07-19,30.646244049072266
2013-07-22,30.731897354125977
2013-07-23,30.20244026184082
2013-07-24,29.127952575683594
2013-07-25,29.39267921447754
2013-07-26,29.174663543701172
2013-07-29,29.330392837524414
2013-07-30,29.454973220825195
2013-07-31,29.727489471435547
2013-08-01,33.17675018310547
2013-08-02,33.2078971862793
2013-08-05,33.55826187133789
2013-08-06,32.857521057128906
2013-08-07,32.88866424560547
2013-08-08,32.77186584472656
2013-08-09,32.88866424560547
2013-08-12,32.76408004760742
2013-08-13,32.77186584472656
2013-08-14,31.494935989379883
2013-08-15,30.98104476928711
2013-08-16,31.533859252929688
2013-08-19,30.63846778869629
2013-08-20,30.583961486816406
2013-08-21,30.537242889404297
2013-08-22,30.63846778869629
2013-08-23,31.237998962402344
2013-08-26,31.144567489624023
2013-08-27,31.058908462524414
2013-08-28,32.312477111816406
2013-08-29,31.48714828491211
2013-08-30,31.33143424987793
2013-09-03,32.43706130981445
2013-09-04,33.75291061401367
2013-09-05,33.96315002441406
2013-09-06,33.80741882324219
2013-09-09,34.50817108154297
2013-09-10,34.55488586425781
2013-09-11,35.450294494628906
2013-09-12,36.306766510009766
2013-09-13,35.81624221801758
2013-09-16,34.8974723815918
2013-09-17,34.71839904785156
2013-09-18,34.78069305419922
2013-09-19,34.27458572387695
2013-09-20,33.309112548828125
2013-09-23,33.90864181518555
2013-09-24,33.9709358215332
2013-09-25,34.0721435546875
2013-09-26,34.243446350097656
2013-09-27,33.59719467163086
2013-09-30,33.200111389160156
2013-10-01,33.80741882324219
2013-10-02,33.65170669555664
2013-10-03,34.12664794921875
2013-10-04,35.82402801513672
2013-10-07,35.62937927246094
2013-10-08,34.695037841796875
2013-10-09,33.77629470825195
2013-10-10,34.009864807128906
2013-10-11,34.804054260253906
2013-10-14,36.22113037109375
2013-10-15,36.47807312011719
2013-10-16,38.556976318359375
2013-10-17,39.07085037231445
2013-10-18,40.628082275390625
2013-10-21,41.0718879699707
2013-10-22,39.17985916137695
2013-10-23,38.229949951171875
2013-10-24,42.045166015625
2013-10-25,41.51570510864258
2013-10-28,41.671424865722656
2013-10-29,42.09967041015625
2013-10-30,41.819358825683594
2013-10-31,40.215415954589844
2013-11-01,39.42902374267578
2013-11-04,41.39111328125
2013-11-05,42.93277359008789
2013-11-06,41.62471389770508
2013-11-07,42.045166015625
2013-11-08,41.632503509521484
2013-11-11,41.492347717285156
2013-11-12,40.87723922729492
2013-11-13,41.383338928222656
2013-11-14,41.359981536865234
2013-11-15,41.679203033447266
2013-11-18,39.094200134277344
2013-11-19,38.011940002441406
2013-11-20,37.965213775634766
2013-11-21,40.28549575805664
2013-11-22,40.12198257446289
2013-11-25,39.61589050292969
2013-11-26,40.184268951416016
2013-11-27,38.9774169921875
2013-11-29,38.72826385498047
2013-12-02,39.21878433227539
2013-12-03,39.10977554321289
2013-12-04,39.28107833862305
2013-12-05,38.307804107666016
2013-12-06,35.956398010253906
2013-12-09,35.092124938964844
2013-12-10,35.81624221801758
2013-12-11,35.12327575683594
2013-12-12,35.00648498535156
2013-12-13,34.82741165161133
2013-12-16,35.419151306152344
2013-12-17,35.90968704223633
2013-12-18,36.080970764160156
2013-12-19,38.77498245239258
2013-12-20,39.54580307006836
2013-12-23,40.565799713134766
2013-12-24,40.50349807739258
2013-12-26,41.05631637573242
2013-12-27,41.53127670288086
2013-12-30,40.43342971801758
2013-12-31,41.17311096191406
2014-01-02,39.833892822265625
2014-01-03,38.292236328125
2014-01-06,37.817283630371094
2014-01-07,37.67713928222656
2014-01-08,37.069820404052734
2014-01-09,35.44251251220703
2014-01-10,36.571502685546875
2014-01-13,34.59382247924805
2014-01-14,36.6026496887207
2014-01-15,37.38905715942383
2014-01-16,37.84844207763672
2014-01-17,37.770565032958984
2014-01-21,38.214378356933594
2014-01-22,39.8806037902832
2014-01-23,39.27328872680664
2014-01-24,38.050872802734375
2014-01-27,37.01531219482422
2014-01-28,38.77498245239258
2014-01-29,37.832862854003906
2014-01-30,39.997398376464844
2014-01-31,40.47236633300781
2014-02-03,38.99300003051758
2014-02-04,40.2076301574707
2014-02-05,41.235408782958984
2014-02-06,41.86606979370117
2014-02-07,44.162986755371094
2014-02-10,44.785884857177734
2014-02-11,45.86815643310547
2014-02-12,45.136260986328125
2014-02-13,45.85258483886719
2014-02-14,46.4443359375
2014-02-18,47.511024475097656
2014-02-19,47.526607513427734
2014-02-20,48.795738220214844
2014-02-21,49.82351303100586
2014-02-24,50.45418930053711
2014-02-25,49.62886428833008
2014-02-26,50.25175094604492
2014-02-27,49.74565124511719
2014-02-28,50.08824920654297
2014-03-03,50.15053939819336
2014-03-04,50.983646392822266
2014-03-05,49.86244201660156
2014-03-06,48.86581802368164
2014-03-07,49.737876892089844
2014-03-10,49.0760383605957
2014-03-11,48.281864166259766
2014-03-12,49.17726516723633
2014-03-13,49.332984924316406
2014-03-14,49.50428771972656
2014-03-17,49.77680206298828
2014-03-18,51.139366149902344
2014-03-19,50.14274215698242
2014-03-20,50.75784683227539
2014-03-21,50.00259780883789
2014-03-24,49.940303802490234
2014-03-25,50.05710220336914
2014-03-26,50.524261474609375
2014-03-27,52.97690200805664
2014-03-28,54.269386291503906
2014-03-31,52.40850830078125
2014-04-01,51.707759857177734
2014-04-02,53.70100402832031
2014-04-03,52.875675201416016
2014-04-04,52.36180877685547
2014-04-07,50.74227523803711
2014-04-08,51.855690002441406
2014-04-09,52.99247360229492
2014-04-10,51.100440979003906
2014-04-11,52.634315490722656
2014-04-14,54.5964241027832
2014-04-15,53.78665542602539
2014-04-16,54.88449478149414
2014-04-17,57.103553771972656
2014-04-21,58.02231979370117
2014-04-22,57.819881439208984
2014-04-23,57.531795501708984
2014-04-24,58.72306442260742
2014-04-25,55.62419509887695
2014-04-28,55.25046157836914
2014-04-29,56.23151779174805
2014-04-30,56.013492584228516
2014-05-01,55.49181365966797
2014-05-02,57.43834686279297
2014-05-05,57.329345703125
2014-05-06,57.033477783203125
2014-05-07,58.95667266845703
2014-05-08,55.873355865478516
2014-05-09,55.46846389770508
2014-05-12,56.620826721191406
2014-05-13,57.4072265625
2014-05-14,56.075767517089844
2014-05-15,54.059173583984375
2014-05-16,55.024635314941406
2014-05-19,55.39838409423828
2014-05-20,54.6275634765625
2014-05-21,56.61302185058594
2014-05-22,56.86217498779297
2014-05-23,56.66752243041992
2014-05-27,55.647544860839844
2014-05-28,55.58525848388672
2014-05-29,58.4116325378418
2014-05-30,58.76980209350586
2014-06-02,59.26032638549805
2014-06-03,60.96548080444336
2014-06-04,61.1523323059082
2014-06-05,61.6973762512207
2014-06-06,63.13780975341797
2014-06-09,63.846351623535156
2014-06-10,64.1032943725586
2014-06-11,65.27899169921875
2014-06-12,65.94082641601562
2014-06-13,68.47909545898438
2014-06-16,69.99739074707031
2014-06-17,70.27769470214844
2014-06-18,70.33999633789062
2014-06-19,69.33558654785156
2014-06-20,69.91175842285156
2014-06-23,71.17310333251953
2014-06-24,68.27666473388672
2014-06-25,70.51128387451172
2014-06-26,69.52245330810547
2014-06-27,69.0552749633789
2014-06-30,69.14093780517578
2014-07-01,69.89617919921875
2014-07-02,68.74382781982422
2014-07-03,69.1487045288086
2014-07-07,67.98080444335938
2014-07-08,66.93746185302734
2014-07-09,67.9652328491211
2014-07-10,66.7427978515625
2014-07-11,65.56709289550781
2014-07-14,67.42017364501953
2014-07-15,64.90525817871094
2014-07-16,66.56371307373047
2014-07-17,65.95638275146484
2014-07-18,67.47468566894531
2014-07-21,68.5102310180664
2014-07-22,67.3968276977539
2014-07-23,68.40122985839844
2014-07-24,68.52581024169922
2014-07-25,66.72722625732422
2014-07-28,66.02647399902344
2014-07-29,66.6415786743164
2014-07-30,65.987548828125
2014-07-31,64.02540588378906
2014-08-01,62.30467224121094
2014-08-04,63.54268264770508
2014-08-05,61.45599365234375
2014-08-06,61.13676834106445
2014-08-07,59.626277923583984
2014-08-08,60.30366134643555
2014-08-11,60.334800720214844
2014-08-12,59.205814361572266
2014-08-13,60.09343719482422
2014-08-14,59.06565856933594
2014-08-15,61.082275390625
2014-08-18,62.11781692504883
2014-08-19,62.28913497924805
2014-08-20,62.47599792480469
2014-08-21,62.86527633666992
2014-08-22,62.273555755615234
2014-08-25,63.37916946411133
2014-08-26,65.31014251708984
2014-08-27,64.31350708007812
2014-08-28,64.78069305419922
2014-08-29,67.23333740234375
2014-09-02,64.80404663085938
2014-09-03,65.27899169921875
2014-09-04,61.899837493896484
2014-09-05,61.70518112182617
2014-09-08,60.28030776977539
2014-09-09,59.53282928466797
2014-09-10,59.79756546020508
2014-09-11,60.630672454833984
2014-09-12,59.610694885253906
2014-09-15,59.361534118652344
2014-09-16,60.903202056884766
2014-09-17,60.49829864501953
2014-09-18,59.314815521240234
2014-09-19,58.824302673339844
2014-09-22,57.19699478149414
2014-09-23,56.714256286621094
2014-09-24,57.85102081298828
2014-09-25,56.52737808227539
2014-09-26,57.33712387084961
2014-09-29,59.76643753051758
2014-09-30,58.22474670410156
2014-10-01,57.93667221069336
2014-10-02,58.61406707763672
2014-10-03,56.838829040527344
2014-10-06,57.59408187866211
2014-10-07,55.63196563720703
2014-10-08,56.9322624206543
2014-10-09,53.934593200683594
2014-10-10,50.415260314941406
2014-10-13,46.101741790771484
2014-10-14,45.502201080322266
2014-10-15,46.70126724243164
2014-10-16,49.1461181640625
2014-10-17,49.3251953125
2014-10-20,50.049312591552734
2014-10-21,52.54865646362305
2014-10-22,49.98702621459961
2014-10-23,52.33843994140625
2014-10-24,52.35400390625
2014-10-27,49.932518005371094
2014-10-28,52.77446365356445
2014-10-29,53.78665542602539
2014-10-30,52.696590423583984
2014-10-31,53.2883415222168
2014-11-03,52.470802307128906
2014-11-04,49.551002502441406
2014-11-05,50.617698669433594
2014-11-06,51.248374938964844
2014-11-07,54.10587692260742
2014-11-10,51.855690002441406
2014-11-11,52.55644989013672
2014-11-12,50.46197509765625
2014-11-13,50.423038482666016
2014-11-14,52.78225326538086
2014-11-17,49.6132926940918
2014-11-18,50.11939239501953
2014-11-19,50.71113967895508
2014-11-20,52.33065414428711
2014-11-21,54.300537109375
2014-11-24,53.01583480834961
2014-11-25,52.19049835205078
2014-11-26,50.5164794921875
2014-11-28,43.9138298034668
2014-12-01,43.45445251464844
2014-12-02,45.035037994384766
2014-12-03,46.60783767700195
2014-12-04,45.53335189819336
2014-12-05,45.77472686767578
2014-12-08,42.66805648803711
2014-12-09,44.13184356689453
2014-12-10,41.77263641357422
2014-12-11,41.35219192504883
2014-12-12,40.8538818359375
2014-12-15,41.585777282714844
2014-12-16,43.477813720703125
2014-12-17,45.91487503051758
2014-12-18,46.38983154296875
2014-12-19,48.71009826660156
2014-12-22,47.549949645996094
2014-12-23,48.04048538208008
2014-12-24,46.856998443603516
2014-12-26,47.036067962646484
2014-12-29,47.012718200683594
2014-12-30,46.61561584472656
2014-12-31,46.54554748535156
2015-01-02,46.66233444213867
2015-01-05,44.599002838134766
2015-01-06,44.66908264160156
2015-01-07,45.354270935058594
2015-01-08,47.565521240234375
2015-01-09,48.14950180053711
2015-01-12,46.304176330566406
2015-01-13,47.68231964111328
2015-01-14,50.84349822998047
2015-01-15,49.40306091308594
2015-01-16,51.100440979003906
2015-01-20,48.904754638671875
2015-01-21,53.3662109375
2015-01-22,52.9301872253418
2015-01-23,52.16714096069336
2015-01-26,53.342838287353516
2015-01-27,53.70100402832031
2015-01-28,51.450809478759766
2015-01-29,53.444061279296875
2015-01-30,53.71657180786133
2015-02-02,54.300537109375
2015-02-03,54.25382995605469
2015-02-04,52.268367767333984
2015-02-05,53.77107238769531
2015-02-06,55.149234771728516
2015-02-09,54.604183197021484
2015-02-10,54.03581237792969
2015-02-11,53.55307388305664
2015-02-12,56.815467834472656
2015-02-13,57.19699478149414
2015-02-17,57.28263473510742
2015-02-18,57.46171188354492
2015-02-19,59.06565856933594
2015-02-20,58.466129302978516
2015-02-23,57.89773941040039
2015-02-24,57.67974090576172
2015-02-25,58.36491394042969
2015-02-26,56.971187591552734
2015-02-27,55.44511795043945
2015-03-02,55.26602554321289
2015-03-03,55.81885528564453
2015-03-04,55.91229248046875
2015-03-05,55.4217414855957
2015-03-06,54.393978118896484
2015-03-09,54.19932174682617
2015-03-10,53.01583480834961
2015-03-11,54.54191589355469
2015-03-12,54.45625686645508
2015-03-13,54.25382995605469
2015-03-16,54.502986907958984
2015-03-17,54.868934631347656
2015-03-18,56.566307067871094
2015-03-19,55.663116455078125
2015-03-20,56.32493591308594
2015-03-23,55.733192443847656
2015-03-24,57.43834686279297
2015-03-25,58.333763122558594
2015-03-26,59.83649444580078
2015-03-27,58.5284309387207
2015-03-30,60.443824768066406
2015-03-31,59.82872009277344
2015-04-01,60.26472091674805
2015-04-02,61.41706085205078
2015-04-06,61.876468658447266
2015-04-07,62.257957458496094
2015-04-08,60.77861404418945
2015-04-09,62.84971618652344
2015-04-10,62.873077392578125
2015-04-13,62.18011474609375
2015-04-14,62.59276580810547
2015-04-15,64.16557312011719
2015-04-16,64.8741226196289
2015-04-17,64.29015350341797
2015-04-20,65.45806884765625
2015-04-21,64.4770278930664
2015-04-22,63.830780029296875
2015-04-23,63.81519317626953
2015-04-24,62.156768798828125
2015-04-27,62.07890319824219
2015-04-28,62.46820831298828
2015-04-29,64.59381866455078
2015-04-30,64.29015350341797
2015-05-01,63.752906799316406
2015-05-04,64.57823181152344
2015-05-05,62.102237701416016
2015-05-06,61.253562927246094
2015-05-07,58.66078567504883
2015-05-08,59.96107482910156
2015-05-11,60.988834381103516
2015-05-12,61.96986389160156
2015-05-13,61.8375358581543
2015-05-14,60.109012603759766
2015-05-15,61.45599365234375
2015-05-18,61.68959045410156
2015-05-19,60.319236755371094
2015-05-20,61.1445426940918
2015-05-21,62.771881103515625
2015-05-22,63.363609313964844
2015-05-26,61.68959045410156
2015-05-27,61.6506462097168
2015-05-28,60.36594009399414
2015-05-29,60.5839729309082
2015-06-01,61.47935485839844
2015-06-02,61.53385543823242
2015-06-03,60.46717834472656
2015-06-04,59.53282928466797
2015-06-05,60.9343376159668
2015-06-08,61.37813949584961
2015-06-09,62.281341552734375
2015-06-10,63.40253829956055
2015-06-11,63.09888458251953
2015-06-12,62.79521560668945
2015-06-15,62.20347595214844
2015-06-16,62.873077392578125
2015-06-17,61.814170837402344
2015-06-18,61.175716400146484
2015-06-19,59.65743637084961
2015-06-22,61.362571716308594
2015-06-23,62.20347595214844
2015-06-24,60.70074462890625
2015-06-25,59.478336334228516
2015-06-26,58.59070587158203
2015-06-29,58.520652770996094
2015-06-30,58.691932678222656
2015-07-01,56.69867706298828
2015-07-02,56.94003677368164
2015-07-06,54.66649627685547
2015-07-07,55.328311920166016
2015-07-08,53.95017623901367
2015-07-09,55.1725959777832
2015-07-10,55.19595718383789
2015-07-13,55.52296447753906
2015-07-14,57.103553771972656
2015-07-15,55.04022216796875
2015-07-16,53.87229919433594
2015-07-17,51.598758697509766
2015-07-20,50.47754669189453
2015-07-21,51.36517333984375
2015-07-22,51.57539749145508
2015-07-23,51.61433792114258
2015-07-24,49.75343322753906
2015-07-27,49.2862663269043
2015-07-28,50.60211944580078
2015-07-29,52.673248291015625
2015-07-30,52.696590423583984
2015-07-31,52.40073013305664
2015-08-03,52.02699661254883
2015-08-04,52.93796157836914
2015-08-05,53.23384475708008
2015-08-06,54.876708984375
2015-08-07,53.59977722167969
2015-08-10,54.65092086791992
2015-08-11,55.180381774902344
2015-08-12,56.4339599609375
2015-08-13,55.803279876708984
2015-08-14,57.5395622253418
2015-08-17,56.22372055053711
2015-08-18,57.134708404541016
2015-08-19,55.935638427734375
2015-08-20,54.68205642700195
2015-08-21,51.81676483154297
2015-08-24,48.07942199707031
2015-08-25,47.355316162109375
2015-08-26,48.344146728515625
2015-08-27,51.15494155883789
2015-08-28,51.82455062866211
2015-08-31,53.17155838012695
2015-09-01,50.236175537109375
2015-09-02,52.517520904541016
2015-09-03,52.15156936645508
2015-09-04,51.388526916503906
2015-09-08,52.40850830078125
2015-09-09,50.64884567260742
2015-09-10,52.07371520996094
2015-09-11,51.62989807128906
2015-09-14,51.1705207824707
2015-09-15,51.933555603027344
2015-09-16,54.41732406616211
2015-09-17,54.355037689208984
2015-09-18,53.72435760498047
2015-09-21,54.0513801574707
2015-09-22,53.86451721191406
2015-09-23,51.77005386352539
2015-09-24,51.91020584106445
2015-09-25,51.39630889892578
2015-09-28,48.76459884643555
2015-09-29,49.05269241333008
2015-09-30,50.2984619140625
2015-10-01,51.04594421386719
2015-10-02,54.004676818847656
2015-10-05,56.22372055053711
2015-10-06,56.511802673339844
2015-10-07,57.34490966796875
2015-10-08,59.34596633911133
2015-10-09,59.91434097290039
2015-10-12,59.883209228515625
2015-10-13,59.30703353881836
2015-10-14,59.50947952270508
2015-10-15,58.92552947998047
2015-10-16,60.09343719482422
2015-10-19,57.08019256591797
2015-10-20,57.119140625
2015-10-21,55.49181365966797
2015-10-22,56.33271789550781
2015-10-23,55.997928619384766
2015-10-26,56.74539566040039
2015-10-27,56.49623489379883
2015-10-28,58.78535842895508
2015-10-29,58.70750045776367
2015-10-30,57.492862701416016
2015-11-02,57.15806579589844
2015-11-03,60.15572738647461
2015-11-04,59.23695755004883
2015-11-05,60.02334976196289
2015-11-06,60.56838607788086
2015-11-09,61.99325180053711
2015-11-10,61.977684020996094
2015-11-11,62.156768798828125
2015-11-12,60.80195999145508
2015-11-13,59.73527908325195
2015-11-16,62.0244026184082
2015-11-17,61.98548126220703
2015-11-18,63.394744873046875
2015-11-19,60.0
2015-11-20,60.319236755371094
2015-11-23,62.08667755126953
2015-11-24,62.24239730834961
2015-11-25,61.27693557739258
2015-11-27,60.358154296875
2015-11-30,60.74746322631836
2015-12-01,60.887603759765625
2015-12-02,59.78977584838867
2015-12-03,59.75861740112305
2015-12-04,59.41604232788086
2015-12-07,57.50065612792969
2015-12-08,58.349327087402344
2015-12-09,59.96885299682617
2015-12-10,61.580570220947266
2015-12-11,59.610694885253906
2015-12-14,58.87101745605469
2015-12-15,59.57176208496094
2015-12-16,56.34052658081055
2015-12-17,53.52970886230469
2015-12-18,51.51310729980469
2015-12-21,48.42979049682617
2015-12-22,49.3251953125
2015-12-23,52.52530288696289
2015-12-24,52.883453369140625
2015-12-28,50.94471740722656
2015-12-29,51.73112869262695
2015-12-30,51.40410232543945
2015-12-31,52.08928680419922
2016-01-04,51.47417068481445
2016-01-05,50.75784683227539
2016-01-06,48.42979049682617
2016-01-07,47.028289794921875
2016-01-08,47.30858612060547
2016-01-11,44.848167419433594
2016-01-12,45.56450271606445
2016-01-13,46.335330963134766
2016-01-14,48.803524017333984
2016-01-15,49.17726516723633
2016-01-19,47.09058380126953
2016-01-20,47.42538070678711
2016-01-21,49.90914535522461
2016-01-22,51.52088165283203
2016-01-25,48.336360931396484
2016-01-26,51.80119705200195
2016-01-27,53.15597915649414
2016-01-28,56.67530822753906
2016-01-29,58.824302673339844
2016-02-01,56.52737808227539
2016-02-02,55.476253509521484
2016-02-03,58.3026237487793
2016-02-04,56.060211181640625
2016-02-05,52.40850830078125
2016-02-08,54.46404266357422
2016-02-09,52.21385955810547
2016-02-10,52.42408752441406
2016-02-11,52.86790466308594
2016-02-12,53.825584411621094
2016-02-16,52.92238998413086
2016-02-17,54.84557342529297
2016-02-18,54.6976318359375
2016-02-19,56.122520446777344
2016-02-22,57.38386917114258
2016-02-23,54.495182037353516
2016-02-24,55.84221267700195
2016-02-25,55.71762466430664
2016-02-26,56.52737808227539
2016-02-29,55.476253509521484
2016-03-01,56.441734313964844
2016-03-02,57.6174430847168
2016-03-03,56.45730972290039
2016-03-04,59.166893005371094
2016-03-07,59.361534118652344
2016-03-08,57.921112060546875
2016-03-09,58.162471771240234
2016-03-10,58.45834732055664
2016-03-11,61.06669998168945
2016-03-14,59.18245315551758
2016-03-15,59.93771743774414
2016-03-16,60.0389404296875
2016-03-17,60.334800720214844
2016-03-18,60.43600845336914
2016-03-21,60.770835876464844
2016-03-22,60.74746322631836
2016-03-23,59.71969223022461
2016-03-24,60.28809356689453
2016-03-28,59.53282928466797
2016-03-29,60.0778923034668
2016-03-30,61.53385543823242
2016-03-31,60.09343719482422
2016-04-01,59.774192810058594
2016-04-04,58.01454544067383
2016-04-05,57.46171188354492
2016-04-06,59.7119140625
2016-04-07,61.565006256103516
2016-04-08,63.10666275024414
2016-04-11,62.74073028564453
2016-04-12,63.88528823852539
2016-04-13,63.37916946411133
2016-04-14,63.63612365722656
2016-04-15,62.37478256225586
2016-04-18,63.70620346069336
2016-04-19,64.07996368408203
2016-04-20,64.975341796875
2016-04-21,64.27457427978516
2016-04-22,65.15442657470703
2016-04-25,65.77732849121094
2016-04-26,67.35791015625
2016-04-27,68.85282897949219
2016-04-28,67.64596557617188
2016-04-29,67.41242218017578
2016-05-02,68.21438598632812
2016-05-03,66.1043472290039
2016-05-04,65.53594207763672
2016-05-05,68.26887512207031
2016-05-06,66.54035186767578
2016-05-09,66.75060272216797
2016-05-10,68.05866241455078
2016-05-11,67.34232330322266
2016-05-12,67.84844207763672
2016-05-13,66.56371307373047
2016-05-16,67.41242218017578
2016-05-17,67.69270324707031
2016-05-18,67.6849136352539
2016-05-19,67.6849136352539
2016-05-20,67.75497436523438
2016-05-23,67.61483764648438
2016-05-24,68.49468231201172
2016-05-25,69.87281799316406
2016-05-26,71.56241607666016
2016-05-27,72.3021011352539
2016-05-31,70.81493377685547
2016-06-01,71.26653289794922
2016-06-02,71.95951080322266
2016-06-03,70.16092681884766
2016-06-06,70.7526626586914
2016-06-07,73.64910125732422
2016-06-08,72.51232147216797
2016-06-09,71.77262878417969
2016-06-10,69.56138610839844
2016-06-13,69.10977172851562
2016-06-14,69.96624755859375
2016-06-15,69.39786529541016
2016-06-16,67.93408966064453
2016-06-17,68.13652038574219
2016-06-20,69.304443359375
2016-06-21,70.79158782958984
2016-06-22,70.69036865234375
2016-06-23,71.17310333251953
2016-06-24,67.95742797851562
2016-06-27,65.22447967529297
2016-06-28,68.99297332763672
2016-06-29,70.69036865234375
2016-06-30,71.01740264892578
2016-07-01,70.49571990966797
2016-07-05,69.70931243896484
2016-07-06,70.46455383300781
2016-07-07,68.97740936279297
2016-07-08,69.4212417602539
2016-07-11,69.84165954589844
2016-07-12,71.60135650634766
2016-07-13,70.88502502441406
2016-07-14,71.81157684326172
2016-07-15,70.79936218261719
2016-07-18,70.51908874511719
2016-07-19,69.62367248535156
2016-07-20,69.67037963867188
2016-07-21,68.65818786621094
2016-07-22,68.69712829589844
2016-07-25,66.4547119140625
2016-07-26,66.87516784667969
2016-07-27,66.4625015258789
2016-07-28,66.90631103515625
2016-07-29,68.35454559326172
2016-08-01,66.92189025878906
2016-08-02,66.8440170288086
2016-08-03,68.004150390625
2016-08-04,69.22657012939453
2016-08-05,72.37218475341797
2016-08-08,72.95614624023438
2016-08-09,73.4077377319336
2016-08-10,72.63690948486328
2016-08-11,73.31431579589844
2016-08-12,73.64131927490234
2016-08-15,75.0973129272461
2016-08-16,73.97611999511719
2016-08-17,74.20191192626953
2016-08-18,76.732421875
2016-08-19,76.7635498046875
2016-08-22,75.12847137451172
2016-08-23,75.20633697509766
2016-08-24,74.8948974609375
2016-08-25,74.94938659667969
2016-08-26,75.00389099121094
2016-08-29,75.80586242675781
2016-08-30,75.13624572753906
2016-08-31,74.1629867553711
2016-09-01,74.17855834960938
2016-09-02,75.0428237915039
2016-09-06,75.64236450195312
2016-09-07,76.74019622802734
2016-09-08,76.56890106201172
2016-09-09,74.78587341308594
2016-09-12,74.4588394165039
2016-09-13,70.77601623535156
2016-09-14,68.95404052734375
2016-09-15,69.9818344116211
2016-09-16,69.83390808105469
2016-09-19,69.52245330810547
2016-09-20,68.79055786132812
2016-09-21,69.60031127929688
2016-09-22,70.85388946533203
2016-09-23,69.2343521118164
2016-09-26,70.31661987304688
2016-09-27,68.93070220947266
2016-09-28,72.70699310302734
2016-09-29,74.38099670410156
2016-09-30,75.16740417480469
2016-10-03,72.04515075683594
2016-10-04,71.31326293945312
2016-10-05,73.73474884033203
2016-10-06,73.9994888305664
2016-10-07,73.73474884033203
2016-10-10,81.91799926757812
2016-10-11,81.6299057006836
2016-10-12,81.39631652832031
2016-10-13,80.60990142822266
2016-10-14,78.5621566772461
2016-10-17,78.22734069824219
2016-10-18,77.63561248779297
2016-10-19,80.35295867919922
2016-10-20,79.61328125
2016-10-21,79.6054916381836
2016-10-24,77.54996490478516
2016-10-25,75.8681640625
2016-10-26,74.78587341308594
2016-10-27,75.35427856445312
2016-10-28,73.18193817138672
2016-10-31,71.07967376708984
2016-11-01,71.48453521728516
2016-11-02,71.07188415527344
2016-11-03,72.0685043334961
2016-11-04,71.39109802246094
2016-11-07,73.15857696533203
2016-11-08,72.9872817993164
2016-11-09,76.42875671386719
2016-11-10,75.81365203857422
2016-11-11,74.3498764038086
2016-11-14,73.43888092041016
2016-11-15,75.26083374023438
2016-11-16,75.98493957519531
2016-11-17,76.24187469482422
2016-11-18,75.60343170166016
2016-11-21,78.21955108642578
2016-11-22,77.23849487304688
2016-11-23,78.46092987060547
2016-11-25,77.42537689208984
2016-11-28,75.33092498779297
2016-11-29,74.27977752685547
2016-11-30,83.97351837158203
2016-12-01,85.64753723144531
2016-12-02,84.1993408203125
2016-12-05,83.25720977783203
2016-12-06,82.75888061523438
2016-12-07,82.05811309814453
2016-12-08,83.51414489746094
2016-12-09,82.56424713134766
2016-12-12,81.74669647216797
2016-12-13,81.97248840332031
2016-12-14,79.03710174560547
2016-12-15,78.7801742553711
2016-12-16,79.37969207763672
2016-12-19,81.94914245605469
2016-12-20,79.93252563476562
2016-12-21,78.9903793334961
2016-12-22,79.98702239990234
2016-12-23,80.14274597167969
2016-12-27,80.85906219482422
2016-12-28,80.15052032470703
2016-12-29,79.45756530761719
2016-12-30,78.68672943115234
2017-01-03,80.39190673828125
2017-01-04,80.64105224609375
2017-01-05,80.71891021728516
2017-01-06,80.71112060546875
2017-01-09,78.9748306274414
2017-01-10,79.971435546875
2017-01-11,80.90579986572266
2017-01-12,80.64105224609375
2017-01-13,78.92032623291016
2017-01-17,78.20398712158203
2017-01-18,78.26628875732422
2017-01-19,79.62108612060547
2017-01-20,80.28289031982422
2017-01-23,79.56656646728516
2017-01-24,80.77340698242188
2017-01-25,81.8479232788086
2017-01-26,83.07810974121094
2017-01-27,83.06255340576172
2017-01-30,79.80792236328125
2017-01-31,81.88685607910156
2017-02-01,82.34622192382812
2017-02-02,81.46637725830078
2017-02-03,81.3028793334961
2017-02-06,82.0970687866211
2017-02-07,77.954833984375
2017-02-08,78.29742431640625
2017-02-09,80.9213638305664
2017-02-10,81.59098052978516
2017-02-13,81.20944213867188
2017-02-14,83.84115600585938
2017-02-15,87.08018493652344
2017-02-16,84.87669372558594
2017-02-17,83.80224609375
2017-02-21,83.18712615966797
2017-02-22,79.44200134277344
2017-02-23,78.60887145996094
2017-02-24,78.18061828613281
2017-02-27,79.14611053466797
2017-02-28,78.531005859375
2017-03-01,82.3072738647461
2017-03-02,80.8357162475586
2017-03-03,80.64884185791016
2017-03-06,80.94473266601562
2017-03-07,81.42747497558594
2017-03-08,77.6745376586914
2017-03-09,79.01375579833984
2017-03-10,78.99819946289062
2017-03-13,78.84245300292969
2017-03-14,76.57669830322266
2017-03-15,80.13496398925781
2017-03-16,80.53980255126953
2017-03-17,81.51311492919922
2017-03-20,80.75006866455078
2017-03-21,79.51207733154297
2017-03-22,78.77235412597656
2017-03-23,77.54996490478516
2017-03-24,77.65118408203125
2017-03-27,77.03606414794922
2017-03-28,78.81909942626953
2017-03-29,80.32183837890625
2017-03-30,79.9403076171875
2017-03-31,80.75784301757812
2017-04-03,81.03816986083984
2017-04-04,83.13262176513672
2017-04-05,80.15052032470703
2017-04-06,81.49751281738281
2017-04-07,81.27173614501953
2017-04-10,81.45860290527344
2017-04-11,82.50194549560547
2017-04-12,82.7822265625
2017-04-13,81.78561401367188
2017-04-17,81.86349487304688
2017-04-18,80.32183837890625
2017-04-19,78.28962707519531
2017-04-20,78.07162475585938
2017-04-21,78.8502426147461
2017-04-24,79.23178100585938
2017-04-25,80.9525146484375
2017-04-26,80.36074829101562
2017-04-27,78.2117691040039
2017-04-28,77.73681640625
2017-05-01,77.05165100097656
2017-05-02,76.60004425048828
2017-05-03,78.07942199707031
2017-05-04,74.13186645507812
2017-05-05,77.58889770507812
2017-05-08,78.3441390991211
2017-05-09,77.56553649902344
2017-05-10,79.71450805664062
2017-05-11,78.93588256835938
2017-05-12,79.34075927734375
2017-05-15,80.4152603149414
2017-05-16,80.94473266601562
2017-05-17,79.25511169433594
2017-05-18,79.12277221679688
2017-05-19,80.2906723022461
2017-05-22,79.61328125
2017-05-23,78.36750793457031
2017-05-24,77.37088775634766
2017-05-25,77.57331085205078
2017-05-26,76.62339782714844
2017-05-30,73.4077377319336
2017-05-31,72.22423553466797
2017-06-01,73.16637420654297
2017-06-02,71.50792694091797
2017-06-05,70.58133697509766
2017-06-06,72.22423553466797
2017-06-07,68.9852066040039
2017-06-08,68.37787628173828
2017-06-09,70.19206237792969
2017-06-12,70.58914947509766
2017-06-13,71.9750747680664
2017-06-14,69.60810852050781
2017-06-15,66.8595962524414
2017-06-16,66.08096313476562
2017-06-19,66.87516784667969
2017-06-20,67.77055358886719
2017-06-21,67.54476165771484
2017-06-22,66.94525146484375
2017-06-23,68.82950592041016
2017-06-26,67.97301483154297
2017-06-27,68.5102310180664
2017-06-28,67.42796325683594
2017-06-29,67.9652328491211
2017-06-30,69.1487045288086
2017-07-03,70.3477554321289
2017-07-05,68.8995590209961
2017-07-06,66.92967987060547
2017-07-07,67.03089141845703
2017-07-10,68.54137420654297
2017-07-11,69.00074768066406
2017-07-12,68.60369110107422
2017-07-13,69.62367248535156
2017-07-14,70.44898986816406
2017-07-17,70.44120788574219
2017-07-18,70.39451599121094
2017-07-19,73.1352310180664
2017-07-20,71.9283676147461
2017-07-21,71.62471008300781
2017-07-24,72.5746078491211
2017-07-25,74.52893829345703
2017-07-26,75.1207046508789
2017-07-27,75.19075775146484
2017-07-28,75.25305938720703
2017-07-31,74.65351104736328
2017-08-01,74.2408676147461
2017-08-02,74.62240600585938
2017-08-03,69.83390808105469
2017-08-04,74.13186645507812
2017-08-07,74.77811431884766
2017-08-08,73.9527587890625
2017-08-09,73.64131927490234
2017-08-10,71.67920684814453
2017-08-11,72.30988311767578
2017-08-14,70.65921783447266
2017-08-15,68.53360748291016
2017-08-16,68.56474304199219
2017-08-17,67.03865814208984
2017-08-18,67.9418716430664
2017-08-21,67.80171966552734
2017-08-22,68.07423400878906
2017-08-23,69.1876449584961
2017-08-24,69.39007568359375
2017-08-25,69.09419250488281
2017-08-28,68.54137420654297
2017-08-29,68.65039825439453
2017-08-30,68.88398742675781
2017-08-31,70.69036865234375
2017-09-01,71.57020568847656
2017-09-05,71.43004608154297
2017-09-06,72.1463623046875
2017-09-07,71.33660888671875
2017-09-08,69.21878814697266
2017-09-11,69.64701080322266
2017-09-12,70.39451599121094
2017-09-13,72.79261779785156
2017-09-14,73.0417709350586
2017-09-15,73.16637420654297
2017-09-18,74.08512878417969
2017-09-19,73.4077377319336
2017-09-20,75.77471923828125
2017-09-21,75.80586242675781
2017-09-22,74.54449462890625
2017-09-25,75.35427856445312
2017-09-26,75.64236450195312
2017-09-27,75.43212890625
2017-09-28,75.63456726074219
2017-09-29,76.27301025390625
2017-10-02,77.86140441894531
2017-10-03,77.92369842529297
2017-10-04,78.44538116455078
2017-10-05,77.66673278808594
2017-10-06,77.1528549194336
2017-10-09,77.81468963623047
2017-10-10,78.4531478881836
2017-10-11,79.04489135742188
2017-10-12,78.73347473144531
2017-10-13,78.9281005859375
2017-10-16,79.88578796386719
2017-10-17,79.89358520507812
2017-10-18,79.56656646728516
2017-10-19,79.09939575195312
2017-10-20,79.831298828125
2017-10-23,78.1339111328125
2017-10-24,77.60444641113281
2017-10-25,78.55437469482422
2017-10-26,78.54657745361328
2017-10-27,81.419677734375
2017-10-30,82.68881225585938
2017-10-31,83.4363021850586
2017-11-01,85.47626495361328
2017-11-02,84.84556579589844
2017-11-03,86.54293823242188
2017-11-06,88.52064514160156
2017-11-07,87.04905700683594
2017-11-08,85.67869567871094
2017-11-09,86.44951629638672
2017-11-10,87.09575653076172
2017-11-13,86.40279388427734
2017-11-14,84.300537109375
2017-11-15,83.01583099365234
2017-11-16,82.94575500488281
2017-11-17,83.73213958740234
2017-11-20,84.06696319580078
2017-11-21,84.9857177734375
2017-11-22,85.0635757446289
2017-11-24,85.881103515625
2017-11-27,83.51414489746094
2017-11-28,84.26940155029297
2017-11-29,84.20709228515625
2017-11-30,85.11027526855469
2017-12-01,86.35608673095703
2017-12-04,84.8844985961914
2017-12-05,84.91564178466797
2017-12-06,82.79003143310547
2017-12-07,84.82998657226562
2017-12-08,86.24707794189453
2017-12-11,86.65974426269531
2017-12-12,86.83883666992188
2017-12-13,86.8855209350586
2017-12-14,86.44951629638672
2017-12-15,85.27379608154297
2017-12-18,85.37501525878906
2017-12-19,87.05681610107422
2017-12-20,91.2846908569336
2017-12-21,95.8473892211914
2017-12-22,96.83625030517578
2017-12-26,98.08201599121094
2017-12-27,95.91746520996094
2017-12-28,97.73163604736328
2017-12-29,98.30000305175781
2018-01-02,99.56915283203125
2018-01-03,100.57357025146484
2018-01-04,101.3210220336914
2018-01-05,101.20423889160156
2018-01-08,101.99065399169922
2018-01-09,99.26551055908203
2018-01-10,99.10977935791016
2018-01-11,101.14196014404297
2018-01-12,101.32881164550781
2018-01-16,99.67816925048828
2018-01-17,99.2265853881836
2018-01-18,99.0630874633789
2018-01-19,99.32778930664062
2018-01-22,102.9405746459961
2018-01-23,103.01844024658203
2018-01-24,101.50010681152344
2018-01-25,98.76719665527344
2018-01-26,101.28988647460938
2018-01-29,100.48015594482422
2018-01-30,98.31560516357422
2018-01-31,97.71607208251953
2018-02-01,98.60368347167969
2018-02-02,95.34906768798828
2018-02-05,93.64389038085938
2018-02-06,94.91303253173828
2018-02-07,92.26576232910156
2018-02-08,86.68309020996094
2018-02-09,86.04463195800781
2018-02-12,90.3270263671875
2018-02-13,89.5639877319336
2018-02-14,95.63716888427734
2018-02-15,97.44355773925781
2018-02-16,96.4547119140625
2018-02-20,95.62159729003906
2018-02-21,94.19673156738281
2018-02-22,96.01090240478516
2018-02-23,99.60807800292969
2018-02-26,99.44458770751953
2018-02-27,98.23773193359375
2018-02-28,97.04647064208984
2018-03-01,98.42462158203125
2018-03-02,100.50350189208984
2018-03-05,101.41446685791016
2018-03-06,98.95404052734375
2018-03-07,98.31560516357422
2018-03-08,97.48248291015625
2018-03-09,100.39448547363281
2018-03-12,99.2032241821289
2018-03-13,99.00077819824219
2018-03-14,97.95742797851562
2018-03-15,97.01533508300781
2018-03-16,97.72384643554688
2018-03-19,95.48145294189453
2018-03-20,97.74722290039062
2018-03-21,101.35995483398438
2018-03-22,99.49130249023438
2018-03-23,99.6314697265625
2018-03-26,103.73475646972656
2018-03-27,100.58135986328125
2018-03-28,97.06981658935547
2018-03-29,98.51024627685547
2018-04-02,95.19335174560547
2018-04-03,96.11212921142578
2018-04-04,95.44251251220703
2018-04-05,96.86739349365234
2018-04-06,90.8019790649414
2018-04-09,88.20918273925781
2018-04-10,91.39370727539062
2018-04-11,90.73968505859375
2018-04-12,90.58397674560547
2018-04-13,92.42149353027344
2018-04-16,92.68620300292969
2018-04-17,95.22447967529297
2018-04-18,98.96184539794922
2018-04-19,100.34779357910156
2018-04-20,99.97405242919922
2018-04-23,99.84947967529297
2018-04-24,97.89515686035156
2018-04-25,97.91069793701172
2018-04-26,98.78278350830078
2018-04-27,97.98857879638672
2018-04-30,100.0129623413086
2018-05-01,99.7404556274414
2018-05-02,100.37893676757812
2018-05-03,98.50247955322266
2018-05-04,99.11756134033203
2018-05-07,101.40669250488281
2018-05-08,104.89486694335938
2018-05-09,106.2964096069336
2018-05-10,101.05631256103516
2018-05-11,96.40800476074219
2018-05-14,96.7350082397461
2018-05-15,100.07525634765625
2018-05-16,102.8782730102539
2018-05-17,106.09394836425781
2018-05-18,104.88211059570312
2018-05-21,106.58102416992188
2018-05-22,103.05067443847656
2018-05-23,101.03219604492188
2018-05-24,97.40833282470703
2018-05-25,93.79224395751953
2018-05-29,94.29878997802734
2018-05-30,95.70159149169922
2018-05-31,94.11178588867188
2018-06-01,90.01248931884766
2018-06-04,87.05104064941406
2018-06-05,86.93414306640625
2018-06-06,87.456298828125
2018-06-07,88.9370346069336
2018-06-08,88.81233978271484
2018-06-11,88.71099853515625
2018-06-12,92.64661407470703
2018-06-13,92.23359680175781
2018-06-14,90.36319732666016
2018-06-15,90.07483673095703
2018-06-18,95.53016662597656
2018-06-19,99.42680358886719
2018-06-20,100.9698486328125
2018-06-21,96.42638397216797
2018-06-22,97.85256958007812
2018-06-25,94.76641082763672
2018-06-26,98.61630249023438
2018-06-27,101.41409301757812
2018-06-28,101.96737670898438
2018-06-29,102.53630828857422
2018-07-02,100.76721954345703
2018-07-03,101.35175323486328
2018-07-05,102.87142944335938
2018-07-06,105.1860580444336
2018-07-09,106.51090240478516
2018-07-10,104.39891052246094
2018-07-11,101.90505981445312
2018-07-12,101.53099060058594
2018-07-13,102.3570785522461
2018-07-16,101.30496215820312
2018-07-17,101.81932067871094
2018-07-18,101.77259063720703
2018-07-19,102.94156646728516
2018-07-20,102.208984375
2018-07-23,102.22459411621094
2018-07-24,104.00145721435547
2018-07-25,104.96002960205078
2018-07-26,104.85873413085938
2018-07-27,103.1363754272461
2018-07-30,104.20407104492188
2018-07-31,102.83246612548828
2018-08-01,103.55724334716797
2018-08-02,104.81195831298828
2018-08-03,101.93622589111328
2018-08-06,104.1339340209961
2018-08-07,105.00679016113281
2018-08-08,104.26641082763672
2018-08-09,102.208984375
2018-08-10,105.05352783203125
2018-08-13,102.77011108398438
2018-08-14,104.23526000976562
2018-08-15,91.72702026367188
2018-08-16,93.87798309326172
2018-08-17,93.75704956054688
2018-08-20,94.38895416259766
2018-08-21,95.6371841430664
2018-08-22,96.91659545898438
2018-08-23,94.8648681640625
2018-08-24,94.98187255859375
2018-08-27,95.74641418457031
2018-08-28,94.49038696289062
2018-08-29,95.106689453125
2018-08-30,94.80243682861328
2018-08-31,94.45919799804688
2018-09-04,93.86627960205078
2018-09-05,91.63507080078125
2018-09-06,89.31805419921875
2018-09-07,87.88261413574219
2018-09-10,87.4613265991211
2018-09-11,90.80812072753906
2018-09-12,94.01449584960938
2018-09-13,92.6882553100586
2018-09-14,94.96629333496094
2018-09-17,95.71520233154297
2018-09-18,97.3222885131836
2018-09-19,100.31022644042969
2018-09-20,98.85916900634766
2018-09-21,100.28680419921875
2018-09-24,103.64920043945312
2018-09-25,104.93643188476562
2018-09-26,102.45560455322266
2018-09-27,104.58537292480469
2018-09-28,105.46693420410156
2018-10-01,106.72295379638672
2018-10-02,106.91798400878906
2018-10-03,109.15699768066406
2018-10-04,105.51370239257812
2018-10-05,106.37190246582031
2018-10-08,103.66482543945312
2018-10-09,105.42013549804688
2018-10-10,100.8563003540039
2018-10-11,97.22868347167969
2018-10-12,98.3910903930664
2018-10-15,99.8031234741211
2018-10-16,102.05774688720703
2018-10-17,101.03575134277344
2018-10-18,99.04638671875
2018-10-19,99.15562438964844
2018-10-22,97.1740493774414
2018-10-23,92.92229461669922
2018-10-24,88.0776596069336
2018-10-25,89.12303161621094
2018-10-26,88.74857330322266
2018-10-29,84.3875961303711
2018-10-30,85.72163391113281
2018-10-31,87.6563720703125
2018-11-01,90.06698608398438
2018-11-02,89.18545532226562
2018-11-05,90.48828125
2018-11-06,88.44430541992188
2018-11-07,90.3946533203125
2018-11-08,86.32233428955078
2018-11-09,88.81875610351562
2018-11-12,85.99468994140625
2018-11-13,84.13794708251953
2018-11-14,84.8088607788086
2018-11-15,87.562744140625
2018-11-16,89.27706146240234
2018-11-19,88.88655853271484
2018-11-20,84.9190444946289
2018-11-21,85.30953979492188
2018-11-23,81.91213989257812
2018-11-26,85.37200927734375
2018-11-27,85.78594970703125
2018-11-28,85.75471496582031
2018-11-29,87.47293090820312
2018-11-30,86.20771026611328
2018-12-03,87.60569763183594
2018-12-04,82.068359375
2018-12-06,79.52227020263672
2018-12-07,80.20955657958984
2018-12-10,78.59288787841797
2018-12-11,78.13207244873047
2018-12-12,76.92151641845703
2018-12-13,75.22673797607422
2018-12-14,72.40728759765625
2018-12-17,69.15047454833984
2018-12-18,68.67406463623047
2018-12-19,70.75936126708984
2018-12-20,69.5331802368164
2018-12-21,69.33010864257812
2018-12-24,66.90898132324219
2018-12-26,71.8449478149414
2018-12-27,72.54005432128906
2018-12-28,71.7668228149414
2018-12-31,72.39947509765625
2019-01-02,74.36761474609375
2019-01-03,75.10179138183594
2019-01-04,78.04615783691406
2019-01-07,80.1549072265625
2019-01-08,81.96683502197266
2019-01-09,83.40388488769531
2019-01-10,82.88842010498047
2019-01-11,81.30296325683594
2019-01-14,81.6231918334961
2019-01-15,82.0136947631836
2019-01-16,82.50572204589844
2019-01-17,82.51353454589844
2019-01-18,83.48198699951172
2019-01-22,79.24110412597656
2019-01-23,79.13957214355469
2019-01-24,79.31919860839844
2019-01-25,79.82686614990234
2019-01-28,78.33514404296875
2019-01-29,78.22579193115234
2019-01-30,79.86591339111328
2019-01-31,80.5375747680664
2019-02-01,80.35794067382812
2019-02-04,81.65441131591797
2019-02-05,79.5691146850586
2019-02-06,79.38951873779297
2019-02-07,76.50758361816406
2019-02-08,75.44540405273438
2019-02-11,76.42947387695312
2019-02-12,77.06989288330078
2019-02-13,78.8974609375
2019-02-14,81.09210205078125
2019-02-15,82.3963851928711
2019-02-19,81.84967041015625
2019-02-20,83.23763275146484
2019-02-21,79.86746215820312
2019-02-22,81.34532165527344
2019-02-25,82.33056640625
2019-02-26,82.50260925292969
2019-02-27,82.48694610595703
2019-02-28,80.4852066040039
2019-03-01,81.93960571289062
2019-03-04,81.84577941894531
2019-03-05,80.24278259277344
2019-03-06,78.23320770263672
2019-03-07,76.44255065917969
2019-03-08,74.67536926269531
2019-03-11,76.30181121826172
2019-03-12,78.5850601196289
2019-03-13,80.86832427978516
2019-03-14,81.48605346679688
2019-03-15,80.06292724609375
2019-03-18,81.744140625
2019-03-19,80.68067932128906
2019-03-20,82.24456787109375
2019-03-21,82.81536865234375
2019-03-22,79.2653579711914
2019-03-25,78.96041107177734
2019-03-26,80.2349624633789
2019-03-27,80.03165435791016
2019-03-28,80.18022918701172
2019-03-29,79.39047241210938
2019-04-01,81.0794677734375
2019-04-02,80.14112854003906
2019-04-03,78.16281127929688
2019-04-04,78.06900024414062
2019-04-05,80.10986328125
2019-04-08,81.59554290771484
2019-04-09,80.41481018066406
2019-04-10,81.22022247314453
2019-04-11,78.13155364990234
2019-04-12,83.10469055175781
2019-04-15,82.85448455810547
2019-04-16,83.5660400390625
2019-04-17,84.6373062133789
2019-04-18,83.88663482666016
2019-04-22,86.95183563232422
2019-04-23,87.42881774902344
2019-04-24,86.82674407958984
2019-04-25,85.70854949951172
2019-04-26,83.83189392089844
2019-04-29,83.5894775390625
2019-04-30,83.19070434570312
2019-05-01,79.2653579711914
2019-05-02,77.5059814453125
2019-05-03,78.56161499023438
2019-05-06,78.74147033691406
2019-05-07,76.81008911132812
2019-05-08,82.76847076416016
2019-05-09,84.6373062133789
2019-05-10,84.36361694335938
2019-05-13,83.82406616210938
2019-05-14,85.31757354736328
2019-05-15,85.27849578857422
2019-05-16,86.50611877441406
2019-05-17,86.81108093261719
2019-05-20,85.74765014648438
2019-05-21,88.98490142822266
2019-05-22,85.13773345947266
2019-05-23,81.34532165527344
2019-05-24,81.55525970458984
2019-05-28,81.09308624267578
2019-05-29,79.36187744140625
2019-05-30,78.6098403930664
2019-05-31,76.81596374511719
2019-06-03,76.9021224975586
2019-06-04,77.65414428710938
2019-06-05,75.2962417602539
2019-06-06,76.4399642944336
2019-06-07,76.00126647949219
2019-06-10,76.45561218261719
2019-06-11,78.14767456054688
2019-06-12,76.93346405029297
2019-06-13,78.46882629394531
2019-06-14,77.51315307617188
2019-06-17,79.57337188720703
2019-06-18,81.89210510253906
2019-06-19,81.56310272216797
2019-06-20,84.2813491821289
2019-06-21,86.00472259521484
2019-06-24,84.32050323486328
2019-06-25,82.42479705810547
2019-06-26,83.99933624267578
2019-06-27,84.20298767089844
2019-06-28,85.36238098144531
2019-07-01,85.66004943847656
2019-07-02,81.60224151611328
2019-07-03,82.40913391113281
2019-07-05,84.14033508300781
2019-07-08,83.7878189086914
2019-07-09,83.79566192626953
2019-07-10,85.9185562133789
2019-07-11,85.63655853271484
2019-07-12,86.81942749023438
2019-07-15,83.35699462890625
2019-07-16,81.55525970458984
2019-07-17,79.73786926269531
2019-07-18,81.14009094238281
2019-07-19,81.94695281982422
2019-07-22,81.06957244873047
2019-07-23,81.81377410888672
2019-07-24,81.82158660888672
2019-07-25,79.43235778808594
2019-07-26,79.89453887939453
2019-07-29,78.12416076660156
2019-07-30,80.55257415771484
2019-07-31,81.02259826660156
2019-08-01,76.2989501953125
2019-08-02,76.36944580078125
2019-08-05,71.63795471191406
2019-08-06,71.33247375488281
2019-08-07,72.64851379394531
2019-08-08,74.5755386352539
2019-08-09,75.53126525878906
2019-08-12,75.89158630371094
2019-08-13,78.28865051269531
2019-08-14,75.44507598876953
2019-08-15,75.2001953125
2019-08-16,76.3382797241211
2019-08-19,78.45750427246094
2019-08-20,77.92377471923828
2019-08-21,78.56739044189453
2019-08-22,77.88451385498047
2019-08-23,74.25048065185547
2019-08-26,73.3871078491211
2019-08-27,72.50018310546875
2019-08-28,75.84380340576172
2019-08-29,77.37431335449219
2019-08-30,76.98188781738281
2019-09-03,76.13420867919922
2019-09-04,76.77783203125
2019-09-05,76.6443862915039
2019-09-06,75.03535461425781
2019-09-09,75.77316284179688
2019-09-10,78.06505584716797
2019-09-11,77.48422241210938
2019-09-12,75.48274993896484
2019-09-13,75.92230987548828
2019-09-16,82.44471740722656
2019-09-17,78.84207916259766
2019-09-18,77.11531829833984
2019-09-19,76.39322662353516
2019-09-20,75.99292755126953
2019-09-23,77.14672088623047
2019-09-24,74.16415405273438
2019-09-25,73.18302154541016
2019-09-26,70.73416900634766
2019-09-27,70.63215637207031
2019-09-30,70.56935119628906
2019-10-01,66.71556854248047
2019-10-02,65.23995971679688
2019-10-03,67.41410827636719
2019-10-04,67.04519653320312
2019-10-07,65.4361801147461
2019-10-08,63.43471145629883
2019-10-09,64.00768280029297
2019-10-10,64.78472900390625
2019-10-11,65.64810180664062
2019-10-14,65.8992691040039
2019-10-15,66.5899658203125
2019-10-16,65.4832763671875
2019-10-17,65.96207427978516
2019-10-18,64.33731842041016
2019-10-21,64.94171142578125
2019-10-22,67.25712585449219
2019-10-23,68.41091918945312
2019-10-24,68.21468353271484
2019-10-25,68.64639282226562
2019-10-28,67.97136688232422
2019-10-29,69.0074234008789
2019-10-30,66.22891998291016
2019-10-31,67.31205749511719
2019-11-01,68.12049865722656
2019-11-04,70.92253875732422
2019-11-05,70.82051849365234
2019-11-06,60.59341812133789
2019-11-07,59.30618667602539
2019-11-08,59.204166412353516
2019-11-11,60.26374435424805
2019-11-12,61.22917938232422
2019-11-13,60.444278717041016
2019-11-14,60.02570724487305
2019-11-15,60.655155181884766
2019-11-18,59.5850830078125
2019-11-19,58.373409271240234
2019-11-20,59.23891067504883
2019-11-21,59.45920181274414
2019-11-22,59.27037048339844
2019-11-25,60.68661117553711
2019-11-26,60.66300964355469
2019-11-27,61.7802734375
2019-11-29,60.851844787597656
2019-12-02,61.2767333984375
2019-12-03,60.5135383605957
2019-12-04,63.38538360595703
2019-12-05,62.89756393432617
2019-12-06,65.48616790771484
2019-12-09,65.91889953613281
2019-12-10,65.66712951660156
2019-12-11,65.958251953125
2019-12-12,67.87805938720703
2019-12-13,66.94963073730469
2019-12-16,68.99531555175781
2019-12-17,68.14556884765625
2019-12-18,68.51538848876953
2019-12-19,68.83012390136719
2019-12-20,69.25499725341797
2019-12-23,70.04963684082031
2019-12-24,70.95448303222656
2019-12-26,71.84359741210938
2019-12-27,71.41869354248047
2019-12-30,71.65475463867188
2019-12-31,73.0631332397461
2020-01-02,72.89789581298828
2020-01-03,74.28269958496094
2020-01-06,74.66822814941406
2020-01-07,75.86421203613281
2020-01-08,73.43292999267578
2020-01-09,74.078125
2020-01-10,72.591064453125
2020-01-13,71.1905288696289
2020-01-14,71.80424499511719
2020-01-15,71.84359741210938
2020-01-16,71.39509582519531
2020-01-17,70.4509506225586
2020-01-21,69.49103546142578
2020-01-22,67.22500610351562
2020-01-23,66.64276885986328
2020-01-24,65.17930603027344
2020-01-27,62.4490966796875
2020-01-28,62.25237274169922
2020-01-29,61.03282165527344
2020-01-30,60.18305969238281
2020-01-31,58.53863525390625
2020-02-03,57.500038146972656
2020-02-04,57.61019515991211
2020-02-05,60.89906692504883
2020-02-06,59.97849655151367
2020-02-07,58.412750244140625
2020-02-10,56.650291442871094
2020-02-11,57.05154800415039
2020-02-12,58.499290466308594
2020-02-13,58.64878463745117
2020-02-14,58.98711013793945
2020-02-18,58.66453170776367
2020-02-19,62.386138916015625
2020-02-20,61.74880599975586
2020-02-21,60.11225509643555
2020-02-24,55.92642593383789
2020-02-25,52.84213638305664
2020-02-26,49.67916488647461
2020-02-27,46.799434661865234
2020-02-28,48.782188415527344
2020-03-02,49.18986129760742
2020-03-03,48.889060974121094
2020-03-04,48.34286117553711
2020-03-05,46.07889175415039
2020-03-06,38.43997573852539
2020-03-09,21.278141021728516
2020-03-10,23.494609832763672
2020-03-11,20.739856719970703
2020-03-12,20.280729293823242
2020-03-13,21.52353286743164
2020-03-16,18.594623565673828
2020-03-17,16.014013290405273
2020-03-18,12.317256927490234
2020-03-19,14.794960021972656
2020-03-20,14.71579647064209
2020-03-23,16.124839782714844
2020-03-24,19.093332290649414
2020-03-25,19.132911682128906
2020-03-26,20.541955947875977
2020-03-27,18.89543342590332
2020-03-30,18.673786163330078
2020-03-31,20.739856719970703
2020-04-01,19.84534454345703
2020-04-02,22.99590301513672
2020-04-03,25.006561279296875
2020-04-06,25.4102783203125
2020-04-07,26.13063621520996
2020-04-08,29.669071197509766
2020-04-09,27.595088958740234
2020-04-13,26.18604278564453
2020-04-14,25.054059982299805
2020-04-15,23.929994583129883
2020-04-16,22.188480377197266
2020-04-17,24.951152801513672
2020-04-20,24.428699493408203
2020-04-21,24.85616111755371
2020-04-22,27.10430145263672
2020-04-23,29.36825942993164
2020-04-24,28.323354721069336
2020-04-27,28.671653747558594
2020-04-28,30.080703735351562
2020-04-29,34.980690002441406
2020-04-30,34.46615982055664
2020-05-01,31.885549545288086
2020-05-04,33.658729553222656
2020-05-05,31.925128936767578
2020-05-06,30.80897331237793
2020-05-07,31.956790924072266
2020-05-08,33.310420989990234
2020-05-11,32.47133255004883
2020-05-12,32.35258102416992
2020-05-13,30.19148826599121
2020-05-14,30.50306510925293
2020-05-15,30.982431411743164
2020-05-18,34.70543670654297
2020-05-19,33.42714309692383
2020-05-20,34.881202697753906
2020-05-21,34.266021728515625
2020-05-22,34.305965423583984
2020-05-26,35.87186813354492
2020-05-27,35.39250183105469
2020-05-28,34.3698844909668
2020-05-29,34.01835632324219
2020-06-01,34.9371223449707
2020-06-02,36.43910217285156
2020-06-03,38.01299285888672
2020-06-04,38.09287643432617
2020-06-05,41.71202850341797
2020-06-08,47.791866302490234
2020-06-09,43.07819747924805
2020-06-10,40.08221435546875
2020-06-11,35.4404411315918
2020-06-12,37.51765823364258
2020-06-15,38.44441604614258
2020-06-16,39.92243194580078
2020-06-17,37.190093994140625
2020-06-18,37.22205352783203
2020-06-19,37.333900451660156
2020-06-22,36.822593688964844
2020-06-23,36.99835968017578
2020-06-24,33.47508239746094
2020-06-25,34.8492431640625
2020-06-26,32.85990524291992
2020-06-29,33.09958267211914
2020-06-30,33.41115951538086
2020-07-01,31.637537002563477
2020-07-02,33.203453063964844
2020-07-06,34.25802993774414
2020-07-07,32.05299377441406
2020-07-08,32.14087677001953
2020-07-09,29.959794998168945
2020-07-10,31.10226058959961
2020-07-13,29.64021873474121
2020-07-14,31.38188934326172
2020-07-15,31.87723159790039
2020-07-16,31.56563949584961
2020-07-17,31.174169540405273
2020-07-20,30.822641372680664
2020-07-21,33.64285659790039
2020-07-22,33.31529998779297
2020-07-23,32.811973571777344
2020-07-24,32.540340423583984
2020-07-27,31.99706268310547
2020-07-28,31.06232452392578
2020-07-29,32.56429672241211
2020-07-30,31.56563949584961
2020-07-31,31.84527015686035
2020-08-03,31.96510887145996
2020-08-04,32.811973571777344
2020-08-05,33.259368896484375
2020-08-06,32.540340423583984
2020-08-07,33.562965393066406
2020-08-10,35.688106536865234
2020-08-11,35.51234436035156
2020-08-12,35.91118621826172
2020-08-13,35.919246673583984
2020-08-14,36.6685676574707
2020-08-17,36.322105407714844
2020-08-18,35.84672927856445
2020-08-19,34.88791275024414
2020-08-20,32.73662567138672
2020-08-21,31.592500686645508
2020-08-24,32.26930236816406
2020-08-25,33.083099365234375
2020-08-26,31.737531661987305
2020-08-27,32.04369354248047
2020-08-28,32.341819763183594
2020-08-31,31.391061782836914
2020-09-01,31.004318237304688
2020-09-02,29.26394271850586
2020-09-03,28.820796966552734
2020-09-04,28.62742042541504
2020-09-08,25.7751522064209
2020-09-09,25.936302185058594
2020-09-10,24.236221313476562
2020-09-11,23.865589141845703
2020-09-14,25.02583122253418
2020-09-15,24.574623107910156
2020-09-16,26.51642417907715
2020-09-17,27.225461959838867
2020-09-18,27.2093448638916
2020-09-21,25.847671508789062
2020-09-22,25.468982696533203
2020-09-23,24.0911922454834
2020-09-24,24.163705825805664
2020-09-25,24.0911922454834
2020-09-28,25.37229347229004
2020-09-29,25.138629913330078
2020-09-30,24.268449783325195
2020-10-01,23.43855094909668
2020-10-02,24.55045509338379
2020-10-05,24.87274742126465
2020-10-06,23.535242080688477
2020-10-07,23.744726181030273
2020-10-08,25.07417869567871
2020-10-09,24.727710723876953
2020-10-12,25.138629913330078
2020-10-13,24.502111434936523
2020-10-14,24.566570281982422
2020-10-15,24.679370880126953
2020-10-16,23.599700927734375
2020-10-19,22.59254264831543
2020-10-20,22.922889709472656
2020-10-21,22.32665252685547
2020-10-22,23.503007888793945
2020-10-23,23.390213012695312
2020-10-26,22.181621551513672
2020-10-27,21.408124923706055
2020-10-28,19.820844650268555
2020-10-29,20.578227996826172
2020-10-30,20.916629791259766
2020-11-02,22.32665252685547
2020-11-03,22.656997680664062
2020-11-04,21.85127830505371
2020-11-05,21.110004425048828
2020-11-06,19.933650970458984
2020-11-09,26.105504989624023
2020-11-10,27.49535369873047
2020-11-11,26.778011322021484
2020-11-12,25.80797004699707
2020-11-13,27.389379501342773
2020-11-16,29.28870391845703
2020-11-17,30.413625717163086
2020-11-18,30.7641544342041
2020-11-19,32.14992141723633
2020-11-20,32.47598648071289
2020-11-23,36.26647186279297
2020-11-24,38.42665100097656
2020-11-25,37.000125885009766
2020-11-27,35.47576904296875
2020-11-30,32.57379913330078
2020-12-01,32.48413848876953
2020-12-02,33.03029251098633
2020-12-03,34.16336441040039
2020-12-04,38.49187088012695
2020-12-07,37.203914642333984
2020-12-08,37.61149215698242
2020-12-09,38.581539154052734
2020-12-10,40.7090950012207
2020-12-11,40.847679138183594
2020-12-14,38.27177429199219
2020-12-15,39.258113861083984
2020-12-16,38.84238052368164
2020-12-17,38.63044738769531
2020-12-18,37.366939544677734
2020-12-21,36.698516845703125
2020-12-22,35.90780258178711
2020-12-23,38.96465301513672
2020-12-24,39.33148193359375
2020-12-28,38.826080322265625
2020-12-29,38.312522888183594
2020-12-30,40.162940979003906
2020-12-31,39.45375061035156
2021-01-04,39.89393997192383
2021-01-05,43.74964141845703
2021-01-06,45.90981674194336
2021-01-07,46.29294204711914
2021-01-08,46.268497467041016
2021-01-11,47.52383804321289
2021-01-12,51.24911880493164
2021-01-13,50.16495895385742
2021-01-14,50.482872009277344
2021-01-15,48.29009246826172
2021-01-19,48.92591857910156
2021-01-20,49.41500473022461
2021-01-21,49.545433044433594
2021-01-22,51.958309173583984
2021-01-25,49.9937744140625
2021-01-26,48.59170150756836
2021-01-27,46.129913330078125
2021-01-28,49.16230773925781
2021-01-29,46.211421966552734
2021-02-01,47.26298904418945
2021-02-02,47.62166213989258
2021-02-03,51.82788848876953
2021-02-04,53.27071762084961
2021-02-05,52.53706359863281
2021-02-08,56.18898391723633
2021-02-09,54.59127426147461
2021-02-10,56.14823913574219
2021-02-11,55.243408203125
2021-02-12,56.3438720703125
2021-02-16,56.221595764160156
2021-02-17,56.11562728881836
2021-02-18,53.09953308105469
2021-02-19,53.450050354003906
2021-02-22,55.756961822509766
2021-02-23,57.88453674316406
2021-02-24,60.15883255004883
2021-02-25,56.29495620727539
2021-02-26,56.47429656982422
2021-03-01,60.04470443725586
2021-03-02,57.88453674316406
2021-03-03,61.0242805480957
2021-03-04,66.61516571044922
2021-03-05,69.90245819091797
2021-03-08,69.0007095336914
2021-03-09,66.42662048339844
2021-03-10,66.35283660888672
2021-03-11,68.89414978027344
2021-03-12,67.22998809814453
2021-03-15,69.09906768798828
2021-03-16,67.29557037353516
2021-03-17,66.73812866210938
2021-03-18,61.62270736694336
2021-03-19,62.147361755371094
2021-03-22,61.73747253417969
2021-03-23,59.130577087402344
2021-03-24,60.9832763671875
2021-03-25,60.499629974365234
2021-03-26,62.13096237182617
2021-03-29,60.86030960083008
2021-03-30,61.05706787109375
2021-03-31,60.24546813964844
2021-04-01,66.58235931396484
2021-04-05,61.811256408691406
2021-04-06,61.860450744628906
2021-04-07,62.557247161865234
2021-04-08,61.64731216430664
2021-04-09,61.31938934326172
2021-04-12,60.56519317626953
2021-04-13,62.10638427734375
2021-04-14,65.8609619140625
2021-04-15,64.82804870605469
2021-04-16,63.56558609008789
2021-04-19,63.67216110229492
2021-04-20,60.88491439819336
2021-04-21,61.69648742675781
2021-04-22,61.712890625
2021-04-23,62.409690856933594
2021-04-26,63.500003814697266
2021-04-27,65.02479553222656
2021-04-28,68.5990219116211
2021-04-29,69.14007568359375
2021-04-30,67.00045013427734
2021-05-03,68.79576873779297
2021-05-04,64.92639923095703
2021-05-05,68.13994598388672
2021-05-06,67.42672729492188
2021-05-07,69.03348541259766
2021-05-10,67.84481811523438
2021-05-11,65.41828155517578
2021-05-12,65.48419189453125
2021-05-13,62.781768798828125
2021-05-14,64.84154510498047
2021-05-17,66.209228515625
2021-05-18,65.9126205444336
2021-05-19,64.19889068603516
2021-05-20,63.05366134643555
2021-05-21,62.872398376464844
2021-05-24,63.68808364868164
2021-05-25,62.188560485839844
2021-05-26,64.50375366210938
2021-05-27,65.36885070800781
2021-05-28,65.97029113769531
2021-06-01,71.35865783691406
2021-06-02,71.21859741210938
2021-06-03,71.28450012207031
2021-06-04,70.70777130126953
2021-06-07,71.8365249633789
2021-06-08,73.85508728027344
2021-06-09,72.73458099365234
2021-06-10,71.67173767089844
2021-06-11,71.90242767333984
2021-06-14,71.21859741210938
2021-06-15,74.85201263427734
2021-06-16,74.4565658569336
2021-06-17,71.58935546875
2021-06-18,71.0043716430664
2021-06-21,75.38756561279297
2021-06-22,75.24750518798828
2021-06-23,75.72537994384766
2021-06-24,77.6533203125
2021-06-25,79.35055541992188
2021-06-28,76.186767578125
2021-06-29,76.31034851074219
2021-06-30,77.35669708251953
2021-07-01,82.06121063232422
2021-07-02,80.79239654541016
2021-07-06,75.11566162109375
2021-07-07,72.49565124511719
2021-07-08,72.66043090820312
2021-07-09,73.67384338378906
2021-07-12,74.01164245605469
2021-07-13,74.18466186523438
2021-07-14,69.68612670898438
2021-07-15,67.3462142944336
2021-07-16,64.56143188476562
2021-07-19,60.301815032958984
2021-07-20,61.727176666259766
2021-07-21,65.36885070800781
2021-07-22,64.81681823730469
2021-07-23,64.46255493164062
2021-07-26,66.11861419677734
2021-07-27,64.71795654296875
2021-07-28,65.56657409667969
2021-07-29,65.53361511230469
2021-07-30,63.548004150390625
2021-08-02,63.23491668701172
2021-08-03,66.34928131103516
2021-08-04,62.96302795410156
2021-08-05,65.77255249023438
2021-08-06,65.95381927490234
2021-08-09,63.63041305541992
2021-08-10,64.36367797851562
2021-08-11,65.47412109375
2021-08-12,65.77245330810547
2021-08-13,62.681453704833984
2021-08-16,60.11252975463867
2021-08-17,59.56561279296875
2021-08-18,57.85024642944336
2021-08-19,56.250885009765625
2021-08-20,56.49950408935547
2021-08-23,59.830787658691406
2021-08-24,61.488128662109375
2021-08-25,62.159385681152344
2021-08-26,60.56002426147461
2021-08-27,63.51841735839844
2021-08-30,63.2118034362793
2021-08-31,63.924476623535156
2021-09-01,61.45500946044922
2021-09-02,63.45213317871094
2021-09-03,62.615169525146484
2021-09-07,62.09310531616211
2021-09-08,61.902496337890625
2021-09-09,62.69801330566406
2021-09-10,62.18423843383789
2021-09-13,64.4714126586914
2021-09-14,62.714599609375
2021-09-15,67.60382080078125
2021-09-16,66.35250854492188
2021-09-17,68.46564483642578
2021-09-20,65.5569839477539
2021-09-21,66.3276596069336
2021-09-22,69.92411804199219
2021-09-23,72.80793762207031
2021-09-24,73.5206069946289
2021-09-27,79.12249755859375
2021-09-28,78.7081527709961
2021-09-29,79.5948486328125
2021-09-30,78.45125579833984
2021-10-01,81.92344665527344
2021-10-04,85.66908264160156
2021-10-05,86.31544494628906
2021-10-06,86.27401733398438
2021-10-07,87.1109848022461
2021-10-08,91.07208251953125
2021-10-11,91.7598876953125
2021-10-12,91.15494537353516
2021-10-13,89.65503692626953
2021-10-14,90.18537139892578
2021-10-15,89.72960662841797
2021-10-18,90.5417251586914
2021-10-19,91.93391418457031
2021-10-20,92.10794067382812
2021-10-21,90.26826477050781
2021-10-22,90.59972381591797
2021-10-25,90.66602325439453
2021-10-26,92.555419921875
2021-10-27,89.14954376220703
2021-10-28,90.33456420898438
2021-10-29,88.82635498046875
2021-11-01,92.4891357421875
2021-11-02,94.84257507324219
2021-11-03,92.65483856201172
2021-11-04,93.4421157836914
2021-11-05,94.29564666748047
2021-11-08,95.88672637939453
2021-11-09,94.03907012939453
2021-11-10,89.18688201904297
2021-11-11,90.52684020996094
2021-11-12,91.50894165039062
2021-11-15,92.52429962158203
2021-11-16,91.70037841796875
2021-11-17,89.25346374511719
2021-11-18,89.85271453857422
2021-11-19,85.0338134765625
2021-11-22,87.78034973144531
2021-11-23,91.70869445800781
2021-11-24,95.04609680175781
2021-11-26,89.45321655273438
2021-11-29,91.49229431152344
2021-11-30,88.82901763916016
2021-12-01,85.72460174560547
2021-12-02,88.57933044433594
2021-12-03,88.22145080566406
2021-12-06,90.07742309570312
2021-12-07,96.20298767089844
2021-12-08,94.57171630859375
2021-12-09,91.82520294189453
2021-12-10,92.53264617919922
2021-12-13,88.7291259765625
2021-12-14,86.6151351928711
2021-12-15,86.34880828857422
2021-12-16,87.63883209228516
2021-12-17,85.25020599365234
2021-12-20,82.495361328125
2021-12-21,87.30594635009766
2021-12-22,87.96343994140625
2021-12-23,88.1715087890625
2021-12-27,92.49935913085938
2021-12-28,91.6837158203125
2021-12-29,90.47692108154297
2021-12-30,89.31172180175781
2021-12-31,89.76114654541016
2022-01-03,93.0819320678711
2022-01-04,99.2074966430664
2022-01-05,98.30032348632812
2022-01-06,102.91114044189453
2022-01-07,101.13837432861328
2022-01-10,100.99690246582031
2022-01-11,103.50206756591797
2022-01-12,103.67684173583984
2022-01-13,103.2690200805664
2022-01-14,107.53861236572266
2022-01-18,104.81706237792969
2022-01-19,104.6256332397461
2022-01-20,101.46298217773438
2022-01-21,98.20045471191406
2022-01-24,99.3906021118164
2022-01-25,105.68263244628906
2022-01-26,106.03217315673828
2022-01-27,107.06419372558594
2022-01-28,107.13078308105469
2022-01-31,105.00016021728516
2022-02-01,108.37088012695312
2022-02-02,109.00341033935547
2022-02-03,107.68841552734375
2022-02-04,109.91059112548828
2022-02-07,108.34589385986328
2022-02-08,103.51038360595703
2022-02-09,107.26395416259766
2022-02-10,108.54566192626953
2022-02-11,112.83191680908203
2022-02-14,108.5872802734375
2022-02-15,106.43167877197266
2022-02-16,108.04630279541016
2022-02-17,107.93809509277344
2022-02-18,109.41957092285156
2022-02-22,106.55651092529297
2022-02-23,107.82990264892578
2022-02-24,106.44000244140625
2022-02-25,110.91764831542969
2022-02-28,114.93756866455078
2022-03-01,113.88056945800781
2022-03-02,113.74740600585938
2022-03-03,112.11730194091797
2022-03-04,115.1935806274414
2022-03-07,112.38480377197266
2022-03-08,112.38480377197266
2022-03-09,108.71499633789062
2022-03-10,112.07550811767578
2022-03-11,108.39732360839844
2022-03-14,105.48823547363281
2022-03-15,104.12564086914062
2022-03-16,105.02010345458984
2022-03-17,111.91667938232422
2022-03-18,109.88531494140625
2022-03-21,116.93238067626953
2022-03-22,114.81741333007812
2022-03-23,119.23958587646484
2022-03-24,119.6993408203125
2022-03-25,122.47468566894531
2022-03-28,117.61783599853516
2022-03-29,115.97100830078125
2022-03-30,116.32211303710938
2022-03-31,114.59171295166016
2022-04-01,115.72859954833984
2022-04-04,116.68991088867188
2022-04-05,113.2541732788086
2022-04-06,112.903076171875
2022-04-07,114.48302459716797
2022-04-08,118.69620513916016
2022-04-11,112.94489288330078
2022-04-12,116.34718322753906
2022-04-13,117.31690216064453
2022-04-14,115.72859954833984
2022-04-18,117.03266143798828
2022-04-19,115.29389953613281
2022-04-20,118.6209945678711
2022-04-21,114.81741333007812
2022-04-22,108.75679779052734
2022-04-25,105.17893981933594
2022-04-26,104.81947326660156
2022-04-27,105.86441802978516
2022-04-28,108.23014068603516
2022-04-29,105.52167510986328
2022-05-02,106.58332061767578
2022-05-03,113.78084564208984
2022-05-04,119.11417388916016
2022-05-05,115.85397338867188
2022-05-06,119.48198699951172
2022-05-09,108.24686431884766
2022-05-10,108.53944396972656
2022-05-11,107.23823547363281
2022-05-12,108.75345611572266
2022-05-13,114.22364807128906
2022-05-16,112.4002685546875
2022-05-17,112.5286636352539
2022-05-18,109.8834457397461
2022-05-19,111.13330078125
2022-05-20,111.52708435058594
2022-05-23,116.51789855957031
2022-05-24,116.23538970947266
2022-05-25,121.34605407714844
2022-05-26,125.35237884521484
2022-05-27,130.68565368652344
2022-05-31,130.13775634765625
2022-06-01,130.8825225830078
2022-06-02,131.7471466064453
2022-06-03,132.3977508544922
2022-06-06,133.38221740722656
2022-06-07,137.31149291992188
2022-06-08,137.2344512939453
2022-06-09,135.1114501953125
2022-06-10,133.10826110839844
2022-06-13,126.52517700195312
2022-06-14,128.09178161621094
2022-06-15,125.6348876953125
2022-06-16,114.43766021728516
2022-06-17,104.68717956542969
2022-06-21,113.23918914794922
2022-06-22,107.9487533569336
2022-06-23,102.07621002197266
2022-06-24,102.47000122070312
2022-06-27,106.48490905761719
2022-06-28,111.11616516113281
2022-06-29,104.70429992675781
2022-06-30,103.7112808227539
2022-07-01,103.76264953613281
2022-07-05,97.71031951904297
2022-07-06,94.40595245361328
2022-07-07,99.55941009521484
2022-07-08,99.58509826660156
2022-07-11,97.92433166503906
2022-07-12,94.5172348022461
2022-07-13,94.67131805419922
2022-07-14,91.34982299804688
2022-07-15,93.43003845214844
2022-07-18,96.32350158691406
2022-07-19,99.7648696899414
2022-07-20,101.67386627197266
2022-07-21,99.27691650390625
2022-07-22,97.10252380371094
2022-07-25,102.71825408935547
2022-07-26,101.25438690185547
2022-07-27,105.5432357788086
2022-07-28,105.81718444824219
2022-07-29,109.59239196777344
2022-08-01,107.79467010498047
2022-08-02,109.18148803710938
2022-08-03,103.9081802368164
2022-08-04,99.68782043457031
2022-08-05,103.89961242675781
2022-08-08,105.41484069824219
2022-08-09,106.61332702636719
2022-08-10,107.89740753173828
2022-08-11,113.66725158691406
2022-08-12,113.96685028076172
2022-08-15,112.08317565917969
2022-08-16,110.03301239013672
2022-08-17,110.19073486328125
2022-08-18,113.95808410644531
2022-08-19,114.23844146728516
2022-08-22,114.93058013916016
2022-08-23,118.38252258300781
2022-08-24,119.72299194335938
2022-08-25,119.39884948730469
2022-08-26,117.33993530273438
2022-08-29,122.00970458984375
2022-08-30,117.46260070800781
2022-08-31,116.77044677734375
2022-09-01,114.15959167480469
2022-09-02,117.28736114501953
2022-09-06,117.41002655029297
2022-09-07,115.27228546142578
2022-09-08,115.81546783447266
2022-09-09,118.294921875
2022-09-12,120.35382080078125
2022-09-13,118.02332305908203
2022-09-14,122.80699920654297
2022-09-15,117.95323181152344
2022-09-16,116.19219970703125
2022-09-19,114.71153259277344
2022-09-20,114.58889770507812
2022-09-21,112.84539794921875
2022-09-22,110.86534118652344
2022-09-23,100.9300537109375
2022-09-26,97.43428802490234
2022-09-27,99.43185424804688
2022-09-28,104.60977172851562
2022-09-29,105.93275451660156
2022-09-30,105.53848266601562
2022-10-03,113.47621154785156
2022-10-04,119.4163818359375
2022-10-05,122.10608673095703
2022-10-06,124.69944763183594
2022-10-07,124.78704071044922
2022-10-10,122.92963409423828
2022-10-11,122.10608673095703
2022-10-12,123.68310546875
2022-10-13,127.28399658203125
2022-10-14,122.09732818603516
2022-10-17,122.1849365234375
2022-10-18,124.27886962890625
2022-10-19,127.94108581542969
2022-10-20,128.43174743652344
2022-10-21,133.45193481445312
2022-10-24,134.2755126953125
2022-10-25,134.3630828857422
2022-10-26,136.13291931152344
2022-10-27,134.35438537597656
2022-10-28,134.76612854003906
2022-10-31,137.6486053466797
2022-11-01,138.9803009033203
2022-11-02,135.65106201171875
2022-11-03,138.89268493652344
2022-11-04,141.3809051513672
2022-11-07,143.23831176757812
2022-11-08,143.29087829589844
2022-11-09,138.0341033935547
2022-11-10,140.42591857910156
2022-11-11,143.99176025390625
2022-11-14,143.30841064453125
2022-11-15,146.33978271484375
2022-11-16,141.1974639892578
2022-11-17,143.68421936035156
2022-11-18,138.7461700439453
2022-11-21,133.2130126953125
2022-11-22,134.50082397460938
2022-11-23,133.2130126953125
2022-11-25,132.6179656982422
2022-11-28,127.6531982421875
2022-11-29,130.3265380859375
2022-11-30,131.46336364746094
2022-12-01,128.5146942138672
2022-12-02,129.18971252441406
2022-12-05,126.11671447753906
2022-12-06,122.75066375732422
2022-12-07,121.28520965576172
2022-12-08,118.01683044433594
2022-12-09,115.10372161865234
2022-12-12,119.19807434082031
2022-12-13,121.07205963134766
2022-12-14,121.53387451171875
2022-12-15,122.01348876953125
2022-12-16,119.29576110839844
2022-12-19,118.6385269165039
2022-12-20,119.84642028808594
2022-12-21,121.67597961425781
2022-12-22,118.01683044433594
2022-12-23,121.70263671875
2022-12-27,122.19112396240234
2022-12-28,119.42898559570312
2022-12-29,121.03653717041016
2022-12-30,121.48059844970703
2023-01-03,116.68461608886719
2023-01-04,116.00960540771484
2023-01-05,119.04705810546875
2023-01-06,122.6884994506836
2023-01-09,125.66377258300781
2023-01-10,126.07230377197266
2023-01-11,126.32987976074219
2023-01-12,129.07421875
2023-01-13,128.9943389892578
2023-01-17,129.42950439453125
2023-01-18,127.98180389404297
2023-01-19,130.05120849609375
2023-01-20,131.0459442138672
2023-01-23,132.6446075439453
2023-01-24,130.77061462402344
2023-01-25,130.62847900390625
2023-01-26,133.1241912841797
2023-01-27,134.0745086669922
2023-01-30,129.08311462402344
2023-01-31,129.77587890625
2023-02-01,127.3156967163086
2023-02-02,122.1822509765625
2023-02-03,122.91939544677734
2023-02-06,121.7825698852539
2023-02-07,127.50221252441406
2023-02-08,128.15054321289062
2023-02-09,125.6460189819336
2023-02-10,132.59130859375
2023-02-13,131.64987182617188
2023-02-14,133.10643005371094
2023-02-15,129.34954833984375
2023-02-16,125.90354919433594
2023-02-17,119.615478515625
2023-02-21,119.19807434082031
2023-02-22,121.93354034423828
2023-02-23,125.76148223876953
2023-02-24,126.45421600341797
2023-02-27,128.21273803710938
2023-02-28,124.85556030273438
2023-03-01,128.44363403320312
2023-03-02,130.7012176513672
2023-03-03,133.05845642089844
2023-03-06,130.14817810058594
2023-03-07,129.4137725830078
2023-03-08,129.18710327148438
2023-03-09,126.87516021728516
2023-03-10,123.22140502929688
2023-03-13,119.25939178466797
2023-03-14,120.2567138671875
2023-03-15,111.28096008300781
2023-03-16,113.81049346923828
2023-03-17,111.62549591064453
2023-03-20,113.8830337524414
2023-03-21,118.42527770996094
2023-03-22,116.01362609863281
2023-03-23,114.80778503417969
2023-03-24,113.71075439453125
2023-03-27,116.55760192871094
2023-03-28,118.50688171386719
2023-03-29,120.3927001953125
2023-03-30,120.85507202148438
2023-03-31,122.55049133300781
2023-04-03,130.94598388671875
2023-04-04,128.425537109375
2023-04-05,129.63137817382812
2023-04-06,127.42821502685547
2023-04-10,129.82176208496094
2023-04-11,131.6168975830078
2023-04-12,131.47181701660156
2023-04-13,132.13365173339844
2023-04-14,133.0403289794922
2023-04-17,131.10009765625
2023-04-18,131.1726531982422
2023-04-19,130.25692749023438
2023-04-20,128.6884765625
2023-04-21,127.91781616210938
2023-04-24,130.09373474121094
2023-04-25,126.32212829589844
2023-04-26,124.14618682861328
2023-04-27,125.17068481445312
2023-04-28,128.92417907714844
2023-05-01,128.67938232421875
2023-05-02,122.44171905517578
2023-05-03,116.75706481933594
2023-05-04,114.22754669189453
2023-05-05,120.4017562866211
2023-05-08,120.21136474609375
2023-05-09,120.5014877319336
2023-05-10,119.0508804321289
2023-05-11,116.46896362304688
2023-05-12,116.77916717529297
2023-05-15,117.65501403808594
2023-05-16,113.91441345214844
2023-05-17,116.39598846435547
2023-05-18,117.45429992675781
2023-05-19,118.80455780029297
2023-05-22,120.83904266357422
2023-05-23,121.27696228027344
2023-05-24,122.59986877441406
2023-05-25,119.51617431640625
2023-05-26,119.50706481933594
2023-05-30,118.13853454589844
2023-05-31,116.00367736816406
2023-06-01,116.87039184570312
2023-06-02,119.83549499511719
2023-06-05,118.89579010009766
2023-06-06,119.47968292236328
2023-06-07,122.41738891601562
2023-06-08,121.65103149414062
2023-06-09,120.68396759033203
2023-06-12,118.36663055419922
2023-06-13,118.6585693359375
2023-06-14,115.66610717773438
2023-06-15,115.55663299560547
2023-06-16,117.45429992675781
2023-06-20,115.83944702148438
2023-06-21,116.47809600830078
2023-06-22,114.81763458251953
2023-06-23,114.40708923339844
2023-06-26,116.06755065917969
2023-06-27,116.15878295898438
2023-06-28,117.33568572998047
2023-06-29,118.61294555664062
2023-06-30,119.84461975097656
2023-07-03,120.38289642333984
2023-07-05,119.15123748779297
2023-07-06,116.02192687988281
2023-07-07,120.79344177246094
2023-07-10,122.33528137207031
2023-07-11,125.11791229248047
2023-07-12,127.2801513671875
2023-07-13,127.1889419555664
2023-07-14,123.76766204833984
2023-07-17,123.59432983398438
2023-07-18,126.64153289794922
2023-07-19,126.7236099243164
2023-07-20,127.74543762207031
2023-07-21,128.85850524902344
2023-07-24,131.78709411621094
2023-07-25,133.2377166748047
2023-07-26,132.27976989746094
2023-07-27,131.6958770751953
2023-07-28,132.8727569580078
2023-07-31,134.40554809570312
2023-08-01,134.9164276123047
2023-08-02,133.92196655273438
2023-08-03,135.39996337890625
2023-08-04,135.54595947265625
2023-08-07,135.56417846679688
2023-08-08,136.1206817626953
2023-08-09,138.01992797851562
2023-08-10,137.35015869140625
2023-08-11,137.31346130371094
2023-08-14,136.65286254882812
2023-08-15,135.24905395507812
2023-08-16,134.79949951171875
2023-08-17,135.3408203125
2023-08-18,135.82708740234375
2023-08-21,136.20327758789062
2023-08-22,136.06564331054688
2023-08-23,135.9922637939453
2023-08-24,136.7170867919922
2023-08-25,137.21253967285156
2023-08-28,138.2493133544922
2023-08-29,138.7172393798828
2023-08-30,138.82733154296875
2023-08-31,139.25857543945312
2023-09-01,141.90097045898438
2023-09-05,141.46975708007812
2023-09-06,143.22218322753906
2023-09-07,142.09365844726562
2023-09-08,143.15794372558594
2023-09-11,139.9741973876953
2023-09-12,143.4148712158203
2023-09-13,142.937744140625
2023-09-14,144.8920440673828
2023-09-15,142.90106201171875
2023-09-18,143.36898803710938
2023-09-19,142.57073974609375
2023-09-20,140.27699279785156
2023-09-21,138.87319946289062
2023-09-22,138.14840698242188
2023-09-25,140.047607421875
2023-09-26,140.43295288085938
2023-09-27,144.25894165039062
2023-09-28,144.1763916015625
2023-09-29,142.10281372070312
2023-10-02,137.8089141845703
2023-10-03,138.44198608398438
2023-10-04,133.50582885742188
2023-10-05,133.14797973632812
2023-10-06,138.75393676757812
2023-10-09,143.5616455078125
2023-10-10,143.47909545898438
2023-10-11,145.7453155517578
2023-10-12,148.9657440185547
2023-10-13,152.8284149169922
2023-10-16,153.59915161132812
2023-10-17,154.5717010498047
2023-10-18,155.9020538330078
2023-10-19,154.98455810546875
2023-10-20,152.74583435058594
2023-10-23,151.6815643310547
2023-10-24,149.79150390625
2023-10-25,151.09434509277344
2023-10-26,148.3785400390625
2023-10-27,146.84634399414062
2023-10-30,145.3599395751953
2023-10-31,147.09405517578125
2023-11-01,146.2591094970703
2023-11-02,149.77313232421875
2023-11-03,148.7272186279297
2023-11-06,146.9289093017578
2023-11-07,145.6902313232422
2023-11-08,143.1029052734375
2023-11-09,142.7450714111328
2023-11-10,144.69937133789062
2023-11-13,145.1305694580078
2023-11-14,146.0297393798828
2023-11-15,146.02972412109375
2023-11-16,142.94586181640625
2023-11-17,146.36717224121094
2023-11-20,146.36717224121094
2023-11-21,145.37359619140625
2023-11-22,144.50184631347656
2023-11-24,144.94241333007812
2023-11-27,144.37063598632812
2023-11-28,144.342529296875
2023-11-29,144.15501403808594
2023-11-30,144.73622131347656
2023-12-01,144.60496520996094
2023-12-04,144.22064208984375
2023-12-05,140.74307250976562
2023-12-06,137.3030242919922
2023-12-07,138.3434600830078
2023-12-08,139.41204833984375
2023-12-11,140.1713104248047
2023-12-12,138.6153106689453
2023-12-13,140.09632873535156
2023-12-14,143.82696533203125
2023-12-15,143.51763916015625
2023-12-18,145.87977600097656
2023-12-19,147.3045196533203
2023-12-20,146.06723022460938
2023-12-21,146.47027587890625
2023-12-22,146.59213256835938
2023-12-26,149.03863525390625
2023-12-27,148.1856231689453
2023-12-28,145.5985565185547
2023-12-29,145.3642120361328
2024-01-02,147.17332458496094
2024-01-03,150.1353302001953
2024-01-04,146.05784606933594
2024-01-05,146.17970275878906
2024-01-08,146.00160217285156
2024-01-09,143.18954467773438
2024-01-10,141.87728881835938
2024-01-11,141.9053955078125
2024-01-12,144.20188903808594
2024-01-16,141.6898193359375
2024-01-17,140.39627075195312
2024-01-18,140.35874938964844
2024-01-19,141.5960693359375
2024-01-22,142.42092895507812
2024-01-23,141.9803924560547
2024-01-24,143.60198974609375
2024-01-25,146.5265350341797
2024-01-26,146.4515380859375
2024-01-29,145.1580047607422
2024-01-30,147.09829711914062
2024-01-31,144.108154296875
2024-02-01,143.15206909179688
2024-02-02,140.80870056152344
2024-02-05,140.2462921142578
2024-02-06,142.46780395507812
2024-02-07,141.96160888671875
2024-02-08,143.8644561767578
2024-02-09,142.23345947265625
2024-02-12,155.58132934570312
2024-02-13,155.2251739501953
2024-02-14,159.21826171875
2024-02-15,167.335693359375
2024-02-16,168.1793212890625
2024-02-20,166.90451049804688
2024-02-21,168.48863220214844
2024-02-22,165.65782165527344
2024-02-23,165.31100463867188
2024-02-26,166.0140380859375
2024-02-27,166.80140686035156
2024-02-28,168.4980010986328
2024-02-29,171.08509826660156
2024-03-01,173.56907653808594
2024-03-04,170.51882934570312
2024-03-05,171.63406372070312
2024-03-06,172.70166015625
2024-03-07,174.25538635253906
2024-03-08,174.71292114257812
2024-03-11,175.86630249023438
2024-03-12,175.8853759765625
2024-03-13,178.78311157226562
2024-03-14,180.63232421875
2024-03-15,181.05172729492188
2024-03-18,181.1661376953125
2024-03-19,183.6063232421875
2024-03-20,183.87319946289062
2024-03-21,185.30303955078125
2024-03-22,185.58900451660156
2024-03-25,187.39053344726562
2024-03-26,185.16006469726562
2024-03-27,187.3333740234375
2024-03-28,188.89662170410156
2024-04-01,190.11671447753906
2024-04-02,190.99366760253906
2024-04-03,193.71029663085938
2024-04-04,191.641845703125
2024-04-05,194.75881958007812
2024-04-08,196.90353393554688
2024-04-09,195.91220092773438
2024-04-10,196.57943725585938
2024-04-11,198.5144500732422
2024-04-12,196.68429565429688
2024-04-15,195.74063110351562
2024-04-16,194.4061279296875
2024-04-17,191.73715209960938
2024-04-18,190.25970458984375
2024-04-19,191.34637451171875
2024-04-22,193.10025024414062
2024-04-23,194.8064727783203
2024-04-24,195.63577270507812
2024-04-25,197.40875244140625
2024-04-26,198.03785705566406
2024-04-29,196.2267608642578
2024-04-30,191.71810913085938
2024-05-01,186.8376922607422
2024-05-02,188.3819122314453
2024-05-03,192.07078552246094
2024-05-06,194.63490295410156
2024-05-07,194.14874267578125
2024-05-08,193.71029663085938
2024-05-09,194.18692016601562
2024-05-10,192.72850036621094
2024-05-13,191.37493896484375
2024-05-14,190.65296936035156
2024-05-15,189.3918914794922
2024-05-16,187.3221893310547
2024-05-17,190.2871551513672
2024-05-20,190.44117736816406
2024-05-21,189.21861267089844
2024-05-22,185.15621948242188
2024-05-23,184.79043579101562
2024-05-24,186.23440551757812
2024-05-28,190.37379455566406
2024-05-29,187.73611450195312
2024-05-30,189.96946716308594
2024-05-31,191.81776428222656
2024-06-03,183.58709716796875
2024-06-04,182.15277099609375
2024-06-05,182.12388610839844
2024-06-06,183.90476989746094
2024-06-07,183.1924285888672
2024-06-10,186.72535705566406
2024-06-11,186.4365234375
2024-06-12,186.41729736328125
2024-06-13,183.24053955078125
2024-06-14,179.02415466308594
2024-06-17,180.5547637939453
2024-06-18,181.81582641601562
2024-06-20,185.53164672851562
2024-06-21,183.75074768066406
2024-06-24,190.63369750976562
2024-06-25,190.4893341064453
2024-06-26,189.6036834716797
2024-06-27,191.7504119873047
2024-06-28,192.71302795410156
2024-07-01,196.1015625
2024-07-02,197.24710083007812
2024-07-03,199.2012939453125
2024-07-05,195.92828369140625
2024-07-08,195.7550048828125
2024-07-09,195.03302001953125
2024-07-10,194.83087158203125
2024-07-11,199.43234252929688
2024-07-12,196.54437255859375
2024-07-15,203.05189514160156
2024-07-16,201.25172424316406
2024-07-17,203.0615234375
2024-07-18,202.18548583984375
2024-07-19,197.79583740234375
2024-07-22,197.03533935546875
2024-07-23,190.9513702392578
2024-07-24,191.40382385253906
2024-07-25,192.33758544921875
2024-07-26,193.26174926757812
2024-07-29,190.86473083496094
2024-07-30,190.68185424804688
2024-07-31,194.7538604736328
2024-08-01,190.8166046142578
2024-08-02,181.99871826171875
2024-08-05,178.2636260986328
2024-08-06,182.6148223876953
2024-08-07,184.23208618164062
2024-08-08,190.1138916015625
2024-08-09,192.3087158203125
2024-08-12,193.77194213867188
2024-08-13,188.81431579589844
2024-08-14,189.1127166748047
2024-08-15,191.51913452148438
2024-08-16,189.804443359375
2024-08-19,190.7981719970703
2024-08-20,184.86497497558594
2024-08-21,186.19970703125
2024-08-22,186.7939910888672
2024-08-23,190.1941375732422
2024-08-26,192.20111083984375
2024-08-27,189.69728088378906
2024-08-28,189.56088256835938
2024-08-29,191.7237091064453
2024-08-30,190.08697509765625
2024-09-03,182.65341186523438
2024-09-04,179.53579711914062
2024-09-05,179.2727508544922
2024-09-06,175.10293579101562
2024-09-09,174.5963134765625
2024-09-10,167.0750732421875
2024-09-11,164.1620330810547
2024-09-12,166.4613037109375
2024-09-13,167.9811248779297
2024-09-16,170.30958557128906
2024-09-17,175.14190673828125
2024-09-18,173.53439331054688
2024-09-19,176.9540252685547
2024-09-20,176.34024047851562
2024-09-23,180.48081970214844
2024-09-24,180.65618896484375
2024-09-25,175.88233947753906
2024-09-26,164.5127716064453
2024-09-27,166.23719787597656
2024-09-30,167.9616241455078
2024-10-01,172.9498291015625
2024-10-02,176.6227569580078
2024-10-03,183.45230102539062
2024-10-04,189.599853515625
2024-10-07,194.36395263671875
2024-10-08,188.78147888183594
2024-10-09,188.76197814941406
2024-10-10,189.0640106201172
2024-10-11,189.94085693359375
2024-10-14,185.79051208496094
2024-10-15,175.14190673828125
2024-10-16,177.7626495361328
2024-10-17,179.2240447998047
2024-10-18,179.25326538085938
2024-10-21,177.7139434814453
2024-10-22,179.29222106933594
2024-10-23,176.4571533203125
2024-10-24,176.25254821777344
2024-10-25,179.6332244873047
2024-10-28,173.60256958007812
2024-10-29,171.11822509765625
2024-10-30,172.1022186279297
2024-10-31,172.21913146972656
2024-11-01,171.28384399414062
2024-11-04,175.1321563720703
2024-11-05,171.10850524902344
2024-11-06,178.8927764892578
2024-11-07,176.9150390625
2024-11-08,177.19757080078125
2024-11-11,174.51837158203125
2024-11-12,175.27830505371094
2024-11-13,177.54832458496094
2024-11-14,178.60572814941406
2024-11-15,172.9074249267578
2024-11-18,178.0966033935547
2024-11-19,176.35382080078125
2024-11-20,177.6658172607422
2024-11-21,178.87986755371094
2024-11-22,181.41571044921875
2024-11-25,175.79574584960938
2024-11-26,172.29058837890625
2024-11-27,172.50599670410156
2024-11-29,173.876708984375
2024-12-02,172.1535186767578
2024-12-03,172.08497619628906
2024-12-04,167.41473388671875
2024-12-05,169.0693817138672
2024-12-06,163.3417205810547
2024-12-09,163.62562561035156
2024-12-10,159.7386474609375
2024-12-11,160.4729461669922
2024-12-12,158.837890625
2024-12-13,159.9246826171875
2024-12-16,155.6068878173828
2024-12-17,156.7915802001953
2024-12-18,152.8164825439453
2024-12-19,149.859619140625
2024-12-20,151.7003173828125
2024-12-23,152.8360595703125
2024-12-24,154.4711456298828
2024-12-26,154.7257080078125
2024-12-27,155.0292205810547
2024-12-30,157.61402893066406
2024-12-31,160.40443420410156
