Date,FOX
2010-01-04,
2010-01-05,
2010-01-06,
2010-01-07,
2010-01-08,
2010-01-11,
2010-01-12,
2010-01-13,
2010-01-14,
2010-01-15,
2010-01-19,
2010-01-20,
2010-01-21,
2010-01-22,
2010-01-25,
2010-01-26,
2010-01-27,
2010-01-28,
2010-01-29,
2010-02-01,
2010-02-02,
2010-02-03,
2010-02-04,
2010-02-05,
2010-02-08,
2010-02-09,
2010-02-10,
2010-02-11,
2010-02-12,
2010-02-16,
2010-02-17,
2010-02-18,
2010-02-19,
2010-02-22,
2010-02-23,
2010-02-24,
2010-02-25,
2010-02-26,
2010-03-01,
2010-03-02,
2010-03-03,
2010-03-04,
2010-03-05,
2010-03-08,
2010-03-09,
2010-03-10,
2010-03-11,
2010-03-12,
2010-03-15,
2010-03-16,
2010-03-17,
2010-03-18,
2010-03-19,
2010-03-22,
2010-03-23,
2010-03-24,
2010-03-25,
2010-03-26,
2010-03-29,
2010-03-30,
2010-03-31,
2010-04-01,
2010-04-05,
2010-04-06,
2010-04-07,
2010-04-08,
2010-04-09,
2010-04-12,
2010-04-13,
2010-04-14,
2010-04-15,
2010-04-16,
2010-04-19,
2010-04-20,
2010-04-21,
2010-04-22,
2010-04-23,
2010-04-26,
2010-04-27,
2010-04-28,
2010-04-29,
2010-04-30,
2010-05-03,
2010-05-04,
2010-05-05,
2010-05-06,
2010-05-07,
2010-05-10,
2010-05-11,
2010-05-12,
2010-05-13,
2010-05-14,
2010-05-17,
2010-05-18,
2010-05-19,
2010-05-20,
2010-05-21,
2010-05-24,
2010-05-25,
2010-05-26,
2010-05-27,
2010-05-28,
2010-06-01,
2010-06-02,
2010-06-03,
2010-06-04,
2010-06-07,
2010-06-08,
2010-06-09,
2010-06-10,
2010-06-11,
2010-06-14,
2010-06-15,
2010-06-16,
2010-06-17,
2010-06-18,
2010-06-21,
2010-06-22,
2010-06-23,
2010-06-24,
2010-06-25,
2010-06-28,
2010-06-29,
2010-06-30,
2010-07-01,
2010-07-02,
2010-07-06,
2010-07-07,
2010-07-08,
2010-07-09,
2010-07-12,
2010-07-13,
2010-07-14,
2010-07-15,
2010-07-16,
2010-07-19,
2010-07-20,
2010-07-21,
2010-07-22,
2010-07-23,
2010-07-26,
2010-07-27,
2010-07-28,
2010-07-29,
2010-07-30,
2010-08-02,
2010-08-03,
2010-08-04,
2010-08-05,
2010-08-06,
2010-08-09,
2010-08-10,
2010-08-11,
2010-08-12,
2010-08-13,
2010-08-16,
2010-08-17,
2010-08-18,
2010-08-19,
2010-08-20,
2010-08-23,
2010-08-24,
2010-08-25,
2010-08-26,
2010-08-27,
2010-08-30,
2010-08-31,
2010-09-01,
2010-09-02,
2010-09-03,
2010-09-07,
2010-09-08,
2010-09-09,
2010-09-10,
2010-09-13,
2010-09-14,
2010-09-15,
2010-09-16,
2010-09-17,
2010-09-20,
2010-09-21,
2010-09-22,
2010-09-23,
2010-09-24,
2010-09-27,
2010-09-28,
2010-09-29,
2010-09-30,
2010-10-01,
2010-10-04,
2010-10-05,
2010-10-06,
2010-10-07,
2010-10-08,
2010-10-11,
2010-10-12,
2010-10-13,
2010-10-14,
2010-10-15,
2010-10-18,
2010-10-19,
2010-10-20,
2010-10-21,
2010-10-22,
2010-10-25,
2010-10-26,
2010-10-27,
2010-10-28,
2010-10-29,
2010-11-01,
2010-11-02,
2010-11-03,
2010-11-04,
2010-11-05,
2010-11-08,
2010-11-09,
2010-11-10,
2010-11-11,
2010-11-12,
2010-11-15,
2010-11-16,
2010-11-17,
2010-11-18,
2010-11-19,
2010-11-22,
2010-11-23,
2010-11-24,
2010-11-26,
2010-11-29,
2010-11-30,
2010-12-01,
2010-12-02,
2010-12-03,
2010-12-06,
2010-12-07,
2010-12-08,
2010-12-09,
2010-12-10,
2010-12-13,
2010-12-14,
2010-12-15,
2010-12-16,
2010-12-17,
2010-12-20,
2010-12-21,
2010-12-22,
2010-12-23,
2010-12-27,
2010-12-28,
2010-12-29,
2010-12-30,
2010-12-31,
2011-01-03,
2011-01-04,
2011-01-05,
2011-01-06,
2011-01-07,
2011-01-10,
2011-01-11,
2011-01-12,
2011-01-13,
2011-01-14,
2011-01-18,
2011-01-19,
2011-01-20,
2011-01-21,
2011-01-24,
2011-01-25,
2011-01-26,
2011-01-27,
2011-01-28,
2011-01-31,
2011-02-01,
2011-02-02,
2011-02-03,
2011-02-04,
2011-02-07,
2011-02-08,
2011-02-09,
2011-02-10,
2011-02-11,
2011-02-14,
2011-02-15,
2011-02-16,
2011-02-17,
2011-02-18,
2011-02-22,
2011-02-23,
2011-02-24,
2011-02-25,
2011-02-28,
2011-03-01,
2011-03-02,
2011-03-03,
2011-03-04,
2011-03-07,
2011-03-08,
2011-03-09,
2011-03-10,
2011-03-11,
2011-03-14,
2011-03-15,
2011-03-16,
2011-03-17,
2011-03-18,
2011-03-21,
2011-03-22,
2011-03-23,
2011-03-24,
2011-03-25,
2011-03-28,
2011-03-29,
2011-03-30,
2011-03-31,
2011-04-01,
2011-04-04,
2011-04-05,
2011-04-06,
2011-04-07,
2011-04-08,
2011-04-11,
2011-04-12,
2011-04-13,
2011-04-14,
2011-04-15,
2011-04-18,
2011-04-19,
2011-04-20,
2011-04-21,
2011-04-25,
2011-04-26,
2011-04-27,
2011-04-28,
2011-04-29,
2011-05-02,
2011-05-03,
2011-05-04,
2011-05-05,
2011-05-06,
2011-05-09,
2011-05-10,
2011-05-11,
2011-05-12,
2011-05-13,
2011-05-16,
2011-05-17,
2011-05-18,
2011-05-19,
2011-05-20,
2011-05-23,
2011-05-24,
2011-05-25,
2011-05-26,
2011-05-27,
2011-05-31,
2011-06-01,
2011-06-02,
2011-06-03,
2011-06-06,
2011-06-07,
2011-06-08,
2011-06-09,
2011-06-10,
2011-06-13,
2011-06-14,
2011-06-15,
2011-06-16,
2011-06-17,
2011-06-20,
2011-06-21,
2011-06-22,
2011-06-23,
2011-06-24,
2011-06-27,
2011-06-28,
2011-06-29,
2011-06-30,
2011-07-01,
2011-07-05,
2011-07-06,
2011-07-07,
2011-07-08,
2011-07-11,
2011-07-12,
2011-07-13,
2011-07-14,
2011-07-15,
2011-07-18,
2011-07-19,
2011-07-20,
2011-07-21,
2011-07-22,
2011-07-25,
2011-07-26,
2011-07-27,
2011-07-28,
2011-07-29,
2011-08-01,
2011-08-02,
2011-08-03,
2011-08-04,
2011-08-05,
2011-08-08,
2011-08-09,
2011-08-10,
2011-08-11,
2011-08-12,
2011-08-15,
2011-08-16,
2011-08-17,
2011-08-18,
2011-08-19,
2011-08-22,
2011-08-23,
2011-08-24,
2011-08-25,
2011-08-26,
2011-08-29,
2011-08-30,
2011-08-31,
2011-09-01,
2011-09-02,
2011-09-06,
2011-09-07,
2011-09-08,
2011-09-09,
2011-09-12,
2011-09-13,
2011-09-14,
2011-09-15,
2011-09-16,
2011-09-19,
2011-09-20,
2011-09-21,
2011-09-22,
2011-09-23,
2011-09-26,
2011-09-27,
2011-09-28,
2011-09-29,
2011-09-30,
2011-10-03,
2011-10-04,
2011-10-05,
2011-10-06,
2011-10-07,
2011-10-10,
2011-10-11,
2011-10-12,
2011-10-13,
2011-10-14,
2011-10-17,
2011-10-18,
2011-10-19,
2011-10-20,
2011-10-21,
2011-10-24,
2011-10-25,
2011-10-26,
2011-10-27,
2011-10-28,
2011-10-31,
2011-11-01,
2011-11-02,
2011-11-03,
2011-11-04,
2011-11-07,
2011-11-08,
2011-11-09,
2011-11-10,
2011-11-11,
2011-11-14,
2011-11-15,
2011-11-16,
2011-11-17,
2011-11-18,
2011-11-21,
2011-11-22,
2011-11-23,
2011-11-25,
2011-11-28,
2011-11-29,
2011-11-30,
2011-12-01,
2011-12-02,
2011-12-05,
2011-12-06,
2011-12-07,
2011-12-08,
2011-12-09,
2011-12-12,
2011-12-13,
2011-12-14,
2011-12-15,
2011-12-16,
2011-12-19,
2011-12-20,
2011-12-21,
2011-12-22,
2011-12-23,
2011-12-27,
2011-12-28,
2011-12-29,
2011-12-30,
2012-01-03,
2012-01-04,
2012-01-05,
2012-01-06,
2012-01-09,
2012-01-10,
2012-01-11,
2012-01-12,
2012-01-13,
2012-01-17,
2012-01-18,
2012-01-19,
2012-01-20,
2012-01-23,
2012-01-24,
2012-01-25,
2012-01-26,
2012-01-27,
2012-01-30,
2012-01-31,
2012-02-01,
2012-02-02,
2012-02-03,
2012-02-06,
2012-02-07,
2012-02-08,
2012-02-09,
2012-02-10,
2012-02-13,
2012-02-14,
2012-02-15,
2012-02-16,
2012-02-17,
2012-02-21,
2012-02-22,
2012-02-23,
2012-02-24,
2012-02-27,
2012-02-28,
2012-02-29,
2012-03-01,
2012-03-02,
2012-03-05,
2012-03-06,
2012-03-07,
2012-03-08,
2012-03-09,
2012-03-12,
2012-03-13,
2012-03-14,
2012-03-15,
2012-03-16,
2012-03-19,
2012-03-20,
2012-03-21,
2012-03-22,
2012-03-23,
2012-03-26,
2012-03-27,
2012-03-28,
2012-03-29,
2012-03-30,
2012-04-02,
2012-04-03,
2012-04-04,
2012-04-05,
2012-04-09,
2012-04-10,
2012-04-11,
2012-04-12,
2012-04-13,
2012-04-16,
2012-04-17,
2012-04-18,
2012-04-19,
2012-04-20,
2012-04-23,
2012-04-24,
2012-04-25,
2012-04-26,
2012-04-27,
2012-04-30,
2012-05-01,
2012-05-02,
2012-05-03,
2012-05-04,
2012-05-07,
2012-05-08,
2012-05-09,
2012-05-10,
2012-05-11,
2012-05-14,
2012-05-15,
2012-05-16,
2012-05-17,
2012-05-18,
2012-05-21,
2012-05-22,
2012-05-23,
2012-05-24,
2012-05-25,
2012-05-29,
2012-05-30,
2012-05-31,
2012-06-01,
2012-06-04,
2012-06-05,
2012-06-06,
2012-06-07,
2012-06-08,
2012-06-11,
2012-06-12,
2012-06-13,
2012-06-14,
2012-06-15,
2012-06-18,
2012-06-19,
2012-06-20,
2012-06-21,
2012-06-22,
2012-06-25,
2012-06-26,
2012-06-27,
2012-06-28,
2012-06-29,
2012-07-02,
2012-07-03,
2012-07-05,
2012-07-06,
2012-07-09,
2012-07-10,
2012-07-11,
2012-07-12,
2012-07-13,
2012-07-16,
2012-07-17,
2012-07-18,
2012-07-19,
2012-07-20,
2012-07-23,
2012-07-24,
2012-07-25,
2012-07-26,
2012-07-27,
2012-07-30,
2012-07-31,
2012-08-01,
2012-08-02,
2012-08-03,
2012-08-06,
2012-08-07,
2012-08-08,
2012-08-09,
2012-08-10,
2012-08-13,
2012-08-14,
2012-08-15,
2012-08-16,
2012-08-17,
2012-08-20,
2012-08-21,
2012-08-22,
2012-08-23,
2012-08-24,
2012-08-27,
2012-08-28,
2012-08-29,
2012-08-30,
2012-08-31,
2012-09-04,
2012-09-05,
2012-09-06,
2012-09-07,
2012-09-10,
2012-09-11,
2012-09-12,
2012-09-13,
2012-09-14,
2012-09-17,
2012-09-18,
2012-09-19,
2012-09-20,
2012-09-21,
2012-09-24,
2012-09-25,
2012-09-26,
2012-09-27,
2012-09-28,
2012-10-01,
2012-10-02,
2012-10-03,
2012-10-04,
2012-10-05,
2012-10-08,
2012-10-09,
2012-10-10,
2012-10-11,
2012-10-12,
2012-10-15,
2012-10-16,
2012-10-17,
2012-10-18,
2012-10-19,
2012-10-22,
2012-10-23,
2012-10-24,
2012-10-25,
2012-10-26,
2012-10-31,
2012-11-01,
2012-11-02,
2012-11-05,
2012-11-06,
2012-11-07,
2012-11-08,
2012-11-09,
2012-11-12,
2012-11-13,
2012-11-14,
2012-11-15,
2012-11-16,
2012-11-19,
2012-11-20,
2012-11-21,
2012-11-23,
2012-11-26,
2012-11-27,
2012-11-28,
2012-11-29,
2012-11-30,
2012-12-03,
2012-12-04,
2012-12-05,
2012-12-06,
2012-12-07,
2012-12-10,
2012-12-11,
2012-12-12,
2012-12-13,
2012-12-14,
2012-12-17,
2012-12-18,
2012-12-19,
2012-12-20,
2012-12-21,
2012-12-24,
2012-12-26,
2012-12-27,
2012-12-28,
2012-12-31,
2013-01-02,
2013-01-03,
2013-01-04,
2013-01-07,
2013-01-08,
2013-01-09,
2013-01-10,
2013-01-11,
2013-01-14,
2013-01-15,
2013-01-16,
2013-01-17,
2013-01-18,
2013-01-22,
2013-01-23,
2013-01-24,
2013-01-25,
2013-01-28,
2013-01-29,
2013-01-30,
2013-01-31,
2013-02-01,
2013-02-04,
2013-02-05,
2013-02-06,
2013-02-07,
2013-02-08,
2013-02-11,
2013-02-12,
2013-02-13,
2013-02-14,
2013-02-15,
2013-02-19,
2013-02-20,
2013-02-21,
2013-02-22,
2013-02-25,
2013-02-26,
2013-02-27,
2013-02-28,
2013-03-01,
2013-03-04,
2013-03-05,
2013-03-06,
2013-03-07,
2013-03-08,
2013-03-11,
2013-03-12,
2013-03-13,
2013-03-14,
2013-03-15,
2013-03-18,
2013-03-19,
2013-03-20,
2013-03-21,
2013-03-22,
2013-03-25,
2013-03-26,
2013-03-27,
2013-03-28,
2013-04-01,
2013-04-02,
2013-04-03,
2013-04-04,
2013-04-05,
2013-04-08,
2013-04-09,
2013-04-10,
2013-04-11,
2013-04-12,
2013-04-15,
2013-04-16,
2013-04-17,
2013-04-18,
2013-04-19,
2013-04-22,
2013-04-23,
2013-04-24,
2013-04-25,
2013-04-26,
2013-04-29,
2013-04-30,
2013-05-01,
2013-05-02,
2013-05-03,
2013-05-06,
2013-05-07,
2013-05-08,
2013-05-09,
2013-05-10,
2013-05-13,
2013-05-14,
2013-05-15,
2013-05-16,
2013-05-17,
2013-05-20,
2013-05-21,
2013-05-22,
2013-05-23,
2013-05-24,
2013-05-28,
2013-05-29,
2013-05-30,
2013-05-31,
2013-06-03,
2013-06-04,
2013-06-05,
2013-06-06,
2013-06-07,
2013-06-10,
2013-06-11,
2013-06-12,
2013-06-13,
2013-06-14,
2013-06-17,
2013-06-18,
2013-06-19,
2013-06-20,
2013-06-21,
2013-06-24,
2013-06-25,
2013-06-26,
2013-06-27,
2013-06-28,
2013-07-01,
2013-07-02,
2013-07-03,
2013-07-05,
2013-07-08,
2013-07-09,
2013-07-10,
2013-07-11,
2013-07-12,
2013-07-15,
2013-07-16,
2013-07-17,
2013-07-18,
2013-07-19,
2013-07-22,
2013-07-23,
2013-07-24,
2013-07-25,
2013-07-26,
2013-07-29,
2013-07-30,
2013-07-31,
2013-08-01,
2013-08-02,
2013-08-05,
2013-08-06,
2013-08-07,
2013-08-08,
2013-08-09,
2013-08-12,
2013-08-13,
2013-08-14,
2013-08-15,
2013-08-16,
2013-08-19,
2013-08-20,
2013-08-21,
2013-08-22,
2013-08-23,
2013-08-26,
2013-08-27,
2013-08-28,
2013-08-29,
2013-08-30,
2013-09-03,
2013-09-04,
2013-09-05,
2013-09-06,
2013-09-09,
2013-09-10,
2013-09-11,
2013-09-12,
2013-09-13,
2013-09-16,
2013-09-17,
2013-09-18,
2013-09-19,
2013-09-20,
2013-09-23,
2013-09-24,
2013-09-25,
2013-09-26,
2013-09-27,
2013-09-30,
2013-10-01,
2013-10-02,
2013-10-03,
2013-10-04,
2013-10-07,
2013-10-08,
2013-10-09,
2013-10-10,
2013-10-11,
2013-10-14,
2013-10-15,
2013-10-16,
2013-10-17,
2013-10-18,
2013-10-21,
2013-10-22,
2013-10-23,
2013-10-24,
2013-10-25,
2013-10-28,
2013-10-29,
2013-10-30,
2013-10-31,
2013-11-01,
2013-11-04,
2013-11-05,
2013-11-06,
2013-11-07,
2013-11-08,
2013-11-11,
2013-11-12,
2013-11-13,
2013-11-14,
2013-11-15,
2013-11-18,
2013-11-19,
2013-11-20,
2013-11-21,
2013-11-22,
2013-11-25,
2013-11-26,
2013-11-27,
2013-11-29,
2013-12-02,
2013-12-03,
2013-12-04,
2013-12-05,
2013-12-06,
2013-12-09,
2013-12-10,
2013-12-11,
2013-12-12,
2013-12-13,
2013-12-16,
2013-12-17,
2013-12-18,
2013-12-19,
2013-12-20,
2013-12-23,
2013-12-24,
2013-12-26,
2013-12-27,
2013-12-30,
2013-12-31,
2014-01-02,
2014-01-03,
2014-01-06,
2014-01-07,
2014-01-08,
2014-01-09,
2014-01-10,
2014-01-13,
2014-01-14,
2014-01-15,
2014-01-16,
2014-01-17,
2014-01-21,
2014-01-22,
2014-01-23,
2014-01-24,
2014-01-27,
2014-01-28,
2014-01-29,
2014-01-30,
2014-01-31,
2014-02-03,
2014-02-04,
2014-02-05,
2014-02-06,
2014-02-07,
2014-02-10,
2014-02-11,
2014-02-12,
2014-02-13,
2014-02-14,
2014-02-18,
2014-02-19,
2014-02-20,
2014-02-21,
2014-02-24,
2014-02-25,
2014-02-26,
2014-02-27,
2014-02-28,
2014-03-03,
2014-03-04,
2014-03-05,
2014-03-06,
2014-03-07,
2014-03-10,
2014-03-11,
2014-03-12,
2014-03-13,
2014-03-14,
2014-03-17,
2014-03-18,
2014-03-19,
2014-03-20,
2014-03-21,
2014-03-24,
2014-03-25,
2014-03-26,
2014-03-27,
2014-03-28,
2014-03-31,
2014-04-01,
2014-04-02,
2014-04-03,
2014-04-04,
2014-04-07,
2014-04-08,
2014-04-09,
2014-04-10,
2014-04-11,
2014-04-14,
2014-04-15,
2014-04-16,
2014-04-17,
2014-04-21,
2014-04-22,
2014-04-23,
2014-04-24,
2014-04-25,
2014-04-28,
2014-04-29,
2014-04-30,
2014-05-01,
2014-05-02,
2014-05-05,
2014-05-06,
2014-05-07,
2014-05-08,
2014-05-09,
2014-05-12,
2014-05-13,
2014-05-14,
2014-05-15,
2014-05-16,
2014-05-19,
2014-05-20,
2014-05-21,
2014-05-22,
2014-05-23,
2014-05-27,
2014-05-28,
2014-05-29,
2014-05-30,
2014-06-02,
2014-06-03,
2014-06-04,
2014-06-05,
2014-06-06,
2014-06-09,
2014-06-10,
2014-06-11,
2014-06-12,
2014-06-13,
2014-06-16,
2014-06-17,
2014-06-18,
2014-06-19,
2014-06-20,
2014-06-23,
2014-06-24,
2014-06-25,
2014-06-26,
2014-06-27,
2014-06-30,
2014-07-01,
2014-07-02,
2014-07-03,
2014-07-07,
2014-07-08,
2014-07-09,
2014-07-10,
2014-07-11,
2014-07-14,
2014-07-15,
2014-07-16,
2014-07-17,
2014-07-18,
2014-07-21,
2014-07-22,
2014-07-23,
2014-07-24,
2014-07-25,
2014-07-28,
2014-07-29,
2014-07-30,
2014-07-31,
2014-08-01,
2014-08-04,
2014-08-05,
2014-08-06,
2014-08-07,
2014-08-08,
2014-08-11,
2014-08-12,
2014-08-13,
2014-08-14,
2014-08-15,
2014-08-18,
2014-08-19,
2014-08-20,
2014-08-21,
2014-08-22,
2014-08-25,
2014-08-26,
2014-08-27,
2014-08-28,
2014-08-29,
2014-09-02,
2014-09-03,
2014-09-04,
2014-09-05,
2014-09-08,
2014-09-09,
2014-09-10,
2014-09-11,
2014-09-12,
2014-09-15,
2014-09-16,
2014-09-17,
2014-09-18,
2014-09-19,
2014-09-22,
2014-09-23,
2014-09-24,
2014-09-25,
2014-09-26,
2014-09-29,
2014-09-30,
2014-10-01,
2014-10-02,
2014-10-03,
2014-10-06,
2014-10-07,
2014-10-08,
2014-10-09,
2014-10-10,
2014-10-13,
2014-10-14,
2014-10-15,
2014-10-16,
2014-10-17,
2014-10-20,
2014-10-21,
2014-10-22,
2014-10-23,
2014-10-24,
2014-10-27,
2014-10-28,
2014-10-29,
2014-10-30,
2014-10-31,
2014-11-03,
2014-11-04,
2014-11-05,
2014-11-06,
2014-11-07,
2014-11-10,
2014-11-11,
2014-11-12,
2014-11-13,
2014-11-14,
2014-11-17,
2014-11-18,
2014-11-19,
2014-11-20,
2014-11-21,
2014-11-24,
2014-11-25,
2014-11-26,
2014-11-28,
2014-12-01,
2014-12-02,
2014-12-03,
2014-12-04,
2014-12-05,
2014-12-08,
2014-12-09,
2014-12-10,
2014-12-11,
2014-12-12,
2014-12-15,
2014-12-16,
2014-12-17,
2014-12-18,
2014-12-19,
2014-12-22,
2014-12-23,
2014-12-24,
2014-12-26,
2014-12-29,
2014-12-30,
2014-12-31,
2015-01-02,
2015-01-05,
2015-01-06,
2015-01-07,
2015-01-08,
2015-01-09,
2015-01-12,
2015-01-13,
2015-01-14,
2015-01-15,
2015-01-16,
2015-01-20,
2015-01-21,
2015-01-22,
2015-01-23,
2015-01-26,
2015-01-27,
2015-01-28,
2015-01-29,
2015-01-30,
2015-02-02,
2015-02-03,
2015-02-04,
2015-02-05,
2015-02-06,
2015-02-09,
2015-02-10,
2015-02-11,
2015-02-12,
2015-02-13,
2015-02-17,
2015-02-18,
2015-02-19,
2015-02-20,
2015-02-23,
2015-02-24,
2015-02-25,
2015-02-26,
2015-02-27,
2015-03-02,
2015-03-03,
2015-03-04,
2015-03-05,
2015-03-06,
2015-03-09,
2015-03-10,
2015-03-11,
2015-03-12,
2015-03-13,
2015-03-16,
2015-03-17,
2015-03-18,
2015-03-19,
2015-03-20,
2015-03-23,
2015-03-24,
2015-03-25,
2015-03-26,
2015-03-27,
2015-03-30,
2015-03-31,
2015-04-01,
2015-04-02,
2015-04-06,
2015-04-07,
2015-04-08,
2015-04-09,
2015-04-10,
2015-04-13,
2015-04-14,
2015-04-15,
2015-04-16,
2015-04-17,
2015-04-20,
2015-04-21,
2015-04-22,
2015-04-23,
2015-04-24,
2015-04-27,
2015-04-28,
2015-04-29,
2015-04-30,
2015-05-01,
2015-05-04,
2015-05-05,
2015-05-06,
2015-05-07,
2015-05-08,
2015-05-11,
2015-05-12,
2015-05-13,
2015-05-14,
2015-05-15,
2015-05-18,
2015-05-19,
2015-05-20,
2015-05-21,
2015-05-22,
2015-05-26,
2015-05-27,
2015-05-28,
2015-05-29,
2015-06-01,
2015-06-02,
2015-06-03,
2015-06-04,
2015-06-05,
2015-06-08,
2015-06-09,
2015-06-10,
2015-06-11,
2015-06-12,
2015-06-15,
2015-06-16,
2015-06-17,
2015-06-18,
2015-06-19,
2015-06-22,
2015-06-23,
2015-06-24,
2015-06-25,
2015-06-26,
2015-06-29,
2015-06-30,
2015-07-01,
2015-07-02,
2015-07-06,
2015-07-07,
2015-07-08,
2015-07-09,
2015-07-10,
2015-07-13,
2015-07-14,
2015-07-15,
2015-07-16,
2015-07-17,
2015-07-20,
2015-07-21,
2015-07-22,
2015-07-23,
2015-07-24,
2015-07-27,
2015-07-28,
2015-07-29,
2015-07-30,
2015-07-31,
2015-08-03,
2015-08-04,
2015-08-05,
2015-08-06,
2015-08-07,
2015-08-10,
2015-08-11,
2015-08-12,
2015-08-13,
2015-08-14,
2015-08-17,
2015-08-18,
2015-08-19,
2015-08-20,
2015-08-21,
2015-08-24,
2015-08-25,
2015-08-26,
2015-08-27,
2015-08-28,
2015-08-31,
2015-09-01,
2015-09-02,
2015-09-03,
2015-09-04,
2015-09-08,
2015-09-09,
2015-09-10,
2015-09-11,
2015-09-14,
2015-09-15,
2015-09-16,
2015-09-17,
2015-09-18,
2015-09-21,
2015-09-22,
2015-09-23,
2015-09-24,
2015-09-25,
2015-09-28,
2015-09-29,
2015-09-30,
2015-10-01,
2015-10-02,
2015-10-05,
2015-10-06,
2015-10-07,
2015-10-08,
2015-10-09,
2015-10-12,
2015-10-13,
2015-10-14,
2015-10-15,
2015-10-16,
2015-10-19,
2015-10-20,
2015-10-21,
2015-10-22,
2015-10-23,
2015-10-26,
2015-10-27,
2015-10-28,
2015-10-29,
2015-10-30,
2015-11-02,
2015-11-03,
2015-11-04,
2015-11-05,
2015-11-06,
2015-11-09,
2015-11-10,
2015-11-11,
2015-11-12,
2015-11-13,
2015-11-16,
2015-11-17,
2015-11-18,
2015-11-19,
2015-11-20,
2015-11-23,
2015-11-24,
2015-11-25,
2015-11-27,
2015-11-30,
2015-12-01,
2015-12-02,
2015-12-03,
2015-12-04,
2015-12-07,
2015-12-08,
2015-12-09,
2015-12-10,
2015-12-11,
2015-12-14,
2015-12-15,
2015-12-16,
2015-12-17,
2015-12-18,
2015-12-21,
2015-12-22,
2015-12-23,
2015-12-24,
2015-12-28,
2015-12-29,
2015-12-30,
2015-12-31,
2016-01-04,
2016-01-05,
2016-01-06,
2016-01-07,
2016-01-08,
2016-01-11,
2016-01-12,
2016-01-13,
2016-01-14,
2016-01-15,
2016-01-19,
2016-01-20,
2016-01-21,
2016-01-22,
2016-01-25,
2016-01-26,
2016-01-27,
2016-01-28,
2016-01-29,
2016-02-01,
2016-02-02,
2016-02-03,
2016-02-04,
2016-02-05,
2016-02-08,
2016-02-09,
2016-02-10,
2016-02-11,
2016-02-12,
2016-02-16,
2016-02-17,
2016-02-18,
2016-02-19,
2016-02-22,
2016-02-23,
2016-02-24,
2016-02-25,
2016-02-26,
2016-02-29,
2016-03-01,
2016-03-02,
2016-03-03,
2016-03-04,
2016-03-07,
2016-03-08,
2016-03-09,
2016-03-10,
2016-03-11,
2016-03-14,
2016-03-15,
2016-03-16,
2016-03-17,
2016-03-18,
2016-03-21,
2016-03-22,
2016-03-23,
2016-03-24,
2016-03-28,
2016-03-29,
2016-03-30,
2016-03-31,
2016-04-01,
2016-04-04,
2016-04-05,
2016-04-06,
2016-04-07,
2016-04-08,
2016-04-11,
2016-04-12,
2016-04-13,
2016-04-14,
2016-04-15,
2016-04-18,
2016-04-19,
2016-04-20,
2016-04-21,
2016-04-22,
2016-04-25,
2016-04-26,
2016-04-27,
2016-04-28,
2016-04-29,
2016-05-02,
2016-05-03,
2016-05-04,
2016-05-05,
2016-05-06,
2016-05-09,
2016-05-10,
2016-05-11,
2016-05-12,
2016-05-13,
2016-05-16,
2016-05-17,
2016-05-18,
2016-05-19,
2016-05-20,
2016-05-23,
2016-05-24,
2016-05-25,
2016-05-26,
2016-05-27,
2016-05-31,
2016-06-01,
2016-06-02,
2016-06-03,
2016-06-06,
2016-06-07,
2016-06-08,
2016-06-09,
2016-06-10,
2016-06-13,
2016-06-14,
2016-06-15,
2016-06-16,
2016-06-17,
2016-06-20,
2016-06-21,
2016-06-22,
2016-06-23,
2016-06-24,
2016-06-27,
2016-06-28,
2016-06-29,
2016-06-30,
2016-07-01,
2016-07-05,
2016-07-06,
2016-07-07,
2016-07-08,
2016-07-11,
2016-07-12,
2016-07-13,
2016-07-14,
2016-07-15,
2016-07-18,
2016-07-19,
2016-07-20,
2016-07-21,
2016-07-22,
2016-07-25,
2016-07-26,
2016-07-27,
2016-07-28,
2016-07-29,
2016-08-01,
2016-08-02,
2016-08-03,
2016-08-04,
2016-08-05,
2016-08-08,
2016-08-09,
2016-08-10,
2016-08-11,
2016-08-12,
2016-08-15,
2016-08-16,
2016-08-17,
2016-08-18,
2016-08-19,
2016-08-22,
2016-08-23,
2016-08-24,
2016-08-25,
2016-08-26,
2016-08-29,
2016-08-30,
2016-08-31,
2016-09-01,
2016-09-02,
2016-09-06,
2016-09-07,
2016-09-08,
2016-09-09,
2016-09-12,
2016-09-13,
2016-09-14,
2016-09-15,
2016-09-16,
2016-09-19,
2016-09-20,
2016-09-21,
2016-09-22,
2016-09-23,
2016-09-26,
2016-09-27,
2016-09-28,
2016-09-29,
2016-09-30,
2016-10-03,
2016-10-04,
2016-10-05,
2016-10-06,
2016-10-07,
2016-10-10,
2016-10-11,
2016-10-12,
2016-10-13,
2016-10-14,
2016-10-17,
2016-10-18,
2016-10-19,
2016-10-20,
2016-10-21,
2016-10-24,
2016-10-25,
2016-10-26,
2016-10-27,
2016-10-28,
2016-10-31,
2016-11-01,
2016-11-02,
2016-11-03,
2016-11-04,
2016-11-07,
2016-11-08,
2016-11-09,
2016-11-10,
2016-11-11,
2016-11-14,
2016-11-15,
2016-11-16,
2016-11-17,
2016-11-18,
2016-11-21,
2016-11-22,
2016-11-23,
2016-11-25,
2016-11-28,
2016-11-29,
2016-11-30,
2016-12-01,
2016-12-02,
2016-12-05,
2016-12-06,
2016-12-07,
2016-12-08,
2016-12-09,
2016-12-12,
2016-12-13,
2016-12-14,
2016-12-15,
2016-12-16,
2016-12-19,
2016-12-20,
2016-12-21,
2016-12-22,
2016-12-23,
2016-12-27,
2016-12-28,
2016-12-29,
2016-12-30,
2017-01-03,
2017-01-04,
2017-01-05,
2017-01-06,
2017-01-09,
2017-01-10,
2017-01-11,
2017-01-12,
2017-01-13,
2017-01-17,
2017-01-18,
2017-01-19,
2017-01-20,
2017-01-23,
2017-01-24,
2017-01-25,
2017-01-26,
2017-01-27,
2017-01-30,
2017-01-31,
2017-02-01,
2017-02-02,
2017-02-03,
2017-02-06,
2017-02-07,
2017-02-08,
2017-02-09,
2017-02-10,
2017-02-13,
2017-02-14,
2017-02-15,
2017-02-16,
2017-02-17,
2017-02-21,
2017-02-22,
2017-02-23,
2017-02-24,
2017-02-27,
2017-02-28,
2017-03-01,
2017-03-02,
2017-03-03,
2017-03-06,
2017-03-07,
2017-03-08,
2017-03-09,
2017-03-10,
2017-03-13,
2017-03-14,
2017-03-15,
2017-03-16,
2017-03-17,
2017-03-20,
2017-03-21,
2017-03-22,
2017-03-23,
2017-03-24,
2017-03-27,
2017-03-28,
2017-03-29,
2017-03-30,
2017-03-31,
2017-04-03,
2017-04-04,
2017-04-05,
2017-04-06,
2017-04-07,
2017-04-10,
2017-04-11,
2017-04-12,
2017-04-13,
2017-04-17,
2017-04-18,
2017-04-19,
2017-04-20,
2017-04-21,
2017-04-24,
2017-04-25,
2017-04-26,
2017-04-27,
2017-04-28,
2017-05-01,
2017-05-02,
2017-05-03,
2017-05-04,
2017-05-05,
2017-05-08,
2017-05-09,
2017-05-10,
2017-05-11,
2017-05-12,
2017-05-15,
2017-05-16,
2017-05-17,
2017-05-18,
2017-05-19,
2017-05-22,
2017-05-23,
2017-05-24,
2017-05-25,
2017-05-26,
2017-05-30,
2017-05-31,
2017-06-01,
2017-06-02,
2017-06-05,
2017-06-06,
2017-06-07,
2017-06-08,
2017-06-09,
2017-06-12,
2017-06-13,
2017-06-14,
2017-06-15,
2017-06-16,
2017-06-19,
2017-06-20,
2017-06-21,
2017-06-22,
2017-06-23,
2017-06-26,
2017-06-27,
2017-06-28,
2017-06-29,
2017-06-30,
2017-07-03,
2017-07-05,
2017-07-06,
2017-07-07,
2017-07-10,
2017-07-11,
2017-07-12,
2017-07-13,
2017-07-14,
2017-07-17,
2017-07-18,
2017-07-19,
2017-07-20,
2017-07-21,
2017-07-24,
2017-07-25,
2017-07-26,
2017-07-27,
2017-07-28,
2017-07-31,
2017-08-01,
2017-08-02,
2017-08-03,
2017-08-04,
2017-08-07,
2017-08-08,
2017-08-09,
2017-08-10,
2017-08-11,
2017-08-14,
2017-08-15,
2017-08-16,
2017-08-17,
2017-08-18,
2017-08-21,
2017-08-22,
2017-08-23,
2017-08-24,
2017-08-25,
2017-08-28,
2017-08-29,
2017-08-30,
2017-08-31,
2017-09-01,
2017-09-05,
2017-09-06,
2017-09-07,
2017-09-08,
2017-09-11,
2017-09-12,
2017-09-13,
2017-09-14,
2017-09-15,
2017-09-18,
2017-09-19,
2017-09-20,
2017-09-21,
2017-09-22,
2017-09-25,
2017-09-26,
2017-09-27,
2017-09-28,
2017-09-29,
2017-10-02,
2017-10-03,
2017-10-04,
2017-10-05,
2017-10-06,
2017-10-09,
2017-10-10,
2017-10-11,
2017-10-12,
2017-10-13,
2017-10-16,
2017-10-17,
2017-10-18,
2017-10-19,
2017-10-20,
2017-10-23,
2017-10-24,
2017-10-25,
2017-10-26,
2017-10-27,
2017-10-30,
2017-10-31,
2017-11-01,
2017-11-02,
2017-11-03,
2017-11-06,
2017-11-07,
2017-11-08,
2017-11-09,
2017-11-10,
2017-11-13,
2017-11-14,
2017-11-15,
2017-11-16,
2017-11-17,
2017-11-20,
2017-11-21,
2017-11-22,
2017-11-24,
2017-11-27,
2017-11-28,
2017-11-29,
2017-11-30,
2017-12-01,
2017-12-04,
2017-12-05,
2017-12-06,
2017-12-07,
2017-12-08,
2017-12-11,
2017-12-12,
2017-12-13,
2017-12-14,
2017-12-15,
2017-12-18,
2017-12-19,
2017-12-20,
2017-12-21,
2017-12-22,
2017-12-26,
2017-12-27,
2017-12-28,
2017-12-29,
2018-01-02,
2018-01-03,
2018-01-04,
2018-01-05,
2018-01-08,
2018-01-09,
2018-01-10,
2018-01-11,
2018-01-12,
2018-01-16,
2018-01-17,
2018-01-18,
2018-01-19,
2018-01-22,
2018-01-23,
2018-01-24,
2018-01-25,
2018-01-26,
2018-01-29,
2018-01-30,
2018-01-31,
2018-02-01,
2018-02-02,
2018-02-05,
2018-02-06,
2018-02-07,
2018-02-08,
2018-02-09,
2018-02-12,
2018-02-13,
2018-02-14,
2018-02-15,
2018-02-16,
2018-02-20,
2018-02-21,
2018-02-22,
2018-02-23,
2018-02-26,
2018-02-27,
2018-02-28,
2018-03-01,
2018-03-02,
2018-03-05,
2018-03-06,
2018-03-07,
2018-03-08,
2018-03-09,
2018-03-12,
2018-03-13,
2018-03-14,
2018-03-15,
2018-03-16,
2018-03-19,
2018-03-20,
2018-03-21,
2018-03-22,
2018-03-23,
2018-03-26,
2018-03-27,
2018-03-28,
2018-03-29,
2018-04-02,
2018-04-03,
2018-04-04,
2018-04-05,
2018-04-06,
2018-04-09,
2018-04-10,
2018-04-11,
2018-04-12,
2018-04-13,
2018-04-16,
2018-04-17,
2018-04-18,
2018-04-19,
2018-04-20,
2018-04-23,
2018-04-24,
2018-04-25,
2018-04-26,
2018-04-27,
2018-04-30,
2018-05-01,
2018-05-02,
2018-05-03,
2018-05-04,
2018-05-07,
2018-05-08,
2018-05-09,
2018-05-10,
2018-05-11,
2018-05-14,
2018-05-15,
2018-05-16,
2018-05-17,
2018-05-18,
2018-05-21,
2018-05-22,
2018-05-23,
2018-05-24,
2018-05-25,
2018-05-29,
2018-05-30,
2018-05-31,
2018-06-01,
2018-06-04,
2018-06-05,
2018-06-06,
2018-06-07,
2018-06-08,
2018-06-11,
2018-06-12,
2018-06-13,
2018-06-14,
2018-06-15,
2018-06-18,
2018-06-19,
2018-06-20,
2018-06-21,
2018-06-22,
2018-06-25,
2018-06-26,
2018-06-27,
2018-06-28,
2018-06-29,
2018-07-02,
2018-07-03,
2018-07-05,
2018-07-06,
2018-07-09,
2018-07-10,
2018-07-11,
2018-07-12,
2018-07-13,
2018-07-16,
2018-07-17,
2018-07-18,
2018-07-19,
2018-07-20,
2018-07-23,
2018-07-24,
2018-07-25,
2018-07-26,
2018-07-27,
2018-07-30,
2018-07-31,
2018-08-01,
2018-08-02,
2018-08-03,
2018-08-06,
2018-08-07,
2018-08-08,
2018-08-09,
2018-08-10,
2018-08-13,
2018-08-14,
2018-08-15,
2018-08-16,
2018-08-17,
2018-08-20,
2018-08-21,
2018-08-22,
2018-08-23,
2018-08-24,
2018-08-27,
2018-08-28,
2018-08-29,
2018-08-30,
2018-08-31,
2018-09-04,
2018-09-05,
2018-09-06,
2018-09-07,
2018-09-10,
2018-09-11,
2018-09-12,
2018-09-13,
2018-09-14,
2018-09-17,
2018-09-18,
2018-09-19,
2018-09-20,
2018-09-21,
2018-09-24,
2018-09-25,
2018-09-26,
2018-09-27,
2018-09-28,
2018-10-01,
2018-10-02,
2018-10-03,
2018-10-04,
2018-10-05,
2018-10-08,
2018-10-09,
2018-10-10,
2018-10-11,
2018-10-12,
2018-10-15,
2018-10-16,
2018-10-17,
2018-10-18,
2018-10-19,
2018-10-22,
2018-10-23,
2018-10-24,
2018-10-25,
2018-10-26,
2018-10-29,
2018-10-30,
2018-10-31,
2018-11-01,
2018-11-02,
2018-11-05,
2018-11-06,
2018-11-07,
2018-11-08,
2018-11-09,
2018-11-12,
2018-11-13,
2018-11-14,
2018-11-15,
2018-11-16,
2018-11-19,
2018-11-20,
2018-11-21,
2018-11-23,
2018-11-26,
2018-11-27,
2018-11-28,
2018-11-29,
2018-11-30,
2018-12-03,
2018-12-04,
2018-12-06,
2018-12-07,
2018-12-10,
2018-12-11,
2018-12-12,
2018-12-13,
2018-12-14,
2018-12-17,
2018-12-18,
2018-12-19,
2018-12-20,
2018-12-21,
2018-12-24,
2018-12-26,
2018-12-27,
2018-12-28,
2018-12-31,
2019-01-02,
2019-01-03,
2019-01-04,
2019-01-07,
2019-01-08,
2019-01-09,
2019-01-10,
2019-01-11,
2019-01-14,
2019-01-15,
2019-01-16,
2019-01-17,
2019-01-18,
2019-01-22,
2019-01-23,
2019-01-24,
2019-01-25,
2019-01-28,
2019-01-29,
2019-01-30,
2019-01-31,
2019-02-01,
2019-02-04,
2019-02-05,
2019-02-06,
2019-02-07,
2019-02-08,
2019-02-11,
2019-02-12,
2019-02-13,
2019-02-14,
2019-02-15,
2019-02-19,
2019-02-20,
2019-02-21,
2019-02-22,
2019-02-25,
2019-02-26,
2019-02-27,
2019-02-28,
2019-03-01,
2019-03-04,
2019-03-05,
2019-03-06,
2019-03-07,
2019-03-08,
2019-03-11,
2019-03-12,
2019-03-13,35.49397277832031
2019-03-14,36.18212127685547
2019-03-15,37.14190673828125
2019-03-18,36.99702835083008
2019-03-19,35.810874938964844
2019-03-20,34.04523468017578
2019-03-21,35.20423126220703
2019-03-22,33.91847610473633
2019-03-25,33.00395965576172
2019-03-26,33.239376068115234
2019-03-27,32.77759552001953
2019-03-28,32.297698974609375
2019-03-29,32.487850189208984
2019-04-01,32.732322692871094
2019-04-02,32.32486343383789
2019-04-03,32.14377975463867
2019-04-04,32.6236686706543
2019-04-05,33.48385238647461
2019-04-08,33.366146087646484
2019-04-09,33.402366638183594
2019-04-10,32.53312301635742
2019-04-11,32.967742919921875
2019-04-12,33.456695556640625
2019-04-15,33.48385238647461
2019-04-16,33.692108154296875
2019-04-17,34.597572326660156
2019-04-18,34.33498001098633
2019-04-22,33.719268798828125
2019-04-23,34.04523468017578
2019-04-24,33.90941619873047
2019-04-25,34.081451416015625
2019-04-26,34.32593536376953
2019-04-29,35.06840896606445
2019-04-30,34.86014938354492
2019-05-01,35.07746124267578
2019-05-02,33.35708999633789
2019-05-03,33.52007293701172
2019-05-06,33.782657623291016
2019-05-07,33.230323791503906
2019-05-08,33.33898162841797
2019-05-09,34.380252838134766
2019-05-10,34.452701568603516
2019-05-13,33.95469665527344
2019-05-14,33.936588287353516
2019-05-15,33.7102165222168
2019-05-16,32.886253356933594
2019-05-17,33.56056213378906
2019-05-20,33.42387390136719
2019-05-21,33.87949752807617
2019-05-22,33.41476058959961
2019-05-23,33.26896667480469
2019-05-24,33.214290618896484
2019-05-28,32.95003890991211
2019-05-29,32.16637420654297
2019-05-30,31.719879150390625
2019-05-31,31.62874984741211
2019-06-03,30.781309127807617
2019-06-04,31.06378746032715
2019-06-05,31.00000762939453
2019-06-06,30.744855880737305
2019-06-07,30.690189361572266
2019-06-10,30.744855880737305
2019-06-11,30.826875686645508
2019-06-12,31.619638442993164
2019-06-13,31.838333129882812
2019-06-14,31.85655975341797
2019-06-17,32.62199401855469
2019-06-18,32.64933395385742
2019-06-19,32.56732177734375
2019-06-20,32.21193313598633
2019-06-21,32.69489669799805
2019-06-24,32.38507080078125
2019-06-25,32.06613540649414
2019-06-26,32.17548751831055
2019-06-27,32.57643127441406
2019-06-28,33.28718948364258
2019-07-01,32.767784118652344
2019-07-02,33.28718948364258
2019-07-03,33.123165130615234
2019-07-05,33.31452560424805
2019-07-08,32.922706604003906
2019-07-09,32.81334686279297
2019-07-10,32.93181228637695
2019-07-11,33.08671951293945
2019-07-12,33.679012298583984
2019-07-15,33.75191879272461
2019-07-16,33.432979583740234
2019-07-17,32.959144592285156
2019-07-18,33.36009216308594
2019-07-19,33.214290618896484
2019-07-22,33.0958366394043
2019-07-23,33.26896667480469
2019-07-24,33.615238189697266
2019-07-25,34.107295989990234
2019-07-26,34.16197204589844
2019-07-29,34.34421157836914
2019-07-30,34.49000549316406
2019-07-31,33.89771270751953
2019-08-01,33.56967544555664
2019-08-02,33.31452560424805
2019-08-05,32.80424118041992
2019-08-06,33.168731689453125
2019-08-07,33.52411651611328
2019-08-08,31.893007278442383
2019-08-09,32.230159759521484
2019-08-12,31.719879150390625
2019-08-13,31.893007278442383
2019-08-14,30.671966552734375
2019-08-15,29.89742088317871
2019-08-16,30.07966423034668
2019-08-19,30.617286682128906
2019-08-20,30.398597717285156
2019-08-21,30.20724105834961
2019-08-22,29.906532287597656
2019-08-23,28.64903450012207
2019-08-26,28.89506721496582
2019-08-27,28.81305694580078
2019-08-28,28.75838279724121
2019-08-29,29.569377899169922
2019-08-30,29.8883056640625
2019-09-03,29.75983238220215
2019-09-04,30.475610733032227
2019-09-05,31.11797523498535
2019-09-06,31.081266403198242
2019-09-09,31.191387176513672
2019-09-10,31.402454376220703
2019-09-11,31.17304229736328
2019-09-12,30.92526626586914
2019-09-13,30.93444061279297
2019-09-16,30.732555389404297
2019-09-17,30.117721557617188
2019-09-18,29.82406997680664
2019-09-19,29.337703704833984
2019-09-20,29.43865394592285
2019-09-23,29.530414581298828
2019-09-24,28.933937072753906
2019-09-25,29.365234375
2019-09-26,28.878875732421875
2019-09-27,28.888051986694336
2019-09-30,28.943113327026367
2019-10-01,28.612756729125977
2019-10-02,27.81438636779785
2019-10-03,27.887800216674805
2019-10-04,27.974977493286133
2019-10-07,27.979568481445312
2019-10-08,27.562028884887695
2019-10-09,27.76850128173828
2019-10-10,27.9199161529541
2019-10-11,28.59440040588379
2019-10-14,28.456750869750977
2019-10-15,28.851348876953125
2019-10-16,28.984403610229492
2019-10-17,28.897232055664062
2019-10-18,28.92934799194336
2019-10-21,29.447826385498047
2019-10-22,30.071842193603516
2019-10-23,29.925016403198242
2019-10-24,28.99817657470703
2019-10-25,29.08994483947754
2019-10-28,29.557947158813477
2019-10-29,29.411121368408203
2019-10-30,28.77793312072754
2019-10-31,28.667814254760742
2019-11-01,29.236764907836914
2019-11-04,29.273473739624023
2019-11-05,29.502887725830078
2019-11-06,29.668067932128906
2019-11-07,31.42998504638672
2019-11-08,31.59516716003418
2019-11-11,31.402454376220703
2019-11-12,31.026208877563477
2019-11-13,30.805971145629883
2019-11-14,30.695852279663086
2019-11-15,30.82891273498535
2019-11-18,31.622692108154297
2019-11-19,32.51282501220703
2019-11-20,32.1136360168457
2019-11-21,31.916339874267578
2019-11-22,32.00352478027344
2019-11-25,31.980575561523438
2019-11-26,32.29258346557617
2019-11-27,32.145755767822266
2019-11-29,32.099884033203125
2019-12-02,31.94845962524414
2019-12-03,31.521743774414062
2019-12-04,31.787864685058594
2019-12-05,31.783279418945312
2019-12-06,31.751161575317383
2019-12-09,31.925519943237305
2019-12-10,32.0448112487793
2019-12-11,32.38435745239258
2019-12-12,32.99918746948242
2019-12-13,32.90741729736328
2019-12-16,32.9349479675293
2019-12-17,33.25613784790039
2019-12-18,33.035892486572266
2019-12-19,33.08177947998047
2019-12-20,33.2377815246582
2019-12-23,33.61402130126953
2019-12-24,33.494720458984375
2019-12-26,33.77002716064453
2019-12-27,33.701202392578125
2019-12-30,33.439659118652344
2019-12-31,33.402957916259766
2020-01-02,33.4580192565918
2020-01-03,33.127655029296875
2020-01-06,33.049652099609375
2020-01-07,33.46718978881836
2020-01-08,33.42131423950195
2020-01-09,33.494720458984375
2020-01-10,33.1138916015625
2020-01-13,33.311195373535156
2020-01-14,33.531436920166016
2020-01-15,33.7608528137207
2020-01-16,35.08228302001953
2020-01-17,35.39888000488281
2020-01-21,35.247467041015625
2020-01-22,35.23828125
2020-01-23,33.861793518066406
2020-01-24,33.072601318359375
2020-01-27,33.375423431396484
2020-01-28,33.60483932495117
2020-01-29,33.02671813964844
2020-01-30,33.4580192565918
2020-01-31,33.33872604370117
2020-02-03,33.797550201416016
2020-02-04,34.320621490478516
2020-02-05,34.80699157714844
2020-02-06,33.494720458984375
2020-02-07,33.375423431396484
2020-02-10,33.75166702270508
2020-02-11,33.595672607421875
2020-02-12,34.10038375854492
2020-02-13,34.43074035644531
2020-02-14,34.238037109375
2020-02-18,34.15544509887695
2020-02-19,34.43991470336914
2020-02-20,33.531436920166016
2020-02-21,32.57706069946289
2020-02-24,31.448333740234375
2020-02-25,30.12689971923828
2020-02-26,29.7322998046875
2020-02-27,28.438398361206055
2020-02-28,27.942859649658203
2020-03-02,29.17253303527832
2020-03-03,28.386831283569336
2020-03-04,28.349855422973633
2020-03-05,26.917116165161133
2020-03-06,26.362503051757812
2020-03-09,25.07765007019043
2020-03-10,26.5843448638916
2020-03-11,25.438148498535156
2020-03-12,23.626420974731445
2020-03-13,23.460037231445312
2020-03-16,21.435705184936523
2020-03-17,21.99031639099121
2020-03-18,19.79036521911621
2020-03-19,20.280269622802734
2020-03-20,18.533245086669922
2020-03-23,18.311399459838867
2020-03-24,20.01220703125
2020-03-25,21.57436180114746
2020-03-26,22.73904037475586
2020-03-27,20.372703552246094
2020-03-30,21.971832275390625
2020-03-31,21.14915657043457
2020-04-01,19.933637619018555
2020-04-02,20.187835693359375
2020-04-03,19.95674705505371
2020-04-06,22.60038948059082
2020-04-07,23.081056594848633
2020-04-08,23.86675453186035
2020-04-09,23.700368881225586
2020-04-13,23.478525161743164
2020-04-14,24.042375564575195
2020-04-15,23.26592445373535
2020-04-16,23.228952407836914
2020-04-17,24.245737075805664
2020-04-20,23.74658966064453
2020-04-21,23.155000686645508
2020-04-22,22.72980308532715
2020-04-23,22.60038948059082
2020-04-24,22.66509437561035
2020-04-27,24.042375564575195
2020-04-28,24.92975616455078
2020-04-29,25.835622787475586
2020-04-30,23.626420974731445
2020-05-01,23.12727165222168
2020-05-04,22.766773223876953
2020-05-05,22.0457820892334
2020-05-06,22.748287200927734
2020-05-07,23.11802864074707
2020-05-08,23.78356170654297
2020-05-11,23.524738311767578
2020-05-12,23.00710678100586
2020-05-13,22.239896774291992
2020-05-14,23.219703674316406
2020-05-15,23.570960998535156
2020-05-18,24.823453903198242
2020-05-19,24.90202522277832
2020-05-20,25.29949951171875
2020-05-21,25.170085906982422
2020-05-22,25.29949951171875
2020-05-26,26.427204132080078
2020-05-27,27.08349609375
2020-05-28,26.49190902709961
2020-05-29,26.60283088684082
2020-06-01,26.935598373413086
2020-06-02,26.6860294342041
2020-06-03,27.93389892578125
2020-06-04,27.67970085144043
2020-06-05,27.961627960205078
2020-06-08,29.2834529876709
2020-06-09,28.035579681396484
2020-06-10,27.48096466064453
2020-06-11,25.530588150024414
2020-06-12,25.835622787475586
2020-06-15,26.676780700683594
2020-06-16,25.900327682495117
2020-06-17,25.65999412536621
2020-06-18,26.49190902709961
2020-06-19,25.7154541015625
2020-06-22,25.512100219726562
2020-06-23,25.706212997436523
2020-06-24,24.96673011779785
2020-06-25,24.726398468017578
2020-06-26,23.80204963684082
2020-06-29,24.763376235961914
2020-06-30,24.80959129333496
2020-07-01,24.878921508789062
2020-07-02,24.54153060913086
2020-07-06,24.523042678833008
2020-07-07,23.820533752441406
2020-07-08,23.469280242919922
2020-07-09,22.601316452026367
2020-07-10,23.469280242919922
2020-07-13,23.155000686645508
2020-07-14,23.228952407836914
2020-07-15,24.264225006103516
2020-07-16,24.398256301879883
2020-07-17,23.3491153717041
2020-07-20,22.94240379333496
2020-07-21,23.43230628967285
2020-07-22,23.91297149658203
2020-07-23,24.15329933166504
2020-07-24,24.486066818237305
2020-07-27,23.74658966064453
2020-07-28,23.76507568359375
2020-07-29,23.95918846130371
2020-07-30,23.922212600708008
2020-07-31,23.820533752441406
2020-08-03,24.264225006103516
2020-08-04,24.689424514770508
2020-08-05,22.970130920410156
2020-08-06,23.25667953491211
2020-08-07,23.00710678100586
2020-08-10,22.8129940032959
2020-08-11,23.053325653076172
2020-08-12,23.30289649963379
2020-08-13,23.74658966064453
2020-08-14,23.86675453186035
2020-08-17,23.76507568359375
2020-08-18,23.788179397583008
2020-08-19,23.95918846130371
2020-08-20,23.95918846130371
2020-08-21,24.042375564575195
2020-08-24,25.00370216369629
2020-08-25,24.920513153076172
2020-08-26,25.09613609313965
2020-08-27,25.549072265625
2020-08-28,25.807889938354492
2020-08-31,25.69696807861328
2020-09-01,25.622400283813477
2020-09-02,26.08843421936035
2020-09-03,25.64104461669922
2020-09-04,25.874059677124023
2020-09-08,25.948623657226562
2020-09-09,26.368053436279297
2020-09-10,26.237564086914062
2020-09-11,26.228242874145508
2020-09-14,26.750202178955078
2020-09-15,26.694272994995117
2020-09-16,27.45856475830078
2020-09-17,26.81544303894043
2020-09-18,26.097755432128906
2020-09-21,25.06316375732422
2020-09-22,25.11908721923828
2020-09-23,24.21498680114746
2020-09-24,24.438682556152344
2020-09-25,24.960641860961914
2020-09-28,26.004545211791992
2020-09-29,25.92998504638672
2020-09-30,26.069795608520508
2020-10-01,26.293485641479492
2020-10-02,26.256202697753906
2020-10-05,26.927291870117188
2020-10-06,26.20960235595703
2020-10-07,27.13234519958496
2020-10-08,27.617015838623047
2020-10-09,27.216228485107422
2020-10-12,27.150985717773438
2020-10-13,25.603761672973633
2020-10-14,25.286861419677734
2020-10-15,25.352108001708984
2020-10-16,25.277538299560547
2020-10-19,24.466644287109375
2020-10-20,24.401399612426758
2020-10-21,24.93267822265625
2020-10-22,25.547840118408203
2020-10-23,25.105106353759766
2020-10-26,24.401399612426758
2020-10-27,24.22896957397461
2020-10-28,23.320209503173828
2020-10-29,23.665069580078125
2020-10-30,24.364116668701172
2020-11-02,25.06316375732422
2020-11-03,24.886072158813477
2020-11-04,23.702356338500977
2020-11-05,24.578495025634766
2020-11-06,23.86546516418457
2020-11-09,24.41071891784668
2020-11-10,24.886072158813477
2020-11-11,25.305498123168945
2020-11-12,23.72099494934082
2020-11-13,24.429363250732422
2020-11-16,24.93267822265625
2020-11-17,25.771533966064453
2020-11-18,25.286861419677734
2020-11-19,25.41735076904297
2020-11-20,25.57579803466797
2020-11-23,26.135038375854492
2020-11-24,27.22555160522461
2020-11-25,26.992536544799805
2020-11-27,26.77815818786621
2020-11-30,26.451936721801758
2020-12-01,27.68226432800293
2020-12-02,28.00848388671875
2020-12-03,27.74750518798828
2020-12-04,27.267492294311523
2020-12-07,27.318756103515625
2020-12-08,26.93195152282715
2020-12-09,26.77815818786621
2020-12-10,26.73621368408203
2020-12-11,26.76883888244629
2020-12-14,26.414655685424805
2020-12-15,26.293485641479492
2020-12-16,26.200281143188477
2020-12-17,26.246885299682617
2020-12-18,25.902021408081055
2020-12-21,25.529193878173828
2020-12-22,25.147052764892578
2020-12-23,25.864736557006836
2020-12-24,26.097755432128906
2020-12-28,26.917964935302734
2020-12-29,26.829425811767578
2020-12-30,26.750202178955078
2020-12-31,26.917964935302734
2021-01-04,26.479900360107422
2021-01-05,27.043798446655273
2021-01-06,29.322689056396484
2021-01-07,28.176254272460938
2021-01-08,27.607696533203125
2021-01-11,27.68226432800293
2021-01-12,27.197589874267578
2021-01-13,27.318756103515625
2021-01-14,28.27878189086914
2021-01-15,28.32538414001465
2021-01-19,27.188268661499023
2021-01-20,27.905956268310547
2021-01-21,27.822071075439453
2021-01-22,27.188268661499023
2021-01-25,28.595685958862305
2021-01-26,31.130889892578125
2021-01-27,30.264076232910156
2021-01-28,28.539758682250977
2021-01-29,27.859350204467773
2021-02-01,28.567718505859375
2021-02-02,27.542448043823242
2021-02-03,27.169626235961914
2021-02-04,27.3373966217041
2021-02-05,28.25082015991211
2021-02-08,29.406572341918945
2021-02-09,27.672941207885742
2021-02-10,28.437232971191406
2021-02-11,28.660930633544922
2021-02-12,29.313371658325195
2021-02-16,28.567718505859375
2021-02-17,28.577043533325195
2021-02-18,28.949867248535156
2021-02-19,30.170867919921875
2021-02-22,31.121572494506836
2021-02-23,30.636898040771484
2021-02-24,30.515735626220703
2021-02-25,29.59299087524414
2021-02-26,29.76076316833496
2021-03-01,31.121572494506836
2021-03-02,33.60085678100586
2021-03-03,34.57020950317383
2021-03-04,34.21601486206055
2021-03-05,36.387725830078125
2021-03-08,37.30115509033203
2021-03-09,35.848106384277344
2021-03-10,36.5230598449707
2021-03-11,36.94491195678711
2021-03-12,37.49801254272461
2021-03-15,37.59176254272461
2021-03-16,38.84793472290039
2021-03-17,37.919864654541016
2021-03-18,37.87299346923828
2021-03-19,37.82611846923828
2021-03-22,38.576080322265625
2021-03-23,36.757423400878906
2021-03-24,35.57624435424805
2021-03-25,36.01683807373047
2021-03-26,33.907569885253906
2021-03-29,33.579463958740234
2021-03-30,33.59821701049805
2021-03-31,32.74513626098633
2021-04-01,32.81076431274414
2021-04-05,32.9326286315918
2021-04-06,33.53260040283203
2021-04-07,33.663841247558594
2021-04-08,33.4013557434082
2021-04-09,33.82320785522461
2021-04-12,33.841957092285156
2021-04-13,34.076316833496094
2021-04-14,33.88882827758789
2021-04-15,34.47004318237305
2021-04-16,34.42317581176758
2021-04-19,34.301307678222656
2021-04-20,34.3575553894043
2021-04-21,35.02314758300781
2021-04-22,34.77940368652344
2021-04-23,35.00439453125
2021-04-26,34.751285552978516
2021-04-27,34.92002487182617
2021-04-28,34.57316970825195
2021-04-29,34.52629852294922
2021-04-30,34.10444641113281
2021-05-03,33.54197311401367
2021-05-04,33.56072235107422
2021-05-05,33.31698226928711
2021-05-06,34.4044303894043
2021-05-07,34.84502410888672
2021-05-10,34.92002487182617
2021-05-11,35.05126190185547
2021-05-12,34.20756912231445
2021-05-13,34.751285552978516
2021-05-14,34.00132369995117
2021-05-17,33.59821701049805
2021-05-18,34.04820251464844
2021-05-19,33.95444869995117
2021-05-20,33.879459381103516
2021-05-21,34.10444641113281
2021-05-24,34.038818359375
2021-05-25,33.65446853637695
2021-05-26,33.8982048034668
2021-05-27,34.507545471191406
2021-05-28,34.01069641113281
2021-06-01,33.73883819580078
2021-06-02,33.363853454589844
2021-06-03,32.96075439453125
2021-06-04,33.43885040283203
2021-06-07,33.373233795166016
2021-06-08,32.96075439453125
2021-06-09,33.776336669921875
2021-06-10,33.61697006225586
2021-06-11,33.935707092285156
2021-06-14,33.7107048034668
2021-06-15,33.729461669921875
2021-06-16,33.682594299316406
2021-06-17,33.223236083984375
2021-06-18,33.54197311401367
2021-06-21,33.53260040283203
2021-06-22,33.50448226928711
2021-06-23,33.466976165771484
2021-06-24,34.01069641113281
2021-06-25,34.11381912231445
2021-06-28,33.935707092285156
2021-06-29,32.8482666015625
2021-06-30,32.998252868652344
2021-07-01,33.33573913574219
2021-07-02,33.157615661621094
2021-07-06,32.557647705078125
2021-07-07,32.34203338623047
2021-07-08,31.695192337036133
2021-07-09,32.35140609741211
2021-07-12,32.71701431274414
2021-07-13,31.84518814086914
2021-07-14,32.22953796386719
2021-07-15,31.76081657409668
2021-07-16,31.28271484375
2021-07-19,30.56087875366211
2021-07-20,30.81399154663086
2021-07-21,31.76081657409668
2021-07-22,31.638946533203125
2021-07-23,31.882686614990234
2021-07-26,32.17329406738281
2021-07-27,31.835813522338867
2021-07-28,31.892061233520508
2021-07-29,31.81706428527832
2021-07-30,31.160850524902344
2021-08-02,31.207719802856445
2021-08-03,30.767118453979492
2021-08-04,30.598377227783203
2021-08-05,32.145172119140625
2021-08-06,31.62957763671875
2021-08-09,31.404584884643555
2021-08-10,31.87331199645996
2021-08-11,32.37953186035156
2021-08-12,32.0139274597168
2021-08-13,31.938932418823242
2021-08-16,32.10767364501953
2021-08-17,31.94831085205078
2021-08-18,31.695192337036133
2021-08-19,31.367088317871094
2021-08-20,31.882686614990234
2021-08-23,32.17329406738281
2021-08-24,32.098297119140625
2021-08-25,32.145172119140625
2021-08-26,31.87331199645996
2021-08-27,32.37016296386719
2021-08-30,32.17329406738281
2021-08-31,32.69252014160156
2021-09-01,32.3243408203125
2021-09-02,32.588680267333984
2021-09-03,32.22050476074219
2021-09-07,32.135528564453125
2021-09-08,31.436935424804688
2021-09-09,31.786237716674805
2021-09-10,31.436935424804688
2021-09-13,31.84287452697754
2021-09-14,31.00267219543457
2021-09-15,32.1544189453125
2021-09-16,32.74916458129883
2021-09-17,33.136226654052734
2021-09-20,32.59811782836914
2021-09-21,32.55091857910156
2021-09-22,33.438323974609375
2021-09-23,33.68377685546875
2021-09-24,34.27853012084961
2021-09-27,34.86384963989258
2021-09-28,34.79776382446289
2021-09-29,35.16593933105469
2021-09-30,35.04320526123047
2021-10-01,35.57188415527344
2021-10-04,36.109989166259766
2021-10-05,36.46873092651367
2021-10-06,36.213836669921875
2021-10-07,36.66698455810547
2021-10-08,36.893550872802734
2021-10-11,36.72362518310547
2021-10-12,36.648101806640625
2021-10-13,36.921878814697266
2021-10-14,37.20509338378906
2021-10-15,36.78970718383789
2021-10-18,36.90299606323242
2021-10-19,37.69599533081055
2021-10-20,37.95089340209961
2021-10-21,37.42222213745117
2021-10-22,37.30893325805664
2021-10-25,36.751953125
2021-10-26,36.5536994934082
2021-10-27,35.38307571411133
2021-10-28,35.807891845703125
2021-10-29,34.89216613769531
2021-11-01,36.04391098022461
2021-11-02,36.515933990478516
2021-11-03,36.46873092651367
2021-11-04,36.27048110961914
2021-11-05,36.449851989746094
2021-11-08,35.779579162597656
2021-11-09,35.59076690673828
2021-11-10,35.69460678100586
2021-11-11,36.081668853759766
2021-11-12,36.015586853027344
2021-11-15,36.27048110961914
2021-11-16,35.505802154541016
2021-11-17,35.43971252441406
2021-11-18,34.854400634765625
2021-11-19,34.2879753112793
2021-11-22,34.05195617675781
2021-11-23,34.31629180908203
2021-11-24,33.872589111328125
2021-11-26,33.10790252685547
2021-11-29,32.56035232543945
2021-11-30,31.72014808654785
2021-12-01,30.417360305786133
2021-12-02,31.068754196166992
2021-12-03,31.663509368896484
2021-12-06,32.022247314453125
2021-12-07,32.050567626953125
2021-12-08,32.36210250854492
2021-12-09,32.239376068115234
2021-12-10,32.3243408203125
2021-12-13,31.908958435058594
2021-12-14,31.597421646118164
2021-12-15,31.84287452697754
2021-12-16,32.399864196777344
2021-12-17,32.30546569824219
2021-12-20,31.927841186523438
2021-12-21,32.296016693115234
2021-12-22,32.22050476074219
2021-12-23,32.5792350769043
2021-12-27,32.68308639526367
2021-12-28,32.82468795776367
2021-12-29,32.456504821777344
2021-12-30,32.80581283569336
2021-12-31,32.352664947509766
2022-01-03,33.032386779785156
2022-01-04,33.164546966552734
2022-01-05,32.815250396728516
2022-01-06,33.49496841430664
2022-01-07,33.98587417602539
2022-01-10,33.95756149291992
2022-01-11,33.85371398925781
2022-01-12,34.19356155395508
2022-01-13,34.77888107299805
2022-01-14,35.59076690673828
2022-01-18,34.6467170715332
2022-01-19,34.43901443481445
2022-01-20,33.29671859741211
2022-01-21,32.87189483642578
2022-01-24,33.85371398925781
2022-01-25,33.872589111328125
2022-01-26,32.91909408569336
2022-01-27,33.05126190185547
2022-01-28,34.65614700317383
2022-01-31,35.099857330322266
2022-02-01,34.92048645019531
2022-02-02,35.18482208251953
2022-02-03,35.35475158691406
2022-02-04,35.16593933105469
2022-02-07,35.099857330322266
2022-02-08,35.260345458984375
2022-02-09,37.686553955078125
2022-02-10,37.809288024902344
2022-02-11,37.242855072021484
2022-02-14,36.58202362060547
2022-02-15,36.921878814697266
2022-02-16,36.733062744140625
2022-02-17,36.49705123901367
2022-02-18,36.38376998901367
2022-02-22,36.04391098022461
2022-02-23,35.33586883544922
2022-02-24,35.175376892089844
2022-02-25,36.09111404418945
2022-02-28,36.11943054199219
2022-03-01,35.758426666259766
2022-03-02,37.35444641113281
2022-03-03,37.553951263427734
2022-03-04,37.116947174072266
2022-03-07,36.128929138183594
2022-03-08,36.290435791015625
2022-03-09,35.55892562866211
2022-03-10,34.779911041259766
2022-03-11,34.37141418457031
2022-03-14,33.93441390991211
2022-03-15,34.7894172668457
2022-03-16,35.54941940307617
2022-03-17,35.19791793823242
2022-03-18,35.79642868041992
2022-03-21,35.663421630859375
2022-03-22,35.87242889404297
2022-03-23,35.3214225769043
2022-03-24,35.691925048828125
2022-03-25,35.92942810058594
2022-03-28,35.40692901611328
2022-03-29,35.682430267333984
2022-03-30,34.988922119140625
2022-03-31,34.466407775878906
2022-04-01,34.361907958984375
2022-04-04,34.58991622924805
2022-04-05,33.77290344238281
2022-04-06,33.83939743041992
2022-04-07,33.56390380859375
2022-04-08,33.9724006652832
2022-04-11,33.73490905761719
2022-04-12,33.82990264892578
2022-04-13,34.1339111328125
2022-04-14,34.05790328979492
2022-04-18,34.17191696166992
2022-04-19,34.390411376953125
2022-04-20,34.656410217285156
2022-04-21,34.08640670776367
2022-04-22,33.56390380859375
2022-04-25,33.42140197753906
2022-04-26,32.30988311767578
2022-04-27,32.09138107299805
2022-04-28,32.22438430786133
2022-04-29,31.578380584716797
2022-05-02,32.167381286621094
2022-05-03,31.94887924194336
2022-05-04,32.65188980102539
2022-05-05,32.03438186645508
2022-05-06,30.457365036010742
2022-05-09,29.041845321655273
2022-05-10,28.40534019470215
2022-05-11,29.032346725463867
2022-05-12,29.317352294921875
2022-05-13,29.678354263305664
2022-05-16,29.554853439331055
2022-05-17,30.371862411499023
2022-05-18,29.345849990844727
2022-05-19,29.250852584838867
2022-05-20,29.39335060119629
2022-05-23,30.03936195373535
2022-05-24,28.500343322753906
2022-05-25,29.231849670410156
2022-05-26,30.219860076904297
2022-05-27,31.055871963500977
2022-05-31,31.074871063232422
2022-06-01,30.542865753173828
2022-06-02,30.267362594604492
2022-06-03,30.067861557006836
2022-06-06,30.01085662841797
2022-06-07,30.438364028930664
2022-06-08,29.915857315063477
2022-06-09,29.431350708007812
2022-06-10,28.52884292602539
2022-06-13,27.749832153320312
2022-06-14,28.16783332824707
2022-06-15,28.918344497680664
2022-06-16,28.31033706665039
2022-06-17,28.205839157104492
2022-06-21,28.633342742919922
2022-06-22,28.23433494567871
2022-06-23,28.18683624267578
2022-06-24,28.832843780517578
2022-06-27,28.994348526000977
2022-06-28,28.709341049194336
2022-06-29,28.633342742919922
2022-06-30,28.21533966064453
2022-07-01,29.060848236083984
2022-07-05,29.098846435546875
2022-07-06,29.041845321655273
2022-07-07,29.27935028076172
2022-07-08,29.098846435546875
2022-07-11,28.76634407043457
2022-07-12,29.0893497467041
2022-07-13,28.85184669494629
2022-07-14,28.51934051513672
2022-07-15,29.478851318359375
2022-07-18,29.193849563598633
2022-07-19,30.067861557006836
2022-07-20,30.56186294555664
2022-07-21,30.799365997314453
2022-07-22,30.941869735717773
2022-07-25,31.01786994934082
2022-07-26,29.991857528686523
2022-07-27,30.495363235473633
2022-07-28,30.751867294311523
2022-07-29,29.355350494384766
2022-08-01,29.54535484313965
2022-08-02,29.383852005004883
2022-08-03,29.72585678100586
2022-08-04,29.630855560302734
2022-08-05,29.45035171508789
2022-08-08,29.5738525390625
2022-08-09,29.78285789489746
2022-08-10,30.751867294311523
2022-08-11,31.977380752563477
2022-08-12,32.06288528442383
2022-08-15,31.891878128051758
2022-08-16,32.053382873535156
2022-08-17,31.758878707885742
2022-08-18,31.568876266479492
2022-08-19,31.264875411987305
2022-08-22,30.39086151123047
2022-08-23,30.229360580444336
2022-08-24,30.47636604309082
2022-08-25,30.675867080688477
2022-08-26,30.13435935974121
2022-08-29,30.14385986328125
2022-08-30,30.297067642211914
2022-08-31,30.27791976928711
2022-09-01,30.191736221313477
2022-09-02,29.914045333862305
2022-09-06,29.25333023071289
2022-09-07,29.559751510620117
2022-09-08,29.626779556274414
2022-09-09,30.613061904907227
2022-09-12,30.929054260253906
2022-09-13,29.77998924255371
2022-09-14,29.71295928955078
2022-09-15,30.670515060424805
2022-09-16,29.866168975830078
2022-09-19,30.593914031982422
2022-09-20,30.354520797729492
2022-09-21,29.109699249267578
2022-09-22,28.62134552001953
2022-09-23,28.21917152404785
2022-09-26,27.730817794799805
2022-09-27,27.49142837524414
2022-09-28,27.941482543945312
2022-09-29,27.16585922241211
2022-09-30,27.290342330932617
2022-10-03,27.80742645263672
2022-10-04,28.7075252532959
2022-10-05,28.008512496948242
2022-10-06,27.778697967529297
2022-10-07,27.874454498291016
2022-10-10,27.702091217041016
2022-10-11,27.319072723388672
2022-10-12,27.089258193969727
2022-10-13,28.132993698120117
2022-10-14,27.922327041625977
2022-10-17,25.66249656677246
2022-10-18,26.40938949584961
2022-10-19,26.485994338989258
2022-10-20,26.198728561401367
2022-10-21,26.43811798095703
2022-10-24,26.553024291992188
2022-10-25,26.811565399169922
2022-10-26,26.09818458557129
2022-10-27,25.442258834838867
2022-10-28,26.055095672607422
2022-10-31,26.045522689819336
2022-11-01,27.39567756652832
2022-11-02,26.974348068237305
2022-11-03,26.830717086791992
2022-11-04,26.64878273010254
2022-11-07,26.27533531188965
2022-11-08,26.44769287109375
2022-11-09,25.528438568115234
2022-11-10,26.52429962158203
2022-11-11,27.539308547973633
2022-11-14,27.568035125732422
2022-11-15,27.759544372558594
2022-11-16,27.635061264038086
2022-11-17,27.61591148376465
2022-11-18,27.903179168701172
2022-11-21,27.61591148376465
2022-11-22,27.884031295776367
2022-11-23,28.008512496948242
2022-11-25,28.200023651123047
2022-11-28,28.008512496948242
2022-11-29,28.66922378540039
2022-11-30,29.224607467651367
2022-12-01,28.994792938232422
2022-12-02,29.3107852935791
2022-12-05,28.87030792236328
2022-12-06,27.989356994628906
2022-12-07,27.69251823425293
2022-12-08,28.018085479736328
2022-12-09,28.161718368530273
2022-12-12,28.401107788085938
2022-12-13,28.764982223510742
2022-12-14,28.506439208984375
2022-12-15,27.520156860351562
2022-12-16,27.462703704833984
2022-12-19,26.4572696685791
2022-12-20,26.907320022583008
2022-12-21,27.185012817382812
2022-12-22,27.328645706176758
2022-12-23,27.62548828125
2022-12-27,27.443552017211914
2022-12-28,26.955198287963867
2022-12-29,27.366945266723633
2022-12-30,27.242464065551758
2023-01-03,27.137134552001953
2023-01-04,28.123414993286133
2023-01-05,27.72124481201172
2023-01-06,28.53516387939453
2023-01-09,28.152145385742188
2023-01-10,28.7075252532959
2023-01-11,28.81285858154297
2023-01-12,28.966064453125
2023-01-13,29.02351951599121
2023-01-17,28.611770629882812
2023-01-18,28.267051696777344
2023-01-19,28.161718368530273
2023-01-20,28.448984146118164
2023-01-23,29.387392044067383
2023-01-24,29.32993507385254
2023-01-25,30.000225067138672
2023-01-26,30.373672485351562
2023-01-27,30.27791976928711
2023-01-30,30.076831817626953
2023-01-31,30.354520797729492
2023-02-01,30.651363372802734
2023-02-02,31.321653366088867
2023-02-03,30.929054260253906
2023-02-06,30.45985221862793
2023-02-07,30.45027732849121
2023-02-08,31.800430297851562
2023-02-09,31.800430297851562
2023-02-10,31.790855407714844
2023-02-13,31.675949096679688
2023-02-14,31.72382926940918
2023-02-15,32.9016227722168
2023-02-16,32.54732894897461
2023-02-17,32.7675666809082
2023-02-21,31.944063186645508
2023-02-22,32.25048065185547
2023-02-23,32.14514923095703
2023-02-24,31.656797409057617
2023-02-27,31.45570945739746
2023-02-28,31.11799430847168
2023-03-01,30.915367126464844
2023-03-02,31.166240692138672
2023-03-03,31.069751739501953
2023-03-06,30.94431495666504
2023-03-07,30.847824096679688
2023-03-08,30.72238540649414
2023-03-09,29.55485725402832
2023-03-10,29.439071655273438
2023-03-13,28.68644905090332
2023-03-14,29.13030242919922
2023-03-15,28.782941818237305
2023-03-16,29.15924835205078
2023-03-17,29.04346466064453
2023-03-20,29.62240219116211
2023-03-21,29.940818786621094
2023-03-22,29.496963500976562
2023-03-23,29.825029373168945
2023-03-24,29.31363296508789
2023-03-27,29.892574310302734
2023-03-28,29.072410583496094
2023-03-29,29.448720932006836
2023-03-30,29.80573272705078
2023-03-31,30.210988998413086
2023-04-03,30.26888656616211
2023-04-04,30.06625747680664
2023-04-05,29.931171417236328
2023-04-06,29.66099739074707
2023-04-10,30.095203399658203
2023-04-11,30.365373611450195
2023-04-12,29.92152214050293
2023-04-13,30.075904846191406
2023-04-14,29.6706485748291
2023-04-17,30.1241512298584
2023-04-18,30.10485076904297
2023-04-19,29.96976661682129
2023-04-20,29.80573272705078
2023-04-21,29.738191604614258
2023-04-24,28.860132217407227
2023-04-25,28.676799774169922
2023-04-26,28.68644905090332
2023-04-27,29.091705322265625
2023-04-28,29.468019485473633
2023-05-01,29.545209884643555
2023-05-02,29.265390396118164
2023-05-03,28.918025970458984
2023-05-04,27.625059127807617
2023-05-05,28.35838508605957
2023-05-08,28.522415161132812
2023-05-09,28.097862243652344
2023-05-10,27.634708404541016
2023-05-11,27.171558380126953
2023-05-12,27.277698516845703
2023-05-15,27.615413665771484
2023-05-16,27.219802856445312
2023-05-17,27.91452980041504
2023-05-18,27.692604064941406
2023-05-19,27.904882431030273
2023-05-22,27.943477630615234
2023-05-23,27.96277618408203
2023-05-24,27.644359588623047
2023-05-25,27.904882431030273
2023-05-26,28.223299026489258
2023-05-30,28.26189422607422
2023-05-31,28.184701919555664
2023-06-01,28.17505645751953
2023-06-02,28.79258918762207
2023-06-05,29.02416229248047
2023-06-06,29.381179809570312
2023-06-07,30.085554122924805
2023-06-08,30.510108947753906
2023-06-09,30.297828674316406
2023-06-12,30.259235382080078
2023-06-13,30.085554122924805
2023-06-14,30.095203399658203
2023-06-15,30.442564010620117
2023-06-16,30.394323348999023
2023-06-20,29.99871253967285
2023-06-21,29.940818786621094
2023-06-22,29.738191604614258
2023-06-23,29.55485725402832
2023-06-26,29.979412078857422
2023-06-27,31.021507263183594
2023-06-28,30.963611602783203
2023-06-29,30.982912063598633
2023-06-30,30.770631790161133
2023-07-03,31.089052200317383
2023-07-05,30.905715942382812
2023-07-06,30.732036590576172
2023-07-07,30.799577713012695
2023-07-10,30.500459671020508
2023-07-11,30.587303161621094
2023-07-12,30.510108947753906
2023-07-13,30.510108947753906
2023-07-14,30.03730583190918
2023-07-17,30.24958610534668
2023-07-18,30.75133514404297
2023-07-19,30.568004608154297
2023-07-20,30.616247177124023
2023-07-21,30.317129135131836
2023-07-24,30.046955108642578
2023-07-25,29.892574310302734
2023-07-26,30.075904846191406
2023-07-27,29.940818786621094
2023-07-28,30.027660369873047
2023-07-31,30.307479858398438
2023-08-01,30.133798599243164
2023-08-02,30.16274642944336
2023-08-03,29.9022216796875
2023-08-04,29.989065170288086
2023-08-07,30.046955108642578
2023-08-08,31.716230392456055
2023-08-09,31.388166427612305
2023-08-10,31.137292861938477
2023-08-11,31.310976028442383
2023-08-14,30.64519500732422
2023-08-15,30.78028106689453
2023-08-16,30.355724334716797
2023-08-17,29.844329833984375
2023-08-18,30.191696166992188
2023-08-21,29.9022216796875
2023-08-22,29.516263961791992
2023-08-23,29.56450653076172
2023-08-24,29.22679328918457
2023-08-25,29.091705322265625
2023-08-28,29.361879348754883
2023-08-29,29.70250701904297
2023-08-30,30.06259536743164
2023-08-31,29.70250701904297
2023-09-01,27.979915618896484
2023-09-05,28.271879196166992
2023-09-06,28.21348762512207
2023-09-07,27.697683334350586
2023-09-08,28.125898361206055
2023-09-11,28.43732452392578
2023-09-12,28.787683486938477
2023-09-13,28.174558639526367
2023-09-14,28.729291915893555
2023-09-15,28.515182495117188
2023-09-18,28.3886661529541
2023-09-19,28.622236251831055
2023-09-20,27.96044921875
2023-09-21,28.797412872314453
2023-09-22,28.07723617553711
2023-09-25,27.989648818969727
2023-09-26,27.775541305541992
2023-09-27,27.863126754760742
2023-09-28,28.08696746826172
2023-09-29,28.10643196105957
2023-10-02,27.80473518371582
2023-10-03,27.27920150756836
2023-10-04,27.298664093017578
2023-10-05,27.230539321899414
2023-10-06,27.376522064208984
2023-10-09,27.843666076660156
2023-10-10,28.145362854003906
2023-10-11,28.038307189941406
2023-10-12,27.63928985595703
2023-10-13,27.814468383789062
2023-10-16,28.398399353027344
2023-10-17,28.622236251831055
2023-10-18,28.24268341064453
2023-10-19,27.7463436126709
2023-10-20,27.541969299316406
2023-10-23,27.318126678466797
2023-10-24,27.32785987854004
2023-10-25,27.084558486938477
2023-10-26,26.705005645751953
2023-10-27,26.38384437561035
2023-10-30,26.490896224975586
2023-10-31,27.16241455078125
2023-11-01,27.152685165405273
2023-11-02,27.687950134277344
2023-11-03,28.54438018798828
2023-11-06,28.09670066833496
2023-11-07,27.72688102722168
2023-11-08,27.44464874267578
2023-11-09,26.95804214477539
2023-11-10,27.32785987854004
2023-11-13,26.83152198791504
2023-11-14,27.366792678833008
2023-11-15,27.697683334350586
2023-11-16,27.386253356933594
2023-11-17,27.668487548828125
2023-11-20,27.872859954833984
2023-11-21,27.532238006591797
2023-11-22,27.59062957763672
2023-11-24,27.6782169342041
2023-11-27,27.48357391357422
2023-11-28,27.133214950561523
2023-11-29,26.94830894470215
2023-11-30,26.919109344482422
2023-12-01,27.503040313720703
2023-12-04,27.415449142456055
2023-12-05,26.72446632385254
2023-12-06,26.559022903442383
2023-12-07,26.597951889038086
2023-12-08,27.259735107421875
2023-12-11,26.880184173583984
2023-12-12,26.422771453857422
2023-12-13,26.87044906616211
2023-12-14,27.2500057220459
2023-12-15,26.909378051757812
2023-12-18,26.88991355895996
2023-12-19,27.152685165405273
2023-12-20,26.72446632385254
2023-12-21,27.1429500579834
2023-12-22,27.00670051574707
2023-12-26,27.104021072387695
2023-12-27,26.899646759033203
2023-12-28,26.95804214477539
2023-12-29,26.909378051757812
2024-01-02,27.386253356933594
2024-01-03,27.220808029174805
2024-01-04,27.240272521972656
2024-01-05,27.347326278686523
2024-01-08,27.717147827148438
2024-01-09,27.415449142456055
2024-01-10,27.736610412597656
2024-01-11,27.8533992767334
2024-01-12,27.979915618896484
2024-01-16,27.687950134277344
2024-01-17,27.619823455810547
2024-01-18,27.814468383789062
2024-01-19,27.96044921875
2024-01-22,28.164825439453125
2024-01-23,28.398399353027344
2024-01-24,28.28160858154297
2024-01-25,28.914201736450195
2024-01-26,28.94339942932129
2024-01-29,29.118576049804688
2024-01-30,29.001789093017578
2024-01-31,29.206165313720703
2024-02-01,29.31321907043457
2024-02-02,28.768217086791992
2024-02-05,28.398399353027344
2024-02-06,28.55411148071289
2024-02-07,26.705005645751953
2024-02-08,25.90696907043457
2024-02-09,26.71473503112793
2024-02-12,27.259735107421875
2024-02-13,26.627147674560547
2024-02-14,26.99696922302246
2024-02-15,27.386253356933594
2024-02-16,27.201343536376953
2024-02-20,26.88991355895996
2024-02-21,26.72446632385254
2024-02-22,26.67580795288086
2024-02-23,26.938573837280273
2024-02-26,26.490896224975586
2024-02-27,26.38384437561035
2024-02-28,26.23785972595215
2024-02-29,26.646608352661133
2024-03-01,26.267057418823242
2024-03-04,25.858306884765625
2024-03-05,25.877962112426758
2024-03-06,25.455345153808594
2024-03-07,25.661741256713867
2024-03-08,25.86813735961914
2024-03-11,26.76251220703125
2024-03-12,26.3693790435791
2024-03-13,26.624916076660156
2024-03-14,26.251440048217773
2024-03-15,26.4283504486084
2024-03-18,26.536460876464844
2024-03-19,26.634746551513672
2024-03-20,27.106504440307617
2024-03-21,27.312898635864258
2024-03-22,26.850967407226562
2024-03-25,27.06719207763672
2024-03-26,27.470151901245117
2024-03-27,28.108993530273438
2024-03-28,28.12864875793457
2024-04-01,28.099164962768555
2024-04-02,27.932083129882812
2024-04-03,28.21710205078125
2024-04-04,27.932083129882812
2024-04-05,27.96156883239746
2024-04-08,28.138477325439453
2024-04-09,28.305559158325195
2024-04-10,27.88294219970703
2024-04-11,27.755172729492188
2024-04-12,27.185131072998047
2024-04-15,27.4406681060791
2024-04-16,27.470151901245117
2024-04-17,27.509464263916016
2024-04-18,27.8043155670166
2024-04-19,28.374359130859375
2024-04-22,28.472640991210938
2024-04-23,28.67903709411621
2024-04-24,28.80680274963379
2024-04-25,28.747833251953125
2024-04-26,28.315385818481445
2024-04-29,28.64954948425293
2024-04-30,28.187620162963867
2024-05-01,28.374359130859375
2024-05-02,28.747833251953125
2024-05-03,29.072166442871094
2024-05-06,29.504613876342773
2024-05-07,29.337533950805664
2024-05-08,30.064828872680664
2024-05-09,30.271221160888672
2024-05-10,30.4088191986084
2024-05-13,30.21225357055664
2024-05-14,30.42847442626953
2024-05-15,30.084484100341797
2024-05-16,29.750322341918945
2024-05-17,30.005859375
2024-05-20,30.05500030517578
2024-05-21,29.87809181213379
2024-05-22,30.0451717376709
2024-05-23,30.123796463012695
2024-05-24,30.595556259155273
2024-05-28,30.556243896484375
2024-05-29,30.733154296875
2024-05-30,31.165599822998047
2024-05-31,31.391651153564453
2024-06-03,31.725811004638672
2024-06-04,31.617700576782227
2024-06-05,31.706157684326172
2024-06-06,31.43096351623535
2024-06-07,31.22456932067871
2024-06-10,30.86092185974121
2024-06-11,30.566072463989258
2024-06-12,30.605384826660156
2024-06-13,30.438304901123047
2024-06-14,30.4088191986084
2024-06-17,30.497276306152344
2024-06-18,30.674184799194336
2024-06-20,31.362165451049805
2024-06-21,31.509592056274414
2024-06-24,31.519418716430664
2024-06-25,31.657012939453125
2024-06-26,31.548904418945312
2024-06-27,31.22456932067871
2024-06-28,31.470279693603516
2024-07-01,31.254053115844727
2024-07-02,31.745468139648438
2024-07-03,31.883068084716797
2024-07-05,31.607872009277344
2024-07-08,31.588218688964844
2024-07-09,32.19757080078125
2024-07-10,32.36465835571289
2024-07-11,32.679161071777344
2024-07-12,32.777442932128906
2024-07-15,32.9740104675293
2024-07-16,33.63250732421875
2024-07-17,34.25168991088867
2024-07-18,34.015811920166016
2024-07-19,33.74061965942383
2024-07-22,33.83890151977539
2024-07-23,33.956844329833984
2024-07-24,33.87821578979492
2024-07-25,33.868385314941406
2024-07-26,34.32048797607422
2024-07-29,34.58584976196289
2024-07-30,35.18537902832031
2024-07-31,34.82173538208008
2024-08-01,34.59568405151367
2024-08-02,34.28117752075195
2024-08-05,33.45560073852539
2024-08-06,35.56868362426758
2024-08-07,35.932334899902344
2024-08-08,36.06010437011719
2024-08-09,35.97164535522461
2024-08-12,35.62765884399414
2024-08-13,35.637481689453125
2024-08-14,35.7062873840332
2024-08-15,35.67679977416992
2024-08-16,36.1288948059082
2024-08-19,36.24684143066406
2024-08-20,36.51220703125
2024-08-21,36.92499542236328
2024-08-22,37.278812408447266
2024-08-23,37.485206604003906
2024-08-26,37.5441780090332
2024-08-27,37.45572280883789
2024-08-28,37.612979888916016
2024-08-29,37.573665618896484
2024-08-30,37.77022933959961
2024-09-03,37.377098083496094
2024-09-04,37.802738189697266
2024-09-05,36.99105453491211
2024-09-06,36.98115539550781
2024-09-09,36.713890075683594
2024-09-10,36.47632598876953
2024-09-11,36.060585021972656
2024-09-12,35.67454147338867
2024-09-13,36.40703201293945
2024-09-16,36.39714050292969
2024-09-17,37.060340881347656
2024-09-18,37.17912673950195
2024-09-19,37.14942932128906
2024-09-20,36.9019660949707
2024-09-23,37.43648910522461
2024-09-24,38.465946197509766
2024-09-25,38.050201416015625
2024-09-26,38.27786636352539
2024-09-27,38.44614791870117
2024-09-30,38.406551361083984
2024-10-01,38.60452651977539
2024-10-02,38.27786636352539
2024-10-03,38.09969711303711
2024-10-04,38.14918899536133
2024-10-07,37.95121765136719
2024-10-08,38.129390716552734
2024-10-09,38.09969711303711
2024-10-10,37.664154052734375
2024-10-11,37.614662170410156
2024-10-14,37.822532653808594
2024-10-15,38.06999969482422
2024-10-16,38.357059478759766
2024-10-17,38.67381286621094
2024-10-18,38.5748291015625
2024-10-21,38.129390716552734
2024-10-22,38.30756759643555
2024-10-23,38.020503997802734
2024-10-24,37.95121765136719
2024-10-25,37.961116790771484
2024-10-28,38.28776931762695
2024-10-29,38.37685775756836
2024-10-30,38.55503463745117
2024-10-31,38.5649299621582
2024-11-01,38.49563980102539
2024-11-04,39.55479049682617
2024-11-05,40.2476921081543
2024-11-06,41.95024871826172
2024-11-07,41.14846420288086
2024-11-08,41.13856506347656
2024-11-11,42.069034576416016
2024-11-12,43.20737075805664
2024-11-13,43.01435089111328
2024-11-14,43.77159118652344
2024-11-15,42.435279846191406
2024-11-18,42.316497802734375
2024-11-19,42.77183151245117
2024-11-20,42.93021011352539
2024-11-21,43.672603607177734
2024-11-22,43.92007064819336
2024-11-25,43.266761779785156
2024-11-26,43.36574935913086
2024-11-27,43.91017150878906
2024-11-29,44.27642059326172
2024-12-02,43.95966339111328
2024-12-03,43.60331344604492
2024-12-04,43.5736198425293
2024-12-05,43.80128860473633
2024-12-06,44.18733215332031
2024-12-09,43.306358337402344
2024-12-10,43.484535217285156
2024-12-11,43.316253662109375
2024-12-12,44.50408935546875
2024-12-13,44.26652145385742
2024-12-16,44.197235107421875
2024-12-17,45.998779296875
2024-12-18,46.05816650390625
2024-12-19,45.503849029541016
2024-12-20,46.17695236206055
2024-12-23,46.13735580444336
2024-12-24,46.671878814697266
2024-12-26,46.444210052490234
2024-12-27,46.15715408325195
2024-12-30,45.612735748291016
2024-12-31,45.276180267333984
