Date,FTV
2010-01-04,
2010-01-05,
2010-01-06,
2010-01-07,
2010-01-08,
2010-01-11,
2010-01-12,
2010-01-13,
2010-01-14,
2010-01-15,
2010-01-19,
2010-01-20,
2010-01-21,
2010-01-22,
2010-01-25,
2010-01-26,
2010-01-27,
2010-01-28,
2010-01-29,
2010-02-01,
2010-02-02,
2010-02-03,
2010-02-04,
2010-02-05,
2010-02-08,
2010-02-09,
2010-02-10,
2010-02-11,
2010-02-12,
2010-02-16,
2010-02-17,
2010-02-18,
2010-02-19,
2010-02-22,
2010-02-23,
2010-02-24,
2010-02-25,
2010-02-26,
2010-03-01,
2010-03-02,
2010-03-03,
2010-03-04,
2010-03-05,
2010-03-08,
2010-03-09,
2010-03-10,
2010-03-11,
2010-03-12,
2010-03-15,
2010-03-16,
2010-03-17,
2010-03-18,
2010-03-19,
2010-03-22,
2010-03-23,
2010-03-24,
2010-03-25,
2010-03-26,
2010-03-29,
2010-03-30,
2010-03-31,
2010-04-01,
2010-04-05,
2010-04-06,
2010-04-07,
2010-04-08,
2010-04-09,
2010-04-12,
2010-04-13,
2010-04-14,
2010-04-15,
2010-04-16,
2010-04-19,
2010-04-20,
2010-04-21,
2010-04-22,
2010-04-23,
2010-04-26,
2010-04-27,
2010-04-28,
2010-04-29,
2010-04-30,
2010-05-03,
2010-05-04,
2010-05-05,
2010-05-06,
2010-05-07,
2010-05-10,
2010-05-11,
2010-05-12,
2010-05-13,
2010-05-14,
2010-05-17,
2010-05-18,
2010-05-19,
2010-05-20,
2010-05-21,
2010-05-24,
2010-05-25,
2010-05-26,
2010-05-27,
2010-05-28,
2010-06-01,
2010-06-02,
2010-06-03,
2010-06-04,
2010-06-07,
2010-06-08,
2010-06-09,
2010-06-10,
2010-06-11,
2010-06-14,
2010-06-15,
2010-06-16,
2010-06-17,
2010-06-18,
2010-06-21,
2010-06-22,
2010-06-23,
2010-06-24,
2010-06-25,
2010-06-28,
2010-06-29,
2010-06-30,
2010-07-01,
2010-07-02,
2010-07-06,
2010-07-07,
2010-07-08,
2010-07-09,
2010-07-12,
2010-07-13,
2010-07-14,
2010-07-15,
2010-07-16,
2010-07-19,
2010-07-20,
2010-07-21,
2010-07-22,
2010-07-23,
2010-07-26,
2010-07-27,
2010-07-28,
2010-07-29,
2010-07-30,
2010-08-02,
2010-08-03,
2010-08-04,
2010-08-05,
2010-08-06,
2010-08-09,
2010-08-10,
2010-08-11,
2010-08-12,
2010-08-13,
2010-08-16,
2010-08-17,
2010-08-18,
2010-08-19,
2010-08-20,
2010-08-23,
2010-08-24,
2010-08-25,
2010-08-26,
2010-08-27,
2010-08-30,
2010-08-31,
2010-09-01,
2010-09-02,
2010-09-03,
2010-09-07,
2010-09-08,
2010-09-09,
2010-09-10,
2010-09-13,
2010-09-14,
2010-09-15,
2010-09-16,
2010-09-17,
2010-09-20,
2010-09-21,
2010-09-22,
2010-09-23,
2010-09-24,
2010-09-27,
2010-09-28,
2010-09-29,
2010-09-30,
2010-10-01,
2010-10-04,
2010-10-05,
2010-10-06,
2010-10-07,
2010-10-08,
2010-10-11,
2010-10-12,
2010-10-13,
2010-10-14,
2010-10-15,
2010-10-18,
2010-10-19,
2010-10-20,
2010-10-21,
2010-10-22,
2010-10-25,
2010-10-26,
2010-10-27,
2010-10-28,
2010-10-29,
2010-11-01,
2010-11-02,
2010-11-03,
2010-11-04,
2010-11-05,
2010-11-08,
2010-11-09,
2010-11-10,
2010-11-11,
2010-11-12,
2010-11-15,
2010-11-16,
2010-11-17,
2010-11-18,
2010-11-19,
2010-11-22,
2010-11-23,
2010-11-24,
2010-11-26,
2010-11-29,
2010-11-30,
2010-12-01,
2010-12-02,
2010-12-03,
2010-12-06,
2010-12-07,
2010-12-08,
2010-12-09,
2010-12-10,
2010-12-13,
2010-12-14,
2010-12-15,
2010-12-16,
2010-12-17,
2010-12-20,
2010-12-21,
2010-12-22,
2010-12-23,
2010-12-27,
2010-12-28,
2010-12-29,
2010-12-30,
2010-12-31,
2011-01-03,
2011-01-04,
2011-01-05,
2011-01-06,
2011-01-07,
2011-01-10,
2011-01-11,
2011-01-12,
2011-01-13,
2011-01-14,
2011-01-18,
2011-01-19,
2011-01-20,
2011-01-21,
2011-01-24,
2011-01-25,
2011-01-26,
2011-01-27,
2011-01-28,
2011-01-31,
2011-02-01,
2011-02-02,
2011-02-03,
2011-02-04,
2011-02-07,
2011-02-08,
2011-02-09,
2011-02-10,
2011-02-11,
2011-02-14,
2011-02-15,
2011-02-16,
2011-02-17,
2011-02-18,
2011-02-22,
2011-02-23,
2011-02-24,
2011-02-25,
2011-02-28,
2011-03-01,
2011-03-02,
2011-03-03,
2011-03-04,
2011-03-07,
2011-03-08,
2011-03-09,
2011-03-10,
2011-03-11,
2011-03-14,
2011-03-15,
2011-03-16,
2011-03-17,
2011-03-18,
2011-03-21,
2011-03-22,
2011-03-23,
2011-03-24,
2011-03-25,
2011-03-28,
2011-03-29,
2011-03-30,
2011-03-31,
2011-04-01,
2011-04-04,
2011-04-05,
2011-04-06,
2011-04-07,
2011-04-08,
2011-04-11,
2011-04-12,
2011-04-13,
2011-04-14,
2011-04-15,
2011-04-18,
2011-04-19,
2011-04-20,
2011-04-21,
2011-04-25,
2011-04-26,
2011-04-27,
2011-04-28,
2011-04-29,
2011-05-02,
2011-05-03,
2011-05-04,
2011-05-05,
2011-05-06,
2011-05-09,
2011-05-10,
2011-05-11,
2011-05-12,
2011-05-13,
2011-05-16,
2011-05-17,
2011-05-18,
2011-05-19,
2011-05-20,
2011-05-23,
2011-05-24,
2011-05-25,
2011-05-26,
2011-05-27,
2011-05-31,
2011-06-01,
2011-06-02,
2011-06-03,
2011-06-06,
2011-06-07,
2011-06-08,
2011-06-09,
2011-06-10,
2011-06-13,
2011-06-14,
2011-06-15,
2011-06-16,
2011-06-17,
2011-06-20,
2011-06-21,
2011-06-22,
2011-06-23,
2011-06-24,
2011-06-27,
2011-06-28,
2011-06-29,
2011-06-30,
2011-07-01,
2011-07-05,
2011-07-06,
2011-07-07,
2011-07-08,
2011-07-11,
2011-07-12,
2011-07-13,
2011-07-14,
2011-07-15,
2011-07-18,
2011-07-19,
2011-07-20,
2011-07-21,
2011-07-22,
2011-07-25,
2011-07-26,
2011-07-27,
2011-07-28,
2011-07-29,
2011-08-01,
2011-08-02,
2011-08-03,
2011-08-04,
2011-08-05,
2011-08-08,
2011-08-09,
2011-08-10,
2011-08-11,
2011-08-12,
2011-08-15,
2011-08-16,
2011-08-17,
2011-08-18,
2011-08-19,
2011-08-22,
2011-08-23,
2011-08-24,
2011-08-25,
2011-08-26,
2011-08-29,
2011-08-30,
2011-08-31,
2011-09-01,
2011-09-02,
2011-09-06,
2011-09-07,
2011-09-08,
2011-09-09,
2011-09-12,
2011-09-13,
2011-09-14,
2011-09-15,
2011-09-16,
2011-09-19,
2011-09-20,
2011-09-21,
2011-09-22,
2011-09-23,
2011-09-26,
2011-09-27,
2011-09-28,
2011-09-29,
2011-09-30,
2011-10-03,
2011-10-04,
2011-10-05,
2011-10-06,
2011-10-07,
2011-10-10,
2011-10-11,
2011-10-12,
2011-10-13,
2011-10-14,
2011-10-17,
2011-10-18,
2011-10-19,
2011-10-20,
2011-10-21,
2011-10-24,
2011-10-25,
2011-10-26,
2011-10-27,
2011-10-28,
2011-10-31,
2011-11-01,
2011-11-02,
2011-11-03,
2011-11-04,
2011-11-07,
2011-11-08,
2011-11-09,
2011-11-10,
2011-11-11,
2011-11-14,
2011-11-15,
2011-11-16,
2011-11-17,
2011-11-18,
2011-11-21,
2011-11-22,
2011-11-23,
2011-11-25,
2011-11-28,
2011-11-29,
2011-11-30,
2011-12-01,
2011-12-02,
2011-12-05,
2011-12-06,
2011-12-07,
2011-12-08,
2011-12-09,
2011-12-12,
2011-12-13,
2011-12-14,
2011-12-15,
2011-12-16,
2011-12-19,
2011-12-20,
2011-12-21,
2011-12-22,
2011-12-23,
2011-12-27,
2011-12-28,
2011-12-29,
2011-12-30,
2012-01-03,
2012-01-04,
2012-01-05,
2012-01-06,
2012-01-09,
2012-01-10,
2012-01-11,
2012-01-12,
2012-01-13,
2012-01-17,
2012-01-18,
2012-01-19,
2012-01-20,
2012-01-23,
2012-01-24,
2012-01-25,
2012-01-26,
2012-01-27,
2012-01-30,
2012-01-31,
2012-02-01,
2012-02-02,
2012-02-03,
2012-02-06,
2012-02-07,
2012-02-08,
2012-02-09,
2012-02-10,
2012-02-13,
2012-02-14,
2012-02-15,
2012-02-16,
2012-02-17,
2012-02-21,
2012-02-22,
2012-02-23,
2012-02-24,
2012-02-27,
2012-02-28,
2012-02-29,
2012-03-01,
2012-03-02,
2012-03-05,
2012-03-06,
2012-03-07,
2012-03-08,
2012-03-09,
2012-03-12,
2012-03-13,
2012-03-14,
2012-03-15,
2012-03-16,
2012-03-19,
2012-03-20,
2012-03-21,
2012-03-22,
2012-03-23,
2012-03-26,
2012-03-27,
2012-03-28,
2012-03-29,
2012-03-30,
2012-04-02,
2012-04-03,
2012-04-04,
2012-04-05,
2012-04-09,
2012-04-10,
2012-04-11,
2012-04-12,
2012-04-13,
2012-04-16,
2012-04-17,
2012-04-18,
2012-04-19,
2012-04-20,
2012-04-23,
2012-04-24,
2012-04-25,
2012-04-26,
2012-04-27,
2012-04-30,
2012-05-01,
2012-05-02,
2012-05-03,
2012-05-04,
2012-05-07,
2012-05-08,
2012-05-09,
2012-05-10,
2012-05-11,
2012-05-14,
2012-05-15,
2012-05-16,
2012-05-17,
2012-05-18,
2012-05-21,
2012-05-22,
2012-05-23,
2012-05-24,
2012-05-25,
2012-05-29,
2012-05-30,
2012-05-31,
2012-06-01,
2012-06-04,
2012-06-05,
2012-06-06,
2012-06-07,
2012-06-08,
2012-06-11,
2012-06-12,
2012-06-13,
2012-06-14,
2012-06-15,
2012-06-18,
2012-06-19,
2012-06-20,
2012-06-21,
2012-06-22,
2012-06-25,
2012-06-26,
2012-06-27,
2012-06-28,
2012-06-29,
2012-07-02,
2012-07-03,
2012-07-05,
2012-07-06,
2012-07-09,
2012-07-10,
2012-07-11,
2012-07-12,
2012-07-13,
2012-07-16,
2012-07-17,
2012-07-18,
2012-07-19,
2012-07-20,
2012-07-23,
2012-07-24,
2012-07-25,
2012-07-26,
2012-07-27,
2012-07-30,
2012-07-31,
2012-08-01,
2012-08-02,
2012-08-03,
2012-08-06,
2012-08-07,
2012-08-08,
2012-08-09,
2012-08-10,
2012-08-13,
2012-08-14,
2012-08-15,
2012-08-16,
2012-08-17,
2012-08-20,
2012-08-21,
2012-08-22,
2012-08-23,
2012-08-24,
2012-08-27,
2012-08-28,
2012-08-29,
2012-08-30,
2012-08-31,
2012-09-04,
2012-09-05,
2012-09-06,
2012-09-07,
2012-09-10,
2012-09-11,
2012-09-12,
2012-09-13,
2012-09-14,
2012-09-17,
2012-09-18,
2012-09-19,
2012-09-20,
2012-09-21,
2012-09-24,
2012-09-25,
2012-09-26,
2012-09-27,
2012-09-28,
2012-10-01,
2012-10-02,
2012-10-03,
2012-10-04,
2012-10-05,
2012-10-08,
2012-10-09,
2012-10-10,
2012-10-11,
2012-10-12,
2012-10-15,
2012-10-16,
2012-10-17,
2012-10-18,
2012-10-19,
2012-10-22,
2012-10-23,
2012-10-24,
2012-10-25,
2012-10-26,
2012-10-31,
2012-11-01,
2012-11-02,
2012-11-05,
2012-11-06,
2012-11-07,
2012-11-08,
2012-11-09,
2012-11-12,
2012-11-13,
2012-11-14,
2012-11-15,
2012-11-16,
2012-11-19,
2012-11-20,
2012-11-21,
2012-11-23,
2012-11-26,
2012-11-27,
2012-11-28,
2012-11-29,
2012-11-30,
2012-12-03,
2012-12-04,
2012-12-05,
2012-12-06,
2012-12-07,
2012-12-10,
2012-12-11,
2012-12-12,
2012-12-13,
2012-12-14,
2012-12-17,
2012-12-18,
2012-12-19,
2012-12-20,
2012-12-21,
2012-12-24,
2012-12-26,
2012-12-27,
2012-12-28,
2012-12-31,
2013-01-02,
2013-01-03,
2013-01-04,
2013-01-07,
2013-01-08,
2013-01-09,
2013-01-10,
2013-01-11,
2013-01-14,
2013-01-15,
2013-01-16,
2013-01-17,
2013-01-18,
2013-01-22,
2013-01-23,
2013-01-24,
2013-01-25,
2013-01-28,
2013-01-29,
2013-01-30,
2013-01-31,
2013-02-01,
2013-02-04,
2013-02-05,
2013-02-06,
2013-02-07,
2013-02-08,
2013-02-11,
2013-02-12,
2013-02-13,
2013-02-14,
2013-02-15,
2013-02-19,
2013-02-20,
2013-02-21,
2013-02-22,
2013-02-25,
2013-02-26,
2013-02-27,
2013-02-28,
2013-03-01,
2013-03-04,
2013-03-05,
2013-03-06,
2013-03-07,
2013-03-08,
2013-03-11,
2013-03-12,
2013-03-13,
2013-03-14,
2013-03-15,
2013-03-18,
2013-03-19,
2013-03-20,
2013-03-21,
2013-03-22,
2013-03-25,
2013-03-26,
2013-03-27,
2013-03-28,
2013-04-01,
2013-04-02,
2013-04-03,
2013-04-04,
2013-04-05,
2013-04-08,
2013-04-09,
2013-04-10,
2013-04-11,
2013-04-12,
2013-04-15,
2013-04-16,
2013-04-17,
2013-04-18,
2013-04-19,
2013-04-22,
2013-04-23,
2013-04-24,
2013-04-25,
2013-04-26,
2013-04-29,
2013-04-30,
2013-05-01,
2013-05-02,
2013-05-03,
2013-05-06,
2013-05-07,
2013-05-08,
2013-05-09,
2013-05-10,
2013-05-13,
2013-05-14,
2013-05-15,
2013-05-16,
2013-05-17,
2013-05-20,
2013-05-21,
2013-05-22,
2013-05-23,
2013-05-24,
2013-05-28,
2013-05-29,
2013-05-30,
2013-05-31,
2013-06-03,
2013-06-04,
2013-06-05,
2013-06-06,
2013-06-07,
2013-06-10,
2013-06-11,
2013-06-12,
2013-06-13,
2013-06-14,
2013-06-17,
2013-06-18,
2013-06-19,
2013-06-20,
2013-06-21,
2013-06-24,
2013-06-25,
2013-06-26,
2013-06-27,
2013-06-28,
2013-07-01,
2013-07-02,
2013-07-03,
2013-07-05,
2013-07-08,
2013-07-09,
2013-07-10,
2013-07-11,
2013-07-12,
2013-07-15,
2013-07-16,
2013-07-17,
2013-07-18,
2013-07-19,
2013-07-22,
2013-07-23,
2013-07-24,
2013-07-25,
2013-07-26,
2013-07-29,
2013-07-30,
2013-07-31,
2013-08-01,
2013-08-02,
2013-08-05,
2013-08-06,
2013-08-07,
2013-08-08,
2013-08-09,
2013-08-12,
2013-08-13,
2013-08-14,
2013-08-15,
2013-08-16,
2013-08-19,
2013-08-20,
2013-08-21,
2013-08-22,
2013-08-23,
2013-08-26,
2013-08-27,
2013-08-28,
2013-08-29,
2013-08-30,
2013-09-03,
2013-09-04,
2013-09-05,
2013-09-06,
2013-09-09,
2013-09-10,
2013-09-11,
2013-09-12,
2013-09-13,
2013-09-16,
2013-09-17,
2013-09-18,
2013-09-19,
2013-09-20,
2013-09-23,
2013-09-24,
2013-09-25,
2013-09-26,
2013-09-27,
2013-09-30,
2013-10-01,
2013-10-02,
2013-10-03,
2013-10-04,
2013-10-07,
2013-10-08,
2013-10-09,
2013-10-10,
2013-10-11,
2013-10-14,
2013-10-15,
2013-10-16,
2013-10-17,
2013-10-18,
2013-10-21,
2013-10-22,
2013-10-23,
2013-10-24,
2013-10-25,
2013-10-28,
2013-10-29,
2013-10-30,
2013-10-31,
2013-11-01,
2013-11-04,
2013-11-05,
2013-11-06,
2013-11-07,
2013-11-08,
2013-11-11,
2013-11-12,
2013-11-13,
2013-11-14,
2013-11-15,
2013-11-18,
2013-11-19,
2013-11-20,
2013-11-21,
2013-11-22,
2013-11-25,
2013-11-26,
2013-11-27,
2013-11-29,
2013-12-02,
2013-12-03,
2013-12-04,
2013-12-05,
2013-12-06,
2013-12-09,
2013-12-10,
2013-12-11,
2013-12-12,
2013-12-13,
2013-12-16,
2013-12-17,
2013-12-18,
2013-12-19,
2013-12-20,
2013-12-23,
2013-12-24,
2013-12-26,
2013-12-27,
2013-12-30,
2013-12-31,
2014-01-02,
2014-01-03,
2014-01-06,
2014-01-07,
2014-01-08,
2014-01-09,
2014-01-10,
2014-01-13,
2014-01-14,
2014-01-15,
2014-01-16,
2014-01-17,
2014-01-21,
2014-01-22,
2014-01-23,
2014-01-24,
2014-01-27,
2014-01-28,
2014-01-29,
2014-01-30,
2014-01-31,
2014-02-03,
2014-02-04,
2014-02-05,
2014-02-06,
2014-02-07,
2014-02-10,
2014-02-11,
2014-02-12,
2014-02-13,
2014-02-14,
2014-02-18,
2014-02-19,
2014-02-20,
2014-02-21,
2014-02-24,
2014-02-25,
2014-02-26,
2014-02-27,
2014-02-28,
2014-03-03,
2014-03-04,
2014-03-05,
2014-03-06,
2014-03-07,
2014-03-10,
2014-03-11,
2014-03-12,
2014-03-13,
2014-03-14,
2014-03-17,
2014-03-18,
2014-03-19,
2014-03-20,
2014-03-21,
2014-03-24,
2014-03-25,
2014-03-26,
2014-03-27,
2014-03-28,
2014-03-31,
2014-04-01,
2014-04-02,
2014-04-03,
2014-04-04,
2014-04-07,
2014-04-08,
2014-04-09,
2014-04-10,
2014-04-11,
2014-04-14,
2014-04-15,
2014-04-16,
2014-04-17,
2014-04-21,
2014-04-22,
2014-04-23,
2014-04-24,
2014-04-25,
2014-04-28,
2014-04-29,
2014-04-30,
2014-05-01,
2014-05-02,
2014-05-05,
2014-05-06,
2014-05-07,
2014-05-08,
2014-05-09,
2014-05-12,
2014-05-13,
2014-05-14,
2014-05-15,
2014-05-16,
2014-05-19,
2014-05-20,
2014-05-21,
2014-05-22,
2014-05-23,
2014-05-27,
2014-05-28,
2014-05-29,
2014-05-30,
2014-06-02,
2014-06-03,
2014-06-04,
2014-06-05,
2014-06-06,
2014-06-09,
2014-06-10,
2014-06-11,
2014-06-12,
2014-06-13,
2014-06-16,
2014-06-17,
2014-06-18,
2014-06-19,
2014-06-20,
2014-06-23,
2014-06-24,
2014-06-25,
2014-06-26,
2014-06-27,
2014-06-30,
2014-07-01,
2014-07-02,
2014-07-03,
2014-07-07,
2014-07-08,
2014-07-09,
2014-07-10,
2014-07-11,
2014-07-14,
2014-07-15,
2014-07-16,
2014-07-17,
2014-07-18,
2014-07-21,
2014-07-22,
2014-07-23,
2014-07-24,
2014-07-25,
2014-07-28,
2014-07-29,
2014-07-30,
2014-07-31,
2014-08-01,
2014-08-04,
2014-08-05,
2014-08-06,
2014-08-07,
2014-08-08,
2014-08-11,
2014-08-12,
2014-08-13,
2014-08-14,
2014-08-15,
2014-08-18,
2014-08-19,
2014-08-20,
2014-08-21,
2014-08-22,
2014-08-25,
2014-08-26,
2014-08-27,
2014-08-28,
2014-08-29,
2014-09-02,
2014-09-03,
2014-09-04,
2014-09-05,
2014-09-08,
2014-09-09,
2014-09-10,
2014-09-11,
2014-09-12,
2014-09-15,
2014-09-16,
2014-09-17,
2014-09-18,
2014-09-19,
2014-09-22,
2014-09-23,
2014-09-24,
2014-09-25,
2014-09-26,
2014-09-29,
2014-09-30,
2014-10-01,
2014-10-02,
2014-10-03,
2014-10-06,
2014-10-07,
2014-10-08,
2014-10-09,
2014-10-10,
2014-10-13,
2014-10-14,
2014-10-15,
2014-10-16,
2014-10-17,
2014-10-20,
2014-10-21,
2014-10-22,
2014-10-23,
2014-10-24,
2014-10-27,
2014-10-28,
2014-10-29,
2014-10-30,
2014-10-31,
2014-11-03,
2014-11-04,
2014-11-05,
2014-11-06,
2014-11-07,
2014-11-10,
2014-11-11,
2014-11-12,
2014-11-13,
2014-11-14,
2014-11-17,
2014-11-18,
2014-11-19,
2014-11-20,
2014-11-21,
2014-11-24,
2014-11-25,
2014-11-26,
2014-11-28,
2014-12-01,
2014-12-02,
2014-12-03,
2014-12-04,
2014-12-05,
2014-12-08,
2014-12-09,
2014-12-10,
2014-12-11,
2014-12-12,
2014-12-15,
2014-12-16,
2014-12-17,
2014-12-18,
2014-12-19,
2014-12-22,
2014-12-23,
2014-12-24,
2014-12-26,
2014-12-29,
2014-12-30,
2014-12-31,
2015-01-02,
2015-01-05,
2015-01-06,
2015-01-07,
2015-01-08,
2015-01-09,
2015-01-12,
2015-01-13,
2015-01-14,
2015-01-15,
2015-01-16,
2015-01-20,
2015-01-21,
2015-01-22,
2015-01-23,
2015-01-26,
2015-01-27,
2015-01-28,
2015-01-29,
2015-01-30,
2015-02-02,
2015-02-03,
2015-02-04,
2015-02-05,
2015-02-06,
2015-02-09,
2015-02-10,
2015-02-11,
2015-02-12,
2015-02-13,
2015-02-17,
2015-02-18,
2015-02-19,
2015-02-20,
2015-02-23,
2015-02-24,
2015-02-25,
2015-02-26,
2015-02-27,
2015-03-02,
2015-03-03,
2015-03-04,
2015-03-05,
2015-03-06,
2015-03-09,
2015-03-10,
2015-03-11,
2015-03-12,
2015-03-13,
2015-03-16,
2015-03-17,
2015-03-18,
2015-03-19,
2015-03-20,
2015-03-23,
2015-03-24,
2015-03-25,
2015-03-26,
2015-03-27,
2015-03-30,
2015-03-31,
2015-04-01,
2015-04-02,
2015-04-06,
2015-04-07,
2015-04-08,
2015-04-09,
2015-04-10,
2015-04-13,
2015-04-14,
2015-04-15,
2015-04-16,
2015-04-17,
2015-04-20,
2015-04-21,
2015-04-22,
2015-04-23,
2015-04-24,
2015-04-27,
2015-04-28,
2015-04-29,
2015-04-30,
2015-05-01,
2015-05-04,
2015-05-05,
2015-05-06,
2015-05-07,
2015-05-08,
2015-05-11,
2015-05-12,
2015-05-13,
2015-05-14,
2015-05-15,
2015-05-18,
2015-05-19,
2015-05-20,
2015-05-21,
2015-05-22,
2015-05-26,
2015-05-27,
2015-05-28,
2015-05-29,
2015-06-01,
2015-06-02,
2015-06-03,
2015-06-04,
2015-06-05,
2015-06-08,
2015-06-09,
2015-06-10,
2015-06-11,
2015-06-12,
2015-06-15,
2015-06-16,
2015-06-17,
2015-06-18,
2015-06-19,
2015-06-22,
2015-06-23,
2015-06-24,
2015-06-25,
2015-06-26,
2015-06-29,
2015-06-30,
2015-07-01,
2015-07-02,
2015-07-06,
2015-07-07,
2015-07-08,
2015-07-09,
2015-07-10,
2015-07-13,
2015-07-14,
2015-07-15,
2015-07-16,
2015-07-17,
2015-07-20,
2015-07-21,
2015-07-22,
2015-07-23,
2015-07-24,
2015-07-27,
2015-07-28,
2015-07-29,
2015-07-30,
2015-07-31,
2015-08-03,
2015-08-04,
2015-08-05,
2015-08-06,
2015-08-07,
2015-08-10,
2015-08-11,
2015-08-12,
2015-08-13,
2015-08-14,
2015-08-17,
2015-08-18,
2015-08-19,
2015-08-20,
2015-08-21,
2015-08-24,
2015-08-25,
2015-08-26,
2015-08-27,
2015-08-28,
2015-08-31,
2015-09-01,
2015-09-02,
2015-09-03,
2015-09-04,
2015-09-08,
2015-09-09,
2015-09-10,
2015-09-11,
2015-09-14,
2015-09-15,
2015-09-16,
2015-09-17,
2015-09-18,
2015-09-21,
2015-09-22,
2015-09-23,
2015-09-24,
2015-09-25,
2015-09-28,
2015-09-29,
2015-09-30,
2015-10-01,
2015-10-02,
2015-10-05,
2015-10-06,
2015-10-07,
2015-10-08,
2015-10-09,
2015-10-12,
2015-10-13,
2015-10-14,
2015-10-15,
2015-10-16,
2015-10-19,
2015-10-20,
2015-10-21,
2015-10-22,
2015-10-23,
2015-10-26,
2015-10-27,
2015-10-28,
2015-10-29,
2015-10-30,
2015-11-02,
2015-11-03,
2015-11-04,
2015-11-05,
2015-11-06,
2015-11-09,
2015-11-10,
2015-11-11,
2015-11-12,
2015-11-13,
2015-11-16,
2015-11-17,
2015-11-18,
2015-11-19,
2015-11-20,
2015-11-23,
2015-11-24,
2015-11-25,
2015-11-27,
2015-11-30,
2015-12-01,
2015-12-02,
2015-12-03,
2015-12-04,
2015-12-07,
2015-12-08,
2015-12-09,
2015-12-10,
2015-12-11,
2015-12-14,
2015-12-15,
2015-12-16,
2015-12-17,
2015-12-18,
2015-12-21,
2015-12-22,
2015-12-23,
2015-12-24,
2015-12-28,
2015-12-29,
2015-12-30,
2015-12-31,
2016-01-04,
2016-01-05,
2016-01-06,
2016-01-07,
2016-01-08,
2016-01-11,
2016-01-12,
2016-01-13,
2016-01-14,
2016-01-15,
2016-01-19,
2016-01-20,
2016-01-21,
2016-01-22,
2016-01-25,
2016-01-26,
2016-01-27,
2016-01-28,
2016-01-29,
2016-02-01,
2016-02-02,
2016-02-03,
2016-02-04,
2016-02-05,
2016-02-08,
2016-02-09,
2016-02-10,
2016-02-11,
2016-02-12,
2016-02-16,
2016-02-17,
2016-02-18,
2016-02-19,
2016-02-22,
2016-02-23,
2016-02-24,
2016-02-25,
2016-02-26,
2016-02-29,
2016-03-01,
2016-03-02,
2016-03-03,
2016-03-04,
2016-03-07,
2016-03-08,
2016-03-09,
2016-03-10,
2016-03-11,
2016-03-14,
2016-03-15,
2016-03-16,
2016-03-17,
2016-03-18,
2016-03-21,
2016-03-22,
2016-03-23,
2016-03-24,
2016-03-28,
2016-03-29,
2016-03-30,
2016-03-31,
2016-04-01,
2016-04-04,
2016-04-05,
2016-04-06,
2016-04-07,
2016-04-08,
2016-04-11,
2016-04-12,
2016-04-13,
2016-04-14,
2016-04-15,
2016-04-18,
2016-04-19,
2016-04-20,
2016-04-21,
2016-04-22,
2016-04-25,
2016-04-26,
2016-04-27,
2016-04-28,
2016-04-29,
2016-05-02,
2016-05-03,
2016-05-04,
2016-05-05,
2016-05-06,
2016-05-09,
2016-05-10,
2016-05-11,
2016-05-12,
2016-05-13,
2016-05-16,
2016-05-17,
2016-05-18,
2016-05-19,
2016-05-20,
2016-05-23,
2016-05-24,
2016-05-25,
2016-05-26,
2016-05-27,
2016-05-31,
2016-06-01,
2016-06-02,
2016-06-03,
2016-06-06,
2016-06-07,
2016-06-08,
2016-06-09,
2016-06-10,
2016-06-13,
2016-06-14,
2016-06-15,
2016-06-16,
2016-06-17,
2016-06-20,
2016-06-21,
2016-06-22,
2016-06-23,
2016-06-24,
2016-06-27,
2016-06-28,
2016-06-29,
2016-06-30,
2016-07-01,
2016-07-05,30.06557273864746
2016-07-06,29.539731979370117
2016-07-07,29.533544540405273
2016-07-08,31.055383682250977
2016-07-11,31.624530792236328
2016-07-12,31.28427505493164
2016-07-13,31.315208435058594
2016-07-14,31.902904510498047
2016-07-15,31.692581176757812
2016-07-18,31.72970199584961
2016-07-19,31.890539169311523
2016-07-20,31.14199447631836
2016-07-21,31.080127716064453
2016-07-22,30.56047821044922
2016-07-25,30.3006534576416
2016-07-26,30.48624038696289
2016-07-27,30.263530731201172
2016-07-28,30.09650230407715
2016-07-29,29.82430648803711
2016-08-01,29.570661544799805
2016-08-02,29.385074615478516
2016-08-03,30.48624038696289
2016-08-04,30.95021629333496
2016-08-05,31.290462493896484
2016-08-08,30.96258544921875
2016-08-09,31.216228485107422
2016-08-10,31.21004295349121
2016-08-11,32.50917053222656
2016-08-12,32.608154296875
2016-08-15,33.19585418701172
2016-08-16,33.127803802490234
2016-08-17,33.04119110107422
2016-08-18,32.886539459228516
2016-08-19,32.11943435668945
2016-08-22,31.711132049560547
2016-08-23,32.1070556640625
2016-08-24,31.822101593017578
2016-08-25,31.976974487304688
2016-08-26,32.131839752197266
2016-08-29,32.466346740722656
2016-08-30,32.59023666381836
2016-08-31,32.62740707397461
2016-09-01,32.602630615234375
2016-09-02,33.067230224609375
2016-09-06,32.664581298828125
2016-09-07,32.79467010498047
2016-09-08,32.41679763793945
2016-09-09,31.31414222717285
2016-09-12,31.72298812866211
2016-09-13,30.99820899963379
2016-09-14,30.985816955566406
2016-09-15,31.2769718170166
2016-09-16,31.134492874145508
2016-09-19,31.45661735534668
2016-09-20,31.128297805786133
2016-09-21,31.580507278442383
2016-09-22,31.989355087280273
2016-09-23,31.518564224243164
2016-09-26,31.72918701171875
2016-09-27,31.97077751159668
2016-09-28,32.03891372680664
2016-09-29,31.407062530517578
2016-09-30,31.53095245361328
2016-10-03,31.83449363708496
2016-10-04,31.475202560424805
2016-10-05,31.55573272705078
2016-10-06,31.407062530517578
2016-10-07,30.930070877075195
2016-10-10,30.94245719909668
2016-10-11,30.49024772644043
2016-10-12,30.347766876220703
2016-10-13,30.24245834350586
2016-10-14,30.638917922973633
2016-10-17,30.39113426208496
2016-10-18,30.409717559814453
2016-10-19,30.595556259155273
2016-10-20,30.168123245239258
2016-10-21,30.149538040161133
2016-10-24,30.0752010345459
2016-10-25,29.6849365234375
2016-10-26,29.592016220092773
2016-10-27,29.41856575012207
2016-10-28,31.103517532348633
2016-10-31,31.623870849609375
2016-11-01,31.2769718170166
2016-11-02,31.171661376953125
2016-11-03,31.580507278442383
2016-11-04,31.66104507446289
2016-11-07,32.08229064941406
2016-11-08,32.61501693725586
2016-11-09,33.11679458618164
2016-11-10,33.57520294189453
2016-11-11,33.079620361328125
2016-11-14,33.33980941772461
2016-11-15,33.525634765625
2016-11-16,33.72386169433594
2016-11-17,33.76103973388672
2016-11-18,33.84157180786133
2016-11-21,33.96546936035156
2016-11-22,34.29998016357422
2016-11-23,34.566349029541016
2016-11-25,34.671661376953125
2016-11-28,34.43627166748047
2016-11-29,34.24422836303711
2016-11-30,34.06459045410156
2016-12-01,33.56900405883789
2016-12-02,33.7486572265625
2016-12-05,33.39555358886719
2016-12-06,33.451297760009766
2016-12-07,33.5999870300293
2016-12-08,33.25307846069336
2016-12-09,33.451297760009766
2016-12-12,33.445106506347656
2016-12-13,33.35838317871094
2016-12-14,33.60617446899414
2016-12-15,33.95307540893555
2016-12-16,33.96546936035156
2016-12-19,34.045997619628906
2016-12-20,34.10175323486328
2016-12-21,33.525634765625
2016-12-22,33.50705337524414
2016-12-23,33.767242431640625
2016-12-27,33.73625946044922
2016-12-28,33.29644012451172
2016-12-29,33.45750427246094
2016-12-30,33.22210693359375
2017-01-03,33.28404235839844
2017-01-04,33.60617446899414
2017-01-05,33.41413116455078
2017-01-06,33.37077713012695
2017-01-09,33.28404235839844
2017-01-10,33.327415466308594
2017-01-11,33.24069595336914
2017-01-12,33.246883392333984
2017-01-13,33.92210006713867
2017-01-17,33.53184509277344
2017-01-18,33.53803253173828
2017-01-19,33.61855697631836
2017-01-20,33.773433685302734
2017-01-23,33.51944351196289
2017-01-24,33.88493728637695
2017-01-25,34.17609405517578
2017-01-26,34.498207092285156
2017-01-27,34.64688491821289
2017-01-30,34.343345642089844
2017-01-31,34.2628173828125
2017-02-01,34.15130615234375
2017-02-02,34.20087432861328
2017-02-03,34.702632904052734
2017-02-06,34.57254409790039
2017-02-07,34.46723556518555
2017-02-08,34.801753997802734
2017-02-09,35.322105407714844
2017-02-10,35.40263366699219
2017-02-13,35.638031005859375
2017-02-14,35.48935317993164
2017-02-15,35.669002532958984
2017-02-16,35.55131149291992
2017-02-17,35.737152099609375
2017-02-21,36.00971603393555
2017-02-22,35.737152099609375
2017-02-23,35.47077178955078
2017-02-24,35.79909896850586
2017-02-27,35.71236801147461
2017-02-28,35.71236801147461
2017-03-01,36.49290084838867
2017-03-02,36.31943893432617
2017-03-03,36.38138961791992
2017-03-06,36.133609771728516
2017-03-07,36.05308151245117
2017-03-08,36.03448486328125
2017-03-09,35.94157028198242
2017-03-10,36.12120819091797
2017-03-13,36.40617370605469
2017-03-14,36.26988983154297
2017-03-15,36.98227310180664
2017-03-16,36.86457443237305
2017-03-17,36.90793991088867
2017-03-20,36.548648834228516
2017-03-21,36.245113372802734
2017-03-22,36.23271942138672
2017-03-23,36.257503509521484
2017-03-24,36.74068832397461
2017-03-27,36.59820556640625
2017-03-28,36.91413497924805
2017-03-29,36.95130920410156
2017-03-30,36.93272018432617
2017-03-31,37.30440139770508
2017-04-03,37.248653411865234
2017-04-04,37.18050765991211
2017-04-05,37.32299041748047
2017-04-06,37.52120590209961
2017-04-07,37.459266662597656
2017-04-10,37.78759765625
2017-04-11,37.64510726928711
2017-04-12,37.477848052978516
2017-04-13,37.37254333496094
2017-04-17,37.4654655456543
2017-04-18,37.33537673950195
2017-04-19,37.17431640625
2017-04-20,37.545997619628906
2017-04-21,37.17431640625
2017-04-24,38.053958892822266
2017-04-25,38.611480712890625
2017-04-26,38.561927795410156
2017-04-27,38.60528564453125
2017-04-28,39.187591552734375
2017-05-01,38.6176643371582
2017-05-02,38.51854705810547
2017-05-03,38.82209396362305
2017-05-04,38.915016174316406
2017-05-05,39.11325454711914
2017-05-08,38.95838928222656
2017-05-09,38.84067916870117
2017-05-10,38.76015853881836
2017-05-11,38.79112243652344
2017-05-12,38.51854705810547
2017-05-15,38.543331146240234
2017-05-16,38.611480712890625
2017-05-17,37.91148376464844
2017-05-18,37.88670349121094
2017-05-19,38.30794143676758
2017-05-22,38.65484619140625
2017-05-23,38.78493118286133
2017-05-24,39.11981964111328
2017-05-25,39.46710968017578
2017-05-26,39.3864860534668
2017-05-30,39.287261962890625
2017-05-31,38.72911834716797
2017-06-01,39.06399917602539
2017-06-02,39.324466705322266
2017-06-05,39.26865768432617
2017-06-06,39.19425582885742
2017-06-07,39.29347229003906
2017-06-08,39.50431823730469
2017-06-09,39.12602615356445
2017-06-12,38.73531723022461
2017-06-13,39.23765182495117
2017-06-14,39.03919982910156
2017-06-15,39.09501647949219
2017-06-16,39.721378326416016
2017-06-19,40.180294036865234
2017-06-20,39.98184585571289
2017-06-21,39.919830322265625
2017-06-22,39.75238800048828
2017-06-23,39.75238800048828
2017-06-26,39.75858688354492
2017-06-27,39.29966354370117
2017-06-28,39.944637298583984
2017-06-29,38.9833869934082
2017-06-30,39.287261962890625
2017-07-03,39.27486038208008
2017-07-05,39.4484977722168
2017-07-06,39.27486038208008
2017-07-07,39.59734344482422
2017-07-10,40.062461853027344
2017-07-11,39.67177200317383
2017-07-12,40.124473571777344
2017-07-13,39.93223190307617
2017-07-14,40.037654876708984
2017-07-17,39.77718734741211
2017-07-18,39.53532028198242
2017-07-19,39.67177200317383
2017-07-20,39.38029098510742
2017-07-21,39.225242614746094
2017-07-24,39.25005340576172
2017-07-25,39.113616943359375
2017-07-26,38.56166458129883
2017-07-27,38.80974197387695
2017-07-28,39.98184585571289
2017-07-31,40.1492919921875
2017-08-01,40.434566497802734
2017-08-02,41.10434341430664
2017-08-03,41.259376525878906
2017-08-04,41.656280517578125
2017-08-07,41.68729019165039
2017-08-08,41.501243591308594
2017-08-09,41.439231872558594
2017-08-10,40.63921356201172
2017-08-11,40.68262481689453
2017-08-14,41.08573532104492
2017-08-15,41.0051155090332
2017-08-16,41.02371597290039
2017-08-17,40.40975570678711
2017-08-18,40.329132080078125
2017-08-21,40.57099151611328
2017-08-22,40.8438720703125
2017-08-23,40.329132080078125
2017-08-24,40.23611831665039
2017-08-25,40.118282318115234
2017-08-28,39.99424362182617
2017-08-29,39.97563934326172
2017-08-30,40.18649673461914
2017-08-31,40.291927337646484
2017-09-01,40.37255096435547
2017-09-05,40.36634826660156
2017-09-06,40.14309310913086
2017-09-07,40.66402816772461
2017-09-08,41.22837829589844
2017-09-11,41.87333679199219
2017-09-12,42.09040451049805
2017-09-13,42.59892654418945
2017-09-14,42.90901184082031
2017-09-15,43.01445007324219
2017-09-18,43.603599548339844
2017-09-19,43.4609489440918
2017-09-20,43.51676940917969
2017-09-21,43.36793518066406
2017-09-22,43.4299430847168
2017-09-25,43.4299430847168
2017-09-26,43.31832504272461
2017-09-27,43.54157257080078
2017-09-28,43.361724853515625
2017-09-29,43.90126419067383
2017-10-02,44.372581481933594
2017-10-03,44.32917785644531
2017-10-04,44.595848083496094
2017-10-05,44.38499069213867
2017-10-06,44.372581481933594
2017-10-09,44.58964538574219
2017-10-10,44.602046966552734
2017-10-11,44.86872863769531
2017-10-12,45.203617095947266
2017-10-13,44.86872863769531
2017-10-16,44.6640739440918
2017-10-17,44.33537673950195
2017-10-18,44.4160041809082
2017-10-19,44.0935173034668
2017-10-20,44.65786361694336
2017-10-23,44.70747756958008
2017-10-24,45.46408462524414
2017-10-25,44.943145751953125
2017-10-26,45.56330490112305
2017-10-27,45.954010009765625
2017-10-30,44.93694305419922
2017-10-31,44.81291198730469
2017-11-01,45.18500518798828
2017-11-02,45.46408462524414
2017-11-03,45.66872024536133
2017-11-06,45.18500518798828
2017-11-07,45.56330490112305
2017-11-08,45.129188537597656
2017-11-09,45.04236602783203
2017-11-10,45.05477523803711
2017-11-13,45.02375793457031
2017-11-14,45.06718063354492
2017-11-15,44.55864715576172
2017-11-16,44.92452621459961
2017-11-17,44.80670166015625
2017-11-20,45.15399932861328
2017-11-21,44.93074035644531
2017-11-22,44.69485092163086
2017-11-24,44.77554702758789
2017-11-27,45.166622161865234
2017-11-28,45.495635986328125
2017-11-29,45.576324462890625
2017-11-30,46.33987045288086
2017-12-01,46.296417236328125
2017-12-04,46.07914733886719
2017-12-05,45.284576416015625
2017-12-06,45.495635986328125
2017-12-07,45.68806076049805
2017-12-08,45.74394226074219
2017-12-11,45.32182312011719
2017-12-12,45.01765441894531
2017-12-13,44.949363708496094
2017-12-14,44.322383880615234
2017-12-15,44.73209762573242
2017-12-18,45.14800262451172
2017-12-19,45.14800262451172
2017-12-20,45.30939483642578
2017-12-21,45.19145584106445
2017-12-22,44.986610412597656
2017-12-26,45.0797233581543
2017-12-27,44.924522399902344
2017-12-28,45.00522232055664
2017-12-29,44.91211700439453
2018-01-02,44.93073654174805
2018-01-03,44.955570220947266
2018-01-04,46.09156799316406
2018-01-05,45.56391906738281
2018-01-08,45.470802307128906
2018-01-09,45.799800872802734
2018-01-10,45.32802963256836
2018-01-11,45.756351470947266
2018-01-12,46.228126525878906
2018-01-16,45.9301643371582
2018-01-17,46.395729064941406
2018-01-18,46.221920013427734
2018-01-19,46.28399658203125
2018-01-22,46.060523986816406
2018-01-23,46.59437561035156
2018-01-24,46.78061294555664
2018-01-25,46.439186096191406
2018-01-26,47.53172302246094
2018-01-29,47.413787841796875
2018-01-30,47.19651412963867
2018-01-31,47.190311431884766
2018-02-01,46.89855194091797
2018-02-02,46.77439880371094
2018-02-05,44.483787536621094
2018-02-06,44.76313400268555
2018-02-07,44.502418518066406
2018-02-08,42.919471740722656
2018-02-09,44.974185943603516
2018-02-12,46.12260055541992
2018-02-13,46.02328109741211
2018-02-14,46.054317474365234
2018-02-15,46.60679626464844
2018-02-16,46.96063232421875
2018-02-20,47.08477783203125
2018-02-21,47.18410110473633
2018-02-22,47.60002136230469
2018-02-23,47.885562896728516
2018-02-26,48.39459228515625
2018-02-27,48.27043533325195
2018-02-28,47.67450714111328
2018-03-01,46.37091064453125
2018-03-02,45.9301643371582
2018-03-05,46.097774505615234
2018-03-06,46.63162612915039
2018-03-07,48.39459228515625
2018-03-08,48.64289855957031
2018-03-09,49.82854461669922
2018-03-12,48.748416900634766
2018-03-13,48.4132080078125
2018-03-14,48.17732238769531
2018-03-15,48.48149108886719
2018-03-16,48.56219482421875
2018-03-19,48.28284454345703
2018-03-20,48.518741607666016
2018-03-21,48.636680603027344
2018-03-22,47.606224060058594
2018-03-23,47.190311431884766
2018-03-26,48.475276947021484
2018-03-27,47.67450714111328
2018-03-28,47.581390380859375
2018-03-29,48.121456146240234
2018-04-02,46.83027267456055
2018-04-03,47.3641242980957
2018-04-04,47.56897735595703
2018-04-05,48.05937576293945
2018-04-06,46.38332748413086
2018-04-09,46.004661560058594
2018-04-10,47.053741455078125
2018-04-11,46.2157096862793
2018-04-12,46.40193557739258
2018-04-13,46.37091064453125
2018-04-16,46.718528747558594
2018-04-17,47.63105773925781
2018-04-18,47.885562896728516
2018-04-19,47.655879974365234
2018-04-20,47.63726806640625
2018-04-23,47.3641242980957
2018-04-24,45.346649169921875
2018-04-25,44.819000244140625
2018-04-26,44.862457275390625
2018-04-27,44.26652526855469
2018-04-30,43.6457633972168
2018-05-01,44.71967697143555
2018-05-02,44.396888732910156
2018-05-03,45.01144027709961
2018-05-04,45.495635986328125
2018-05-07,45.65081024169922
2018-05-08,46.09156799316406
2018-05-09,46.69370651245117
2018-05-10,46.89234924316406
2018-05-11,46.94200897216797
2018-05-14,47.3641242980957
2018-05-15,47.33308792114258
2018-05-16,47.662086486816406
2018-05-17,48.01592254638672
2018-05-18,48.33872604370117
2018-05-21,48.17732238769531
2018-05-22,47.24617385864258
2018-05-23,47.289634704589844
2018-05-24,47.320701599121094
2018-05-25,46.916831970214844
2018-05-29,45.991050720214844
2018-05-30,46.0966682434082
2018-05-31,45.1646728515625
2018-06-01,45.860557556152344
2018-06-04,46.13395690917969
2018-06-05,46.165016174316406
2018-06-06,46.575103759765625
2018-06-07,48.45153045654297
2018-06-08,48.58822250366211
2018-06-11,48.69384002685547
2018-06-12,48.64413070678711
2018-06-13,48.51986312866211
2018-06-14,49.78738021850586
2018-06-15,50.371437072753906
2018-06-18,49.9365119934082
2018-06-19,49.091495513916016
2018-06-20,48.96101760864258
2018-06-21,48.526084899902344
2018-06-22,48.36453628540039
2018-06-25,48.23406219482422
2018-06-26,46.72421646118164
2018-06-27,46.4694709777832
2018-06-28,47.09701919555664
2018-06-29,47.91096115112305
2018-07-02,47.69349670410156
2018-07-03,47.55680465698242
2018-07-05,47.92960739135742
2018-07-06,47.979312896728516
2018-07-09,48.40182113647461
2018-07-10,47.87990188598633
2018-07-11,47.37041091918945
2018-07-12,47.811546325683594
2018-07-13,47.979312896728516
2018-07-16,47.50709533691406
2018-07-17,48.19677734375
2018-07-18,48.165714263916016
2018-07-19,48.227840423583984
2018-07-20,48.240272521972656
2018-07-23,47.3331298828125
2018-07-24,48.09736251831055
2018-07-25,49.103919982910156
2018-07-26,50.45843505859375
2018-07-27,49.588565826416016
2018-07-30,49.55128479003906
2018-07-31,50.99898910522461
2018-08-01,50.290672302246094
2018-08-02,50.284461975097656
2018-08-03,50.45843505859375
2018-08-06,50.303096771240234
2018-08-07,50.501930236816406
2018-08-08,50.191253662109375
2018-08-09,49.855735778808594
2018-08-10,49.52021408081055
2018-08-13,49.27790069580078
2018-08-14,49.433231353759766
2018-08-15,49.513999938964844
2018-08-16,49.91786575317383
2018-08-17,49.86195755004883
2018-08-20,50.07942199707031
2018-08-21,49.94893264770508
2018-08-22,49.65691375732422
2018-08-23,49.71903991699219
2018-08-24,49.78738021850586
2018-08-27,50.75044631958008
2018-08-28,50.992774963378906
2018-08-29,52.117393493652344
2018-08-30,52.073848724365234
2018-08-31,52.223106384277344
2018-09-04,51.899742126464844
2018-09-05,52.44696807861328
2018-09-06,52.335044860839844
2018-09-07,52.60243225097656
2018-09-10,52.66461944580078
2018-09-11,52.869834899902344
2018-09-12,53.05016326904297
2018-09-13,53.7901725769043
2018-09-14,54.08865737915039
2018-09-17,54.17570495605469
2018-09-18,54.33740234375
2018-09-19,53.473026275634766
2018-09-20,54.3311767578125
2018-09-21,54.08865737915039
2018-09-24,53.68445587158203
2018-09-25,53.4792366027832
2018-09-26,52.87604522705078
2018-09-27,52.63352584838867
2018-09-28,52.35990905761719
2018-10-01,52.502933502197266
2018-10-02,51.99924087524414
2018-10-03,52.073848724365234
2018-10-04,52.204444885253906
2018-10-05,52.223106384277344
2018-10-08,52.01789474487305
2018-10-09,51.116207122802734
2018-10-10,49.88493347167969
2018-10-11,48.8651008605957
2018-10-12,49.25065231323242
2018-10-15,49.0889778137207
2018-10-16,49.611328125
2018-10-17,49.88493347167969
2018-10-18,49.76678466796875
2018-10-19,49.61754608154297
2018-10-22,48.311649322509766
2018-10-23,47.91366958618164
2018-10-24,46.06676483154297
2018-10-25,47.46593475341797
2018-10-26,45.43248748779297
2018-10-29,44.8976936340332
2018-10-30,44.5743293762207
2018-10-31,46.17249298095703
2018-11-01,46.520721435546875
2018-11-02,46.55181121826172
2018-11-05,46.7010612487793
2018-11-06,47.186100006103516
2018-11-07,47.34156799316406
2018-11-08,47.81417465209961
2018-11-09,46.77568817138672
2018-11-12,46.61400604248047
2018-11-13,46.76945495605469
2018-11-14,45.768280029296875
2018-11-15,47.092830657958984
2018-11-16,46.918701171875
2018-11-19,45.867774963378906
2018-11-20,45.14021301269531
2018-11-21,45.929962158203125
2018-11-23,45.27079772949219
2018-11-26,45.51954650878906
2018-11-27,45.867774963378906
2018-11-28,46.632659912109375
2018-11-29,46.09785842895508
2018-11-30,47.304256439208984
2018-12-03,47.2358512878418
2018-12-04,45.30189514160156
2018-12-06,44.860382080078125
2018-12-07,43.4923095703125
2018-12-10,43.97734832763672
2018-12-11,43.56692886352539
2018-12-12,44.00844192504883
2018-12-13,43.49851989746094
2018-12-14,42.820701599121094
2018-12-17,42.25481414794922
2018-12-18,42.34809875488281
2018-12-19,41.40288162231445
2018-12-20,40.51986312866211
2018-12-21,40.73128128051758
2018-12-24,39.574642181396484
2018-12-26,40.855648040771484
2018-12-27,41.59565734863281
2018-12-28,41.477508544921875
2018-12-31,42.07447814941406
2019-01-02,41.8817138671875
2019-01-03,40.19027328491211
2019-01-04,41.95011520385742
2019-01-07,42.16154479980469
2019-01-08,42.35432434082031
2019-01-09,43.050785064697266
2019-01-10,43.454994201660156
2019-01-11,43.224918365478516
2019-01-14,43.299537658691406
2019-01-15,43.52340316772461
2019-01-16,43.54206466674805
2019-01-17,44.38776779174805
2019-01-18,45.4138298034668
2019-01-22,44.5681037902832
2019-01-23,44.2385368347168
2019-01-24,44.14525604248047
2019-01-25,44.92877960205078
2019-01-28,44.70491409301758
2019-01-29,45.824249267578125
2019-01-30,46.47097396850586
2019-01-31,46.632659912109375
2019-02-01,46.222232818603516
2019-02-04,46.203575134277344
2019-02-05,46.34660339355469
2019-02-06,46.6077880859375
2019-02-07,46.2781982421875
2019-02-08,47.77064895629883
2019-02-11,47.98207092285156
2019-02-12,49.014347076416016
2019-02-13,50.02175521850586
2019-02-14,50.02796936035156
2019-02-15,50.867469787597656
2019-02-19,50.0466194152832
2019-02-20,50.407291412353516
2019-02-21,50.12745666503906
2019-02-22,50.60007858276367
2019-02-25,50.74309158325195
2019-02-26,50.83015823364258
2019-02-27,50.811500549316406
2019-02-28,50.72444152832031
2019-03-01,51.3400764465332
2019-03-04,51.352508544921875
2019-03-05,51.147300720214844
2019-03-06,51.01671600341797
2019-03-07,50.407291412353516
2019-03-08,49.99687194824219
2019-03-11,51.10376739501953
2019-03-12,51.066463470458984
2019-03-13,51.725616455078125
2019-03-14,51.38982009887695
2019-03-15,51.327640533447266
2019-03-18,51.86864471435547
2019-03-19,51.644775390625
2019-03-20,51.60747528076172
2019-03-21,52.372344970703125
2019-03-22,51.134864807128906
2019-03-25,51.36495590209961
2019-03-26,51.97435760498047
2019-03-27,51.20326232910156
2019-03-28,51.57638168334961
2019-03-29,52.16714096069336
2019-04-01,52.90092086791992
2019-04-02,53.28025436401367
2019-04-03,53.80260467529297
2019-04-04,53.665802001953125
2019-04-05,53.93319320678711
2019-04-08,54.05756378173828
2019-04-09,53.55386734008789
2019-04-10,53.497901916503906
2019-04-11,54.0078239440918
2019-04-12,54.51151657104492
2019-04-15,54.61101531982422
2019-04-16,54.49907684326172
2019-04-17,54.48042678833008
2019-04-18,55.033870697021484
2019-04-22,54.946815490722656
2019-04-23,55.31991958618164
2019-04-24,55.38210678100586
2019-04-25,54.59235382080078
2019-04-26,53.00041198730469
2019-04-29,53.38596725463867
2019-04-30,53.690677642822266
2019-05-01,53.09369659423828
2019-05-02,53.37353515625
2019-05-03,53.83369827270508
2019-05-06,52.82007598876953
2019-05-07,51.912174224853516
2019-05-08,51.29032516479492
2019-05-09,51.15351486206055
2019-05-10,51.383602142333984
2019-05-13,50.05905532836914
2019-05-14,50.065269470214844
2019-05-15,50.59384536743164
2019-05-16,50.58762741088867
2019-05-17,50.07149887084961
2019-05-20,49.33770751953125
2019-05-21,49.68594741821289
2019-05-22,49.49318313598633
2019-05-23,48.81535720825195
2019-05-24,48.52930450439453
2019-05-28,47.75820541381836
2019-05-29,47.63383483886719
2019-05-30,47.783077239990234
2019-05-31,47.35401153564453
2019-06-03,47.111480712890625
2019-06-04,48.36140060424805
2019-06-05,49.02056884765625
2019-06-06,49.36258316040039
2019-06-07,49.10762023925781
2019-06-10,49.076534271240234
2019-06-11,49.22577667236328
2019-06-12,48.61635971069336
2019-06-13,48.82157897949219
2019-06-14,48.08778762817383
2019-06-17,47.6649284362793
2019-06-18,48.715858459472656
2019-06-19,49.02678298950195
2019-06-20,50.258052825927734
2019-06-21,50.009315490722656
2019-06-24,50.15855026245117
2019-06-25,50.1399040222168
2019-06-26,49.66107177734375
2019-06-27,49.99065399169922
2019-06-28,50.6933479309082
2019-07-01,51.408477783203125
2019-07-02,50.96696090698242
2019-07-03,51.352508544921875
2019-07-05,50.3575439453125
2019-07-08,50.02796936035156
2019-07-09,49.91603088378906
2019-07-10,49.368812561035156
2019-07-11,49.56157684326172
2019-07-12,50.56275939941406
2019-07-15,50.21452331542969
2019-07-16,50.624942779541016
2019-07-17,49.56157684326172
2019-07-18,49.18846130371094
2019-07-19,48.82157897949219
2019-07-22,49.12006378173828
2019-07-23,50.63738250732422
2019-07-24,51.147300720214844
2019-07-25,50.867469787597656
2019-07-26,48.784263610839844
2019-07-29,47.77686309814453
2019-07-30,47.75820541381836
2019-07-31,47.29182815551758
2019-08-01,45.8615608215332
2019-08-02,45.793155670166016
2019-08-05,43.78457260131836
2019-08-06,44.41264343261719
2019-08-07,44.2385368347168
2019-08-08,44.673824310302734
2019-08-09,43.840545654296875
2019-08-12,42.93263244628906
2019-08-13,43.535831451416016
2019-08-14,41.8692741394043
2019-08-15,41.8692741394043
2019-08-16,42.86423873901367
2019-08-19,43.57936477661133
2019-08-20,43.535831451416016
2019-08-21,43.68507766723633
2019-08-22,43.374149322509766
2019-08-23,42.51599884033203
2019-08-26,42.99483108520508
2019-08-27,42.92641830444336
2019-08-28,43.30575180053711
2019-08-29,43.95869827270508
2019-08-30,44.08927536010742
2019-09-03,42.920204162597656
2019-09-04,41.63918685913086
2019-09-05,42.34809875488281
2019-09-06,42.578182220458984
2019-09-09,42.29212951660156
2019-09-10,42.66524887084961
2019-09-11,43.896507263183594
2019-09-12,43.51717758178711
2019-09-13,43.54206466674805
2019-09-16,43.218692779541016
2019-09-17,42.94507598876953
2019-09-18,43.33684158325195
2019-09-19,42.77717971801758
2019-09-20,42.39784240722656
2019-09-23,42.25481414794922
2019-09-24,41.62675094604492
2019-09-25,42.18641662597656
2019-09-26,42.273468017578125
2019-09-27,42.65902328491211
2019-09-30,42.634151458740234
2019-10-01,41.216331481933594
2019-10-02,40.06590270996094
2019-10-03,40.84321212768555
2019-10-04,41.35313415527344
2019-10-07,40.81834411621094
2019-10-08,39.947750091552734
2019-10-09,40.339515686035156
2019-10-10,40.6877555847168
2019-10-11,42.25481414794922
2019-10-14,42.261043548583984
2019-10-15,43.224918365478516
2019-10-16,43.12540817260742
2019-10-17,44.09550094604492
2019-10-18,44.11415481567383
2019-10-21,44.723567962646484
2019-10-22,44.93499755859375
2019-10-23,44.9847526550293
2019-10-24,44.4686164855957
2019-10-25,42.5097770690918
2019-10-28,42.68389892578125
2019-10-29,42.590614318847656
2019-10-30,43.1689338684082
2019-10-31,42.90776443481445
2019-11-01,44.64895248413086
2019-11-04,45.84912109375
2019-11-05,45.712318420410156
2019-11-06,45.51332473754883
2019-11-07,44.95365524291992
2019-11-08,45.3205451965332
2019-11-11,44.82307052612305
2019-11-12,44.83550262451172
2019-11-13,44.13903045654297
2019-11-14,44.2322998046875
2019-11-15,44.54323959350586
2019-11-18,44.244747161865234
2019-11-19,44.213645935058594
2019-11-20,43.591800689697266
2019-11-21,44.107940673828125
2019-11-22,43.96491241455078
2019-11-25,44.449954986572266
2019-11-26,44.866600036621094
2019-11-27,44.9971923828125
2019-11-29,44.8790397644043
2019-12-02,44.636512756347656
2019-12-03,44.21987533569336
2019-12-04,44.40642166137695
2019-12-05,44.95987319946289
2019-12-06,45.3143310546875
2019-12-09,46.10408020019531
2019-12-10,45.91752243041992
2019-12-11,46.620216369628906
2019-12-12,47.36643600463867
2019-12-13,46.75702667236328
2019-12-16,47.36022186279297
2019-12-17,47.72090148925781
2019-12-18,47.65871810913086
2019-12-19,47.6649284362793
2019-12-20,47.09904479980469
2019-12-23,47.78929901123047
2019-12-24,47.50324630737305
2019-12-26,47.441062927246094
2019-12-27,47.62140655517578
2019-12-30,47.43484115600586
2019-12-31,47.50324630737305
2020-01-02,48.22459411621094
2020-01-03,48.02560043334961
2020-01-06,47.77686309814453
2020-01-07,47.93232727050781
2020-01-08,47.88880157470703
2020-01-09,48.49199676513672
2020-01-10,48.50442886352539
2020-01-13,49.00190734863281
2020-01-14,48.715858459472656
2020-01-15,48.50442886352539
2020-01-16,48.666107177734375
2020-01-17,48.989471435546875
2020-01-21,48.61635971069336
2020-01-22,48.292999267578125
2020-01-23,48.24947738647461
2020-01-24,47.82661437988281
2020-01-27,46.40256881713867
2020-01-28,46.65753936767578
2020-01-29,46.8316535949707
2020-01-30,47.385093688964844
2020-01-31,46.595340728759766
2020-02-03,46.502071380615234
2020-02-04,47.56542205810547
2020-02-05,48.23081588745117
2020-02-06,48.39871597290039
2020-02-07,49.13871765136719
2020-02-10,49.33770751953125
2020-02-11,49.375030517578125
2020-02-12,49.126285552978516
2020-02-13,48.03182601928711
2020-02-14,48.38627243041992
2020-02-18,48.28678512573242
2020-02-19,47.79551696777344
2020-02-20,47.75198745727539
2020-02-21,47.142574310302734
2020-02-24,45.11534118652344
2020-02-25,43.70372772216797
2020-02-26,43.996002197265625
2020-02-27,43.75324249267578
2020-02-28,43.04985809326172
2020-03-02,43.97732925415039
2020-03-03,43.18680191040039
2020-03-04,44.861236572265625
2020-03-05,42.42739486694336
2020-03-06,41.587059020996094
2020-03-09,38.66145706176758
2020-03-10,38.87931823730469
2020-03-11,36.99324035644531
2020-03-12,34.690120697021484
2020-03-13,37.17998123168945
2020-03-16,32.26871871948242
2020-03-17,32.779144287109375
2020-03-18,28.048383712768555
2020-03-19,28.664628982543945
2020-03-20,28.3720703125
2020-03-23,26.149860382080078
2020-03-24,31.073575973510742
2020-03-25,31.05490493774414
2020-03-26,32.162899017333984
2020-03-27,30.90550994873047
2020-03-30,32.43055725097656
2020-03-31,34.353981018066406
2020-04-01,34.21703338623047
2020-04-02,34.85818099975586
2020-04-03,33.78752517700195
2020-04-06,35.63626480102539
2020-04-07,36.38322448730469
2020-04-08,37.74643325805664
2020-04-09,37.99541091918945
2020-04-13,36.987022399902344
2020-04-14,37.976741790771484
2020-04-15,35.7856559753418
2020-04-16,35.34370422363281
2020-04-17,37.572139739990234
2020-04-20,36.538841247558594
2020-04-21,34.75859069824219
2020-04-22,35.94127655029297
2020-04-23,36.476600646972656
2020-04-24,37.5596923828125
2020-04-27,39.825469970703125
2020-04-28,40.27987289428711
2020-04-29,40.802757263183594
2020-04-30,39.837921142578125
2020-05-01,37.81489944458008
2020-05-04,37.97052001953125
2020-05-05,36.30852508544922
2020-05-06,35.95994567871094
2020-05-07,36.059547424316406
2020-05-08,36.89365005493164
2020-05-11,36.6135368347168
2020-05-12,34.95777893066406
2020-05-13,33.89958190917969
2020-05-14,34.70878601074219
2020-05-15,34.391334533691406
2020-05-18,36.84385681152344
2020-05-19,36.79405212402344
2020-05-20,36.7878303527832
2020-05-21,36.277408599853516
2020-05-22,36.43302536010742
2020-05-26,38.20083236694336
2020-05-27,39.626277923583984
2020-05-28,38.34882354736328
2020-05-29,37.999847412109375
2020-06-01,38.74140930175781
2020-06-02,39.90046691894531
2020-06-03,41.80108642578125
2020-06-04,42.037879943847656
2020-06-05,44.00080871582031
2020-06-08,43.857479095458984
2020-06-09,43.35897445678711
2020-06-10,41.663997650146484
2020-06-11,39.16515350341797
2020-06-12,39.663665771484375
2020-06-15,40.12480163574219
2020-06-16,42.255985260009766
2020-06-17,42.312068939208984
2020-06-18,42.48655700683594
2020-06-19,42.28091049194336
2020-06-22,42.62364196777344
2020-06-23,42.55510711669922
2020-06-24,41.134315490722656
2020-06-25,42.162513732910156
2020-06-26,41.358642578125
2020-06-29,42.32453536987305
2020-06-30,42.162513732910156
2020-07-01,42.037879943847656
2020-07-02,42.46786117553711
2020-07-06,43.09101104736328
2020-07-07,42.41177749633789
2020-07-08,42.54887008666992
2020-07-09,41.92571258544922
2020-07-10,41.91324996948242
2020-07-13,42.143821716308594
2020-07-14,43.09724426269531
2020-07-15,44.36223602294922
2020-07-16,44.686283111572266
2020-07-17,44.92307662963867
2020-07-20,44.08805465698242
2020-07-21,44.36847686767578
2020-07-22,44.57411575317383
2020-07-23,45.197261810302734
2020-07-24,44.24383544921875
2020-07-27,44.804683685302734
2020-07-28,44.26253890991211
2020-07-29,45.864036560058594
2020-07-30,44.96670150756836
2020-07-31,43.73908615112305
2020-08-03,43.34650421142578
2020-08-04,43.29042053222656
2020-08-05,43.63315200805664
2020-08-06,44.05690002441406
2020-08-07,45.01032257080078
2020-08-10,44.779754638671875
2020-08-11,45.77679443359375
2020-08-12,46.69906997680664
2020-08-13,45.96997833251953
2020-08-14,45.8515739440918
2020-08-17,45.789268493652344
2020-08-18,44.91685104370117
2020-08-19,44.49934387207031
2020-08-20,44.79845428466797
2020-08-21,44.6925163269043
2020-08-24,44.867000579833984
2020-08-25,43.96342468261719
2020-08-26,44.24383544921875
2020-08-27,44.18770217895508
2020-08-28,45.42900466918945
2020-08-31,44.97988510131836
2020-09-01,45.90306854248047
2020-09-02,46.364654541015625
2020-09-03,45.722171783447266
2020-09-04,46.289798736572266
2020-09-08,45.94049072265625
2020-09-09,47.19425964355469
2020-09-10,47.68703842163086
2020-09-11,48.260902404785156
2020-09-14,48.42308044433594
2020-09-15,48.154869079589844
2020-09-16,47.967742919921875
2020-09-17,48.31081008911133
2020-09-18,47.27535629272461
2020-09-21,45.14207077026367
2020-09-22,45.3978157043457
2020-09-23,44.72414016723633
2020-09-24,45.372867584228516
2020-09-25,46.264854431152344
2020-09-28,47.23793029785156
2020-09-29,47.53733444213867
2020-09-30,47.53733444213867
2020-10-01,46.99465560913086
2020-10-02,48.27961730957031
2020-10-05,49.3150749206543
2020-10-06,49.059326171875
2020-10-07,50.55012893676758
2020-10-08,51.01795959472656
2020-10-09,52.04400634765625
2020-10-12,50.46373748779297
2020-10-13,49.50962448120117
2020-10-14,49.94196319580078
2020-10-15,50.255035400390625
2020-10-16,50.046321868896484
2020-10-19,49.025115966796875
2020-10-20,49.114566802978516
2020-10-21,49.062381744384766
2020-10-22,49.584163665771484
2020-10-23,49.56926345825195
2020-10-26,48.09336471557617
2020-10-27,47.44486618041992
2020-10-28,46.073326110839844
2020-10-29,46.41621017456055
2020-10-30,45.91679763793945
2020-11-02,47.19888687133789
2020-11-03,48.443702697753906
2020-11-04,48.16790771484375
2020-11-05,50.65010070800781
2020-11-06,50.963165283203125
2020-11-09,52.42415237426758
2020-11-10,52.029090881347656
2020-11-11,52.17816925048828
2020-11-12,51.81291580200195
2020-11-13,52.88630676269531
2020-11-16,53.78823471069336
2020-11-17,53.408084869384766
2020-11-18,52.91612243652344
2020-11-19,53.169551849365234
2020-11-20,53.16209411621094
2020-11-23,53.430442810058594
2020-11-24,54.41437530517578
2020-11-25,53.57207489013672
2020-11-27,53.24409484863281
2020-11-30,52.27506637573242
2020-12-01,52.58814239501953
2020-12-02,51.917274475097656
2020-12-03,51.30604553222656
2020-12-04,53.13227462768555
2020-12-07,51.72347640991211
2020-12-08,50.98552703857422
2020-12-09,51.909828186035156
2020-12-10,51.38058853149414
2020-12-11,51.09733581542969
2020-12-14,50.88117218017578
2020-12-15,51.73091506958008
2020-12-16,51.373130798339844
2020-12-17,51.67875289916992
2020-12-18,52.051448822021484
2020-12-21,52.03654479980469
2020-12-22,51.030250549316406
2020-12-23,51.69365310668945
2020-12-24,51.909828186035156
2020-12-28,51.410400390625
2020-12-29,50.963165283203125
2020-12-30,51.85764694213867
2020-12-31,52.789398193359375
2021-01-04,51.2911376953125
2021-01-05,51.06006622314453
2021-01-06,52.97574996948242
2021-01-07,54.07894515991211
2021-01-08,54.1013069152832
2021-01-11,52.99066162109375
2021-01-12,52.99066162109375
2021-01-13,52.327247619628906
2021-01-14,52.57323455810547
2021-01-15,52.34215545654297
2021-01-19,52.461421966552734
2021-01-20,52.327247619628906
2021-01-21,52.222900390625
2021-01-22,51.671295166015625
2021-01-25,50.5830078125
2021-01-26,49.94196319580078
2021-01-27,49.30091857910156
2021-01-28,49.78542709350586
2021-01-29,49.25619125366211
2021-02-01,49.666168212890625
2021-02-02,49.62144088745117
2021-02-03,49.382911682128906
2021-02-04,49.25619125366211
2021-02-05,51.35823059082031
2021-02-08,50.448829650878906
2021-02-09,50.86625671386719
2021-02-10,52.35706329345703
2021-02-11,52.57323455810547
2021-02-12,53.31118392944336
2021-02-16,52.029090881347656
2021-02-17,50.38920211791992
2021-02-18,49.71089553833008
2021-02-19,50.08358383178711
2021-02-22,50.0090446472168
2021-02-23,50.26993942260742
2021-02-24,50.41901779174805
2021-02-25,49.47883605957031
2021-02-26,49.11320877075195
2021-03-01,50.724952697753906
2021-03-02,50.80703353881836
2021-03-03,50.53841018676758
2021-03-04,49.583309173583984
2021-03-05,50.083251953125
2021-03-08,51.366661071777344
2021-03-09,51.635284423828125
2021-03-10,51.82928466796875
2021-03-11,50.87418746948242
2021-03-12,50.43394088745117
2021-03-15,51.29204559326172
2021-03-16,49.91162109375
2021-03-17,50.351863861083984
2021-03-18,50.844337463378906
2021-03-19,50.501094818115234
2021-03-22,50.89657211303711
2021-03-23,50.51601791381836
2021-03-24,51.680057525634766
2021-03-25,52.40384292602539
2021-03-26,53.172401428222656
2021-03-29,52.545616149902344
2021-03-30,53.284324645996094
2021-03-31,52.70977783203125
2021-04-01,52.90378189086914
2021-04-05,53.67980194091797
2021-04-06,53.12763595581055
2021-04-07,53.27687072753906
2021-04-08,52.41877365112305
2021-04-09,52.94855880737305
2021-04-12,54.888607025146484
2021-04-13,54.448360443115234
2021-04-14,54.000667572021484
2021-04-15,53.88127517700195
2021-04-16,54.00811767578125
2021-04-19,53.98573303222656
2021-04-20,54.142433166503906
2021-04-21,55.14976119995117
2021-04-22,54.8587646484375
2021-04-23,55.18707275390625
2021-04-26,54.9781494140625
2021-04-27,55.36615753173828
2021-04-28,55.38854217529297
2021-04-29,55.858638763427734
2021-04-30,52.844085693359375
2021-05-03,53.164939880371094
2021-05-04,53.60518264770508
2021-05-05,53.493263244628906
2021-05-06,54.06035614013672
2021-05-07,54.33644104003906
2021-05-10,53.44849395751953
2021-05-11,52.34415054321289
2021-05-12,51.0234260559082
2021-05-13,51.836753845214844
2021-05-14,52.68739700317383
2021-05-17,52.665008544921875
2021-05-18,51.665138244628906
2021-05-19,51.575592041015625
2021-05-20,52.60531234741211
2021-05-21,53.403724670410156
2021-05-24,53.694725036621094
2021-05-25,53.44849395751953
2021-05-26,53.687255859375
2021-05-27,53.97855758666992
2021-05-28,54.165283203125
2021-06-01,53.9188117980957
2021-06-02,54.85243225097656
2021-06-03,54.934593200683594
2021-06-04,54.867366790771484
2021-06-07,54.3296012878418
2021-06-08,53.79929733276367
2021-06-09,53.082275390625
2021-06-10,52.63413619995117
2021-06-11,53.3586311340332
2021-06-14,53.11214828491211
2021-06-15,53.41838455200195
2021-06-16,52.41753005981445
2021-06-17,51.909637451171875
2021-06-18,51.49884796142578
2021-06-21,51.924583435058594
2021-06-22,51.97685623168945
2021-06-23,51.58847427368164
2021-06-24,51.89470672607422
2021-06-25,52.23080825805664
2021-06-28,52.43994140625
2021-06-29,52.410064697265625
2021-06-30,52.08889389038086
2021-07-01,52.72376251220703
2021-07-02,52.82086181640625
2021-07-06,52.08889389038086
2021-07-07,52.805931091308594
2021-07-08,51.9619255065918
2021-07-09,52.790985107421875
2021-07-12,52.619197845458984
2021-07-13,52.7162971496582
2021-07-14,52.858211517333984
2021-07-15,52.58185577392578
2021-07-16,52.21587371826172
2021-07-19,51.06563949584961
2021-07-20,52.13370895385742
2021-07-21,51.95445251464844
2021-07-22,51.65568923950195
2021-07-23,51.767730712890625
2021-07-26,51.5137825012207
2021-07-27,51.364402770996094
2021-07-28,51.41667938232422
2021-07-29,51.56606674194336
2021-07-30,54.26985168457031
2021-08-02,54.897247314453125
2021-08-03,55.696434020996094
2021-08-04,54.97193908691406
2021-08-05,54.90471649169922
2021-08-06,55.63667297363281
2021-08-09,55.382728576660156
2021-08-10,55.65161895751953
2021-08-11,56.002662658691406
2021-08-12,56.473209381103516
2021-08-13,56.734619140625
2021-08-16,56.51055145263672
2021-08-17,55.838348388671875
2021-08-18,55.21094512939453
2021-08-19,54.867366790771484
2021-08-20,54.8449592590332
2021-08-23,54.605953216552734
2021-08-24,55.046630859375
2021-08-25,55.539581298828125
2021-08-26,54.867366790771484
2021-08-27,55.32297897338867
2021-08-30,55.36032485961914
2021-08-31,55.17360305786133
2021-09-01,55.20347213745117
2021-09-02,55.980255126953125
2021-09-03,56.39104080200195
2021-09-07,55.098907470703125
2021-09-08,55.390201568603516
2021-09-09,56.60018539428711
2021-09-10,56.249141693115234
2021-09-13,55.92049789428711
2021-09-14,56.002662658691406
2021-09-15,55.79352951049805
2021-09-16,55.427547454833984
2021-09-17,54.3296012878418
2021-09-20,53.57522964477539
2021-09-21,53.94868469238281
2021-09-22,54.67318344116211
2021-09-23,54.979400634765625
2021-09-24,54.717994689941406
2021-09-27,54.74040222167969
2021-09-28,54.15034484863281
2021-09-29,54.02336883544922
2021-09-30,52.70882797241211
2021-10-01,53.04492950439453
2021-10-04,53.09721755981445
2021-10-05,52.98518753051758
2021-10-06,52.5967903137207
2021-10-07,53.351158142089844
2021-10-08,52.850738525390625
2021-10-11,52.63413619995117
2021-10-12,52.245750427246094
2021-10-13,53.082275390625
2021-10-14,54.00843048095703
2021-10-15,54.26985168457031
2021-10-18,54.23997497558594
2021-10-19,55.158668518066406
2021-10-20,55.58440017700195
2021-10-21,55.90556716918945
2021-10-22,55.5694580078125
2021-10-25,55.55451965332031
2021-10-26,55.62921142578125
2021-10-27,55.32297897338867
2021-10-28,55.98772048950195
2021-10-29,56.54790115356445
2021-11-01,57.212642669677734
2021-11-02,57.50393295288086
2021-11-03,57.30973434448242
2021-11-04,58.30311584472656
2021-11-05,58.788604736328125
2021-11-08,58.3404655456543
2021-11-09,58.728851318359375
2021-11-10,58.698978424072266
2021-11-11,57.97447967529297
2021-11-12,58.44502639770508
2021-11-15,58.28070831298828
2021-11-16,58.67657470703125
2021-11-17,59.0574836730957
2021-11-18,58.83341598510742
2021-11-19,59.10230255126953
2021-11-22,58.75126266479492
2021-11-23,58.5346565246582
2021-11-24,58.28070831298828
2021-11-26,56.55536651611328
2021-11-29,56.93628692626953
2021-11-30,55.17360305786133
2021-12-01,54.9271240234375
2021-12-02,55.457420349121094
2021-12-03,55.66655349731445
2021-12-06,55.65909194946289
2021-12-07,56.09229278564453
2021-12-08,56.503082275390625
2021-12-09,56.12216567993164
2021-12-10,56.13710403442383
2021-12-13,55.95783996582031
2021-12-14,55.278160095214844
2021-12-15,56.234195709228516
2021-12-16,56.271549224853516
2021-12-17,54.44163513183594
2021-12-20,53.40345001220703
2021-12-21,54.217567443847656
2021-12-22,54.26237487792969
2021-12-23,55.64414596557617
2021-12-27,56.29395294189453
2021-12-28,56.4881477355957
2021-12-29,56.62258529663086
2021-12-30,56.78691482543945
2021-12-31,56.98109817504883
2022-01-03,54.94953155517578
2022-01-04,55.17360305786133
2022-01-05,54.00843048095703
2022-01-06,54.11299514770508
2022-01-07,53.73955154418945
2022-01-10,53.84410858154297
2022-01-11,54.83749771118164
2022-01-12,55.08397674560547
2022-01-13,54.91965103149414
2022-01-14,54.15034484863281
2022-01-18,54.34453582763672
2022-01-19,53.956153869628906
2022-01-20,53.261531829833984
2022-01-21,53.59764099121094
2022-01-24,53.74702453613281
2022-01-25,52.19346237182617
2022-01-26,52.00674057006836
2022-01-27,51.28224563598633
2022-01-28,52.06648635864258
2022-01-31,52.68641662597656
2022-02-01,52.75363540649414
2022-02-02,53.49307632446289
2022-02-03,49.33283615112305
2022-02-04,48.092979431152344
2022-02-07,47.712059020996094
2022-02-08,48.97431564331055
2022-02-09,49.65400695800781
2022-02-10,49.11623764038086
2022-02-11,48.74278259277344
2022-02-14,48.5859375
2022-02-15,49.0639533996582
2022-02-16,48.817466735839844
2022-02-17,47.331138610839844
2022-02-18,47.61495590209961
2022-02-22,47.577613830566406
2022-02-23,46.72614288330078
2022-02-24,48.131893157958984
2022-02-25,48.969364166259766
2022-02-28,48.41603469848633
2022-03-01,47.376678466796875
2022-03-02,48.004783630371094
2022-03-03,47.01776123046875
2022-03-04,45.31292724609375
2022-03-07,43.20429992675781
2022-03-08,42.09017562866211
2022-03-09,43.735198974609375
2022-03-10,42.23223876953125
2022-03-11,42.05278778076172
2022-03-14,42.591156005859375
2022-03-15,42.61358642578125
2022-03-16,44.550228118896484
2022-03-17,45.61202621459961
2022-03-18,46.28498458862305
2022-03-21,45.89616012573242
2022-03-22,45.92607498168945
2022-03-23,45.0960807800293
2022-03-24,45.851295471191406
2022-03-25,46.02326965332031
2022-03-28,46.419578552246094
2022-03-29,47.31686019897461
2022-03-30,46.45696258544922
2022-03-31,45.55967330932617
2022-04-01,45.335357666015625
2022-04-04,45.54472351074219
2022-04-05,44.75212097167969
2022-04-06,44.32590866088867
2022-04-07,44.677345275878906
2022-04-08,44.46051025390625
2022-04-11,44.00437927246094
2022-04-12,43.824928283691406
2022-04-13,44.22869873046875
2022-04-14,43.503395080566406
2022-04-18,43.26412582397461
2022-04-19,44.176361083984375
2022-04-20,44.83436965942383
2022-04-21,44.63996124267578
2022-04-22,43.21926498413086
2022-04-25,43.256649017333984
2022-04-26,42.553768157958984
2022-04-27,43.16691589355469
2022-04-28,43.84736251831055
2022-04-29,42.994937896728516
2022-05-02,43.94456100463867
2022-05-03,44.557708740234375
2022-05-04,46.890647888183594
2022-05-05,45.671844482421875
2022-05-06,45.44751739501953
2022-05-09,44.28852462768555
2022-05-10,43.675376892089844
2022-05-11,43.05475616455078
2022-05-12,43.01736831665039
2022-05-13,43.742671966552734
2022-05-16,43.458534240722656
2022-05-17,44.565185546875
2022-05-18,43.2117805480957
2022-05-19,43.80249786376953
2022-05-20,43.57069396972656
2022-05-23,43.86979293823242
2022-05-24,44.09410858154297
2022-05-25,44.22122573852539
2022-05-26,45.36662292480469
2022-05-27,46.41469192504883
2022-05-31,46.24250793457031
2022-06-01,45.943058013916016
2022-06-02,47.26812744140625
2022-06-03,46.8488883972168
2022-06-06,47.16331481933594
2022-06-07,47.66490173339844
2022-06-08,47.1408576965332
2022-06-09,45.763389587402344
2022-06-10,44.28860092163086
2022-06-13,42.73146438598633
2022-06-14,41.9753532409668
2022-06-15,42.40206527709961
2022-06-16,40.238548278808594
2022-06-17,40.096309661865234
2022-06-21,40.47809982299805
2022-06-22,40.8299560546875
2022-06-23,41.00214385986328
2022-06-24,42.132564544677734
2022-06-27,41.698360443115234
2022-06-28,41.12192153930664
2022-06-29,40.822471618652344
2022-06-30,40.710182189941406
2022-07-01,41.07699966430664
2022-07-05,41.11443328857422
2022-07-06,41.234214782714844
2022-07-07,41.86306381225586
2022-07-08,41.93043518066406
2022-07-11,41.54115295410156
2022-07-12,40.99465560913086
2022-07-13,40.635318756103516
2022-07-14,40.17116928100586
2022-07-15,41.09946060180664
2022-07-18,40.62783432006836
2022-07-19,42.37212371826172
2022-07-20,42.813812255859375
2022-07-21,44.01161575317383
2022-07-22,43.734622955322266
2022-07-25,43.65226745605469
2022-07-26,43.58489227294922
2022-07-27,44.54313278198242
2022-07-28,46.766544342041016
2022-07-29,48.24882507324219
2022-08-01,48.233848571777344
2022-08-02,48.03921127319336
2022-08-03,48.87017822265625
2022-08-04,49.10226058959961
2022-08-05,48.86269760131836
2022-08-08,49.00493621826172
2022-08-09,48.61565017700195
2022-08-10,49.89579391479492
2022-08-11,50.367427825927734
2022-08-12,51.28823471069336
2022-08-15,51.27326202392578
2022-08-16,51.40053176879883
2022-08-17,50.93638229370117
2022-08-18,51.15348434448242
2022-08-19,50.57704544067383
2022-08-22,49.162147521972656
2022-08-23,49.251976013183594
2022-08-24,49.36427307128906
2022-08-25,50.14284133911133
2022-08-26,48.46592712402344
2022-08-29,48.06915283203125
2022-08-30,47.627464294433594
2022-08-31,47.410362243652344
2022-09-01,47.365447998046875
2022-09-02,46.84141159057617
2022-09-06,47.21572494506836
2022-09-07,48.54079055786133
2022-09-08,48.86269760131836
2022-09-09,49.424163818359375
2022-09-12,50.09792709350586
2022-09-13,48.046688079833984
2022-09-14,47.971832275390625
2022-09-15,48.12155532836914
2022-09-16,46.953704833984375
2022-09-19,47.84457015991211
2022-09-20,47.365447998046875
2022-09-21,46.57939529418945
2022-09-22,45.58372116088867
2022-09-23,44.820125579833984
2022-09-26,44.32603454589844
2022-09-27,43.88434600830078
2022-09-28,45.20941162109375
2022-09-29,44.32603454589844
2022-09-30,43.64478302001953
2022-10-03,45.38908004760742
2022-10-04,46.616825103759766
2022-10-05,46.3398323059082
2022-10-06,45.99546432495117
2022-10-07,44.962364196777344
2022-10-10,44.603023529052734
2022-10-11,44.24368667602539
2022-10-12,44.17631149291992
2022-10-13,45.14203643798828
2022-10-14,44.07150650024414
2022-10-17,45.329193115234375
2022-10-18,46.160160064697266
2022-10-19,45.419029235839844
2022-10-20,44.603023529052734
2022-10-21,46.00294876098633
2022-10-24,46.98365020751953
2022-10-25,47.84457015991211
2022-10-26,46.89381408691406
2022-10-27,46.84141159057617
2022-10-28,48.06915283203125
2022-10-31,47.83707809448242
2022-11-01,47.867027282714844
2022-11-02,46.60185241699219
2022-11-03,46.73659896850586
2022-11-04,48.353633880615234
2022-11-07,48.316200256347656
2022-11-08,48.36111831665039
2022-11-09,48.166473388671875
2022-11-10,50.831581115722656
2022-11-11,51.25829315185547
2022-11-14,50.09043884277344
2022-11-15,49.96316909790039
2022-11-16,50.19525146484375
2022-11-17,49.70864486694336
2022-11-18,49.865848541259766
2022-11-21,50.315025329589844
2022-11-22,50.726768493652344
2022-11-23,50.82408905029297
2022-11-25,50.95884323120117
2022-11-28,49.14716720581055
2022-11-29,49.1097412109375
2022-11-30,50.56956100463867
2022-12-01,50.82408905029297
2022-12-02,51.086116790771484
2022-12-05,50.322509765625
2022-12-06,49.80596160888672
2022-12-07,49.71612548828125
2022-12-08,49.82842254638672
2022-12-09,49.199581146240234
2022-12-12,50.180274963378906
2022-12-13,50.726768493652344
2022-12-14,50.053009033203125
2022-12-15,48.18893051147461
2022-12-16,47.79216766357422
2022-12-19,47.6199836730957
2022-12-20,47.77719497680664
2022-12-21,48.71296691894531
2022-12-22,47.867027282714844
2022-12-23,48.02423095703125
2022-12-27,48.15150451660156
2022-12-28,47.50019454956055
2022-12-29,48.473411560058594
2022-12-30,48.09910202026367
2023-01-03,48.11407470703125
2023-01-04,48.825260162353516
2023-01-05,47.85954284667969
2023-01-06,49.06482696533203
2023-01-09,49.26695251464844
2023-01-10,49.499019622802734
2023-01-11,50.16530227661133
2023-01-12,50.217708587646484
2023-01-13,50.4797248840332
2023-01-17,50.40485763549805
2023-01-18,49.663726806640625
2023-01-19,48.75040054321289
2023-01-20,48.99745178222656
2023-01-23,50.06049728393555
2023-01-24,50.337486267089844
2023-01-25,49.97814178466797
2023-01-26,50.09792709350586
2023-01-27,50.16530227661133
2023-01-30,49.58137130737305
2023-01-31,50.92890167236328
2023-02-01,49.31187057495117
2023-02-02,50.764198303222656
2023-02-03,51.71495819091797
2023-02-06,51.610145568847656
2023-02-07,51.9021110534668
2023-02-08,51.72993087768555
2023-02-09,51.071136474609375
2023-02-10,51.00376510620117
2023-02-13,51.789817810058594
2023-02-14,51.67003631591797
2023-02-15,52.059322357177734
2023-02-16,51.43047332763672
2023-02-17,51.924564361572266
2023-02-21,50.12786865234375
2023-02-22,49.50651168823242
2023-02-23,50.28590393066406
2023-02-24,50.21845626831055
2023-02-27,49.926185607910156
2023-02-28,49.95615768432617
2023-03-01,50.04608917236328
2023-03-02,50.728057861328125
2023-03-03,51.07279586791992
2023-03-06,50.87794494628906
2023-03-07,50.3383674621582
2023-03-08,50.32337951660156
2023-03-09,49.5739631652832
2023-03-10,48.2774658203125
2023-03-13,47.932735443115234
2023-03-14,49.62641906738281
2023-03-15,48.24748992919922
2023-03-16,49.101829528808594
2023-03-17,47.910255432128906
2023-03-20,49.03437805175781
2023-03-21,49.41658401489258
2023-03-22,48.7720832824707
2023-03-23,48.35990905761719
2023-03-24,48.906978607177734
2023-03-27,49.424072265625
2023-03-28,49.66389083862305
2023-03-29,50.41331100463867
2023-03-30,50.46576690673828
2023-03-31,51.0877799987793
2023-04-03,50.81049728393555
2023-04-04,49.101829528808594
2023-04-05,48.49480056762695
2023-04-06,48.23250198364258
2023-04-10,48.6971321105957
2023-04-11,48.749603271484375
2023-04-12,50.083560943603516
2023-04-13,50.383331298828125
2023-04-14,50.3383674621582
2023-04-17,50.45827102661133
2023-04-18,50.34585952758789
2023-04-19,49.85873794555664
2023-04-20,49.69386672973633
2023-04-21,50.053585052490234
2023-04-24,50.1135368347168
2023-04-25,48.951942443847656
2023-04-26,47.25825881958008
2023-04-27,47.662940979003906
2023-04-28,47.28074645996094
2023-05-01,47.87278366088867
2023-05-02,47.8577880859375
2023-05-03,47.962711334228516
2023-05-04,47.767860412597656
2023-05-05,48.502288818359375
2023-05-08,48.56224060058594
2023-05-09,48.35990905761719
2023-05-10,48.37489700317383
2023-05-11,48.067630767822266
2023-05-12,48.344913482666016
2023-05-15,49.21424102783203
2023-05-16,48.344913482666016
2023-05-17,48.7945671081543
2023-05-18,49.37910842895508
2023-05-19,49.236724853515625
2023-05-22,49.776302337646484
2023-05-23,48.7346076965332
2023-05-24,47.812828063964844
2023-05-25,48.80206298828125
2023-05-26,50.82548522949219
2023-05-30,50.39082717895508
2023-05-31,48.7945671081543
2023-06-01,49.06435775756836
2023-06-02,50.41331100463867
2023-06-05,50.12852478027344
2023-06-06,50.383331298828125
2023-06-07,51.57490158081055
2023-06-08,51.26014709472656
2023-06-09,51.07279586791992
2023-06-12,51.29761505126953
2023-06-13,52.26436996459961
2023-06-14,52.084510803222656
2023-06-15,53.935569763183594
2023-06-16,53.823158264160156
2023-06-20,53.583343505859375
2023-06-21,53.373504638671875
2023-06-22,53.16366958618164
2023-06-23,53.23111343383789
2023-06-26,53.980533599853516
2023-06-27,54.752437591552734
2023-06-28,54.632530212402344
2023-06-29,55.11215591430664
2023-06-30,56.033939361572266
2023-07-03,55.396934509277344
2023-07-05,54.73744583129883
2023-07-06,54.122920989990234
2023-07-07,54.22035217285156
2023-07-10,55.47187423706055
2023-07-11,55.91402816772461
2023-07-12,56.243770599365234
2023-07-13,56.10139083862305
2023-07-14,55.584285736083984
2023-07-17,56.01145935058594
2023-07-18,55.87656021118164
2023-07-19,55.72667694091797
2023-07-20,55.7116813659668
2023-07-21,55.65922927856445
2023-07-24,55.479366302490234
2023-07-25,55.57678985595703
2023-07-26,57.510292053222656
2023-07-27,57.21800994873047
2023-07-28,57.705135345458984
2023-07-31,58.71685028076172
2023-08-01,58.68687057495117
2023-08-02,58.66439437866211
2023-08-03,58.574459075927734
2023-08-04,57.98991394042969
2023-08-07,58.78429412841797
2023-08-08,59.00162887573242
2023-08-09,59.13652420043945
2023-08-10,59.47376251220703
2023-08-11,59.51123046875
2023-08-14,59.796016693115234
2023-08-15,59.286407470703125
2023-08-16,58.994140625
2023-08-17,57.98991394042969
2023-08-18,57.01567459106445
2023-08-21,57.31543731689453
2023-08-22,57.345420837402344
2023-08-23,58.297176361083984
2023-08-24,56.993194580078125
2023-08-25,57.720123291015625
2023-08-28,58.087337493896484
2023-08-29,58.89671325683594
2023-08-30,59.34636306762695
2023-08-31,59.09156036376953
2023-09-01,59.21895980834961
2023-09-05,58.00490188598633
2023-09-06,58.214744567871094
2023-09-07,58.94167709350586
2023-09-08,58.12480926513672
2023-09-11,58.836761474609375
2023-09-12,57.307945251464844
2023-09-13,56.82082748413086
2023-09-14,57.12059020996094
2023-09-15,56.94822692871094
2023-09-18,57.30044937133789
2023-09-19,56.708412170410156
2023-09-20,56.243770599365234
2023-09-21,55.396934509277344
2023-09-22,55.666717529296875
2023-09-25,56.071407318115234
2023-09-26,54.902313232421875
2023-09-27,55.149627685546875
2023-09-28,55.734169006347656
2023-09-29,55.57678985595703
2023-10-02,55.23206329345703
2023-10-03,54.977256774902344
2023-10-04,55.411922454833984
2023-10-05,55.90653991699219
2023-10-06,56.5510368347168
2023-10-09,56.543540954589844
2023-10-10,57.307945251464844
2023-10-11,57.82504653930664
2023-10-12,56.94822692871094
2023-10-13,55.546817779541016
2023-10-16,55.95149612426758
2023-10-17,56.31121826171875
2023-10-18,54.01800537109375
2023-10-19,53.283573150634766
2023-10-20,52.639076232910156
2023-10-23,52.466712951660156
2023-10-24,52.646568298339844
2023-10-25,48.41236114501953
2023-10-26,48.78707504272461
2023-10-27,48.7346076965332
2023-10-30,48.74209976196289
2023-10-31,48.921966552734375
2023-11-01,48.85451889038086
2023-11-02,49.01189422607422
2023-11-03,49.424072265625
2023-11-06,49.1542854309082
2023-11-07,48.68214797973633
2023-11-08,49.01189422607422
2023-11-09,48.96693420410156
2023-11-10,49.334144592285156
2023-11-13,48.951942443847656
2023-11-14,50.16599655151367
2023-11-15,50.54071044921875
2023-11-16,50.68309783935547
2023-11-17,51.03532409667969
2023-11-20,50.72057342529297
2023-11-21,50.51822280883789
2023-11-22,50.89338302612305
2023-11-24,50.68330001831055
2023-11-27,50.60076141357422
2023-11-28,50.645782470703125
2023-11-29,50.8033447265625
2023-11-30,51.75623321533203
2023-12-01,51.996337890625
2023-12-04,52.16890335083008
2023-12-05,51.24602508544922
2023-12-06,51.53114318847656
2023-12-07,51.816253662109375
2023-12-08,51.6887092590332
2023-12-11,53.024253845214844
2023-12-12,53.29436111450195
2023-12-13,53.41441345214844
2023-12-14,54.824989318847656
2023-12-15,54.082191467285156
2023-12-18,54.1572151184082
2023-12-19,54.61490249633789
2023-12-20,53.72203826904297
2023-12-21,54.45734405517578
2023-12-22,54.689937591552734
2023-12-26,55.10260772705078
2023-12-27,55.29018783569336
2023-12-28,55.2076530456543
2023-12-29,55.24516677856445
2024-01-02,54.22473907470703
2024-01-03,53.30186462402344
2024-01-04,53.662017822265625
2024-01-05,53.60198974609375
2024-01-08,54.11219787597656
2024-01-09,53.924625396728516
2024-01-10,53.88711166381836
2024-01-11,53.82708740234375
2024-01-12,53.932125091552734
2024-01-16,53.54947280883789
2024-01-17,53.19682312011719
2024-01-18,53.70703125
2024-01-19,54.22473907470703
2024-01-22,55.30519104003906
2024-01-23,55.762874603271484
2024-01-24,55.32770538330078
2024-01-25,55.7403678894043
2024-01-26,55.50027084350586
2024-01-29,56.040496826171875
2024-01-30,56.04800033569336
2024-01-31,58.659061431884766
2024-02-01,61.69781494140625
2024-02-02,62.29055404663086
2024-02-05,61.735328674316406
2024-02-06,61.18760299682617
2024-02-07,61.77284240722656
2024-02-08,61.70531463623047
2024-02-09,62.05046081542969
2024-02-12,62.38059616088867
2024-02-13,61.9154052734375
2024-02-14,62.710731506347656
2024-02-15,63.483543395996094
2024-02-16,63.265960693359375
2024-02-20,62.83077621459961
2024-02-21,63.3334846496582
2024-02-22,64.29386901855469
2024-02-23,64.6090087890625
2024-02-26,64.5414810180664
2024-02-27,64.61651611328125
2024-02-28,64.74405670166016
2024-02-29,63.87370681762695
2024-03-01,64.25636291503906
2024-03-04,63.61859893798828
2024-03-05,63.130897521972656
2024-03-06,63.198429107666016
2024-03-07,63.783668518066406
2024-03-08,63.813682556152344
2024-03-11,63.678627014160156
2024-03-12,64.67652893066406
2024-03-13,64.12129974365234
2024-03-14,64.36140441894531
2024-03-15,64.03877258300781
2024-03-18,63.94123458862305
2024-03-19,64.04627227783203
2024-03-20,64.43643188476562
2024-03-21,64.67652893066406
2024-03-22,64.27136993408203
2024-03-25,63.34849166870117
2024-03-26,63.693634033203125
2024-03-27,64.5414810180664
2024-03-28,64.5414810180664
2024-04-01,63.49104690551758
2024-04-02,63.641109466552734
2024-04-03,63.58108139038086
2024-04-04,62.8532829284668
2024-04-05,63.22844314575195
2024-04-08,63.19092559814453
2024-04-09,63.16841506958008
2024-04-10,62.4481201171875
2024-04-11,62.6431999206543
2024-04-12,61.83286666870117
2024-04-15,61.22511672973633
2024-04-16,60.80495071411133
2024-04-17,60.17469024658203
2024-04-18,60.15968322753906
2024-04-19,59.641971588134766
2024-04-22,60.294734954833984
2024-04-23,60.54984664916992
2024-04-24,57.0609130859375
2024-04-25,57.18095779418945
2024-04-26,57.000885009765625
2024-04-29,57.773704528808594
2024-04-30,56.47566604614258
2024-05-01,56.60322189331055
2024-05-02,57.098426818847656
2024-05-03,57.08341979980469
2024-05-06,57.75869369506836
2024-05-07,57.8037109375
2024-05-08,57.42106246948242
2024-05-09,58.13385009765625
2024-05-10,57.68366622924805
2024-05-13,57.64615249633789
2024-05-14,58.126346588134766
2024-05-15,58.36644744873047
2024-05-16,58.021305084228516
2024-05-17,57.89375686645508
2024-05-20,57.878746032714844
2024-05-21,57.84873580932617
2024-05-22,57.82622528076172
2024-05-23,56.70827102661133
2024-05-24,56.94086456298828
2024-05-28,55.942955017089844
2024-05-29,54.80998992919922
2024-05-30,55.2076530456543
2024-05-31,55.8529167175293
2024-06-03,54.73495864868164
2024-06-04,54.60740280151367
2024-06-05,55.26017379760742
2024-06-06,54.96004867553711
2024-06-07,54.584896087646484
2024-06-10,54.885013580322266
2024-06-11,54.65242004394531
2024-06-12,55.41023254394531
2024-06-13,54.749961853027344
2024-06-14,54.569889068603516
2024-06-17,54.93003463745117
2024-06-18,55.005062103271484
2024-06-20,54.749961853027344
2024-06-21,55.222660064697266
2024-06-24,55.70285415649414
2024-06-25,54.74245834350586
2024-06-26,54.824989318847656
2024-06-27,55.20014953613281
2024-06-28,55.59781265258789
2024-07-01,54.11219787597656
2024-07-02,54.247257232666016
2024-07-03,54.23225021362305
2024-07-05,54.32979202270508
2024-07-08,55.17763900756836
2024-07-09,54.502357482910156
2024-07-10,55.267677307128906
2024-07-11,56.235572814941406
2024-07-12,56.71577072143555
2024-07-15,57.19596481323242
2024-07-16,59.21429443359375
2024-07-17,58.43397521972656
2024-07-18,57.84123229980469
2024-07-19,56.71577072143555
2024-07-22,57.48858642578125
2024-07-23,57.533607482910156
2024-07-24,52.82167434692383
2024-07-25,52.51404571533203
2024-07-26,53.26435089111328
2024-07-29,53.496952056884766
2024-07-30,53.42192077636719
2024-07-31,53.90962219238281
2024-08-01,52.86669158935547
2024-08-02,51.35106658935547
2024-08-05,50.750823974609375
2024-08-06,50.81835174560547
2024-08-07,50.27812576293945
2024-08-08,51.6887092590332
2024-08-09,51.68120193481445
2024-08-12,51.26853942871094
2024-08-13,52.02635192871094
2024-08-14,51.56865692138672
2024-08-15,52.36397933959961
2024-08-16,52.2064208984375
2024-08-19,52.94171905517578
2024-08-20,52.82917404174805
2024-08-21,54.314788818359375
2024-08-22,54.34479904174805
2024-08-23,55.06509017944336
2024-08-26,55.042579650878906
2024-08-27,55.39522933959961
2024-08-28,54.802486419677734
2024-08-29,55.30519104003906
2024-08-30,55.822898864746094
2024-09-03,54.60740280151367
2024-09-04,53.789573669433594
2024-09-05,54.62240982055664
2024-09-06,53.024253845214844
2024-09-09,54.2547607421875
2024-09-10,54.104698181152344
2024-09-11,54.404823303222656
2024-09-12,55.07259750366211
2024-09-13,55.222660064697266
2024-09-16,55.31269454956055
2024-09-17,56.07050323486328
2024-09-18,56.805809020996094
2024-09-19,57.99129104614258
2024-09-20,57.27849578857422
2024-09-23,57.158451080322266
2024-09-24,57.97628402709961
2024-09-25,57.15094757080078
2024-09-26,58.95919418334961
2024-09-27,59.424381256103516
2024-09-30,59.221797943115234
2024-10-01,58.2238883972168
2024-10-02,58.26140594482422
2024-10-03,57.57862854003906
2024-10-04,57.7061767578125
2024-10-07,57.263492584228516
2024-10-08,57.3535270690918
2024-10-09,57.638648986816406
2024-10-10,57.95377731323242
2024-10-11,58.53901672363281
2024-10-14,58.86165237426758
2024-10-15,57.99879837036133
2024-10-16,57.94627380371094
2024-10-17,57.97628402709961
2024-10-18,58.126346588134766
2024-10-21,57.863739013671875
2024-10-22,56.91835403442383
2024-10-23,56.65574264526367
2024-10-24,56.28809356689453
2024-10-25,56.25057601928711
2024-10-28,56.39313507080078
2024-10-29,55.97296142578125
2024-10-30,54.08968734741211
2024-10-31,53.59449005126953
2024-11-01,53.52696228027344
2024-11-04,53.391902923583984
2024-11-05,53.564476013183594
2024-11-06,55.7403678894043
2024-11-07,55.53028106689453
2024-11-08,56.42314529418945
2024-11-11,57.1434440612793
2024-11-12,56.31060028076172
2024-11-13,57.16595458984375
2024-11-14,56.73077392578125
2024-11-15,56.138031005859375
2024-11-18,55.98046875
2024-11-19,55.89793395996094
2024-11-20,56.835819244384766
2024-11-21,57.73618698120117
2024-11-22,58.83913803100586
2024-11-25,59.78453063964844
2024-11-26,59.24431228637695
2024-11-27,59.574440002441406
2024-11-29,59.58195495605469
2024-12-02,59.30406188964844
2024-12-03,59.011138916015625
2024-12-04,59.2064208984375
2024-12-05,59.43925094604492
2024-12-06,59.25148391723633
2024-12-09,58.921016693115234
2024-12-10,58.82337951660156
2024-12-11,58.7933349609375
2024-12-12,57.70429611206055
2024-12-13,57.72682571411133
2024-12-16,57.71931457519531
2024-12-17,56.87812423706055
2024-12-18,55.32341766357422
2024-12-19,55.007965087890625
2024-12-20,55.91675567626953
2024-12-23,55.92426681518555
2024-12-24,56.3298454284668
2024-12-26,56.930694580078125
2024-12-27,56.81803512573242
2024-12-30,56.359886169433594
2024-12-31,56.3298454284668
