Date,HLT
2010-01-04,
2010-01-05,
2010-01-06,
2010-01-07,
2010-01-08,
2010-01-11,
2010-01-12,
2010-01-13,
2010-01-14,
2010-01-15,
2010-01-19,
2010-01-20,
2010-01-21,
2010-01-22,
2010-01-25,
2010-01-26,
2010-01-27,
2010-01-28,
2010-01-29,
2010-02-01,
2010-02-02,
2010-02-03,
2010-02-04,
2010-02-05,
2010-02-08,
2010-02-09,
2010-02-10,
2010-02-11,
2010-02-12,
2010-02-16,
2010-02-17,
2010-02-18,
2010-02-19,
2010-02-22,
2010-02-23,
2010-02-24,
2010-02-25,
2010-02-26,
2010-03-01,
2010-03-02,
2010-03-03,
2010-03-04,
2010-03-05,
2010-03-08,
2010-03-09,
2010-03-10,
2010-03-11,
2010-03-12,
2010-03-15,
2010-03-16,
2010-03-17,
2010-03-18,
2010-03-19,
2010-03-22,
2010-03-23,
2010-03-24,
2010-03-25,
2010-03-26,
2010-03-29,
2010-03-30,
2010-03-31,
2010-04-01,
2010-04-05,
2010-04-06,
2010-04-07,
2010-04-08,
2010-04-09,
2010-04-12,
2010-04-13,
2010-04-14,
2010-04-15,
2010-04-16,
2010-04-19,
2010-04-20,
2010-04-21,
2010-04-22,
2010-04-23,
2010-04-26,
2010-04-27,
2010-04-28,
2010-04-29,
2010-04-30,
2010-05-03,
2010-05-04,
2010-05-05,
2010-05-06,
2010-05-07,
2010-05-10,
2010-05-11,
2010-05-12,
2010-05-13,
2010-05-14,
2010-05-17,
2010-05-18,
2010-05-19,
2010-05-20,
2010-05-21,
2010-05-24,
2010-05-25,
2010-05-26,
2010-05-27,
2010-05-28,
2010-06-01,
2010-06-02,
2010-06-03,
2010-06-04,
2010-06-07,
2010-06-08,
2010-06-09,
2010-06-10,
2010-06-11,
2010-06-14,
2010-06-15,
2010-06-16,
2010-06-17,
2010-06-18,
2010-06-21,
2010-06-22,
2010-06-23,
2010-06-24,
2010-06-25,
2010-06-28,
2010-06-29,
2010-06-30,
2010-07-01,
2010-07-02,
2010-07-06,
2010-07-07,
2010-07-08,
2010-07-09,
2010-07-12,
2010-07-13,
2010-07-14,
2010-07-15,
2010-07-16,
2010-07-19,
2010-07-20,
2010-07-21,
2010-07-22,
2010-07-23,
2010-07-26,
2010-07-27,
2010-07-28,
2010-07-29,
2010-07-30,
2010-08-02,
2010-08-03,
2010-08-04,
2010-08-05,
2010-08-06,
2010-08-09,
2010-08-10,
2010-08-11,
2010-08-12,
2010-08-13,
2010-08-16,
2010-08-17,
2010-08-18,
2010-08-19,
2010-08-20,
2010-08-23,
2010-08-24,
2010-08-25,
2010-08-26,
2010-08-27,
2010-08-30,
2010-08-31,
2010-09-01,
2010-09-02,
2010-09-03,
2010-09-07,
2010-09-08,
2010-09-09,
2010-09-10,
2010-09-13,
2010-09-14,
2010-09-15,
2010-09-16,
2010-09-17,
2010-09-20,
2010-09-21,
2010-09-22,
2010-09-23,
2010-09-24,
2010-09-27,
2010-09-28,
2010-09-29,
2010-09-30,
2010-10-01,
2010-10-04,
2010-10-05,
2010-10-06,
2010-10-07,
2010-10-08,
2010-10-11,
2010-10-12,
2010-10-13,
2010-10-14,
2010-10-15,
2010-10-18,
2010-10-19,
2010-10-20,
2010-10-21,
2010-10-22,
2010-10-25,
2010-10-26,
2010-10-27,
2010-10-28,
2010-10-29,
2010-11-01,
2010-11-02,
2010-11-03,
2010-11-04,
2010-11-05,
2010-11-08,
2010-11-09,
2010-11-10,
2010-11-11,
2010-11-12,
2010-11-15,
2010-11-16,
2010-11-17,
2010-11-18,
2010-11-19,
2010-11-22,
2010-11-23,
2010-11-24,
2010-11-26,
2010-11-29,
2010-11-30,
2010-12-01,
2010-12-02,
2010-12-03,
2010-12-06,
2010-12-07,
2010-12-08,
2010-12-09,
2010-12-10,
2010-12-13,
2010-12-14,
2010-12-15,
2010-12-16,
2010-12-17,
2010-12-20,
2010-12-21,
2010-12-22,
2010-12-23,
2010-12-27,
2010-12-28,
2010-12-29,
2010-12-30,
2010-12-31,
2011-01-03,
2011-01-04,
2011-01-05,
2011-01-06,
2011-01-07,
2011-01-10,
2011-01-11,
2011-01-12,
2011-01-13,
2011-01-14,
2011-01-18,
2011-01-19,
2011-01-20,
2011-01-21,
2011-01-24,
2011-01-25,
2011-01-26,
2011-01-27,
2011-01-28,
2011-01-31,
2011-02-01,
2011-02-02,
2011-02-03,
2011-02-04,
2011-02-07,
2011-02-08,
2011-02-09,
2011-02-10,
2011-02-11,
2011-02-14,
2011-02-15,
2011-02-16,
2011-02-17,
2011-02-18,
2011-02-22,
2011-02-23,
2011-02-24,
2011-02-25,
2011-02-28,
2011-03-01,
2011-03-02,
2011-03-03,
2011-03-04,
2011-03-07,
2011-03-08,
2011-03-09,
2011-03-10,
2011-03-11,
2011-03-14,
2011-03-15,
2011-03-16,
2011-03-17,
2011-03-18,
2011-03-21,
2011-03-22,
2011-03-23,
2011-03-24,
2011-03-25,
2011-03-28,
2011-03-29,
2011-03-30,
2011-03-31,
2011-04-01,
2011-04-04,
2011-04-05,
2011-04-06,
2011-04-07,
2011-04-08,
2011-04-11,
2011-04-12,
2011-04-13,
2011-04-14,
2011-04-15,
2011-04-18,
2011-04-19,
2011-04-20,
2011-04-21,
2011-04-25,
2011-04-26,
2011-04-27,
2011-04-28,
2011-04-29,
2011-05-02,
2011-05-03,
2011-05-04,
2011-05-05,
2011-05-06,
2011-05-09,
2011-05-10,
2011-05-11,
2011-05-12,
2011-05-13,
2011-05-16,
2011-05-17,
2011-05-18,
2011-05-19,
2011-05-20,
2011-05-23,
2011-05-24,
2011-05-25,
2011-05-26,
2011-05-27,
2011-05-31,
2011-06-01,
2011-06-02,
2011-06-03,
2011-06-06,
2011-06-07,
2011-06-08,
2011-06-09,
2011-06-10,
2011-06-13,
2011-06-14,
2011-06-15,
2011-06-16,
2011-06-17,
2011-06-20,
2011-06-21,
2011-06-22,
2011-06-23,
2011-06-24,
2011-06-27,
2011-06-28,
2011-06-29,
2011-06-30,
2011-07-01,
2011-07-05,
2011-07-06,
2011-07-07,
2011-07-08,
2011-07-11,
2011-07-12,
2011-07-13,
2011-07-14,
2011-07-15,
2011-07-18,
2011-07-19,
2011-07-20,
2011-07-21,
2011-07-22,
2011-07-25,
2011-07-26,
2011-07-27,
2011-07-28,
2011-07-29,
2011-08-01,
2011-08-02,
2011-08-03,
2011-08-04,
2011-08-05,
2011-08-08,
2011-08-09,
2011-08-10,
2011-08-11,
2011-08-12,
2011-08-15,
2011-08-16,
2011-08-17,
2011-08-18,
2011-08-19,
2011-08-22,
2011-08-23,
2011-08-24,
2011-08-25,
2011-08-26,
2011-08-29,
2011-08-30,
2011-08-31,
2011-09-01,
2011-09-02,
2011-09-06,
2011-09-07,
2011-09-08,
2011-09-09,
2011-09-12,
2011-09-13,
2011-09-14,
2011-09-15,
2011-09-16,
2011-09-19,
2011-09-20,
2011-09-21,
2011-09-22,
2011-09-23,
2011-09-26,
2011-09-27,
2011-09-28,
2011-09-29,
2011-09-30,
2011-10-03,
2011-10-04,
2011-10-05,
2011-10-06,
2011-10-07,
2011-10-10,
2011-10-11,
2011-10-12,
2011-10-13,
2011-10-14,
2011-10-17,
2011-10-18,
2011-10-19,
2011-10-20,
2011-10-21,
2011-10-24,
2011-10-25,
2011-10-26,
2011-10-27,
2011-10-28,
2011-10-31,
2011-11-01,
2011-11-02,
2011-11-03,
2011-11-04,
2011-11-07,
2011-11-08,
2011-11-09,
2011-11-10,
2011-11-11,
2011-11-14,
2011-11-15,
2011-11-16,
2011-11-17,
2011-11-18,
2011-11-21,
2011-11-22,
2011-11-23,
2011-11-25,
2011-11-28,
2011-11-29,
2011-11-30,
2011-12-01,
2011-12-02,
2011-12-05,
2011-12-06,
2011-12-07,
2011-12-08,
2011-12-09,
2011-12-12,
2011-12-13,
2011-12-14,
2011-12-15,
2011-12-16,
2011-12-19,
2011-12-20,
2011-12-21,
2011-12-22,
2011-12-23,
2011-12-27,
2011-12-28,
2011-12-29,
2011-12-30,
2012-01-03,
2012-01-04,
2012-01-05,
2012-01-06,
2012-01-09,
2012-01-10,
2012-01-11,
2012-01-12,
2012-01-13,
2012-01-17,
2012-01-18,
2012-01-19,
2012-01-20,
2012-01-23,
2012-01-24,
2012-01-25,
2012-01-26,
2012-01-27,
2012-01-30,
2012-01-31,
2012-02-01,
2012-02-02,
2012-02-03,
2012-02-06,
2012-02-07,
2012-02-08,
2012-02-09,
2012-02-10,
2012-02-13,
2012-02-14,
2012-02-15,
2012-02-16,
2012-02-17,
2012-02-21,
2012-02-22,
2012-02-23,
2012-02-24,
2012-02-27,
2012-02-28,
2012-02-29,
2012-03-01,
2012-03-02,
2012-03-05,
2012-03-06,
2012-03-07,
2012-03-08,
2012-03-09,
2012-03-12,
2012-03-13,
2012-03-14,
2012-03-15,
2012-03-16,
2012-03-19,
2012-03-20,
2012-03-21,
2012-03-22,
2012-03-23,
2012-03-26,
2012-03-27,
2012-03-28,
2012-03-29,
2012-03-30,
2012-04-02,
2012-04-03,
2012-04-04,
2012-04-05,
2012-04-09,
2012-04-10,
2012-04-11,
2012-04-12,
2012-04-13,
2012-04-16,
2012-04-17,
2012-04-18,
2012-04-19,
2012-04-20,
2012-04-23,
2012-04-24,
2012-04-25,
2012-04-26,
2012-04-27,
2012-04-30,
2012-05-01,
2012-05-02,
2012-05-03,
2012-05-04,
2012-05-07,
2012-05-08,
2012-05-09,
2012-05-10,
2012-05-11,
2012-05-14,
2012-05-15,
2012-05-16,
2012-05-17,
2012-05-18,
2012-05-21,
2012-05-22,
2012-05-23,
2012-05-24,
2012-05-25,
2012-05-29,
2012-05-30,
2012-05-31,
2012-06-01,
2012-06-04,
2012-06-05,
2012-06-06,
2012-06-07,
2012-06-08,
2012-06-11,
2012-06-12,
2012-06-13,
2012-06-14,
2012-06-15,
2012-06-18,
2012-06-19,
2012-06-20,
2012-06-21,
2012-06-22,
2012-06-25,
2012-06-26,
2012-06-27,
2012-06-28,
2012-06-29,
2012-07-02,
2012-07-03,
2012-07-05,
2012-07-06,
2012-07-09,
2012-07-10,
2012-07-11,
2012-07-12,
2012-07-13,
2012-07-16,
2012-07-17,
2012-07-18,
2012-07-19,
2012-07-20,
2012-07-23,
2012-07-24,
2012-07-25,
2012-07-26,
2012-07-27,
2012-07-30,
2012-07-31,
2012-08-01,
2012-08-02,
2012-08-03,
2012-08-06,
2012-08-07,
2012-08-08,
2012-08-09,
2012-08-10,
2012-08-13,
2012-08-14,
2012-08-15,
2012-08-16,
2012-08-17,
2012-08-20,
2012-08-21,
2012-08-22,
2012-08-23,
2012-08-24,
2012-08-27,
2012-08-28,
2012-08-29,
2012-08-30,
2012-08-31,
2012-09-04,
2012-09-05,
2012-09-06,
2012-09-07,
2012-09-10,
2012-09-11,
2012-09-12,
2012-09-13,
2012-09-14,
2012-09-17,
2012-09-18,
2012-09-19,
2012-09-20,
2012-09-21,
2012-09-24,
2012-09-25,
2012-09-26,
2012-09-27,
2012-09-28,
2012-10-01,
2012-10-02,
2012-10-03,
2012-10-04,
2012-10-05,
2012-10-08,
2012-10-09,
2012-10-10,
2012-10-11,
2012-10-12,
2012-10-15,
2012-10-16,
2012-10-17,
2012-10-18,
2012-10-19,
2012-10-22,
2012-10-23,
2012-10-24,
2012-10-25,
2012-10-26,
2012-10-31,
2012-11-01,
2012-11-02,
2012-11-05,
2012-11-06,
2012-11-07,
2012-11-08,
2012-11-09,
2012-11-12,
2012-11-13,
2012-11-14,
2012-11-15,
2012-11-16,
2012-11-19,
2012-11-20,
2012-11-21,
2012-11-23,
2012-11-26,
2012-11-27,
2012-11-28,
2012-11-29,
2012-11-30,
2012-12-03,
2012-12-04,
2012-12-05,
2012-12-06,
2012-12-07,
2012-12-10,
2012-12-11,
2012-12-12,
2012-12-13,
2012-12-14,
2012-12-17,
2012-12-18,
2012-12-19,
2012-12-20,
2012-12-21,
2012-12-24,
2012-12-26,
2012-12-27,
2012-12-28,
2012-12-31,
2013-01-02,
2013-01-03,
2013-01-04,
2013-01-07,
2013-01-08,
2013-01-09,
2013-01-10,
2013-01-11,
2013-01-14,
2013-01-15,
2013-01-16,
2013-01-17,
2013-01-18,
2013-01-22,
2013-01-23,
2013-01-24,
2013-01-25,
2013-01-28,
2013-01-29,
2013-01-30,
2013-01-31,
2013-02-01,
2013-02-04,
2013-02-05,
2013-02-06,
2013-02-07,
2013-02-08,
2013-02-11,
2013-02-12,
2013-02-13,
2013-02-14,
2013-02-15,
2013-02-19,
2013-02-20,
2013-02-21,
2013-02-22,
2013-02-25,
2013-02-26,
2013-02-27,
2013-02-28,
2013-03-01,
2013-03-04,
2013-03-05,
2013-03-06,
2013-03-07,
2013-03-08,
2013-03-11,
2013-03-12,
2013-03-13,
2013-03-14,
2013-03-15,
2013-03-18,
2013-03-19,
2013-03-20,
2013-03-21,
2013-03-22,
2013-03-25,
2013-03-26,
2013-03-27,
2013-03-28,
2013-04-01,
2013-04-02,
2013-04-03,
2013-04-04,
2013-04-05,
2013-04-08,
2013-04-09,
2013-04-10,
2013-04-11,
2013-04-12,
2013-04-15,
2013-04-16,
2013-04-17,
2013-04-18,
2013-04-19,
2013-04-22,
2013-04-23,
2013-04-24,
2013-04-25,
2013-04-26,
2013-04-29,
2013-04-30,
2013-05-01,
2013-05-02,
2013-05-03,
2013-05-06,
2013-05-07,
2013-05-08,
2013-05-09,
2013-05-10,
2013-05-13,
2013-05-14,
2013-05-15,
2013-05-16,
2013-05-17,
2013-05-20,
2013-05-21,
2013-05-22,
2013-05-23,
2013-05-24,
2013-05-28,
2013-05-29,
2013-05-30,
2013-05-31,
2013-06-03,
2013-06-04,
2013-06-05,
2013-06-06,
2013-06-07,
2013-06-10,
2013-06-11,
2013-06-12,
2013-06-13,
2013-06-14,
2013-06-17,
2013-06-18,
2013-06-19,
2013-06-20,
2013-06-21,
2013-06-24,
2013-06-25,
2013-06-26,
2013-06-27,
2013-06-28,
2013-07-01,
2013-07-02,
2013-07-03,
2013-07-05,
2013-07-08,
2013-07-09,
2013-07-10,
2013-07-11,
2013-07-12,
2013-07-15,
2013-07-16,
2013-07-17,
2013-07-18,
2013-07-19,
2013-07-22,
2013-07-23,
2013-07-24,
2013-07-25,
2013-07-26,
2013-07-29,
2013-07-30,
2013-07-31,
2013-08-01,
2013-08-02,
2013-08-05,
2013-08-06,
2013-08-07,
2013-08-08,
2013-08-09,
2013-08-12,
2013-08-13,
2013-08-14,
2013-08-15,
2013-08-16,
2013-08-19,
2013-08-20,
2013-08-21,
2013-08-22,
2013-08-23,
2013-08-26,
2013-08-27,
2013-08-28,
2013-08-29,
2013-08-30,
2013-09-03,
2013-09-04,
2013-09-05,
2013-09-06,
2013-09-09,
2013-09-10,
2013-09-11,
2013-09-12,
2013-09-13,
2013-09-16,
2013-09-17,
2013-09-18,
2013-09-19,
2013-09-20,
2013-09-23,
2013-09-24,
2013-09-25,
2013-09-26,
2013-09-27,
2013-09-30,
2013-10-01,
2013-10-02,
2013-10-03,
2013-10-04,
2013-10-07,
2013-10-08,
2013-10-09,
2013-10-10,
2013-10-11,
2013-10-14,
2013-10-15,
2013-10-16,
2013-10-17,
2013-10-18,
2013-10-21,
2013-10-22,
2013-10-23,
2013-10-24,
2013-10-25,
2013-10-28,
2013-10-29,
2013-10-30,
2013-10-31,
2013-11-01,
2013-11-04,
2013-11-05,
2013-11-06,
2013-11-07,
2013-11-08,
2013-11-11,
2013-11-12,
2013-11-13,
2013-11-14,
2013-11-15,
2013-11-18,
2013-11-19,
2013-11-20,
2013-11-21,
2013-11-22,
2013-11-25,
2013-11-26,
2013-11-27,
2013-11-29,
2013-12-02,
2013-12-03,
2013-12-04,
2013-12-05,
2013-12-06,
2013-12-09,
2013-12-10,
2013-12-11,
2013-12-12,41.7447624206543
2013-12-13,42.909725189208984
2013-12-16,41.78359603881836
2013-12-17,42.34666442871094
2013-12-18,42.385494232177734
2013-12-19,43.25920486450195
2013-12-20,42.57965087890625
2013-12-23,41.86125564575195
2013-12-24,41.76417922973633
2013-12-26,42.13308334350586
2013-12-27,41.938926696777344
2013-12-30,42.50198745727539
2013-12-31,43.20097351074219
2014-01-02,42.44374084472656
2014-01-03,42.7349853515625
2014-01-06,42.71556854248047
2014-01-07,42.71556854248047
2014-01-08,42.7738037109375
2014-01-09,42.463165283203125
2014-01-10,42.113670349121094
2014-01-13,42.17190933227539
2014-01-14,42.909725189208984
2014-01-15,42.54082107543945
2014-01-16,42.637908935546875
2014-01-17,43.20097351074219
2014-01-21,42.56022644042969
2014-01-22,43.60871124267578
2014-01-23,43.99703598022461
2014-01-24,43.589298248291016
2014-01-27,42.69614791870117
2014-01-28,42.52140426635742
2014-01-29,42.055419921875
2014-01-30,42.055419921875
2014-01-31,42.036006927490234
2014-02-03,40.67686080932617
2014-02-04,40.83220291137695
2014-02-05,40.38563919067383
2014-02-06,41.162269592285156
2014-02-07,42.036006927490234
2014-02-10,41.570003509521484
2014-02-11,42.113670349121094
2014-02-12,42.50198745727539
2014-02-13,42.61849594116211
2014-02-14,42.71556854248047
2014-02-18,42.24958419799805
2014-02-19,41.80301284790039
2014-02-20,41.7253532409668
2014-02-21,43.00681686401367
2014-02-24,43.22039031982422
2014-02-25,43.4339714050293
2014-02-26,43.7640380859375
2014-02-27,43.66695785522461
2014-02-28,43.4145622253418
2014-03-03,43.66695785522461
2014-03-04,43.80287170410156
2014-03-05,44.21061706542969
2014-03-06,43.64753723144531
2014-03-07,44.09409713745117
2014-03-10,43.453372955322266
2014-03-11,42.92914962768555
2014-03-12,43.395137786865234
2014-03-13,42.81265640258789
2014-03-14,42.7738037109375
2014-03-17,42.948551177978516
2014-03-18,43.82228469848633
2014-03-19,43.22039031982422
2014-03-20,43.04563522338867
2014-03-21,44.637760162353516
2014-03-24,44.191192626953125
2014-03-25,43.64753723144531
2014-03-26,43.3757209777832
2014-03-27,43.16213607788086
2014-03-28,43.20097351074219
2014-03-31,43.18155288696289
2014-04-01,43.78345489501953
2014-04-02,43.62812805175781
2014-04-03,42.75440216064453
2014-04-04,41.919498443603516
2014-04-07,41.49235153198242
2014-04-08,41.472938537597656
2014-04-09,41.76417922973633
2014-04-10,41.123435974121094
2014-04-11,41.259361267089844
2014-04-14,41.453521728515625
2014-04-15,41.51176071166992
2014-04-16,41.938926696777344
2014-04-17,42.26899337768555
2014-04-21,41.66709518432617
2014-04-22,41.76417922973633
2014-04-23,41.7253532409668
2014-04-24,41.7447624206543
2014-04-25,41.4146842956543
2014-04-28,41.49235153198242
2014-04-29,40.94869613647461
2014-04-30,42.385494232177734
2014-05-01,42.87089920043945
2014-05-02,42.81265640258789
2014-05-05,43.026222229003906
2014-05-06,43.026222229003906
2014-05-07,43.99703598022461
2014-05-08,43.95819854736328
2014-05-09,44.793094635009766
2014-05-12,44.618350982666016
2014-05-13,44.65717315673828
2014-05-14,43.78345489501953
2014-05-15,42.52140426635742
2014-05-16,42.463165283203125
2014-05-19,42.54082107543945
2014-05-20,41.570003509521484
2014-05-21,42.4243278503418
2014-05-22,42.69614791870117
2014-05-23,42.81265640258789
2014-05-27,43.18155288696289
2014-05-28,42.7349853515625
2014-05-29,43.065059661865234
2014-05-30,43.919368743896484
2014-06-02,44.23003387451172
2014-06-03,44.09409713745117
2014-06-04,44.21061706542969
2014-06-05,44.69601821899414
2014-06-06,45.20083999633789
2014-06-09,45.22025680541992
2014-06-10,45.492069244384766
2014-06-11,44.288272857666016
2014-06-12,43.64753723144531
2014-06-13,43.27862548828125
2014-06-16,43.12330627441406
2014-06-17,43.3757209777832
2014-06-18,43.395137786865234
2014-06-19,43.35630416870117
2014-06-20,43.22039031982422
2014-06-23,43.3757209777832
2014-06-24,43.686363220214844
2014-06-25,44.57951354980469
2014-06-26,44.38535690307617
2014-06-27,44.288272857666016
2014-06-30,45.23966979980469
2014-07-01,45.88041305541992
2014-07-02,46.32697677612305
2014-07-03,48.1520881652832
2014-07-07,47.569618225097656
2014-07-08,46.96770095825195
2014-07-09,47.99677276611328
2014-07-10,47.60844802856445
2014-07-11,47.220123291015625
2014-07-14,47.49193572998047
2014-07-15,47.70552444458008
2014-07-16,47.724945068359375
2014-07-17,46.73470687866211
2014-07-18,47.66670227050781
2014-07-21,48.21034622192383
2014-07-22,48.792850494384766
2014-07-23,49.5306282043457
2014-07-24,49.10348892211914
2014-07-25,49.08406448364258
2014-07-28,49.006412506103516
2014-07-29,48.5015869140625
2014-07-30,47.919090270996094
2014-07-31,47.006534576416016
2014-08-01,47.161869049072266
2014-08-04,46.94829177856445
2014-08-05,46.055145263671875
2014-08-06,45.53091812133789
2014-08-07,45.97748565673828
2014-08-08,46.03573226928711
2014-08-11,46.71530532836914
2014-08-12,46.81238555908203
2014-08-13,47.55019760131836
2014-08-14,48.01618957519531
2014-08-15,47.899688720703125
2014-08-18,48.52099609375
2014-08-19,48.75399398803711
2014-08-20,49.39474105834961
2014-08-21,49.58888244628906
2014-08-22,49.78305435180664
2014-08-25,49.93838119506836
2014-08-26,49.80247116088867
2014-08-27,50.01605224609375
2014-08-28,49.82188415527344
2014-08-29,49.161739349365234
2014-09-02,49.433570861816406
2014-09-03,49.08406448364258
2014-09-04,49.20057678222656
2014-09-05,50.01605224609375
2014-09-08,49.860721588134766
2014-09-09,49.5306282043457
2014-09-10,49.08406448364258
2014-09-11,48.229759216308594
2014-09-12,47.37544631958008
2014-09-15,46.85121536254883
2014-09-16,47.86085891723633
2014-09-17,48.5598258972168
2014-09-18,48.01618957519531
2014-09-19,48.055015563964844
2014-09-22,48.1715087890625
2014-09-23,47.938514709472656
2014-09-24,47.95792770385742
2014-09-25,47.569618225097656
2014-09-26,48.1909294128418
2014-09-29,47.66670227050781
2014-09-30,47.822017669677734
2014-10-01,46.59880447387695
2014-10-02,46.55996322631836
2014-10-03,47.220123291015625
2014-10-06,47.006534576416016
2014-10-07,46.55996322631836
2014-10-08,46.44347381591797
2014-10-09,45.375579833984375
2014-10-10,44.21061706542969
2014-10-13,42.793243408203125
2014-10-14,42.7738037109375
2014-10-15,41.95833206176758
2014-10-16,42.44374084472656
2014-10-17,44.288272857666016
2014-10-20,45.860984802246094
2014-10-21,47.589019775390625
2014-10-22,46.61821365356445
2014-10-23,46.67646789550781
2014-10-24,47.064796447753906
2014-10-27,46.94829177856445
2014-10-28,47.297786712646484
2014-10-29,47.68611526489258
2014-10-30,48.5598258972168
2014-10-31,49.006412506103516
2014-11-03,49.02581787109375
2014-11-04,47.763771057128906
2014-11-05,48.61807632446289
2014-11-06,48.63749313354492
2014-11-07,48.48217010498047
2014-11-10,48.8122444152832
2014-11-11,48.948150634765625
2014-11-12,49.161739349365234
2014-11-13,49.25881576538086
2014-11-14,50.11312484741211
2014-11-17,49.355892181396484
2014-11-18,49.724796295166016
2014-11-19,49.55005645751953
2014-11-20,49.41413879394531
2014-11-21,49.55005645751953
2014-11-24,50.09370803833008
2014-11-25,50.773277282714844
2014-11-26,50.520870208740234
2014-11-28,50.90918731689453
2014-12-01,49.37532424926758
2014-12-02,49.5306282043457
2014-12-03,50.365543365478516
2014-12-04,50.48204040527344
2014-12-05,51.297515869140625
2014-12-08,51.14217758178711
2014-12-09,50.92860794067383
2014-12-10,50.462608337402344
2014-12-11,50.98686218261719
2014-12-12,50.229618072509766
2014-12-15,49.161739349365234
2014-12-16,48.03559875488281
2014-12-17,49.12289810180664
2014-12-18,50.229618072509766
2014-12-19,50.83152770996094
2014-12-22,50.48204040527344
2014-12-23,50.67620086669922
2014-12-24,50.8897819519043
2014-12-26,51.02569580078125
2014-12-29,50.695613861083984
2014-12-30,50.656776428222656
2014-12-31,50.656776428222656
2015-01-02,50.365543365478516
2015-01-05,48.73458480834961
2015-01-06,48.28800582885742
2015-01-07,49.06465530395508
2015-01-08,50.42378234863281
2015-01-09,49.9189567565918
2015-01-12,49.41413879394531
2015-01-13,49.80247116088867
2015-01-14,50.34613037109375
2015-01-15,49.70539093017578
2015-01-16,50.2102165222168
2015-01-20,50.05487823486328
2015-01-21,50.249046325683594
2015-01-22,51.918827056884766
2015-01-23,51.5693359375
2015-01-26,52.248897552490234
2015-01-27,51.39459991455078
2015-01-28,51.35575866699219
2015-01-29,51.21985626220703
2015-01-30,50.42378234863281
2015-02-02,50.715030670166016
2015-02-03,51.588768005371094
2015-02-04,51.122772216796875
2015-02-05,52.17123794555664
2015-02-06,51.18101501464844
2015-02-09,51.43341827392578
2015-02-10,53.316802978515625
2015-02-11,54.67593765258789
2015-02-12,55.219581604003906
2015-02-13,55.471981048583984
2015-02-17,55.627323150634766
2015-02-18,55.41374206542969
2015-02-19,55.04484558105469
2015-02-20,55.04484558105469
2015-02-23,54.209938049316406
2015-02-24,53.957523345947266
2015-02-25,54.209938049316406
2015-02-26,54.38468933105469
2015-02-27,54.88949966430664
2015-03-02,56.054481506347656
2015-03-03,56.83111572265625
2015-03-04,56.229217529296875
2015-03-05,56.36513900756836
2015-03-06,54.83124923706055
2015-03-09,54.9089241027832
2015-03-10,54.19052505493164
2015-03-11,54.44292068481445
2015-03-12,54.967166900634766
2015-03-13,54.656517028808594
2015-03-16,56.26805877685547
2015-03-17,56.09331512451172
2015-03-18,56.889366149902344
2015-03-19,57.20003128051758
2015-03-20,56.90879440307617
2015-03-23,57.21943283081055
2015-03-24,57.238861083984375
2015-03-25,55.821475982666016
2015-03-26,56.65638732910156
2015-03-27,57.76310348510742
2015-03-30,57.53010177612305
2015-03-31,57.51069259643555
2015-04-01,56.85053634643555
2015-04-02,57.0058708190918
2015-04-06,57.51069259643555
2015-04-07,56.6757926940918
2015-04-08,59.23873519897461
2015-04-09,60.3842887878418
2015-04-10,60.093048095703125
2015-04-13,59.18047332763672
2015-04-14,58.772727966308594
2015-04-15,58.656246185302734
2015-04-16,57.9766731262207
2015-04-17,57.47186279296875
2015-04-20,57.9766731262207
2015-04-21,58.46207046508789
2015-04-22,58.28733444213867
2015-04-23,58.85039520263672
2015-04-24,58.792152404785156
2015-04-27,57.54951095581055
2015-04-28,57.16120147705078
2015-04-29,57.78252029418945
2015-04-30,56.229217529296875
2015-05-01,57.918418884277344
2015-05-04,57.064125061035156
2015-05-05,56.384544372558594
2015-05-06,56.423377990722656
2015-05-07,57.238861083984375
2015-05-08,58.44265365600586
2015-05-11,57.646610260009766
2015-05-12,57.141780853271484
2015-05-13,56.52045822143555
2015-05-14,57.2776985168457
2015-05-15,57.2776985168457
2015-05-18,57.29710006713867
2015-05-19,57.45244216918945
2015-05-20,57.51069259643555
2015-05-21,56.85053634643555
2015-05-22,56.9864501953125
2015-05-26,56.636966705322266
2015-05-27,57.141780853271484
2015-05-28,57.10294723510742
2015-05-29,56.229217529296875
2015-06-01,56.636966705322266
2015-06-02,56.6757926940918
2015-06-03,56.86995315551758
2015-06-04,56.83111572265625
2015-06-05,57.064125061035156
2015-06-08,55.84089279174805
2015-06-09,56.65638732910156
2015-06-10,55.66615676879883
2015-06-11,55.9185676574707
2015-06-12,55.53023910522461
2015-06-15,55.18075180053711
2015-06-16,54.42352294921875
2015-06-17,54.22936248779297
2015-06-18,55.06425857543945
2015-06-19,54.540016174316406
2015-06-22,54.50117874145508
2015-06-23,54.5594367980957
2015-06-24,54.326438903808594
2015-06-25,54.34584426879883
2015-06-26,54.520606994628906
2015-06-29,53.06438064575195
2015-06-30,53.49154281616211
2015-07-01,53.9381103515625
2015-07-02,53.9381103515625
2015-07-06,53.97694778442383
2015-07-07,54.07402801513672
2015-07-08,52.83139419555664
2015-07-09,52.96730422973633
2015-07-10,54.15169906616211
2015-07-13,54.69534683227539
2015-07-14,55.10308074951172
2015-07-15,54.63710403442383
2015-07-16,54.85068130493164
2015-07-17,54.88949966430664
2015-07-20,54.98658752441406
2015-07-21,54.40410232543945
2015-07-22,54.34584426879883
2015-07-23,52.52072525024414
2015-07-24,52.09358596801758
2015-07-27,51.45283126831055
2015-07-28,51.43341827392578
2015-07-29,53.80219650268555
2015-07-30,51.53050994873047
2015-07-31,52.132408142089844
2015-08-03,51.511085510253906
2015-08-04,50.792694091796875
2015-08-05,50.05487823486328
2015-08-06,49.88014221191406
2015-08-07,50.307289123535156
2015-08-10,50.8897819519043
2015-08-11,50.32670974731445
2015-08-12,50.30723571777344
2015-08-13,50.30723571777344
2015-08-14,49.87892150878906
2015-08-17,50.65767288208008
2015-08-18,50.30723571777344
2015-08-19,50.05414581298828
2015-08-20,48.593990325927734
2015-08-21,47.698421478271484
2015-08-24,46.14093017578125
2015-08-25,45.82943344116211
2015-08-26,47.367454528808594
2015-08-27,48.438232421875
2015-08-28,48.74973678588867
2015-08-31,48.34089660644531
2015-09-01,46.919677734375
2015-09-02,47.48427963256836
2015-09-03,48.126739501953125
2015-09-04,47.89310836791992
2015-09-08,49.353267669677734
2015-09-09,49.45060729980469
2015-09-10,49.56742858886719
2015-09-11,49.82051086425781
2015-09-14,49.58688735961914
2015-09-15,48.69131851196289
2015-09-16,49.58688735961914
2015-09-17,49.48954772949219
2015-09-18,46.64711380004883
2015-09-21,46.783409118652344
2015-09-22,46.101985931396484
2015-09-23,45.47898864746094
2015-09-24,45.14802551269531
2015-09-25,44.95332336425781
2015-09-28,42.90911865234375
2015-09-29,42.63655471801758
2015-09-30,44.66130828857422
2015-10-01,45.712608337402344
2015-10-02,45.90729522705078
2015-10-05,46.64711380004883
2015-10-06,46.31614303588867
2015-10-07,47.13383483886719
2015-10-08,48.457706451416016
2015-10-09,49.08070373535156
2015-10-12,49.10017776489258
2015-10-13,48.67185974121094
2015-10-14,47.54267501831055
2015-10-15,48.048858642578125
2015-10-16,47.153289794921875
2015-10-19,47.05595779418945
2015-10-20,48.516109466552734
2015-10-21,47.795780181884766
2015-10-22,49.10017776489258
2015-10-23,47.815250396728516
2015-10-26,48.67185974121094
2015-10-27,49.275394439697266
2015-10-28,48.84708786010742
2015-10-29,48.9638786315918
2015-10-30,48.652381896972656
2015-11-02,49.23645782470703
2015-11-03,49.78158187866211
2015-11-04,49.47008514404297
2015-11-05,49.97626495361328
2015-11-06,49.91787338256836
2015-11-09,49.52849197387695
2015-11-10,50.0346794128418
2015-11-11,49.839988708496094
2015-11-12,48.905494689941406
2015-11-13,47.54267501831055
2015-11-16,46.41349411010742
2015-11-17,45.07014465332031
2015-11-18,45.57633590698242
2015-11-19,45.75156021118164
2015-11-20,45.790489196777344
2015-11-23,46.02412033081055
2015-11-24,45.789794921875
2015-11-25,45.57500076293945
2015-11-27,45.49689865112305
2015-11-30,45.3406867980957
2015-12-01,46.063167572021484
2015-12-02,45.47736358642578
2015-12-03,44.59867477416992
2015-12-04,45.008724212646484
2015-12-07,44.26673126220703
2015-12-08,43.97383117675781
2015-12-09,42.450740814208984
2015-12-10,43.134178161621094
2015-12-11,42.56791305541992
2015-12-14,41.552528381347656
2015-12-15,41.6696891784668
2015-12-16,43.837135314941406
2015-12-17,43.192771911621094
2015-12-18,41.90401077270508
2015-12-21,41.728275299072266
2015-12-22,42.489803314208984
2015-12-23,43.03655242919922
2015-12-24,42.704593658447266
2015-12-28,42.52885437011719
2015-12-29,42.54838562011719
2015-12-30,42.1773796081543
2015-12-31,41.786842346191406
2016-01-04,41.181522369384766
2016-01-05,41.20105743408203
2016-01-06,39.053131103515625
2016-01-07,37.588626861572266
2016-01-08,37.39337158203125
2016-01-11,37.569114685058594
2016-01-12,38.1939697265625
2016-01-13,36.20225143432617
2016-01-14,35.92888259887695
2016-01-15,34.65964889526367
2016-01-19,33.80048370361328
2016-01-20,34.64013671875
2016-01-21,35.850765228271484
2016-01-22,35.67503356933594
2016-01-25,34.01527786254883
2016-01-26,36.10462188720703
2016-01-27,34.99160385131836
2016-01-28,33.54664611816406
2016-01-29,34.77681350708008
2016-02-01,35.06970977783203
2016-02-02,33.74190139770508
2016-02-03,33.99574661254883
2016-02-04,35.32356262207031
2016-02-05,34.36676788330078
2016-02-08,34.1324462890625
2016-02-09,34.44486618041992
2016-02-10,35.30403518676758
2016-02-11,34.85492706298828
2016-02-12,36.20225143432617
2016-02-16,37.08094787597656
2016-02-17,38.46733856201172
2016-02-18,38.291587829589844
2016-02-19,38.818809509277344
2016-02-22,38.85786056518555
2016-02-23,38.818809509277344
2016-02-24,38.83833694458008
2016-02-25,39.443668365478516
2016-02-26,40.41999053955078
2016-02-29,40.576202392578125
2016-03-01,40.90815353393555
2016-03-02,41.76732635498047
2016-03-03,42.15785217285156
2016-03-04,42.7436408996582
2016-03-07,42.09926986694336
2016-03-08,40.88861846923828
2016-03-09,40.55667495727539
2016-03-10,40.048980712890625
2016-03-11,41.51347732543945
2016-03-14,41.61111068725586
2016-03-15,41.240108489990234
2016-03-16,41.59275436401367
2016-03-17,41.61235046386719
2016-03-18,43.120887756347656
2016-03-21,43.904544830322266
2016-03-22,43.64984893798828
2016-03-23,42.9837532043457
2016-03-24,43.238433837890625
2016-03-28,43.64984893798828
2016-03-29,44.00251388549805
2016-03-30,44.5314826965332
2016-03-31,44.120059967041016
2016-04-01,43.120887756347656
2016-04-04,43.47353744506836
2016-04-05,42.787841796875
2016-04-06,43.59108352661133
2016-04-07,43.29720687866211
2016-04-08,43.689048767089844
2016-04-11,43.689048767089844
2016-04-12,44.00251388549805
2016-04-13,44.66861343383789
2016-04-14,44.4922981262207
2016-04-15,44.061275482177734
2016-04-18,43.551910400390625
2016-04-19,43.70863723754883
2016-04-20,42.94456100463867
2016-04-21,43.336402893066406
2016-04-22,42.41559600830078
2016-04-25,42.591922760009766
2016-04-26,42.395999908447266
2016-04-27,43.64984893798828
2016-04-28,43.57149887084961
2016-04-29,43.199249267578125
2016-05-02,43.59108352661133
2016-05-03,43.493133544921875
2016-05-04,43.17966842651367
2016-05-05,43.17966842651367
2016-05-06,43.16006088256836
2016-05-09,43.375579833984375
2016-05-10,44.74698257446289
2016-05-11,43.64984893798828
2016-05-12,42.96416473388672
2016-05-13,42.121742248535156
2016-05-16,42.631103515625
2016-05-17,42.611515045166016
2016-05-18,41.43224334716797
2016-05-19,40.528114318847656
2016-05-20,40.37086486816406
2016-05-23,40.528114318847656
2016-05-24,40.96050262451172
2016-05-25,41.19636535644531
2016-05-26,40.29225158691406
2016-05-27,40.78361511230469
2016-05-31,40.84257507324219
2016-06-01,41.15705871582031
2016-06-02,42.47393035888672
2016-06-03,42.69012451171875
2016-06-06,43.2601203918457
2016-06-07,42.90633010864258
2016-06-08,42.69012451171875
2016-06-09,42.45426559448242
2016-06-10,41.62876510620117
2016-06-13,41.62876510620117
2016-06-14,41.55015563964844
2016-06-15,42.611515045166016
2016-06-16,42.72943878173828
2016-06-17,44.16424560546875
2016-06-20,45.520416259765625
2016-06-21,44.95042419433594
2016-06-22,44.95042419433594
2016-06-23,46.05109786987305
2016-06-24,42.94563674926758
2016-06-27,41.53050231933594
2016-06-28,42.297027587890625
2016-06-29,43.81044006347656
2016-06-30,44.282161712646484
2016-07-01,44.970069885253906
2016-07-05,43.98733901977539
2016-07-06,44.36077880859375
2016-07-07,44.89146041870117
2016-07-08,45.85454177856445
2016-07-11,46.11005783081055
2016-07-12,46.69969940185547
2016-07-13,46.424537658691406
2016-07-14,46.60142517089844
2016-07-15,46.7586669921875
2016-07-18,47.15176773071289
2016-07-19,46.95520782470703
2016-07-20,47.171417236328125
2016-07-21,47.11245346069336
2016-07-22,47.83967590332031
2016-07-25,47.05348587036133
2016-07-26,46.915889739990234
2016-07-27,45.54006576538086
2016-07-28,44.9897346496582
2016-07-29,45.579383850097656
2016-08-01,45.83488845825195
2016-08-02,44.95042419433594
2016-08-03,44.871795654296875
2016-08-04,45.36317825317383
2016-08-05,46.09040069580078
2016-08-08,46.817626953125
2016-08-09,46.54246139526367
2016-08-10,46.30661392211914
2016-08-11,46.50315475463867
2016-08-12,46.99452209472656
2016-08-15,47.40726852416992
2016-08-16,47.89863586425781
2016-08-17,47.859230041503906
2016-08-18,47.60297393798828
2016-08-19,47.642391204833984
2016-08-22,47.60297393798828
2016-08-23,47.563560485839844
2016-08-24,47.642391204833984
2016-08-25,47.7015266418457
2016-08-26,47.34672164916992
2016-08-29,47.30731201171875
2016-08-30,46.8736572265625
2016-08-31,47.05105209350586
2016-09-01,46.85393142700195
2016-09-02,46.794803619384766
2016-09-06,46.577980041503906
2016-09-07,46.617408752441406
2016-09-08,46.144325256347656
2016-09-09,44.803955078125
2016-09-12,45.43471145629883
2016-09-13,45.198184967041016
2016-09-14,45.5924186706543
2016-09-15,45.533267974853516
2016-09-16,45.39529800415039
2016-09-19,45.37559127807617
2016-09-20,45.94721221923828
2016-09-21,45.94721221923828
2016-09-22,46.45970153808594
2016-09-23,46.518836975097656
2016-09-26,45.23760223388672
2016-09-27,45.45442581176758
2016-09-28,45.060203552246094
2016-09-29,44.981353759765625
2016-09-30,45.198184967041016
2016-10-03,45.09962463378906
2016-10-04,45.00106430053711
2016-10-05,44.823665618896484
2016-10-06,44.409732818603516
2016-10-07,44.212615966796875
2016-10-10,45.00106430053711
2016-10-11,44.44915008544922
2016-10-12,44.8433723449707
2016-10-13,44.78425216674805
2016-10-14,45.11933517456055
2016-10-17,44.8433723449707
2016-10-18,45.39529800415039
2016-10-19,45.533267974853516
2016-10-20,45.33616256713867
2016-10-21,45.15876770019531
2016-10-24,45.2178955078125
2016-10-25,44.803955078125
2016-10-26,43.99579620361328
2016-10-27,43.857818603515625
2016-10-28,43.857818603515625
2016-10-31,44.547706604003906
2016-11-01,44.23232650756836
2016-11-02,43.95637130737305
2016-11-03,43.91694259643555
2016-11-04,44.527984619140625
2016-11-07,45.15876770019531
2016-11-08,46.068267822265625
2016-11-09,46.681190490722656
2016-11-10,46.38460922241211
2016-11-11,46.87890625
2016-11-14,48.084983825683594
2016-11-15,48.42110824584961
2016-11-16,48.53973388671875
2016-11-17,48.57927703857422
2016-11-18,48.28270721435547
2016-11-21,48.697898864746094
2016-11-22,49.132896423339844
2016-11-23,49.48877716064453
2016-11-25,50.04238510131836
2016-11-28,49.05379867553711
2016-11-29,49.05379867553711
2016-11-30,49.567874908447266
2016-12-01,49.84467697143555
2016-12-02,49.94353485107422
2016-12-05,51.584598541259766
2016-12-06,52.019569396972656
2016-12-07,53.46290969848633
2016-12-08,51.881168365478516
2016-12-09,52.43478012084961
2016-12-12,51.386871337890625
2016-12-13,52.157958984375
2016-12-14,52.75112533569336
2016-12-15,53.99675369262695
2016-12-16,54.431724548339844
2016-12-19,54.76784896850586
2016-12-20,54.846946716308594
2016-12-21,54.827171325683594
2016-12-22,54.2735481262207
2016-12-23,54.115386962890625
2016-12-27,54.234012603759766
2016-12-28,53.48268508911133
2016-12-29,53.878116607666016
2016-12-30,53.779258728027344
2017-01-03,54.1549186706543
2017-01-04,55.88516616821289
2017-01-05,55.22996520996094
2017-01-06,55.37449264526367
2017-01-09,54.883094787597656
2017-01-10,53.97736358642578
2017-01-11,53.958099365234375
2017-01-12,53.379974365234375
2017-01-13,54.17006301879883
2017-01-17,54.04481506347656
2017-01-18,54.87345886230469
2017-01-19,55.40338897705078
2017-01-20,55.59611129760742
2017-01-23,55.644283294677734
2017-01-24,55.98151779174805
2017-01-25,56.6367301940918
2017-01-26,56.60782241821289
2017-01-27,56.41510772705078
2017-01-30,55.92371368408203
2017-01-31,55.480491638183594
2017-02-01,55.258872985839844
2017-02-02,55.21067810058594
2017-02-03,55.69245910644531
2017-02-06,55.615386962890625
2017-02-07,55.70209884643555
2017-02-08,56.135684967041016
2017-02-09,56.501827239990234
2017-02-10,56.55000686645508
2017-02-13,56.70417785644531
2017-02-14,56.33802795410156
2017-02-15,57.291934967041016
2017-02-16,57.079952239990234
2017-02-17,56.36695098876953
2017-02-21,55.904441833496094
2017-02-22,55.740623474121094
2017-02-23,55.12398910522461
2017-02-24,55.673187255859375
2017-02-27,55.904441833496094
2017-02-28,55.11433792114258
2017-03-01,55.59611129760742
2017-03-02,56.04896926879883
2017-03-03,55.644283294677734
2017-03-06,55.2203254699707
2017-03-07,54.57476043701172
2017-03-08,54.381534576416016
2017-03-09,53.946800231933594
2017-03-10,54.56510543823242
2017-03-13,55.5601692199707
2017-03-14,55.34762954711914
2017-03-15,56.178462982177734
2017-03-16,56.236427307128906
2017-03-17,55.956268310546875
2017-03-20,55.55050277709961
2017-03-21,54.767974853515625
2017-03-22,55.743736267089844
2017-03-23,56.34271240234375
2017-03-24,56.333038330078125
2017-03-27,55.888641357421875
2017-03-28,56.68085479736328
2017-03-29,56.62287521362305
2017-03-30,56.77744674682617
2017-03-31,56.477962493896484
2017-04-03,55.66644287109375
2017-04-04,55.13508987426758
2017-04-05,54.82594299316406
2017-04-06,55.1640739440918
2017-04-07,54.68102264404297
2017-04-10,55.24135971069336
2017-04-11,55.531192779541016
2017-04-12,55.47322082519531
2017-04-13,55.173736572265625
2017-04-17,55.38627624511719
2017-04-18,54.93220901489258
2017-04-19,54.99016571044922
2017-04-20,55.6374626159668
2017-04-21,55.40560531616211
2017-04-24,56.07220458984375
2017-04-25,56.55524826049805
2017-04-26,58.5453987121582
2017-04-27,58.19761276245117
2017-04-28,56.97067642211914
2017-05-01,57.308807373046875
2017-05-02,59.405242919921875
2017-05-03,58.93185043334961
2017-05-04,58.44880294799805
2017-05-05,58.99947738647461
2017-05-08,58.622703552246094
2017-05-09,60.216758728027344
2017-05-10,60.15864944458008
2017-05-11,60.24580383300781
2017-05-12,60.139286041259766
2017-05-15,60.64286422729492
2017-05-16,60.4588623046875
2017-05-17,59.36454772949219
2017-05-18,60.46854782104492
2017-05-19,61.83403396606445
2017-05-22,63.18983459472656
2017-05-23,63.4222412109375
2017-05-24,63.41257095336914
2017-05-25,63.073612213134766
2017-05-26,63.2769775390625
2017-05-30,63.47066116333008
2017-05-31,64.37129974365234
2017-06-01,64.53594207763672
2017-06-02,65.28160858154297
2017-06-05,64.87486267089844
2017-06-06,63.683746337890625
2017-06-07,64.06140899658203
2017-06-08,62.96708679199219
2017-06-09,62.705604553222656
2017-06-12,63.7708625793457
2017-06-13,64.35192108154297
2017-06-14,64.15823364257812
2017-06-15,64.73932647705078
2017-06-16,64.3132095336914
2017-06-19,64.72962188720703
2017-06-20,63.799922943115234
2017-06-21,63.52876663208008
2017-06-22,63.14141082763672
2017-06-23,63.3350715637207
2017-06-26,63.17045593261719
2017-06-27,61.44666290283203
2017-06-28,61.359500885009766
2017-06-29,60.28453826904297
2017-06-30,59.89717102050781
2017-07-03,59.37423324584961
2017-07-05,59.56790542602539
2017-07-06,59.1514892578125
2017-07-07,59.810020446777344
2017-07-10,60.23611831665039
2017-07-11,60.4879150390625
2017-07-12,59.97464370727539
2017-07-13,60.119911193847656
2017-07-14,60.47822952270508
2017-07-17,60.64286422729492
2017-07-18,60.5169677734375
2017-07-19,60.15864944458008
2017-07-20,60.05211639404297
2017-07-21,60.497596740722656
2017-07-24,60.05211639404297
2017-07-25,61.08833312988281
2017-07-26,60.5460205078125
2017-07-27,60.58475875854492
2017-07-28,60.4879150390625
2017-07-31,60.55570602416992
2017-08-01,60.78813552856445
2017-08-02,60.0230712890625
2017-08-03,60.1683349609375
2017-08-04,60.99148941040039
2017-08-07,61.75654602050781
2017-08-08,60.119911193847656
2017-08-09,59.43231964111328
2017-08-10,59.07401657104492
2017-08-11,59.36454772949219
2017-08-14,59.800331115722656
2017-08-15,60.24580383300781
2017-08-16,60.61469650268555
2017-08-17,59.04206466674805
2017-08-18,59.27503967285156
2017-08-21,59.9739875793457
2017-08-22,61.46896743774414
2017-08-23,61.274818420410156
2017-08-24,61.070960998535156
2017-08-25,61.624298095703125
2017-08-28,61.32334899902344
2017-08-29,61.051544189453125
2017-08-30,62.43973922729492
2017-08-31,62.44944381713867
2017-09-01,62.70184326171875
2017-09-05,61.74079895019531
2017-09-06,61.808746337890625
2017-09-07,62.02231216430664
2017-09-08,63.235782623291016
2017-09-11,64.02210998535156
2017-09-12,64.13858795166016
2017-09-13,64.73074340820312
2017-09-14,64.575439453125
2017-09-15,64.68221282958984
2017-09-18,64.6142578125
2017-09-19,64.93460083007812
2017-09-20,65.08023834228516
2017-09-21,65.37145233154297
2017-09-22,66.19660949707031
2017-09-25,66.701416015625
2017-09-26,67.46831512451172
2017-09-27,67.08971405029297
2017-09-28,67.33240509033203
2017-09-29,67.41975402832031
2017-10-02,67.4003677368164
2017-10-03,66.84703063964844
2017-10-04,66.89556121826172
2017-10-05,67.34210968017578
2017-10-06,67.44889068603516
2017-10-09,67.62364196777344
2017-10-10,67.87601470947266
2017-10-11,68.16728973388672
2017-10-12,68.32258605957031
2017-10-13,69.07978820800781
2017-10-16,69.05067443847656
2017-10-17,69.13802337646484
2017-10-18,68.98271179199219
2017-10-19,69.02155303955078
2017-10-20,68.96329498291016
2017-10-23,68.36143493652344
2017-10-24,69.06038665771484
2017-10-25,69.23511505126953
2017-10-26,70.36119079589844
2017-10-27,69.80787658691406
2017-10-30,70.52623748779297
2017-10-31,70.16703796386719
2017-11-01,70.32237243652344
2017-11-02,70.32237243652344
2017-11-03,71.02133178710938
2017-11-06,71.24461364746094
2017-11-07,70.48738861083984
2017-11-08,70.76892852783203
2017-11-09,69.94377899169922
2017-11-10,70.56507873535156
2017-11-13,70.49710083007812
2017-11-14,70.77863311767578
2017-11-15,71.23489379882812
2017-11-16,72.00336456298828
2017-11-17,72.0909194946289
2017-11-20,72.28547668457031
2017-11-21,73.57923126220703
2017-11-22,73.6181411743164
2017-11-24,73.69595336914062
2017-11-27,73.9294204711914
2017-11-28,74.05586242675781
2017-11-29,74.47416687011719
2017-11-30,75.4469223022461
2017-12-01,75.1453857421875
2017-12-04,75.54420471191406
2017-12-05,75.5150146484375
2017-12-06,74.65899658203125
2017-12-07,75.17454528808594
2017-12-08,76.24459838867188
2017-12-11,75.35938262939453
2017-12-12,74.90217590332031
2017-12-13,74.65899658203125
2017-12-14,73.94886016845703
2017-12-15,74.9897232055664
2017-12-18,75.96246337890625
2017-12-19,75.69010925292969
2017-12-20,76.21540832519531
2017-12-21,77.20759582519531
2017-12-22,77.18816375732422
2017-12-26,77.20759582519531
2017-12-27,77.96635437011719
2017-12-28,78.25819396972656
2017-12-29,77.68426513671875
2018-01-02,77.5091552734375
2018-01-03,78.64727020263672
2018-01-04,78.06362915039062
2018-01-05,77.12980651855469
2018-01-08,78.73483276367188
2018-01-09,79.69786071777344
2018-01-10,79.42549133300781
2018-01-11,80.80680847167969
2018-01-12,81.66283416748047
2018-01-16,81.12781524658203
2018-01-17,81.74064636230469
2018-01-18,81.66283416748047
2018-01-19,83.16087341308594
2018-01-22,83.43321990966797
2018-01-23,84.17253875732422
2018-01-24,83.45269012451172
2018-01-25,84.26982116699219
2018-01-26,85.30094146728516
2018-01-29,84.90209197998047
2018-01-30,84.05579376220703
2018-01-31,83.31652069091797
2018-02-01,83.42352294921875
2018-02-02,80.39826202392578
2018-02-05,77.73291778564453
2018-02-06,78.49164581298828
2018-02-07,79.7854232788086
2018-02-08,76.5169677734375
2018-02-09,78.23873138427734
2018-02-12,79.59085845947266
2018-02-13,80.9429931640625
2018-02-14,83.62779998779297
2018-02-15,82.2562255859375
2018-02-16,81.00135803222656
2018-02-20,82.01302337646484
2018-02-21,81.99357604980469
2018-02-22,81.10834503173828
2018-02-23,81.5266342163086
2018-02-26,79.90213012695312
2018-02-27,77.664794921875
2018-02-28,78.58892822265625
2018-03-01,77.33174133300781
2018-03-02,76.8931884765625
2018-03-05,76.23046875
2018-03-06,76.93215942382812
2018-03-07,77.185546875
2018-03-08,77.19530487060547
2018-03-09,79.39781951904297
2018-03-12,79.06643676757812
2018-03-13,79.18342590332031
2018-03-14,79.17365264892578
2018-03-15,79.80713653564453
2018-03-16,79.43680572509766
2018-03-19,79.23213195800781
2018-03-20,79.2808609008789
2018-03-21,79.75839233398438
2018-03-22,78.39400482177734
2018-03-23,76.1817398071289
2018-03-26,77.94572448730469
2018-03-27,76.78598022460938
2018-03-28,76.31819915771484
2018-03-29,76.75675201416016
2018-04-02,75.10971069335938
2018-04-03,75.55802917480469
2018-04-04,76.04530334472656
2018-04-05,77.02962493896484
2018-04-06,75.53852844238281
2018-04-09,74.2131118774414
2018-04-10,73.10212707519531
2018-04-11,77.58512878417969
2018-04-12,77.91648864746094
2018-04-13,77.58512878417969
2018-04-16,78.4817123413086
2018-04-17,79.09568786621094
2018-04-18,80.0897445678711
2018-04-19,79.89484405517578
2018-04-20,80.23593139648438
2018-04-23,80.00202941894531
2018-04-24,79.95331573486328
2018-04-25,79.74864196777344
2018-04-26,79.84611511230469
2018-04-27,78.13086700439453
2018-04-30,76.83470916748047
2018-05-01,78.19908142089844
2018-05-02,77.42918395996094
2018-05-03,77.8385238647461
2018-05-04,79.09568786621094
2018-05-07,79.2808609008789
2018-05-08,80.33340454101562
2018-05-09,80.74271392822266
2018-05-10,80.80130004882812
2018-05-11,81.5335464477539
2018-05-14,81.00633239746094
2018-05-15,81.05513763427734
2018-05-16,82.20722961425781
2018-05-17,81.32849884033203
2018-05-18,81.85572814941406
2018-05-21,81.93382263183594
2018-05-22,80.80130004882812
2018-05-23,80.3814697265625
2018-05-24,80.08855438232422
2018-05-25,79.8932876586914
2018-05-29,78.42881774902344
2018-05-30,79.7956771850586
2018-05-31,78.7998046875
2018-06-01,80.69388580322266
2018-06-04,81.22110748291016
2018-06-05,81.10396575927734
2018-06-06,82.67586517333984
2018-06-07,82.17792510986328
2018-06-08,82.14863586425781
2018-06-11,82.00216674804688
2018-06-12,81.82644653320312
2018-06-13,80.77200317382812
2018-06-14,80.96728515625
2018-06-15,81.85572814941406
2018-06-18,82.33415985107422
2018-06-19,81.01608276367188
2018-06-20,80.06903076171875
2018-06-21,79.10247039794922
2018-06-22,78.95602416992188
2018-06-25,77.39389038085938
2018-06-26,77.31578826904297
2018-06-27,76.40779113769531
2018-06-28,76.39805603027344
2018-06-29,77.28649139404297
2018-07-02,77.42318725585938
2018-07-03,77.56961822509766
2018-07-05,77.803955078125
2018-07-06,78.65335083007812
2018-07-09,79.02437591552734
2018-07-10,79.35631561279297
2018-07-11,78.70218658447266
2018-07-12,79.08294677734375
2018-07-13,79.05364990234375
2018-07-16,78.18470764160156
2018-07-17,79.15128326416016
2018-07-18,80.9965591430664
2018-07-19,80.19596099853516
2018-07-20,80.02021789550781
2018-07-23,79.67851257324219
2018-07-24,78.58502960205078
2018-07-25,78.46785736083984
2018-07-26,77.72586059570312
2018-07-27,76.5932846069336
2018-07-30,75.45097351074219
2018-07-31,76.79833984375
2018-08-01,76.68115997314453
2018-08-02,76.58354187011719
2018-08-03,76.32969665527344
2018-08-06,76.28086853027344
2018-08-07,75.76339721679688
2018-08-08,75.07019805908203
2018-08-09,74.4930648803711
2018-08-10,74.00393676757812
2018-08-13,73.67133331298828
2018-08-14,74.87457275390625
2018-08-15,74.56153869628906
2018-08-16,75.5593490600586
2018-08-17,75.52020263671875
2018-08-20,74.63001251220703
2018-08-21,75.06045532226562
2018-08-22,75.52020263671875
2018-08-23,75.09955596923828
2018-08-24,75.43217468261719
2018-08-27,76.06803131103516
2018-08-28,75.78434753417969
2018-08-29,76.47888946533203
2018-08-30,75.89192199707031
2018-08-31,75.93109130859375
2018-09-04,75.48110961914062
2018-09-05,74.07243347167969
2018-09-06,74.04307556152344
2018-09-07,74.77674865722656
2018-09-10,74.9234848022461
2018-09-11,75.72564697265625
2018-09-12,76.26368713378906
2018-09-13,77.22235107421875
2018-09-14,78.3179702758789
2018-09-17,77.37887573242188
2018-09-18,77.66255187988281
2018-09-19,78.67992401123047
2018-09-20,79.31578826904297
2018-09-21,79.19840240478516
2018-09-24,78.4157943725586
2018-09-25,78.36689758300781
2018-09-26,78.90489959716797
2018-09-27,80.2549057006836
2018-09-28,79.0223159790039
2018-10-01,76.68431854248047
2018-10-02,75.40283203125
2018-10-03,74.88436889648438
2018-10-04,73.76915740966797
2018-10-05,72.76156616210938
2018-10-08,73.31916046142578
2018-10-09,73.59309387207031
2018-10-10,71.80289459228516
2018-10-11,71.50942993164062
2018-10-12,72.01811218261719
2018-10-15,71.40180969238281
2018-10-16,73.00614166259766
2018-10-17,72.89852142333984
2018-10-18,70.48228454589844
2018-10-19,69.12251281738281
2018-10-22,68.63341522216797
2018-10-23,67.37146759033203
2018-10-24,62.43134307861328
2018-10-25,66.08018493652344
2018-10-26,66.78453063964844
2018-10-29,67.10733795166016
2018-10-30,67.20515441894531
2018-10-31,69.62142181396484
2018-11-01,71.06922912597656
2018-11-02,71.23552703857422
2018-11-05,70.82465362548828
2018-11-06,69.05402374267578
2018-11-07,71.38225555419922
2018-11-08,70.5980453491211
2018-11-09,69.7550277709961
2018-11-12,68.80418395996094
2018-11-13,69.46095275878906
2018-11-14,69.67662048339844
2018-11-15,71.45088958740234
2018-11-16,71.597900390625
2018-11-19,69.79423522949219
2018-11-20,70.07850646972656
2018-11-21,71.1371841430664
2018-11-23,71.67633819580078
2018-11-26,73.60741424560547
2018-11-27,73.68585205078125
2018-11-28,75.43070220947266
2018-11-29,74.95037841796875
2018-11-30,74.04853057861328
2018-12-03,76.43058013916016
2018-12-04,73.66624450683594
2018-12-06,74.09756469726562
2018-12-07,71.42145538330078
2018-12-10,71.23521423339844
2018-12-11,70.97054290771484
2018-12-12,71.34304809570312
2018-12-13,70.79409790039062
2018-12-14,70.44120788574219
2018-12-17,68.88260650634766
2018-12-18,69.09825134277344
2018-12-19,68.2846450805664
2018-12-20,66.16729736328125
2018-12-21,65.15762329101562
2018-12-24,65.19683837890625
2018-12-26,68.1375961303711
2018-12-27,68.94141387939453
2018-12-28,69.54917907714844
2018-12-31,70.38239288330078
2019-01-02,69.53936767578125
2019-01-03,65.97122192382812
2019-01-04,68.55908966064453
2019-01-07,69.34329986572266
2019-01-08,70.44120788574219
2019-01-09,69.63740539550781
2019-01-10,70.64704895019531
2019-01-11,70.47061920166016
2019-01-14,69.58837890625
2019-01-15,71.06855773925781
2019-01-16,70.61763763427734
2019-01-17,70.57843780517578
2019-01-18,71.63711547851562
2019-01-22,69.60800170898438
2019-01-23,69.33352661132812
2019-01-24,69.65702056884766
2019-01-25,70.34318542480469
2019-01-28,70.88231658935547
2019-01-29,71.70575714111328
2019-01-30,72.6663818359375
2019-01-31,73.00947570800781
2019-02-01,72.95065307617188
2019-02-04,73.25454711914062
2019-02-05,73.14671325683594
2019-02-06,74.07794952392578
2019-02-07,73.20553588867188
2019-02-08,72.45073699951172
2019-02-11,72.93106079101562
2019-02-12,72.85262298583984
2019-02-13,77.80294036865234
2019-02-14,78.57733154296875
2019-02-15,80.13594818115234
2019-02-19,79.78303527832031
2019-02-20,81.69454956054688
2019-02-21,81.6063232421875
2019-02-22,83.35118103027344
2019-02-25,81.9004135131836
2019-02-26,81.84159851074219
2019-02-27,81.84159851074219
2019-02-28,81.60588836669922
2019-03-01,82.273681640625
2019-03-04,81.880859375
2019-03-05,82.4995346069336
2019-03-06,82.4504165649414
2019-03-07,81.42913818359375
2019-03-08,80.96758270263672
2019-03-11,81.31128692626953
2019-03-12,81.91033172607422
2019-03-13,82.16565704345703
2019-03-14,83.47174072265625
2019-03-15,84.21807098388672
2019-03-18,84.65998077392578
2019-03-19,84.15917205810547
2019-03-20,83.3931884765625
2019-03-21,84.24755096435547
2019-03-22,83.04946899414062
2019-03-25,82.50936126708984
2019-03-26,81.99871063232422
2019-03-27,80.96758270263672
2019-03-28,81.71392059326172
2019-03-29,81.61571502685547
2019-04-01,82.63702392578125
2019-04-02,83.51101684570312
2019-04-03,85.22954559326172
2019-04-04,85.74019622802734
2019-04-05,85.86788940429688
2019-04-08,86.59455871582031
2019-04-09,85.53398132324219
2019-04-10,86.407958984375
2019-04-11,86.93828582763672
2019-04-12,87.13467407226562
2019-04-15,86.5847396850586
2019-04-16,86.56510925292969
2019-04-17,86.1821060180664
2019-04-18,85.66163635253906
2019-04-22,86.32942199707031
2019-04-23,86.32942199707031
2019-04-24,85.9267807006836
2019-04-25,86.054443359375
2019-04-26,86.42761993408203
2019-04-29,85.6812744140625
2019-04-30,85.42597961425781
2019-05-01,90.93508911132812
2019-05-02,89.58972930908203
2019-05-03,91.65196990966797
2019-05-06,90.64048767089844
2019-05-07,88.86302947998047
2019-05-08,89.06925201416016
2019-05-09,89.5013427734375
2019-05-10,89.88433837890625
2019-05-13,87.76318359375
2019-05-14,90.0905532836914
2019-05-15,91.96620178222656
2019-05-16,92.50719451904297
2019-05-17,91.40556335449219
2019-05-20,89.96951293945312
2019-05-21,90.59900665283203
2019-05-22,90.5104751586914
2019-05-23,89.17280578613281
2019-05-24,88.43510437011719
2019-05-28,87.73674774169922
2019-05-29,87.45150756835938
2019-05-30,88.18919372558594
2019-05-31,87.97280883789062
2019-06-03,86.9793930053711
2019-06-04,88.83839416503906
2019-06-05,88.52362823486328
2019-06-06,89.50721740722656
2019-06-07,90.99246215820312
2019-06-10,91.50392150878906
2019-06-11,92.38916015625
2019-06-12,91.81867218017578
2019-06-13,91.50392150878906
2019-06-14,91.88751983642578
2019-06-17,91.68096923828125
2019-06-18,93.53997039794922
2019-06-19,94.18914794921875
2019-06-20,95.28092956542969
2019-06-21,94.56289672851562
2019-06-24,93.94325256347656
2019-06-25,91.72032165527344
2019-06-26,92.9694595336914
2019-06-27,94.94649505615234
2019-06-28,96.13665771484375
2019-07-01,97.67108154296875
2019-07-02,98.74317932128906
2019-07-03,98.98909759521484
2019-07-05,98.94974517822266
2019-07-08,98.54647827148438
2019-07-09,97.3759765625
2019-07-10,97.56287384033203
2019-07-11,99.04811096191406
2019-07-12,97.9071273803711
2019-07-15,97.57271575927734
2019-07-16,98.24153900146484
2019-07-17,96.16616821289062
2019-07-18,95.50716400146484
2019-07-19,92.97930908203125
2019-07-22,91.71049499511719
2019-07-23,93.55965423583984
2019-07-24,93.74650573730469
2019-07-25,94.81864929199219
2019-07-26,95.61536407470703
2019-07-29,95.80225372314453
2019-07-30,95.71372985839844
2019-07-31,94.96620178222656
2019-08-01,93.6875
2019-08-02,92.36949157714844
2019-08-05,89.85149383544922
2019-08-06,91.04161834716797
2019-08-07,91.86784362792969
2019-08-08,94.35050201416016
2019-08-09,94.16331481933594
2019-08-12,92.48851776123047
2019-08-13,93.84806823730469
2019-08-14,90.64624786376953
2019-08-15,90.25215911865234
2019-08-16,91.63141632080078
2019-08-19,92.0747299194336
2019-08-20,91.35556030273438
2019-08-21,90.26201629638672
2019-08-22,91.04031372070312
2019-08-23,89.73001098632812
2019-08-26,90.29156494140625
2019-08-27,89.7792739868164
2019-08-28,90.54773712158203
2019-08-29,91.16837310791016
2019-08-30,91.00090026855469
2019-09-03,89.95658874511719
2019-09-04,90.93194580078125
2019-09-05,92.08458709716797
2019-09-06,92.35059356689453
2019-09-09,91.15853881835938
2019-09-10,92.19297790527344
2019-09-11,93.76925659179688
2019-09-12,93.36534118652344
2019-09-13,94.62635803222656
2019-09-16,92.27177429199219
2019-09-17,93.45399475097656
2019-09-18,93.93673706054688
2019-09-19,94.3603515625
2019-09-20,93.80864715576172
2019-09-23,92.85303497314453
2019-09-24,90.85311889648438
2019-09-25,91.39495849609375
2019-09-26,90.64624786376953
2019-09-27,90.09453582763672
2019-09-30,91.72993469238281
2019-10-01,90.7841567993164
2019-10-02,89.59209442138672
2019-10-03,90.62652587890625
2019-10-04,91.96635437011719
2019-10-07,89.65121459960938
2019-10-08,89.35565948486328
2019-10-09,90.143798828125
2019-10-10,90.19303894042969
2019-10-11,92.04518127441406
2019-10-14,90.17333984375
2019-10-15,90.30142211914062
2019-10-16,90.83341217041016
2019-10-17,90.83341217041016
2019-10-18,89.79898071289062
2019-10-21,91.0206069946289
2019-10-22,89.38521575927734
2019-10-23,94.35050201416016
2019-10-24,95.4736099243164
2019-10-25,96.2420425415039
2019-10-28,95.74945068359375
2019-10-29,95.86767578125
2019-10-30,95.87752532958984
2019-10-31,95.52286529541016
2019-11-01,94.88249969482422
2019-11-04,96.53759765625
2019-11-05,98.66558074951172
2019-11-06,98.09416961669922
2019-11-07,97.61071014404297
2019-11-08,97.76858520507812
2019-11-11,96.82138061523438
2019-11-12,96.78191375732422
2019-11-13,96.4563217163086
2019-11-14,97.53177642822266
2019-11-15,98.36058807373047
2019-11-18,98.83419036865234
2019-11-19,98.87364959716797
2019-11-20,97.93631744384766
2019-11-21,97.75871276855469
2019-11-22,99.87017059326172
2019-11-25,101.71524047851562
2019-11-26,103.91551208496094
2019-11-27,104.95150756835938
2019-11-29,103.5997543334961
2019-12-02,103.35309600830078
2019-12-03,102.56377410888672
2019-12-04,102.79070281982422
2019-12-05,103.51097869873047
2019-12-06,104.0634994506836
2019-12-09,103.35309600830078
2019-12-10,103.30376434326172
2019-12-11,104.29043579101562
2019-12-12,105.0994873046875
2019-12-13,105.77043151855469
2019-12-16,107.03336334228516
2019-12-17,107.3490982055664
2019-12-18,107.79309844970703
2019-12-19,108.86853790283203
2019-12-20,109.93415069580078
2019-12-23,109.79601287841797
2019-12-24,109.88483428955078
2019-12-26,110.44722747802734
2019-12-27,110.8912124633789
2019-12-30,109.88483428955078
2019-12-31,109.43097686767578
2020-01-02,109.96375274658203
2020-01-03,108.52323150634766
2020-01-06,107.96083068847656
2020-01-07,106.84588623046875
2020-01-08,107.75363159179688
2020-01-09,107.6352310180664
2020-01-10,107.15174102783203
2020-01-13,107.83256530761719
2020-01-14,107.6352310180664
2020-01-15,108.16801452636719
2020-01-16,110.11174774169922
2020-01-17,112.40081787109375
2020-01-21,109.14483642578125
2020-01-22,109.37176513671875
2020-01-23,109.48030853271484
2020-01-24,107.04322052001953
2020-01-27,103.54056549072266
2020-01-28,106.421630859375
2020-01-29,108.54295349121094
2020-01-30,107.61548614501953
2020-01-31,106.3624267578125
2020-02-03,106.4117660522461
2020-02-04,109.46055603027344
2020-02-05,111.74961853027344
2020-02-06,111.19708251953125
2020-02-07,109.36186981201172
2020-02-10,109.88483428955078
2020-02-11,111.43389129638672
2020-02-12,112.18374633789062
2020-02-13,111.45361328125
2020-02-14,111.72001647949219
2020-02-18,110.4373550415039
2020-02-19,111.16747283935547
2020-02-20,110.50642395019531
2020-02-21,108.10881805419922
2020-02-24,102.63285827636719
2020-02-25,97.56137084960938
2020-02-26,96.59445190429688
2020-02-27,94.69715881347656
2020-02-28,96.05095672607422
2020-03-02,95.3197021484375
2020-03-03,92.22671508789062
2020-03-04,97.22689056396484
2020-03-05,90.41832733154297
2020-03-06,89.38075256347656
2020-03-09,85.16123962402344
2020-03-10,89.2522964477539
2020-03-11,80.13139343261719
2020-03-12,75.81307220458984
2020-03-13,77.70048522949219
2020-03-16,68.71794128417969
2020-03-17,64.06360626220703
2020-03-18,56.00996398925781
2020-03-19,57.343997955322266
2020-03-20,60.87180709838867
2020-03-23,62.581356048583984
2020-03-24,68.56971740722656
2020-03-25,71.3958969116211
2020-03-26,72.33467102050781
2020-03-27,68.33255767822266
2020-03-30,67.86811065673828
2020-03-31,67.43330383300781
2020-04-01,62.294776916503906
2020-04-02,57.176002502441406
2020-04-03,55.27870178222656
2020-04-06,63.0457878112793
2020-04-07,65.05180358886719
2020-04-08,69.26142883300781
2020-04-09,67.64081573486328
2020-04-13,65.85222625732422
2020-04-14,69.18238067626953
2020-04-15,69.04402923583984
2020-04-16,69.32073974609375
2020-04-17,74.72606658935547
2020-04-20,71.42552947998047
2020-04-21,70.50653839111328
2020-04-22,69.95315551757812
2020-04-23,71.08956146240234
2020-04-24,70.52631378173828
2020-04-27,74.3011474609375
2020-04-28,74.85453796386719
2020-04-29,78.3427963256836
2020-04-30,74.81498718261719
2020-05-01,71.17849731445312
2020-05-04,70.56584167480469
2020-05-05,70.89192962646484
2020-05-06,69.95315551757812
2020-05-07,71.05004119873047
2020-05-08,71.33660888671875
2020-05-11,67.49259948730469
2020-05-12,66.20796966552734
2020-05-13,64.08338165283203
2020-05-14,67.36412811279297
2020-05-15,67.7297592163086
2020-05-18,72.2061996459961
2020-05-19,74.39996337890625
2020-05-20,76.80122375488281
2020-05-21,76.74195098876953
2020-05-22,77.46331024169922
2020-05-26,80.72431182861328
2020-05-27,82.16703796386719
2020-05-28,79.6669692993164
2020-05-29,78.3724365234375
2020-06-01,80.94171905517578
2020-06-02,82.61172485351562
2020-06-03,85.0920639038086
2020-06-04,85.31932830810547
2020-06-05,86.1691665649414
2020-06-08,88.63961029052734
2020-06-09,85.11181640625
2020-06-10,81.85084533691406
2020-06-11,76.67276763916016
2020-06-12,76.5344467163086
2020-06-15,76.56407928466797
2020-06-16,77.32498168945312
2020-06-17,75.5166015625
2020-06-18,77.23604583740234
2020-06-19,75.2695541381836
2020-06-22,75.18062591552734
2020-06-23,74.78533935546875
2020-06-24,72.32478332519531
2020-06-25,71.65282440185547
2020-06-26,70.31878662109375
2020-06-29,73.04615020751953
2020-06-30,72.58171081542969
2020-07-01,73.56001281738281
2020-07-02,73.63907623291016
2020-07-06,75.33872985839844
2020-07-07,73.293212890625
2020-07-08,74.20231628417969
2020-07-09,73.25369262695312
2020-07-10,74.35054779052734
2020-07-13,72.7101821899414
2020-07-14,72.64100646972656
2020-07-15,79.96340942382812
2020-07-16,79.93376159667969
2020-07-17,78.95545959472656
2020-07-20,77.24590301513672
2020-07-21,79.1728744506836
2020-07-22,78.67876434326172
2020-07-23,77.9277572631836
2020-07-24,76.51466369628906
2020-07-27,76.42572784423828
2020-07-28,75.76364135742188
2020-07-29,76.47513580322266
2020-07-30,75.23991394042969
2020-07-31,74.16280364990234
2020-08-03,73.8564453125
2020-08-04,77.39414978027344
2020-08-05,79.05427551269531
2020-08-06,81.72234344482422
2020-08-07,82.71052551269531
2020-08-10,85.18098449707031
2020-08-11,85.99130249023438
2020-08-12,84.8746566772461
2020-08-13,84.4892578125
2020-08-14,84.98336029052734
2020-08-17,83.97541046142578
2020-08-18,83.07616424560547
2020-08-19,83.49119567871094
2020-08-20,84.09400177001953
2020-08-21,86.31739044189453
2020-08-24,87.35498046875
2020-08-25,87.3945083618164
2020-08-26,85.77389526367188
2020-08-27,87.75025939941406
2020-08-28,90.64562225341797
2020-08-31,89.29182434082031
2020-09-01,90.6258544921875
2020-09-02,90.26022338867188
2020-09-03,90.22069549560547
2020-09-04,89.86495208740234
2020-09-08,90.81360626220703
2020-09-09,89.32147216796875
2020-09-10,88.30364227294922
2020-09-11,86.33715057373047
2020-09-14,91.21876525878906
2020-09-15,90.85314178466797
2020-09-16,92.9184341430664
2020-09-17,90.09222412109375
2020-09-18,88.580322265625
2020-09-21,84.4695053100586
2020-09-22,84.2323226928711
2020-09-23,82.86865997314453
2020-09-24,82.0879898071289
2020-09-25,84.9141845703125
2020-09-28,88.0071792602539
2020-09-29,85.5762710571289
2020-09-30,84.31139373779297
2020-10-01,86.18893432617188
2020-10-02,86.92019653320312
2020-10-05,88.24434661865234
2020-10-06,88.54078674316406
2020-10-07,90.63573455810547
2020-10-08,91.446044921875
2020-10-09,90.28987884521484
2020-10-12,90.27011108398438
2020-10-13,87.5921401977539
2020-10-14,87.25617218017578
2020-10-15,87.63168334960938
2020-10-16,88.44198608398438
2020-10-19,86.5150375366211
2020-10-20,88.51114654541016
2020-10-21,87.91825103759766
2020-10-22,93.27418518066406
2020-10-23,93.4915771484375
2020-10-26,89.31156921386719
2020-10-27,86.63361358642578
2020-10-28,83.0267562866211
2020-10-29,85.48733520507812
2020-10-30,86.77194213867188
2020-11-02,86.95970916748047
2020-11-03,89.57837677001953
2020-11-04,91.98955535888672
2020-11-05,92.96784210205078
2020-11-06,91.74249267578125
2020-11-09,102.95832061767578
2020-11-10,103.00772094726562
2020-11-11,102.52351379394531
2020-11-12,100.84361267089844
2020-11-13,104.54930114746094
2020-11-16,105.32007598876953
2020-11-17,102.11837005615234
2020-11-18,102.12825775146484
2020-11-19,101.58475494384766
2020-11-20,100.55706787109375
2020-11-23,103.80818176269531
2020-11-24,107.65216827392578
2020-11-25,105.04339599609375
2020-11-27,103.17572784423828
2020-11-30,102.40494537353516
2020-12-01,103.60063171386719
2020-12-02,105.48807525634766
2020-12-03,107.86957550048828
2020-12-04,109.53958892822266
2020-12-07,108.53165435791016
2020-12-08,107.76085662841797
2020-12-09,105.43865203857422
2020-12-10,106.09085845947266
2020-12-11,103.50181579589844
2020-12-14,101.82191467285156
2020-12-15,103.7291030883789
2020-12-16,103.17572784423828
2020-12-17,103.46229553222656
2020-12-18,103.37335205078125
2020-12-21,102.76068878173828
2020-12-22,101.73299407958984
2020-12-23,105.25089263916016
2020-12-24,105.62641143798828
2020-12-28,106.11061096191406
2020-12-29,106.67388916015625
2020-12-30,108.87752532958984
2020-12-31,109.94474029541016
2021-01-04,106.18965911865234
2021-01-05,106.67388916015625
2021-01-06,109.46054077148438
2021-01-07,111.95075225830078
2021-01-08,112.81045532226562
2021-01-11,111.842041015625
2021-01-12,111.00209045410156
2021-01-13,110.54753875732422
2021-01-14,110.78470611572266
2021-01-15,107.12843322753906
2021-01-19,106.65411376953125
2021-01-20,106.42684936523438
2021-01-21,107.5335922241211
2021-01-22,103.71923065185547
2021-01-25,103.8773193359375
2021-01-26,103.43263244628906
2021-01-27,97.50357818603516
2021-01-28,102.77056884765625
2021-01-29,100.19142150878906
2021-02-01,100.71515655517578
2021-02-02,104.53941345214844
2021-02-03,105.33984375
2021-02-04,109.21349334716797
2021-02-05,110.34989166259766
2021-02-08,110.9922103881836
2021-02-09,109.04550170898438
2021-02-10,108.04743957519531
2021-02-11,108.20555114746094
2021-02-12,110.81433868408203
2021-02-16,112.26696014404297
2021-02-17,110.11273193359375
2021-02-18,112.77092742919922
2021-02-19,115.5279541015625
2021-02-22,118.54190826416016
2021-02-23,120.50837707519531
2021-02-24,125.755615234375
2021-02-25,121.52619934082031
2021-02-26,122.21793365478516
2021-03-01,122.29698944091797
2021-03-02,122.78117370605469
2021-03-03,121.67443084716797
2021-03-04,119.29292297363281
2021-03-05,121.41751098632812
2021-03-08,123.92747497558594
2021-03-09,122.6527099609375
2021-03-10,123.03811645507812
2021-03-11,123.18633270263672
2021-03-12,124.60932159423828
2021-03-15,125.755615234375
2021-03-16,122.49462127685547
2021-03-17,125.63700866699219
2021-03-18,124.15474700927734
2021-03-19,122.91952514648438
2021-03-22,121.46692657470703
2021-03-23,117.49443054199219
2021-03-24,117.09917449951172
2021-03-25,118.97672271728516
2021-03-26,119.68817901611328
2021-03-29,117.64266204833984
2021-03-30,120.6170883178711
2021-03-31,119.49055480957031
2021-04-01,120.2119140625
2021-04-05,123.91758728027344
2021-04-06,125.16271209716797
2021-04-07,123.0479965209961
2021-04-08,123.27526092529297
2021-04-09,122.87999725341797
2021-04-12,123.79900360107422
2021-04-13,124.61920166015625
2021-04-14,125.02436065673828
2021-04-15,125.7753677368164
2021-04-16,126.53627014160156
2021-04-19,124.44132232666016
2021-04-20,120.77517700195312
2021-04-21,122.44520568847656
2021-04-22,124.01638793945312
2021-04-23,125.89393615722656
2021-04-26,126.06195068359375
2021-04-27,128.4730987548828
2021-04-28,127.583740234375
2021-04-29,128.8486328125
2021-04-30,127.17859649658203
2021-05-03,127.14894104003906
2021-05-04,126.73390197753906
2021-05-05,121.17044830322266
2021-05-06,119.34232330322266
2021-05-07,121.98077392578125
2021-05-10,120.14274597167969
2021-05-11,120.38980102539062
2021-05-12,116.89163970947266
2021-05-13,118.73955535888672
2021-05-14,122.14874267578125
2021-05-17,120.27120971679688
2021-05-18,119.36209869384766
2021-05-19,119.14469146728516
2021-05-20,119.15455627441406
2021-05-21,119.54983520507812
2021-05-24,122.12899017333984
2021-05-25,122.33650970458984
2021-05-26,124.72789001464844
2021-05-27,124.77731323242188
2021-05-28,123.78911590576172
2021-06-01,125.11328125
2021-06-02,123.69029998779297
2021-06-03,121.67443084716797
2021-06-04,123.27526092529297
2021-06-07,123.42350769042969
2021-06-08,126.3287353515625
2021-06-09,124.95516204833984
2021-06-10,125.09352111816406
2021-06-11,127.08963012695312
2021-06-14,127.08963012695312
2021-06-15,127.72205352783203
2021-06-16,125.42950439453125
2021-06-17,124.74766540527344
2021-06-18,122.25745391845703
2021-06-21,125.24175262451172
2021-06-22,124.60932159423828
2021-06-23,124.19428253173828
2021-06-24,123.03811645507812
2021-06-25,123.00848388671875
2021-06-28,119.29292297363281
2021-06-29,117.54383850097656
2021-06-30,119.194091796875
2021-07-01,122.15864562988281
2021-07-02,125.31092834472656
2021-07-06,124.34249877929688
2021-07-07,122.97880554199219
2021-07-08,121.67443084716797
2021-07-09,124.55990600585938
2021-07-12,124.36226654052734
2021-07-13,122.00052642822266
2021-07-14,122.40570068359375
2021-07-15,121.44715881347656
2021-07-16,118.33438110351562
2021-07-19,115.62678527832031
2021-07-20,119.47078704833984
2021-07-21,123.45315551757812
2021-07-22,121.75347137451172
2021-07-23,123.77925872802734
2021-07-26,125.17257690429688
2021-07-27,126.98094940185547
2021-07-28,127.998779296875
2021-07-29,132.9100341796875
2021-07-30,129.89605712890625
2021-08-02,126.35840606689453
2021-08-03,124.58955383300781
2021-08-04,122.91952514648438
2021-08-05,124.90576171875
2021-08-06,125.16271209716797
2021-08-09,123.13692474365234
2021-08-10,124.85635375976562
2021-08-11,123.55197143554688
2021-08-12,121.97088623046875
2021-08-13,120.7652816772461
2021-08-16,120.05380249023438
2021-08-17,118.57154846191406
2021-08-18,117.5932388305664
2021-08-19,117.8205337524414
2021-08-20,120.33049774169922
2021-08-23,121.57560729980469
2021-08-24,125.36032104492188
2021-08-25,125.81489562988281
2021-08-26,124.13500213623047
2021-08-27,126.05205535888672
2021-08-30,124.23381042480469
2021-08-31,123.38397216796875
2021-09-01,123.83853912353516
2021-09-02,122.91952514648438
2021-09-03,121.62500762939453
2021-09-07,121.91159057617188
2021-09-08,121.30879211425781
2021-09-09,124.26345825195312
2021-09-10,125.89393615722656
2021-09-13,128.6707305908203
2021-09-14,130.26170349121094
2021-09-15,129.84664916992188
2021-09-16,130.45936584472656
2021-09-17,129.65890502929688
2021-09-20,127.30705261230469
2021-09-21,126.3089828491211
2021-09-22,127.66280364990234
2021-09-23,132.90013122558594
2021-09-24,133.87844848632812
2021-09-27,137.15919494628906
2021-09-28,134.93577575683594
2021-09-29,133.56222534179688
2021-09-30,130.54824829101562
2021-10-01,136.51686096191406
2021-10-04,136.87258911132812
2021-10-05,138.0979461669922
2021-10-06,137.7125701904297
2021-10-07,139.5011444091797
2021-10-08,139.83712768554688
2021-10-11,141.16128540039062
2021-10-12,142.98944091796875
2021-10-13,139.16517639160156
2021-10-14,139.90631103515625
2021-10-15,142.81158447265625
2021-10-18,142.35699462890625
2021-10-19,139.28372192382812
2021-10-20,138.5821533203125
2021-10-21,139.82725524902344
2021-10-22,139.98533630371094
2021-10-25,140.4893341064453
2021-10-26,142.74241638183594
2021-10-27,145.4796905517578
2021-10-28,144.3135986328125
2021-10-29,142.24830627441406
2021-11-01,143.0684814453125
2021-11-02,139.66917419433594
2021-11-03,143.5230712890625
2021-11-04,145.6970672607422
2021-11-05,150.0450439453125
2021-11-08,149.38291931152344
2021-11-09,146.7050018310547
2021-11-10,144.79779052734375
2021-11-11,141.88267517089844
2021-11-12,141.77398681640625
2021-11-15,141.2205810546875
2021-11-16,140.064453125
2021-11-17,142.8214569091797
2021-11-18,141.89256286621094
2021-11-19,142.66331481933594
2021-11-22,142.1692352294922
2021-11-23,144.00726318359375
2021-11-24,143.57244873046875
2021-11-26,134.59982299804688
2021-11-29,136.43783569335938
2021-11-30,133.4732666015625
2021-12-01,128.42367553710938
2021-12-02,137.9398651123047
2021-12-03,137.09988403320312
2021-12-06,142.60401916503906
2021-12-07,141.457763671875
2021-12-08,142.68310546875
2021-12-09,142.60401916503906
2021-12-10,144.40255737304688
2021-12-13,140.7265167236328
2021-12-14,140.30160522460938
2021-12-15,138.63156127929688
2021-12-16,137.35682678222656
2021-12-17,139.2738800048828
2021-12-20,138.71063232421875
2021-12-21,146.7938995361328
2021-12-22,150.9344024658203
2021-12-23,152.881103515625
2021-12-27,153.45423889160156
2021-12-28,153.18743896484375
2021-12-29,153.53326416015625
2021-12-30,153.1479034423828
2021-12-31,154.14598083496094
2022-01-03,152.65382385253906
2022-01-04,154.11634826660156
2022-01-05,150.00552368164062
2022-01-06,150.38099670410156
2022-01-07,150.20315551757812
2022-01-10,146.8532257080078
2022-01-11,150.69723510742188
2022-01-12,148.2267608642578
2022-01-13,148.1279754638672
2022-01-14,146.2306671142578
2022-01-18,142.81158447265625
2022-01-19,140.5288848876953
2022-01-20,140.55853271484375
2022-01-21,140.57826232910156
2022-01-24,138.81932067871094
2022-01-25,140.70672607421875
2022-01-26,143.1080322265625
2022-01-27,135.6274871826172
2022-01-28,141.69493103027344
2022-01-31,143.3946075439453
2022-02-01,143.99737548828125
2022-02-02,142.8807373046875
2022-02-03,142.4459228515625
2022-02-04,143.7799835205078
2022-02-07,146.8828582763672
2022-02-08,151.5668182373047
2022-02-09,151.3296661376953
2022-02-10,152.37710571289062
2022-02-11,147.76234436035156
2022-02-14,149.639892578125
2022-02-15,156.1322021484375
2022-02-16,154.49180603027344
2022-02-17,151.23085021972656
2022-02-18,148.6319580078125
2022-02-22,145.4203643798828
2022-02-23,141.67515563964844
2022-02-24,144.3629913330078
2022-02-25,148.8888397216797
2022-02-28,147.1002655029297
2022-03-01,140.4893341064453
2022-03-02,144.18515014648438
2022-03-03,140.33120727539062
2022-03-04,136.0425262451172
2022-03-07,127.5639877319336
2022-03-08,132.33688354492188
2022-03-09,136.88250732421875
2022-03-10,141.250244140625
2022-03-11,140.0940704345703
2022-03-14,139.88656616210938
2022-03-15,142.53489685058594
2022-03-16,149.00747680664062
2022-03-17,149.35330200195312
2022-03-18,149.99557495117188
2022-03-21,148.57264709472656
2022-03-22,149.62997436523438
2022-03-23,146.6555938720703
2022-03-24,150.09445190429688
2022-03-25,149.70907592773438
2022-03-28,148.8987579345703
2022-03-29,153.47401428222656
2022-03-30,151.3395538330078
2022-03-31,149.9462127685547
2022-04-01,148.9283905029297
2022-04-04,150.5391082763672
2022-04-05,149.75845336914062
2022-04-06,143.88868713378906
2022-04-07,143.8294219970703
2022-04-08,143.7601776123047
2022-04-11,142.00128173828125
2022-04-12,143.16732788085938
2022-04-13,152.1103057861328
2022-04-14,153.7408447265625
2022-04-18,154.71910095214844
2022-04-19,161.21144104003906
2022-04-20,160.9841766357422
2022-04-21,155.1044921875
2022-04-22,151.53717041015625
2022-04-25,154.0966033935547
2022-04-26,149.92645263671875
2022-04-27,155.20335388183594
2022-04-28,159.31410217285156
2022-04-29,153.45423889160156
2022-05-02,153.57284545898438
2022-05-03,147.19908142089844
2022-05-04,149.600341796875
2022-05-05,148.11807250976562
2022-05-06,141.7838592529297
2022-05-09,131.73406982421875
2022-05-10,136.1611328125
2022-05-11,132.91990661621094
2022-05-12,130.86447143554688
2022-05-13,134.97528076171875
2022-05-16,131.27952575683594
2022-05-17,133.48316955566406
2022-05-18,127.1390609741211
2022-05-19,130.1529998779297
2022-05-20,128.73989868164062
2022-05-23,130.7854461669922
2022-05-24,126.76353454589844
2022-05-25,130.18263244628906
2022-05-26,136.98907470703125
2022-05-27,140.72862243652344
2022-05-31,139.35350036621094
2022-06-01,136.93959045410156
2022-06-02,140.7681884765625
2022-06-03,140.6494903564453
2022-06-06,142.8754425048828
2022-06-07,142.28182983398438
2022-06-08,139.2051239013672
2022-06-09,134.3476104736328
2022-06-10,126.10671997070312
2022-06-13,119.55750274658203
2022-06-14,117.86578369140625
2022-06-15,120.5864028930664
2022-06-16,114.18557739257812
2022-06-17,115.036376953125
2022-06-21,113.21605682373047
2022-06-22,110.82193756103516
2022-06-23,109.33799743652344
2022-06-24,115.4617691040039
2022-06-27,115.77835845947266
2022-06-28,114.04708862304688
2022-06-29,111.850830078125
2022-06-30,110.2481689453125
2022-07-01,111.78156280517578
2022-07-05,110.83184814453125
2022-07-06,108.57622528076172
2022-07-07,112.68184661865234
2022-07-08,110.39653778076172
2022-07-11,110.39653778076172
2022-07-12,111.43531799316406
2022-07-13,112.89949035644531
2022-07-14,112.09815216064453
2022-07-15,115.09573364257812
2022-07-18,116.16419219970703
2022-07-19,120.11152648925781
2022-07-20,121.3778305053711
2022-07-21,120.66552734375
2022-07-22,119.53773498535156
2022-07-25,120.8831787109375
2022-07-26,118.93424987792969
2022-07-27,127.86766052246094
2022-07-28,126.63104248046875
2022-07-29,126.70028686523438
2022-08-01,127.31365203857422
2022-08-02,127.30376434326172
2022-08-03,129.5692901611328
2022-08-04,129.64842224121094
2022-08-05,128.9262237548828
2022-08-08,129.3219757080078
2022-08-09,130.04412841796875
2022-08-10,132.2305450439453
2022-08-11,133.24949645996094
2022-08-12,135.9700927734375
2022-08-15,135.5545654296875
2022-08-16,137.533203125
2022-08-17,135.9898681640625
2022-08-18,137.28587341308594
2022-08-19,134.03103637695312
2022-08-22,130.17276000976562
2022-08-23,130.86526489257812
2022-08-24,131.8743438720703
2022-08-25,134.77627563476562
2022-08-26,129.83407592773438
2022-08-29,128.2296142578125
2022-08-30,125.61491394042969
2022-08-31,126.13983154296875
2022-09-01,126.44684600830078
2022-09-02,126.26858520507812
2022-09-06,125.65452575683594
2022-09-07,129.92323303222656
2022-09-08,131.6960906982422
2022-09-09,134.60792541503906
2022-09-12,135.34083557128906
2022-09-13,129.21011352539062
2022-09-14,133.5382537841797
2022-09-15,133.94432067871094
2022-09-16,129.546875
2022-09-19,131.03250122070312
2022-09-20,130.41842651367188
2022-09-21,123.43598175048828
2022-09-22,118.27589416503906
2022-09-23,117.19633483886719
2022-09-26,116.3544921875
2022-09-27,117.03787231445312
2022-09-28,122.48517608642578
2022-09-29,120.6925277709961
2022-09-30,119.46440887451172
2022-10-03,120.60337829589844
2022-10-04,124.76314544677734
2022-10-05,124.71360778808594
2022-10-06,122.16824340820312
2022-10-07,120.20721435546875
2022-10-10,119.17718505859375
2022-10-11,116.7506332397461
2022-10-12,119.84077453613281
2022-10-13,121.92064666748047
2022-10-14,121.40562438964844
2022-10-17,125.19893646240234
2022-10-18,127.36795806884766
2022-10-19,127.4670181274414
2022-10-20,125.33760070800781
2022-10-21,129.9727783203125
2022-10-24,129.3784942626953
2022-10-25,129.38841247558594
2022-10-26,128.74462890625
2022-10-27,132.1219482421875
2022-10-28,133.35008239746094
2022-10-31,133.96412658691406
2022-11-01,132.45872497558594
2022-11-02,128.48712158203125
2022-11-03,127.26891326904297
2022-11-04,128.7644500732422
2022-11-07,127.6353530883789
2022-11-08,129.5765838623047
2022-11-09,128.79327392578125
2022-11-10,135.46641540527344
2022-11-11,139.44259643554688
2022-11-14,137.5883331298828
2022-11-15,137.37020874023438
2022-11-16,137.2115936279297
2022-11-17,136.79513549804688
2022-11-18,138.33201599121094
2022-11-21,136.74554443359375
2022-11-22,138.8079833984375
2022-11-23,137.37020874023438
2022-11-25,137.08267211914062
2022-11-28,135.84323120117188
2022-11-29,137.57846069335938
2022-11-30,141.41575622558594
2022-12-01,141.09848022460938
2022-12-02,140.2259063720703
2022-12-05,137.9651336669922
2022-12-06,136.40843200683594
2022-12-07,133.18585205078125
2022-12-08,136.00189208984375
2022-12-09,136.2696075439453
2022-12-12,137.57846069335938
2022-12-13,136.94384765625
2022-12-14,134.90122985839844
2022-12-15,132.1248779296875
2022-12-16,129.88397216796875
2022-12-19,128.80316162109375
2022-12-20,128.3966522216797
2022-12-21,126.17555236816406
2022-12-22,124.8766098022461
2022-12-23,125.36247253417969
2022-12-27,124.67829895019531
2022-12-28,122.97280883789062
2022-12-29,124.97576904296875
2022-12-30,125.2930679321289
2023-01-03,123.97430419921875
2023-01-04,126.76055908203125
2023-01-05,125.76901245117188
2023-01-06,129.1502227783203
2023-01-09,127.99009704589844
2023-01-10,128.36688232421875
2023-01-11,133.30484008789062
2023-01-12,133.86012268066406
2023-01-13,135.72425842285156
2023-01-17,135.04006958007812
2023-01-18,133.39407348632812
2023-01-19,133.9196014404297
2023-01-20,137.5487060546875
2023-01-23,138.81788635253906
2023-01-24,139.05584716796875
2023-01-25,141.06874084472656
2023-01-26,142.8435821533203
2023-01-27,143.4881591796875
2023-01-30,141.71327209472656
2023-01-31,143.8649139404297
2023-02-01,146.13560485839844
2023-02-02,145.84800720214844
2023-02-03,145.58030700683594
2023-02-06,144.99530029296875
2023-02-07,146.93875122070312
2023-02-08,146.03640747070312
2023-02-09,149.5266876220703
2023-02-10,145.92735290527344
2023-02-13,147.7418975830078
2023-02-14,150.09190368652344
2023-02-15,151.4701385498047
2023-02-16,147.02798461914062
2023-02-17,145.1043701171875
2023-02-21,142.8634490966797
2023-02-22,142.6948699951172
2023-02-23,144.16241455078125
2023-02-24,143.5674591064453
2023-02-27,144.01412963867188
2023-02-28,143.4384002685547
2023-03-01,144.42108154296875
2023-03-02,145.10597229003906
2023-03-03,146.48565673828125
2023-03-06,147.53778076171875
2023-03-07,145.9000244140625
2023-03-08,146.3466796875
2023-03-09,141.35397338867188
2023-03-10,139.5077667236328
2023-03-13,136.5200958251953
2023-03-14,138.03875732421875
2023-03-15,134.82276916503906
2023-03-16,137.30421447753906
2023-03-17,135.52749633789062
2023-03-20,137.0064697265625
2023-03-21,139.81549072265625
2023-03-22,136.61935424804688
2023-03-23,134.66397094726562
2023-03-24,130.85244750976562
2023-03-27,131.31895446777344
2023-03-28,131.52743530273438
2023-03-29,134.9021759033203
2023-03-30,136.44070434570312
2023-03-31,139.82540893554688
2023-04-03,138.5350341796875
2023-04-04,137.96925354003906
2023-04-05,138.4556427001953
2023-04-06,139.58718872070312
2023-04-10,139.9544219970703
2023-04-11,140.69888305664062
2023-04-12,137.33401489257812
2023-04-13,141.35397338867188
2023-04-14,143.23989868164062
2023-04-17,144.0736541748047
2023-04-18,145.92979431152344
2023-04-19,145.9000244140625
2023-04-20,145.91986083984375
2023-04-21,146.92242431640625
2023-04-24,147.34918212890625
2023-04-25,145.2449188232422
2023-04-26,140.2919158935547
2023-04-27,140.68898010253906
2023-04-28,142.95204162597656
2023-05-01,143.3788604736328
2023-05-02,144.87765502929688
2023-05-03,144.64935302734375
2023-05-04,141.56243896484375
2023-05-05,143.53768920898438
2023-05-08,144.47071838378906
2023-05-09,144.63943481445312
2023-05-10,141.35397338867188
2023-05-11,140.64923095703125
2023-05-12,140.5301513671875
2023-05-15,142.19769287109375
2023-05-16,141.41351318359375
2023-05-17,143.13072204589844
2023-05-18,145.31668090820312
2023-05-19,143.25987243652344
2023-05-22,142.63392639160156
2023-05-23,136.83119201660156
2023-05-24,135.9766387939453
2023-05-25,139.03697204589844
2023-05-26,137.20875549316406
2023-05-30,135.2115936279297
2023-05-31,135.2512969970703
2023-06-01,136.79144287109375
2023-06-02,141.88870239257812
2023-06-05,141.66017150878906
2023-06-06,143.67718505859375
2023-06-07,141.71974182128906
2023-06-08,141.9681854248047
2023-06-09,140.62681579589844
2023-06-12,141.759521484375
2023-06-13,142.3755340576172
2023-06-14,142.63392639160156
2023-06-15,139.77227783203125
2023-06-16,139.911376953125
2023-06-20,138.73892211914062
2023-06-21,140.24923706054688
2023-06-22,140.1697235107422
2023-06-23,136.23500061035156
2023-06-26,137.45713806152344
2023-06-27,140.4479522705078
2023-06-28,141.0142822265625
2023-06-29,143.00155639648438
2023-06-30,144.62115478515625
2023-07-03,144.55157470703125
2023-07-05,144.0746307373047
2023-07-06,144.7701873779297
2023-07-07,147.3734893798828
2023-07-10,151.1690673828125
2023-07-11,151.18894958496094
2023-07-12,150.06617736816406
2023-07-13,150.92068481445312
2023-07-14,146.8369140625
2023-07-17,148.0491180419922
2023-07-18,149.01290893554688
2023-07-19,147.96963500976562
2023-07-20,148.33726501464844
2023-07-21,150.87098693847656
2023-07-24,149.49981689453125
2023-07-25,150.16551208496094
2023-07-26,149.3011016845703
2023-07-27,151.66590881347656
2023-07-28,153.18612670898438
2023-07-31,154.4977264404297
2023-08-01,153.58360290527344
2023-08-02,152.26206970214844
2023-08-03,149.6985321044922
2023-08-04,150.38412475585938
2023-08-07,152.50050354003906
2023-08-08,152.74893188476562
2023-08-09,153.2059783935547
2023-08-10,154.38841247558594
2023-08-11,153.8518524169922
2023-08-14,154.3288116455078
2023-08-15,152.6793670654297
2023-08-16,152.71910095214844
2023-08-17,148.83409118652344
2023-08-18,149.837646484375
2023-08-21,148.0491180419922
2023-08-22,149.0328369140625
2023-08-23,148.91355895996094
2023-08-24,146.317626953125
2023-08-25,146.2281036376953
2023-08-28,147.91896057128906
2023-08-29,149.02294921875
2023-08-30,149.60980224609375
2023-08-31,147.84933471679688
2023-09-01,150.18667602539062
2023-09-05,147.7797088623047
2023-09-06,148.39637756347656
2023-09-07,147.56088256835938
2023-09-08,153.2898712158203
2023-09-11,153.9065399169922
2023-09-12,154.9011688232422
2023-09-13,152.56382751464844
2023-09-14,155.30892944335938
2023-09-15,153.57827758789062
2023-09-18,152.5339813232422
2023-09-19,151.33047485351562
2023-09-20,151.91732788085938
2023-09-21,146.91441345214844
2023-09-22,146.7950439453125
2023-09-25,147.01385498046875
2023-09-26,146.54640197753906
2023-09-27,148.55552673339844
2023-09-28,152.84231567382812
2023-09-29,149.37109375
2023-10-02,148.41624450683594
2023-10-03,145.97946166992188
2023-10-04,150.18667602539062
2023-10-05,149.02294921875
2023-10-06,150.57455444335938
2023-10-09,148.87376403808594
2023-10-10,152.2455291748047
2023-10-11,152.86219787597656
2023-10-12,152.1759033203125
2023-10-13,149.17218017578125
2023-10-16,152.9716033935547
2023-10-17,153.9960479736328
2023-10-18,151.45977783203125
2023-10-19,149.50039672851562
2023-10-20,146.77516174316406
2023-10-23,147.0635986328125
2023-10-24,148.8439483642578
2023-10-25,149.93804931640625
2023-10-26,147.67030334472656
2023-10-27,148.36651611328125
2023-10-30,150.4651641845703
2023-10-31,150.71383666992188
2023-11-01,150.3159637451172
2023-11-02,151.79794311523438
2023-11-03,155.9653778076172
2023-11-06,155.47801208496094
2023-11-07,157.19869995117188
2023-11-08,156.06483459472656
2023-11-09,157.40757751464844
2023-11-10,160.92849731445312
2023-11-13,161.79383850097656
2023-11-14,166.13034057617188
2023-11-15,164.67820739746094
2023-11-16,166.4203338623047
2023-11-17,167.53533935546875
2023-11-20,168.41139221191406
2023-11-21,169.09829711914062
2023-11-22,170.282958984375
2023-11-24,169.05848693847656
2023-11-27,168.01318359375
2023-11-28,166.6194305419922
2023-11-29,165.9126434326172
2023-11-30,166.76878356933594
2023-12-01,170.07391357421875
2023-12-04,170.8006591796875
2023-12-05,166.67918395996094
2023-12-06,167.30636596679688
2023-12-07,169.6657257080078
2023-12-08,170.5616912841797
2023-12-11,176.2162322998047
2023-12-12,177.7791748046875
2023-12-13,177.29139709472656
2023-12-14,175.96734619140625
2023-12-15,176.43524169921875
2023-12-18,177.68960571289062
2023-12-19,178.93399047851562
2023-12-20,176.8732452392578
2023-12-21,180.70599365234375
2023-12-22,180.69606018066406
2023-12-26,180.3974151611328
2023-12-27,180.70599365234375
2023-12-28,180.92503356933594
2023-12-29,181.2734832763672
2024-01-02,179.26251220703125
2024-01-03,178.11767578125
2024-01-04,177.9484100341797
2024-01-05,179.69058227539062
2024-01-08,181.38294982910156
2024-01-09,180.83541870117188
2024-01-10,181.70152282714844
2024-01-11,181.33316040039062
2024-01-12,181.34312438964844
2024-01-16,181.57211303710938
2024-01-17,182.69705200195312
2024-01-18,184.87722778320312
2024-01-19,186.53973388671875
2024-01-22,187.60491943359375
2024-01-23,186.53973388671875
2024-01-24,186.72889709472656
2024-01-25,190.91004943847656
2024-01-26,191.76620483398438
2024-01-29,192.3037567138672
2024-01-30,193.30921936035156
2024-01-31,190.10369873046875
2024-02-01,192.85128784179688
2024-02-02,194.13551330566406
2024-02-05,192.801513671875
2024-02-06,193.7472381591797
2024-02-07,195.15093994140625
2024-02-08,193.6775665283203
2024-02-09,191.2982940673828
2024-02-12,192.7019805908203
2024-02-13,189.2574920654297
2024-02-14,191.8358612060547
2024-02-15,195.2803497314453
2024-02-16,196.68402099609375
2024-02-20,196.2061767578125
2024-02-21,198.14744567871094
2024-02-22,201.6941375732422
2024-02-23,203.77635192871094
2024-02-26,202.25205993652344
2024-02-27,202.8299102783203
2024-02-28,203.19851684570312
2024-02-29,203.55718994140625
2024-03-01,204.11509704589844
2024-03-04,201.654296875
2024-03-05,203.049072265625
2024-03-06,202.84982299804688
2024-03-07,204.17486572265625
2024-03-08,204.94198608398438
2024-03-11,203.42764282226562
2024-03-12,206.25706481933594
2024-03-13,207.75146484375
2024-03-14,206.1474609375
2024-03-15,203.8959197998047
2024-03-18,205.72903442382812
2024-03-19,207.3429718017578
2024-03-20,209.7240447998047
2024-03-21,209.763916015625
2024-03-22,210.5111083984375
2024-03-25,209.33551025390625
2024-03-26,212.24461364746094
2024-03-27,213.5397491455078
2024-03-28,212.51361083984375
2024-04-01,211.9058837890625
2024-04-02,209.58456420898438
2024-04-03,211.3778533935547
2024-04-04,208.01048278808594
2024-04-05,210.899658203125
2024-04-08,210.79006958007812
2024-04-09,209.12631225585938
2024-04-10,208.8074951171875
2024-04-11,209.97312927246094
2024-04-12,204.3342742919922
2024-04-15,203.66676330566406
2024-04-16,201.7439727783203
2024-04-17,199.73150634765625
2024-04-18,198.0777130126953
2024-04-19,193.7439422607422
2024-04-22,194.41143798828125
2024-04-23,196.30433654785156
2024-04-24,203.93572998046875
2024-04-25,203.1686248779297
2024-04-26,201.36538696289062
2024-04-29,201.40524291992188
2024-04-30,196.54345703125
2024-05-01,197.0017547607422
2024-05-02,196.7925262451172
2024-05-03,196.802490234375
2024-05-06,199.35293579101562
2024-05-07,198.96438598632812
2024-05-08,199.64183044433594
2024-05-09,202.72032165527344
2024-05-10,207.30313110351562
2024-05-13,205.32057189941406
2024-05-14,204.5335235595703
2024-05-15,203.80624389648438
2024-05-16,205.172119140625
2024-05-17,203.57691955566406
2024-05-20,204.9528045654297
2024-05-21,205.1820831298828
2024-05-22,203.81622314453125
2024-05-23,199.42942810058594
2024-05-24,202.62979125976562
2024-05-28,199.39950561523438
2024-05-29,195.89007568359375
2024-05-30,195.93992614746094
2024-05-31,199.99771118164062
2024-06-03,197.56503295898438
2024-06-04,199.8382110595703
2024-06-05,201.97177124023438
2024-06-06,200.5659942626953
2024-06-07,201.5729522705078
2024-06-10,204.20504760742188
2024-06-11,205.26185607910156
2024-06-12,210.0773468017578
2024-06-13,211.0045623779297
2024-06-14,209.68853759765625
2024-06-17,213.97560119628906
2024-06-18,215.35147094726562
2024-06-20,217.15603637695312
2024-06-21,215.23184204101562
2024-06-24,216.38832092285156
2024-06-25,214.43421936035156
2024-06-26,212.41033935546875
2024-06-27,214.4242706298828
2024-06-28,217.5448760986328
2024-07-01,213.58677673339844
2024-07-02,214.9526824951172
2024-07-03,215.4711151123047
2024-07-05,213.76626586914062
2024-07-08,213.92578125
2024-07-09,214.60374450683594
2024-07-10,219.18992614746094
2024-07-11,216.2089080810547
2024-07-12,220.0572967529297
2024-07-15,222.32049560546875
2024-07-16,227.50485229492188
2024-07-17,219.13006591796875
2024-07-18,218.3424530029297
2024-07-19,218.5319061279297
2024-07-22,219.48899841308594
2024-07-23,219.9974822998047
2024-07-24,213.9556884765625
2024-07-25,212.53993225097656
2024-07-26,214.962646484375
2024-07-29,217.166015625
2024-07-30,218.10317993164062
2024-07-31,214.0254669189453
2024-08-01,208.0833740234375
2024-08-02,204.34463500976562
2024-08-05,201.21405029296875
2024-08-06,206.4981231689453
2024-08-07,202.90895080566406
2024-08-08,204.42437744140625
2024-08-09,205.7005615234375
2024-08-12,204.97271728515625
2024-08-13,204.54403686523438
2024-08-14,207.16610717773438
2024-08-15,209.95773315429688
2024-08-16,211.82211303710938
2024-08-19,213.9058380126953
2024-08-20,211.7722625732422
2024-08-21,215.78018188476562
2024-08-22,215.18199157714844
2024-08-23,216.58871459960938
2024-08-26,214.79286193847656
2024-08-27,217.83584594726562
2024-08-28,216.57876586914062
2024-08-29,217.15740966796875
2024-08-30,219.13284301757812
2024-09-03,215.1520538330078
2024-09-04,213.75527954101562
2024-09-05,215.50123596191406
2024-09-06,212.60794067382812
2024-09-09,214.44369506835938
2024-09-10,210.16357421875
2024-09-11,211.09144592285156
2024-09-12,215.63095092773438
2024-09-13,216.31935119628906
2024-09-16,217.5963897705078
2024-09-17,219.8711395263672
2024-09-18,220.46975708007812
2024-09-19,225.0192108154297
2024-09-20,224.12130737304688
2024-09-23,224.14125061035156
2024-09-24,227.94244384765625
2024-09-25,226.86495971679688
2024-09-26,232.3721923828125
2024-09-27,233.81884765625
2024-09-30,229.96775817871094
2024-10-01,229.29931640625
2024-10-02,230.92555236816406
2024-10-03,230.34690856933594
2024-10-04,233.1803436279297
2024-10-07,231.963134765625
2024-10-08,233.64923095703125
2024-10-09,236.43280029296875
2024-10-10,235.40516662597656
2024-10-11,237.5801544189453
2024-10-14,237.21099853515625
2024-10-15,235.5747833251953
2024-10-16,236.94163513183594
2024-10-17,237.9193572998047
2024-10-18,238.25857543945312
2024-10-21,236.40286254882812
2024-10-22,237.5801544189453
2024-10-23,232.9608612060547
2024-10-24,234.66690063476562
2024-10-25,235.5648193359375
2024-10-28,236.6223602294922
2024-10-29,238.59779357910156
2024-10-30,237.85951232910156
2024-10-31,234.30772399902344
2024-11-01,235.92398071289062
2024-11-04,232.86106872558594
2024-11-05,235.10586547851562
2024-11-06,245.86097717285156
2024-11-07,245.66143798828125
2024-11-08,247.0781707763672
2024-11-11,249.78192138671875
2024-11-12,250.0213623046875
2024-11-13,252.06661987304688
2024-11-14,249.46263122558594
2024-11-15,247.9851837158203
2024-11-18,248.6140899658203
2024-11-19,249.33287048339844
2024-11-20,249.71221923828125
2024-11-21,251.39932250976562
2024-11-22,252.5673370361328
2024-11-25,253.19625854492188
2024-11-26,252.5673370361328
2024-11-27,249.9917449951172
2024-11-29,253.00657653808594
2024-12-02,250.04165649414062
2024-12-03,250.59072875976562
2024-12-04,253.57559204101562
2024-12-05,254.9532470703125
2024-12-06,258.0179748535156
2024-12-09,249.57244873046875
2024-12-10,253.28610229492188
2024-12-11,256.5105895996094
2024-12-12,255.46237182617188
2024-12-13,252.32772827148438
2024-12-16,252.5673370361328
2024-12-17,249.8419952392578
2024-12-18,242.115234375
2024-12-19,245.32972717285156
2024-12-20,248.9934539794922
2024-12-23,250.28125
2024-12-24,252.82687377929688
2024-12-26,251.32945251464844
2024-12-27,249.5125732421875
2024-12-30,247.77554321289062
2024-12-31,246.73731994628906
