Date,HPE
2010-01-04,
2010-01-05,
2010-01-06,
2010-01-07,
2010-01-08,
2010-01-11,
2010-01-12,
2010-01-13,
2010-01-14,
2010-01-15,
2010-01-19,
2010-01-20,
2010-01-21,
2010-01-22,
2010-01-25,
2010-01-26,
2010-01-27,
2010-01-28,
2010-01-29,
2010-02-01,
2010-02-02,
2010-02-03,
2010-02-04,
2010-02-05,
2010-02-08,
2010-02-09,
2010-02-10,
2010-02-11,
2010-02-12,
2010-02-16,
2010-02-17,
2010-02-18,
2010-02-19,
2010-02-22,
2010-02-23,
2010-02-24,
2010-02-25,
2010-02-26,
2010-03-01,
2010-03-02,
2010-03-03,
2010-03-04,
2010-03-05,
2010-03-08,
2010-03-09,
2010-03-10,
2010-03-11,
2010-03-12,
2010-03-15,
2010-03-16,
2010-03-17,
2010-03-18,
2010-03-19,
2010-03-22,
2010-03-23,
2010-03-24,
2010-03-25,
2010-03-26,
2010-03-29,
2010-03-30,
2010-03-31,
2010-04-01,
2010-04-05,
2010-04-06,
2010-04-07,
2010-04-08,
2010-04-09,
2010-04-12,
2010-04-13,
2010-04-14,
2010-04-15,
2010-04-16,
2010-04-19,
2010-04-20,
2010-04-21,
2010-04-22,
2010-04-23,
2010-04-26,
2010-04-27,
2010-04-28,
2010-04-29,
2010-04-30,
2010-05-03,
2010-05-04,
2010-05-05,
2010-05-06,
2010-05-07,
2010-05-10,
2010-05-11,
2010-05-12,
2010-05-13,
2010-05-14,
2010-05-17,
2010-05-18,
2010-05-19,
2010-05-20,
2010-05-21,
2010-05-24,
2010-05-25,
2010-05-26,
2010-05-27,
2010-05-28,
2010-06-01,
2010-06-02,
2010-06-03,
2010-06-04,
2010-06-07,
2010-06-08,
2010-06-09,
2010-06-10,
2010-06-11,
2010-06-14,
2010-06-15,
2010-06-16,
2010-06-17,
2010-06-18,
2010-06-21,
2010-06-22,
2010-06-23,
2010-06-24,
2010-06-25,
2010-06-28,
2010-06-29,
2010-06-30,
2010-07-01,
2010-07-02,
2010-07-06,
2010-07-07,
2010-07-08,
2010-07-09,
2010-07-12,
2010-07-13,
2010-07-14,
2010-07-15,
2010-07-16,
2010-07-19,
2010-07-20,
2010-07-21,
2010-07-22,
2010-07-23,
2010-07-26,
2010-07-27,
2010-07-28,
2010-07-29,
2010-07-30,
2010-08-02,
2010-08-03,
2010-08-04,
2010-08-05,
2010-08-06,
2010-08-09,
2010-08-10,
2010-08-11,
2010-08-12,
2010-08-13,
2010-08-16,
2010-08-17,
2010-08-18,
2010-08-19,
2010-08-20,
2010-08-23,
2010-08-24,
2010-08-25,
2010-08-26,
2010-08-27,
2010-08-30,
2010-08-31,
2010-09-01,
2010-09-02,
2010-09-03,
2010-09-07,
2010-09-08,
2010-09-09,
2010-09-10,
2010-09-13,
2010-09-14,
2010-09-15,
2010-09-16,
2010-09-17,
2010-09-20,
2010-09-21,
2010-09-22,
2010-09-23,
2010-09-24,
2010-09-27,
2010-09-28,
2010-09-29,
2010-09-30,
2010-10-01,
2010-10-04,
2010-10-05,
2010-10-06,
2010-10-07,
2010-10-08,
2010-10-11,
2010-10-12,
2010-10-13,
2010-10-14,
2010-10-15,
2010-10-18,
2010-10-19,
2010-10-20,
2010-10-21,
2010-10-22,
2010-10-25,
2010-10-26,
2010-10-27,
2010-10-28,
2010-10-29,
2010-11-01,
2010-11-02,
2010-11-03,
2010-11-04,
2010-11-05,
2010-11-08,
2010-11-09,
2010-11-10,
2010-11-11,
2010-11-12,
2010-11-15,
2010-11-16,
2010-11-17,
2010-11-18,
2010-11-19,
2010-11-22,
2010-11-23,
2010-11-24,
2010-11-26,
2010-11-29,
2010-11-30,
2010-12-01,
2010-12-02,
2010-12-03,
2010-12-06,
2010-12-07,
2010-12-08,
2010-12-09,
2010-12-10,
2010-12-13,
2010-12-14,
2010-12-15,
2010-12-16,
2010-12-17,
2010-12-20,
2010-12-21,
2010-12-22,
2010-12-23,
2010-12-27,
2010-12-28,
2010-12-29,
2010-12-30,
2010-12-31,
2011-01-03,
2011-01-04,
2011-01-05,
2011-01-06,
2011-01-07,
2011-01-10,
2011-01-11,
2011-01-12,
2011-01-13,
2011-01-14,
2011-01-18,
2011-01-19,
2011-01-20,
2011-01-21,
2011-01-24,
2011-01-25,
2011-01-26,
2011-01-27,
2011-01-28,
2011-01-31,
2011-02-01,
2011-02-02,
2011-02-03,
2011-02-04,
2011-02-07,
2011-02-08,
2011-02-09,
2011-02-10,
2011-02-11,
2011-02-14,
2011-02-15,
2011-02-16,
2011-02-17,
2011-02-18,
2011-02-22,
2011-02-23,
2011-02-24,
2011-02-25,
2011-02-28,
2011-03-01,
2011-03-02,
2011-03-03,
2011-03-04,
2011-03-07,
2011-03-08,
2011-03-09,
2011-03-10,
2011-03-11,
2011-03-14,
2011-03-15,
2011-03-16,
2011-03-17,
2011-03-18,
2011-03-21,
2011-03-22,
2011-03-23,
2011-03-24,
2011-03-25,
2011-03-28,
2011-03-29,
2011-03-30,
2011-03-31,
2011-04-01,
2011-04-04,
2011-04-05,
2011-04-06,
2011-04-07,
2011-04-08,
2011-04-11,
2011-04-12,
2011-04-13,
2011-04-14,
2011-04-15,
2011-04-18,
2011-04-19,
2011-04-20,
2011-04-21,
2011-04-25,
2011-04-26,
2011-04-27,
2011-04-28,
2011-04-29,
2011-05-02,
2011-05-03,
2011-05-04,
2011-05-05,
2011-05-06,
2011-05-09,
2011-05-10,
2011-05-11,
2011-05-12,
2011-05-13,
2011-05-16,
2011-05-17,
2011-05-18,
2011-05-19,
2011-05-20,
2011-05-23,
2011-05-24,
2011-05-25,
2011-05-26,
2011-05-27,
2011-05-31,
2011-06-01,
2011-06-02,
2011-06-03,
2011-06-06,
2011-06-07,
2011-06-08,
2011-06-09,
2011-06-10,
2011-06-13,
2011-06-14,
2011-06-15,
2011-06-16,
2011-06-17,
2011-06-20,
2011-06-21,
2011-06-22,
2011-06-23,
2011-06-24,
2011-06-27,
2011-06-28,
2011-06-29,
2011-06-30,
2011-07-01,
2011-07-05,
2011-07-06,
2011-07-07,
2011-07-08,
2011-07-11,
2011-07-12,
2011-07-13,
2011-07-14,
2011-07-15,
2011-07-18,
2011-07-19,
2011-07-20,
2011-07-21,
2011-07-22,
2011-07-25,
2011-07-26,
2011-07-27,
2011-07-28,
2011-07-29,
2011-08-01,
2011-08-02,
2011-08-03,
2011-08-04,
2011-08-05,
2011-08-08,
2011-08-09,
2011-08-10,
2011-08-11,
2011-08-12,
2011-08-15,
2011-08-16,
2011-08-17,
2011-08-18,
2011-08-19,
2011-08-22,
2011-08-23,
2011-08-24,
2011-08-25,
2011-08-26,
2011-08-29,
2011-08-30,
2011-08-31,
2011-09-01,
2011-09-02,
2011-09-06,
2011-09-07,
2011-09-08,
2011-09-09,
2011-09-12,
2011-09-13,
2011-09-14,
2011-09-15,
2011-09-16,
2011-09-19,
2011-09-20,
2011-09-21,
2011-09-22,
2011-09-23,
2011-09-26,
2011-09-27,
2011-09-28,
2011-09-29,
2011-09-30,
2011-10-03,
2011-10-04,
2011-10-05,
2011-10-06,
2011-10-07,
2011-10-10,
2011-10-11,
2011-10-12,
2011-10-13,
2011-10-14,
2011-10-17,
2011-10-18,
2011-10-19,
2011-10-20,
2011-10-21,
2011-10-24,
2011-10-25,
2011-10-26,
2011-10-27,
2011-10-28,
2011-10-31,
2011-11-01,
2011-11-02,
2011-11-03,
2011-11-04,
2011-11-07,
2011-11-08,
2011-11-09,
2011-11-10,
2011-11-11,
2011-11-14,
2011-11-15,
2011-11-16,
2011-11-17,
2011-11-18,
2011-11-21,
2011-11-22,
2011-11-23,
2011-11-25,
2011-11-28,
2011-11-29,
2011-11-30,
2011-12-01,
2011-12-02,
2011-12-05,
2011-12-06,
2011-12-07,
2011-12-08,
2011-12-09,
2011-12-12,
2011-12-13,
2011-12-14,
2011-12-15,
2011-12-16,
2011-12-19,
2011-12-20,
2011-12-21,
2011-12-22,
2011-12-23,
2011-12-27,
2011-12-28,
2011-12-29,
2011-12-30,
2012-01-03,
2012-01-04,
2012-01-05,
2012-01-06,
2012-01-09,
2012-01-10,
2012-01-11,
2012-01-12,
2012-01-13,
2012-01-17,
2012-01-18,
2012-01-19,
2012-01-20,
2012-01-23,
2012-01-24,
2012-01-25,
2012-01-26,
2012-01-27,
2012-01-30,
2012-01-31,
2012-02-01,
2012-02-02,
2012-02-03,
2012-02-06,
2012-02-07,
2012-02-08,
2012-02-09,
2012-02-10,
2012-02-13,
2012-02-14,
2012-02-15,
2012-02-16,
2012-02-17,
2012-02-21,
2012-02-22,
2012-02-23,
2012-02-24,
2012-02-27,
2012-02-28,
2012-02-29,
2012-03-01,
2012-03-02,
2012-03-05,
2012-03-06,
2012-03-07,
2012-03-08,
2012-03-09,
2012-03-12,
2012-03-13,
2012-03-14,
2012-03-15,
2012-03-16,
2012-03-19,
2012-03-20,
2012-03-21,
2012-03-22,
2012-03-23,
2012-03-26,
2012-03-27,
2012-03-28,
2012-03-29,
2012-03-30,
2012-04-02,
2012-04-03,
2012-04-04,
2012-04-05,
2012-04-09,
2012-04-10,
2012-04-11,
2012-04-12,
2012-04-13,
2012-04-16,
2012-04-17,
2012-04-18,
2012-04-19,
2012-04-20,
2012-04-23,
2012-04-24,
2012-04-25,
2012-04-26,
2012-04-27,
2012-04-30,
2012-05-01,
2012-05-02,
2012-05-03,
2012-05-04,
2012-05-07,
2012-05-08,
2012-05-09,
2012-05-10,
2012-05-11,
2012-05-14,
2012-05-15,
2012-05-16,
2012-05-17,
2012-05-18,
2012-05-21,
2012-05-22,
2012-05-23,
2012-05-24,
2012-05-25,
2012-05-29,
2012-05-30,
2012-05-31,
2012-06-01,
2012-06-04,
2012-06-05,
2012-06-06,
2012-06-07,
2012-06-08,
2012-06-11,
2012-06-12,
2012-06-13,
2012-06-14,
2012-06-15,
2012-06-18,
2012-06-19,
2012-06-20,
2012-06-21,
2012-06-22,
2012-06-25,
2012-06-26,
2012-06-27,
2012-06-28,
2012-06-29,
2012-07-02,
2012-07-03,
2012-07-05,
2012-07-06,
2012-07-09,
2012-07-10,
2012-07-11,
2012-07-12,
2012-07-13,
2012-07-16,
2012-07-17,
2012-07-18,
2012-07-19,
2012-07-20,
2012-07-23,
2012-07-24,
2012-07-25,
2012-07-26,
2012-07-27,
2012-07-30,
2012-07-31,
2012-08-01,
2012-08-02,
2012-08-03,
2012-08-06,
2012-08-07,
2012-08-08,
2012-08-09,
2012-08-10,
2012-08-13,
2012-08-14,
2012-08-15,
2012-08-16,
2012-08-17,
2012-08-20,
2012-08-21,
2012-08-22,
2012-08-23,
2012-08-24,
2012-08-27,
2012-08-28,
2012-08-29,
2012-08-30,
2012-08-31,
2012-09-04,
2012-09-05,
2012-09-06,
2012-09-07,
2012-09-10,
2012-09-11,
2012-09-12,
2012-09-13,
2012-09-14,
2012-09-17,
2012-09-18,
2012-09-19,
2012-09-20,
2012-09-21,
2012-09-24,
2012-09-25,
2012-09-26,
2012-09-27,
2012-09-28,
2012-10-01,
2012-10-02,
2012-10-03,
2012-10-04,
2012-10-05,
2012-10-08,
2012-10-09,
2012-10-10,
2012-10-11,
2012-10-12,
2012-10-15,
2012-10-16,
2012-10-17,
2012-10-18,
2012-10-19,
2012-10-22,
2012-10-23,
2012-10-24,
2012-10-25,
2012-10-26,
2012-10-31,
2012-11-01,
2012-11-02,
2012-11-05,
2012-11-06,
2012-11-07,
2012-11-08,
2012-11-09,
2012-11-12,
2012-11-13,
2012-11-14,
2012-11-15,
2012-11-16,
2012-11-19,
2012-11-20,
2012-11-21,
2012-11-23,
2012-11-26,
2012-11-27,
2012-11-28,
2012-11-29,
2012-11-30,
2012-12-03,
2012-12-04,
2012-12-05,
2012-12-06,
2012-12-07,
2012-12-10,
2012-12-11,
2012-12-12,
2012-12-13,
2012-12-14,
2012-12-17,
2012-12-18,
2012-12-19,
2012-12-20,
2012-12-21,
2012-12-24,
2012-12-26,
2012-12-27,
2012-12-28,
2012-12-31,
2013-01-02,
2013-01-03,
2013-01-04,
2013-01-07,
2013-01-08,
2013-01-09,
2013-01-10,
2013-01-11,
2013-01-14,
2013-01-15,
2013-01-16,
2013-01-17,
2013-01-18,
2013-01-22,
2013-01-23,
2013-01-24,
2013-01-25,
2013-01-28,
2013-01-29,
2013-01-30,
2013-01-31,
2013-02-01,
2013-02-04,
2013-02-05,
2013-02-06,
2013-02-07,
2013-02-08,
2013-02-11,
2013-02-12,
2013-02-13,
2013-02-14,
2013-02-15,
2013-02-19,
2013-02-20,
2013-02-21,
2013-02-22,
2013-02-25,
2013-02-26,
2013-02-27,
2013-02-28,
2013-03-01,
2013-03-04,
2013-03-05,
2013-03-06,
2013-03-07,
2013-03-08,
2013-03-11,
2013-03-12,
2013-03-13,
2013-03-14,
2013-03-15,
2013-03-18,
2013-03-19,
2013-03-20,
2013-03-21,
2013-03-22,
2013-03-25,
2013-03-26,
2013-03-27,
2013-03-28,
2013-04-01,
2013-04-02,
2013-04-03,
2013-04-04,
2013-04-05,
2013-04-08,
2013-04-09,
2013-04-10,
2013-04-11,
2013-04-12,
2013-04-15,
2013-04-16,
2013-04-17,
2013-04-18,
2013-04-19,
2013-04-22,
2013-04-23,
2013-04-24,
2013-04-25,
2013-04-26,
2013-04-29,
2013-04-30,
2013-05-01,
2013-05-02,
2013-05-03,
2013-05-06,
2013-05-07,
2013-05-08,
2013-05-09,
2013-05-10,
2013-05-13,
2013-05-14,
2013-05-15,
2013-05-16,
2013-05-17,
2013-05-20,
2013-05-21,
2013-05-22,
2013-05-23,
2013-05-24,
2013-05-28,
2013-05-29,
2013-05-30,
2013-05-31,
2013-06-03,
2013-06-04,
2013-06-05,
2013-06-06,
2013-06-07,
2013-06-10,
2013-06-11,
2013-06-12,
2013-06-13,
2013-06-14,
2013-06-17,
2013-06-18,
2013-06-19,
2013-06-20,
2013-06-21,
2013-06-24,
2013-06-25,
2013-06-26,
2013-06-27,
2013-06-28,
2013-07-01,
2013-07-02,
2013-07-03,
2013-07-05,
2013-07-08,
2013-07-09,
2013-07-10,
2013-07-11,
2013-07-12,
2013-07-15,
2013-07-16,
2013-07-17,
2013-07-18,
2013-07-19,
2013-07-22,
2013-07-23,
2013-07-24,
2013-07-25,
2013-07-26,
2013-07-29,
2013-07-30,
2013-07-31,
2013-08-01,
2013-08-02,
2013-08-05,
2013-08-06,
2013-08-07,
2013-08-08,
2013-08-09,
2013-08-12,
2013-08-13,
2013-08-14,
2013-08-15,
2013-08-16,
2013-08-19,
2013-08-20,
2013-08-21,
2013-08-22,
2013-08-23,
2013-08-26,
2013-08-27,
2013-08-28,
2013-08-29,
2013-08-30,
2013-09-03,
2013-09-04,
2013-09-05,
2013-09-06,
2013-09-09,
2013-09-10,
2013-09-11,
2013-09-12,
2013-09-13,
2013-09-16,
2013-09-17,
2013-09-18,
2013-09-19,
2013-09-20,
2013-09-23,
2013-09-24,
2013-09-25,
2013-09-26,
2013-09-27,
2013-09-30,
2013-10-01,
2013-10-02,
2013-10-03,
2013-10-04,
2013-10-07,
2013-10-08,
2013-10-09,
2013-10-10,
2013-10-11,
2013-10-14,
2013-10-15,
2013-10-16,
2013-10-17,
2013-10-18,
2013-10-21,
2013-10-22,
2013-10-23,
2013-10-24,
2013-10-25,
2013-10-28,
2013-10-29,
2013-10-30,
2013-10-31,
2013-11-01,
2013-11-04,
2013-11-05,
2013-11-06,
2013-11-07,
2013-11-08,
2013-11-11,
2013-11-12,
2013-11-13,
2013-11-14,
2013-11-15,
2013-11-18,
2013-11-19,
2013-11-20,
2013-11-21,
2013-11-22,
2013-11-25,
2013-11-26,
2013-11-27,
2013-11-29,
2013-12-02,
2013-12-03,
2013-12-04,
2013-12-05,
2013-12-06,
2013-12-09,
2013-12-10,
2013-12-11,
2013-12-12,
2013-12-13,
2013-12-16,
2013-12-17,
2013-12-18,
2013-12-19,
2013-12-20,
2013-12-23,
2013-12-24,
2013-12-26,
2013-12-27,
2013-12-30,
2013-12-31,
2014-01-02,
2014-01-03,
2014-01-06,
2014-01-07,
2014-01-08,
2014-01-09,
2014-01-10,
2014-01-13,
2014-01-14,
2014-01-15,
2014-01-16,
2014-01-17,
2014-01-21,
2014-01-22,
2014-01-23,
2014-01-24,
2014-01-27,
2014-01-28,
2014-01-29,
2014-01-30,
2014-01-31,
2014-02-03,
2014-02-04,
2014-02-05,
2014-02-06,
2014-02-07,
2014-02-10,
2014-02-11,
2014-02-12,
2014-02-13,
2014-02-14,
2014-02-18,
2014-02-19,
2014-02-20,
2014-02-21,
2014-02-24,
2014-02-25,
2014-02-26,
2014-02-27,
2014-02-28,
2014-03-03,
2014-03-04,
2014-03-05,
2014-03-06,
2014-03-07,
2014-03-10,
2014-03-11,
2014-03-12,
2014-03-13,
2014-03-14,
2014-03-17,
2014-03-18,
2014-03-19,
2014-03-20,
2014-03-21,
2014-03-24,
2014-03-25,
2014-03-26,
2014-03-27,
2014-03-28,
2014-03-31,
2014-04-01,
2014-04-02,
2014-04-03,
2014-04-04,
2014-04-07,
2014-04-08,
2014-04-09,
2014-04-10,
2014-04-11,
2014-04-14,
2014-04-15,
2014-04-16,
2014-04-17,
2014-04-21,
2014-04-22,
2014-04-23,
2014-04-24,
2014-04-25,
2014-04-28,
2014-04-29,
2014-04-30,
2014-05-01,
2014-05-02,
2014-05-05,
2014-05-06,
2014-05-07,
2014-05-08,
2014-05-09,
2014-05-12,
2014-05-13,
2014-05-14,
2014-05-15,
2014-05-16,
2014-05-19,
2014-05-20,
2014-05-21,
2014-05-22,
2014-05-23,
2014-05-27,
2014-05-28,
2014-05-29,
2014-05-30,
2014-06-02,
2014-06-03,
2014-06-04,
2014-06-05,
2014-06-06,
2014-06-09,
2014-06-10,
2014-06-11,
2014-06-12,
2014-06-13,
2014-06-16,
2014-06-17,
2014-06-18,
2014-06-19,
2014-06-20,
2014-06-23,
2014-06-24,
2014-06-25,
2014-06-26,
2014-06-27,
2014-06-30,
2014-07-01,
2014-07-02,
2014-07-03,
2014-07-07,
2014-07-08,
2014-07-09,
2014-07-10,
2014-07-11,
2014-07-14,
2014-07-15,
2014-07-16,
2014-07-17,
2014-07-18,
2014-07-21,
2014-07-22,
2014-07-23,
2014-07-24,
2014-07-25,
2014-07-28,
2014-07-29,
2014-07-30,
2014-07-31,
2014-08-01,
2014-08-04,
2014-08-05,
2014-08-06,
2014-08-07,
2014-08-08,
2014-08-11,
2014-08-12,
2014-08-13,
2014-08-14,
2014-08-15,
2014-08-18,
2014-08-19,
2014-08-20,
2014-08-21,
2014-08-22,
2014-08-25,
2014-08-26,
2014-08-27,
2014-08-28,
2014-08-29,
2014-09-02,
2014-09-03,
2014-09-04,
2014-09-05,
2014-09-08,
2014-09-09,
2014-09-10,
2014-09-11,
2014-09-12,
2014-09-15,
2014-09-16,
2014-09-17,
2014-09-18,
2014-09-19,
2014-09-22,
2014-09-23,
2014-09-24,
2014-09-25,
2014-09-26,
2014-09-29,
2014-09-30,
2014-10-01,
2014-10-02,
2014-10-03,
2014-10-06,
2014-10-07,
2014-10-08,
2014-10-09,
2014-10-10,
2014-10-13,
2014-10-14,
2014-10-15,
2014-10-16,
2014-10-17,
2014-10-20,
2014-10-21,
2014-10-22,
2014-10-23,
2014-10-24,
2014-10-27,
2014-10-28,
2014-10-29,
2014-10-30,
2014-10-31,
2014-11-03,
2014-11-04,
2014-11-05,
2014-11-06,
2014-11-07,
2014-11-10,
2014-11-11,
2014-11-12,
2014-11-13,
2014-11-14,
2014-11-17,
2014-11-18,
2014-11-19,
2014-11-20,
2014-11-21,
2014-11-24,
2014-11-25,
2014-11-26,
2014-11-28,
2014-12-01,
2014-12-02,
2014-12-03,
2014-12-04,
2014-12-05,
2014-12-08,
2014-12-09,
2014-12-10,
2014-12-11,
2014-12-12,
2014-12-15,
2014-12-16,
2014-12-17,
2014-12-18,
2014-12-19,
2014-12-22,
2014-12-23,
2014-12-24,
2014-12-26,
2014-12-29,
2014-12-30,
2014-12-31,
2015-01-02,
2015-01-05,
2015-01-06,
2015-01-07,
2015-01-08,
2015-01-09,
2015-01-12,
2015-01-13,
2015-01-14,
2015-01-15,
2015-01-16,
2015-01-20,
2015-01-21,
2015-01-22,
2015-01-23,
2015-01-26,
2015-01-27,
2015-01-28,
2015-01-29,
2015-01-30,
2015-02-02,
2015-02-03,
2015-02-04,
2015-02-05,
2015-02-06,
2015-02-09,
2015-02-10,
2015-02-11,
2015-02-12,
2015-02-13,
2015-02-17,
2015-02-18,
2015-02-19,
2015-02-20,
2015-02-23,
2015-02-24,
2015-02-25,
2015-02-26,
2015-02-27,
2015-03-02,
2015-03-03,
2015-03-04,
2015-03-05,
2015-03-06,
2015-03-09,
2015-03-10,
2015-03-11,
2015-03-12,
2015-03-13,
2015-03-16,
2015-03-17,
2015-03-18,
2015-03-19,
2015-03-20,
2015-03-23,
2015-03-24,
2015-03-25,
2015-03-26,
2015-03-27,
2015-03-30,
2015-03-31,
2015-04-01,
2015-04-02,
2015-04-06,
2015-04-07,
2015-04-08,
2015-04-09,
2015-04-10,
2015-04-13,
2015-04-14,
2015-04-15,
2015-04-16,
2015-04-17,
2015-04-20,
2015-04-21,
2015-04-22,
2015-04-23,
2015-04-24,
2015-04-27,
2015-04-28,
2015-04-29,
2015-04-30,
2015-05-01,
2015-05-04,
2015-05-05,
2015-05-06,
2015-05-07,
2015-05-08,
2015-05-11,
2015-05-12,
2015-05-13,
2015-05-14,
2015-05-15,
2015-05-18,
2015-05-19,
2015-05-20,
2015-05-21,
2015-05-22,
2015-05-26,
2015-05-27,
2015-05-28,
2015-05-29,
2015-06-01,
2015-06-02,
2015-06-03,
2015-06-04,
2015-06-05,
2015-06-08,
2015-06-09,
2015-06-10,
2015-06-11,
2015-06-12,
2015-06-15,
2015-06-16,
2015-06-17,
2015-06-18,
2015-06-19,
2015-06-22,
2015-06-23,
2015-06-24,
2015-06-25,
2015-06-26,
2015-06-29,
2015-06-30,
2015-07-01,
2015-07-02,
2015-07-06,
2015-07-07,
2015-07-08,
2015-07-09,
2015-07-10,
2015-07-13,
2015-07-14,
2015-07-15,
2015-07-16,
2015-07-17,
2015-07-20,
2015-07-21,
2015-07-22,
2015-07-23,
2015-07-24,
2015-07-27,
2015-07-28,
2015-07-29,
2015-07-30,
2015-07-31,
2015-08-03,
2015-08-04,
2015-08-05,
2015-08-06,
2015-08-07,
2015-08-10,
2015-08-11,
2015-08-12,
2015-08-13,
2015-08-14,
2015-08-17,
2015-08-18,
2015-08-19,
2015-08-20,
2015-08-21,
2015-08-24,
2015-08-25,
2015-08-26,
2015-08-27,
2015-08-28,
2015-08-31,
2015-09-01,
2015-09-02,
2015-09-03,
2015-09-04,
2015-09-08,
2015-09-09,
2015-09-10,
2015-09-11,
2015-09-14,
2015-09-15,
2015-09-16,
2015-09-17,
2015-09-18,
2015-09-21,
2015-09-22,
2015-09-23,
2015-09-24,
2015-09-25,
2015-09-28,
2015-09-29,
2015-09-30,
2015-10-01,
2015-10-02,
2015-10-05,
2015-10-06,
2015-10-07,
2015-10-08,
2015-10-09,
2015-10-12,
2015-10-13,
2015-10-14,
2015-10-15,
2015-10-16,
2015-10-19,7.316448211669922
2015-10-20,7.457913875579834
2015-10-21,7.285502910614014
2015-10-22,7.493282794952393
2015-10-23,7.515385627746582
2015-10-26,7.258979797363281
2015-10-27,6.953941822052002
2015-10-28,7.19708776473999
2015-10-29,7.051201820373535
2015-10-30,6.50744104385376
2015-11-02,6.40576171875
2015-11-03,6.348291873931885
2015-11-04,6.038834571838379
2015-11-05,5.870842933654785
2015-11-06,6.365973949432373
2015-11-09,6.277559280395508
2015-11-10,6.370396137237549
2015-11-11,6.2377729415893555
2015-11-12,6.056516170501709
2015-11-13,5.919471740722656
2015-11-16,5.915050506591797
2015-11-17,5.844318389892578
2015-11-18,6.029993057250977
2015-11-19,6.091884136199951
2015-11-20,6.281980037689209
2015-11-23,6.122830390930176
2015-11-24,6.052099227905273
2015-11-25,6.24219274520874
2015-11-27,6.343869209289551
2015-11-30,6.569333553314209
2015-12-01,6.9008917808532715
2015-12-02,6.609119892120361
2015-12-03,6.463232517242432
2015-12-04,6.728482246398926
2015-12-07,6.854933261871338
2015-12-08,6.730700492858887
2015-12-09,6.588720321655273
2015-12-10,6.531041622161865
2015-12-11,6.291451454162598
2015-12-14,6.4068098068237305
2015-12-15,6.4600510597229
2015-12-16,6.522167682647705
2015-12-17,6.349130630493164
2015-12-18,6.2825775146484375
2015-12-21,6.220460891723633
2015-12-22,6.238208770751953
2015-12-23,6.6153411865234375
2015-12-24,6.664148807525635
2015-12-28,6.757320404052734
2015-12-29,6.7440104484558105
2015-12-30,6.779504299163818
2015-12-31,6.7440104484558105
2016-01-04,6.712952136993408
2016-01-05,6.66858434677124
2016-01-06,6.566534519195557
2016-01-07,6.082918643951416
2016-01-08,6.00749397277832
2016-01-11,5.883261203765869
2016-01-12,5.883261203765869
2016-01-13,5.656982421875
2016-01-14,5.767903804779053
2016-01-15,5.563809871673584
2016-01-19,5.4661970138549805
2016-01-20,5.350840091705322
2016-01-21,5.506128787994385
2016-01-22,5.923192501068115
2016-01-25,5.918756008148193
2016-01-26,6.034115791320801
2016-01-27,5.9409403800964355
2016-01-28,5.852203369140625
2016-01-29,6.1051025390625
2016-02-01,6.118413925170898
2016-02-02,5.967561721801758
2016-02-03,5.932066440582275
2016-02-04,6.145035743713379
2016-02-05,5.856640815734863
2016-02-08,5.5504984855651855
2016-02-09,5.643671989440918
2016-02-10,5.705787181854248
2016-02-11,5.501692295074463
2016-02-12,5.452887058258057
2016-02-16,5.470633029937744
2016-02-17,5.776777267456055
2016-02-18,6.003058433532715
2016-02-19,6.0651726722717285
2016-02-22,6.1228508949279785
2016-02-23,5.807834148406982
2016-02-24,6.003058433532715
2016-02-25,6.069608688354492
2016-02-26,5.963125228881836
2016-02-29,5.887698650360107
2016-03-01,5.892135143280029
2016-03-02,6.167220115661621
2016-03-03,6.034115791320801
2016-03-04,6.850493907928467
2016-03-07,7.110977649688721
2016-03-08,6.7814764976501465
2016-03-09,6.897248268127441
2016-03-10,7.079808235168457
2016-03-11,7.271274566650391
2016-03-14,7.30689811706543
2016-03-15,7.467196464538574
2016-03-16,7.654208183288574
2016-03-17,7.640852451324463
2016-03-18,7.716545581817627
2016-03-21,7.885748863220215
2016-03-22,7.796694278717041
2016-03-23,7.77443265914917
2016-03-24,7.823409080505371
2016-03-28,7.796694278717041
2016-03-29,7.859033107757568
2016-03-30,7.96589994430542
2016-03-31,7.894655704498291
2016-04-01,8.192987442016602
2016-04-04,8.03268814086914
2016-04-05,7.841219425201416
2016-04-06,7.997068405151367
2016-04-07,7.899104595184326
2016-04-08,7.96589994430542
2016-04-11,7.894655704498291
2016-04-12,7.67647123336792
2016-04-13,7.79224157333374
2016-04-14,7.6853766441345215
2016-04-15,7.747717380523682
2016-04-18,7.765528202056885
2016-04-19,7.67647123336792
2016-04-20,7.747717380523682
2016-04-21,7.77443265914917
2016-04-22,7.787789344787598
2016-04-25,7.663116931915283
2016-04-26,7.72990608215332
2016-04-27,7.707639694213867
2016-04-28,7.582964897155762
2016-04-29,7.41821813583374
2016-05-02,7.3024468421936035
2016-05-03,7.093169689178467
2016-05-04,7.093169689178467
2016-05-05,6.999659538269043
2016-05-06,7.026373863220215
2016-05-09,7.06199836730957
2016-05-10,7.075355052947998
2016-05-11,7.133241176605225
2016-05-12,7.079808235168457
2016-05-13,7.021923065185547
2016-05-16,7.106525421142578
2016-05-17,7.044188976287842
2016-05-18,6.977395534515381
2016-05-19,7.026373863220215
2016-05-20,7.0664520263671875
2016-05-23,7.155502796173096
2016-05-24,7.235653877258301
2016-05-25,7.72545051574707
2016-05-26,7.743263244628906
2016-05-27,8.130647659301758
2016-05-31,8.224154472351074
2016-06-01,8.144004821777344
2016-06-02,8.237513542175293
2016-06-03,8.170722007751465
2016-06-06,8.440919876098633
2016-06-07,8.557039260864258
2016-06-08,8.641895294189453
2016-06-09,8.731216430664062
2016-06-10,8.539175987243652
2016-06-13,8.306939125061035
2016-06-14,8.177421569824219
2016-06-15,8.396261215209961
2016-06-16,8.333733558654785
2016-06-17,8.458786964416504
2016-06-20,8.655292510986328
2016-06-21,8.825006484985352
2016-06-22,8.579371452331543
2016-06-23,8.775880813598633
2016-06-24,8.110429763793945
2016-06-27,7.68168830871582
2016-06-28,7.7710065841674805
2016-06-29,7.940718173980713
2016-06-30,8.159558296203613
2016-07-01,8.257811546325684
2016-07-05,8.128296852111816
2016-07-06,8.217615127563477
2016-07-07,8.248878479003906
2016-07-08,8.503449440002441
2016-07-11,8.637430191040039
2016-07-12,8.793743133544922
2016-07-13,8.708889961242676
2016-07-14,8.927726745605469
2016-07-15,8.829472541809082
2016-07-18,8.838401794433594
2016-07-19,8.838401794433594
2016-07-20,8.958988189697266
2016-07-21,8.820540428161621
2016-07-22,8.954521179199219
2016-07-25,9.025981903076172
2016-07-26,9.133164405822754
2016-07-27,9.088504791259766
2016-07-28,9.070639610290527
2016-07-29,9.387736320495605
2016-08-01,9.414525985717773
2016-08-02,9.276080131530762
2016-08-03,9.606572151184082
2016-08-04,9.718225479125977
2016-08-05,9.785216331481934
2016-08-08,9.669097900390625
2016-08-09,9.691429138183594
2016-08-10,9.624434471130371
2016-08-11,9.727156639099121
2016-08-12,9.776285171508789
2016-08-15,9.829876899719238
2016-08-16,9.854440689086914
2016-08-17,9.664632797241211
2016-08-18,9.762885093688965
2016-08-19,9.771815299987793
2016-08-22,9.798615455627441
2016-08-23,9.794148445129395
2016-08-24,9.68696117401123
2016-08-25,9.753954887390137
2016-08-26,9.727156639099121
2016-08-29,9.753954887390137
2016-08-30,9.637834548950195
2016-08-31,9.593174934387207
2016-09-01,9.896868705749512
2016-09-02,9.919196128845215
2016-09-06,9.762885093688965
2016-09-07,9.865606307983398
2016-09-08,9.548511505126953
2016-09-09,9.343073844909668
2016-09-12,9.508315086364746
2016-09-13,9.450258255004883
2016-09-14,9.539583206176758
2016-09-15,9.883469581604004
2016-09-16,9.941529273986816
2016-09-19,10.129105567932129
2016-09-20,10.102310180664062
2016-09-21,10.325611114501953
2016-09-22,10.379204750061035
2016-09-23,10.26308822631836
2016-09-26,10.178232192993164
2016-09-27,10.236292839050293
2016-09-28,10.289884567260742
2016-09-29,10.227361679077148
2016-09-30,10.160369873046875
2016-10-03,10.115704536437988
2016-10-04,9.99958610534668
2016-10-05,10.182701110839844
2016-10-06,10.129105567932129
2016-10-07,10.001509666442871
2016-10-10,10.073143005371094
2016-10-11,9.840343475341797
2016-10-12,9.849297523498535
2016-10-13,9.741847038269043
2016-10-14,9.638875007629395
2016-10-17,9.522478103637695
2016-10-18,9.612017631530762
2016-10-19,9.728419303894043
2016-10-20,9.795571327209473
2016-10-21,9.683645248413086
2016-10-24,9.706036567687988
2016-10-25,9.670215606689453
2016-10-26,9.759756088256836
2016-10-27,9.934355735778809
2016-10-28,9.925403594970703
2016-10-31,10.059711456298828
2016-11-01,9.885111808776855
2016-11-02,9.85824966430664
2016-11-03,9.759756088256836
2016-11-04,9.867205619812012
2016-11-07,10.34623908996582
2016-11-08,10.404435157775879
2016-11-09,10.399962425231934
2016-11-10,10.328328132629395
2016-11-11,10.435775756835938
2016-11-14,10.453682899475098
2016-11-15,10.480545043945312
2016-11-16,10.534269332885742
2016-11-17,10.565608978271484
2016-11-18,10.435775756835938
2016-11-21,10.350714683532715
2016-11-22,10.238787651062012
2016-11-23,10.543219566345215
2016-11-25,10.395483016967773
2016-11-28,10.449207305908203
2016-11-29,10.628286361694336
2016-11-30,10.655147552490234
2016-12-01,10.462639808654785
2016-12-02,10.677530288696289
2016-12-05,10.838700294494629
2016-12-06,10.726778984069824
2016-12-07,11.049118041992188
2016-12-08,11.031210899353027
2016-12-09,10.97301197052002
2016-12-12,10.728367805480957
2016-12-13,10.741833686828613
2016-12-14,10.737346649169922
2016-12-15,10.652058601379395
2016-12-16,10.544322967529297
2016-12-19,10.652058601379395
2016-12-20,10.701433181762695
2016-12-21,10.72387981414795
2016-12-22,10.665521621704102
2016-12-23,10.692456245422363
2016-12-27,10.656546592712402
2016-12-28,10.459035873413086
2016-12-29,10.476991653442383
2016-12-30,10.387213706970215
2017-01-03,10.414149284362793
2017-01-04,10.526369094848633
2017-01-05,10.5757474899292
2017-01-06,10.369258880615234
2017-01-09,10.126860618591309
2017-01-10,10.30192756652832
2017-01-11,10.216636657714844
2017-01-12,10.212149620056152
2017-01-13,10.29743766784668
2017-01-17,10.185214042663574
2017-01-18,10.261528968811035
2017-01-19,10.221123695373535
2017-01-20,10.27050495147705
2017-01-23,10.13134765625
2017-01-24,10.274993896484375
2017-01-25,10.315394401550293
2017-01-26,10.153791427612305
2017-01-27,10.122374534606934
2017-01-30,9.942816734313965
2017-01-31,10.180726051330566
2017-02-01,10.140329360961914
2017-02-02,10.185214042663574
2017-02-03,10.54881477355957
2017-02-06,10.566768646240234
2017-02-07,10.634103775024414
2017-02-08,10.607171058654785
2017-02-09,10.809165954589844
2017-02-10,10.768770217895508
2017-02-13,10.82712459564209
2017-02-14,10.836103439331055
2017-02-15,10.943831443786621
2017-02-16,10.921385765075684
2017-02-17,10.952812194824219
2017-02-21,11.069519996643066
2017-02-22,11.123388290405273
2017-02-23,11.069519996643066
2017-02-24,10.306414604187012
2017-02-27,10.014638900756836
2017-02-28,10.243569374084473
2017-03-01,10.405170440673828
2017-03-02,10.30192756652832
2017-03-03,10.346813201904297
2017-03-06,10.355790138244629
2017-03-07,10.243569374084473
2017-03-08,10.153791427612305
2017-03-09,10.086462020874023
2017-03-10,10.041574478149414
2017-03-13,10.04832649230957
2017-03-14,10.007808685302734
2017-03-15,10.214897155761719
2017-03-16,10.192387580871582
2017-03-17,10.286930084228516
2017-03-20,10.33194637298584
2017-03-21,10.016813278198242
2017-03-22,10.129361152648926
2017-03-23,10.264421463012695
2017-03-24,10.250913619995117
2017-03-27,10.228401184082031
2017-03-28,10.358962059020996
2017-03-29,10.656085014343262
2017-03-30,10.633577346801758
2017-03-31,10.669590950012207
2017-04-03,10.558140754699707
2017-04-04,10.756443977355957
2017-04-05,10.756443977355957
2017-04-06,10.828556060791016
2017-04-07,10.984792709350586
2017-04-10,10.996810913085938
2017-04-11,10.924703598022461
2017-04-12,10.84658145904541
2017-04-13,10.810527801513672
2017-04-17,10.882637023925781
2017-04-18,10.89465618133545
2017-04-19,10.912683486938477
2017-04-20,11.014841079711914
2017-04-21,10.900663375854492
2017-04-24,11.080939292907715
2017-04-25,11.129015922546387
2017-04-26,11.183096885681152
2017-04-27,11.195114135742188
2017-04-28,11.195114135742188
2017-05-01,11.255206108093262
2017-05-02,11.23717975616455
2017-05-03,11.219151496887207
2017-05-04,11.267226219177246
2017-05-05,11.315298080444336
2017-05-08,11.35135269165039
2017-05-09,11.28525447845459
2017-05-10,11.41745376586914
2017-05-11,11.333327293395996
2017-05-12,11.345343589782715
2017-05-15,11.411446571350098
2017-05-16,11.483553886413574
2017-05-17,11.297270774841309
2017-05-18,11.28525447845459
2017-05-19,11.135025024414062
2017-05-22,11.291260719299316
2017-05-23,11.333327293395996
2017-05-24,11.363371849060059
2017-05-25,11.321306228637695
2017-05-26,11.315298080444336
2017-05-30,11.327316284179688
2017-05-31,11.3032808303833
2017-06-01,10.528094291687012
2017-06-02,10.45598316192627
2017-06-05,10.31176471710205
2017-06-06,10.23364543914795
2017-06-07,10.239652633666992
2017-06-08,10.2456636428833
2017-06-09,10.209607124328613
2017-06-12,10.164368629455566
2017-06-13,10.182462692260742
2017-06-14,10.098012924194336
2017-06-15,9.965301513671875
2017-06-16,9.947205543518066
2017-06-19,10.085947036743164
2017-06-20,10.037688255310059
2017-06-21,9.995462417602539
2017-06-22,10.061816215515137
2017-06-23,10.164368629455566
2017-06-26,10.140236854553223
2017-06-27,9.953240394592285
2017-06-28,10.194528579711914
2017-06-29,10.043722152709961
2017-06-30,10.007525444030762
2017-07-03,10.055784225463867
2017-07-05,10.218655586242676
2017-07-06,9.941171646118164
2017-07-07,10.01959228515625
2017-07-10,10.098012924194336
2017-07-11,10.122139930725098
2017-07-12,10.128171920776367
2017-07-13,10.309141159057617
2017-07-14,10.369463920593262
2017-07-17,10.393593788146973
2017-07-18,10.34533405303955
2017-07-19,10.659012794494629
2017-07-20,10.79775619506836
2017-07-21,10.864110946655273
2017-07-24,10.761560440063477
2017-07-25,10.785687446594238
2017-07-26,10.622818946838379
2017-07-27,10.586624145507812
2017-07-28,10.562495231628418
2017-07-31,10.562495231628418
2017-08-01,10.586624145507812
2017-08-02,10.465980529785156
2017-08-03,10.42978572845459
2017-08-04,10.562495231628418
2017-08-07,10.634881019592285
2017-08-08,10.634881019592285
2017-08-09,10.640914916992188
2017-08-10,10.327239990234375
2017-08-11,10.43581771850586
2017-08-14,10.60472297668457
2017-08-15,10.707269668579102
2017-08-16,10.61678695678711
2017-08-17,10.43581771850586
2017-08-18,10.363431930541992
2017-08-21,10.441850662231445
2017-08-22,10.659012794494629
2017-08-23,10.683140754699707
2017-08-24,10.82791519165039
2017-08-25,10.82791519165039
2017-08-28,10.73139762878418
2017-08-29,10.80981731414795
2017-08-30,10.846013069152832
2017-08-31,10.894268035888672
2017-09-01,11.126869201660156
2017-09-05,10.916930198669434
2017-09-06,10.706986427307129
2017-09-07,10.302655220031738
2017-09-08,10.20157241821289
2017-09-11,10.380414962768555
2017-09-12,10.251485824584961
2017-09-13,10.337437629699707
2017-09-14,10.524967193603516
2017-09-15,10.564034461975098
2017-09-18,10.579658508300781
2017-09-19,10.5405912399292
2017-09-20,10.649985313415527
2017-09-21,10.774999618530273
2017-09-22,11.142239570617676
2017-09-25,11.486042022705078
2017-09-26,11.634499549865723
2017-09-27,11.60324764251709
2017-09-28,11.384464263916016
2017-09-29,11.493856430053711
2017-10-02,11.697009086608887
2017-10-03,11.478226661682129
2017-10-04,11.564175605773926
2017-10-05,11.58761978149414
2017-10-06,11.564175605773926
2017-10-09,11.564175605773926
2017-10-10,11.68919563293457
2017-10-11,11.673567771911621
2017-10-12,11.564175605773926
2017-10-13,11.634499549865723
2017-10-16,11.611059188842773
2017-10-17,11.415718078613281
2017-10-18,11.486042022705078
2017-10-19,10.829695701599121
2017-10-20,10.970343589782715
2017-10-23,11.13442611694336
2017-10-24,11.181309700012207
2017-10-25,11.001595497131348
2017-10-26,11.13442611694336
2017-10-27,11.157869338989258
2017-10-30,10.92345905303955
2017-10-31,10.876577377319336
2017-11-01,10.626542091369629
2017-11-02,10.649985313415527
2017-11-03,10.548407554626465
2017-11-06,10.649985313415527
2017-11-07,10.603099822998047
2017-11-08,10.579658508300781
2017-11-09,10.720304489135742
2017-11-10,10.704678535461426
2017-11-13,10.5327787399292
2017-11-14,10.368693351745605
2017-11-15,10.282740592956543
2017-11-16,10.368693351745605
2017-11-17,10.689051628112793
2017-11-20,11.009411811828613
2017-11-21,11.032849311828613
2017-11-22,10.235857009887695
2017-11-24,10.407758712768555
2017-11-27,10.524967193603516
2017-11-28,10.845322608947754
2017-11-29,10.91564655303955
2017-11-30,10.900019645690918
2017-12-01,11.282886505126953
2017-12-04,11.118802070617676
2017-12-05,11.001595497131348
2017-12-06,11.064103126525879
2017-12-07,11.110989570617676
2017-12-08,11.204750061035156
2017-12-11,11.392277717590332
2017-12-12,11.388348579406738
2017-12-13,11.246977806091309
2017-12-14,11.184144973754883
2017-12-15,11.31766414642334
2017-12-18,11.702512741088867
2017-12-19,11.62397289276123
2017-12-20,11.553285598754883
2017-12-21,11.561139106750488
2017-12-22,11.553285598754883
2017-12-26,11.5768461227417
2017-12-27,11.521868705749512
2017-12-28,11.474745750427246
2017-12-29,11.278395652770996
2018-01-02,11.474745750427246
2018-01-03,11.545430183410645
2018-01-04,11.82817554473877
2018-01-05,11.82032299041748
2018-01-08,11.639678955078125
2018-01-09,11.663243293762207
2018-01-10,11.930279731750488
2018-01-11,12.134485244750977
2018-01-12,12.417227745056152
2018-01-16,12.417227745056152
2018-01-17,12.62143325805664
2018-01-18,12.542896270751953
2018-01-19,12.629286766052246
2018-01-22,12.605724334716797
2018-01-23,13.092674255371094
2018-01-24,13.100528717041016
2018-01-25,12.943450927734375
2018-01-26,13.124090194702148
2018-01-29,13.328299522399902
2018-01-30,12.990572929382324
2018-01-31,12.880617141723633
2018-02-01,13.186927795410156
2018-02-02,13.076967239379883
2018-02-05,12.299419403076172
2018-02-06,12.35439682006836
2018-02-07,12.220877647399902
2018-02-08,11.812466621398926
2018-02-09,12.01667308807373
2018-02-12,12.370102882385254
2018-02-13,12.150193214416504
2018-02-14,12.6842679977417
2018-02-15,12.84134578704834
2018-02-16,12.87276554107666
2018-02-20,12.974869728088379
2018-02-21,12.762805938720703
2018-02-22,12.888474464416504
2018-02-23,14.247215270996094
2018-02-26,14.569236755371094
2018-02-27,14.781295776367188
2018-02-28,14.600647926330566
2018-03-01,14.451419830322266
2018-03-02,14.749879837036133
2018-03-05,14.906953811645508
2018-03-06,15.24467945098877
2018-03-07,15.040474891662598
2018-03-08,14.883398056030273
2018-03-09,15.048333168029785
2018-03-12,14.977645874023438
2018-03-13,14.886967658996582
2018-03-14,14.86331558227539
2018-03-15,14.847545623779297
2018-03-16,14.816001892089844
2018-03-19,14.745033264160156
2018-03-20,14.808121681213379
2018-03-21,14.75291633605957
2018-03-22,14.445405006408691
2018-03-23,13.901334762573242
2018-03-26,14.185197830200195
2018-03-27,13.84614372253418
2018-03-28,13.924991607666016
2018-03-29,13.830371856689453
2018-04-02,13.499198913574219
2018-04-03,13.514970779418945
2018-04-04,13.601706504821777
2018-04-05,13.56228256225586
2018-04-06,13.168027877807617
2018-04-09,13.254762649536133
2018-04-10,13.601706504821777
2018-04-11,13.593818664550781
2018-04-12,13.727869987487793
2018-04-13,13.719982147216797
2018-04-16,13.84614372253418
2018-04-17,13.995956420898438
2018-04-18,13.940763473510742
2018-04-19,13.727869987487793
2018-04-20,13.633244514465332
2018-04-23,13.735750198364258
2018-04-24,13.688438415527344
2018-04-25,13.649014472961426
2018-04-26,13.712092399597168
2018-04-27,13.680556297302246
2018-04-30,13.444003105163574
2018-05-01,13.5465087890625
2018-05-02,13.499198913574219
2018-05-03,13.325727462768555
2018-05-04,13.570161819458008
2018-05-07,13.641130447387695
2018-05-08,13.712092399597168
2018-05-09,13.877681732177734
2018-05-10,13.91710376739502
2018-05-11,13.93287467956543
2018-05-14,13.869796752929688
2018-05-15,13.719982147216797
2018-05-16,13.901334762573242
2018-05-17,13.93287467956543
2018-05-18,13.84614372253418
2018-05-21,13.80671501159668
2018-05-22,13.727869987487793
2018-05-23,12.284903526306152
2018-05-24,12.426834106445312
2018-05-25,12.237592697143555
2018-05-29,12.127202033996582
2018-05-30,12.277017593383789
2018-05-31,12.01680850982666
2018-06-01,12.245477676391602
2018-06-04,12.253360748291016
2018-06-05,12.663381576538086
2018-06-06,12.631844520568848
2018-06-07,12.55299186706543
2018-06-08,12.623960494995117
2018-06-11,12.631844520568848
2018-06-12,12.538935661315918
2018-06-13,12.538935661315918
2018-06-14,12.56275749206543
2018-06-15,12.665987968444824
2018-06-18,12.634223937988281
2018-06-19,12.626285552978516
2018-06-20,12.030702590942383
2018-06-21,12.24511432647705
2018-06-22,12.102173805236816
2018-06-25,11.967175483703613
2018-06-26,12.046586990356445
2018-06-27,11.689239501953125
2018-06-28,11.68129825592041
2018-06-29,11.601888656616211
2018-07-02,11.752767562866211
2018-07-03,11.7289457321167
2018-07-05,11.768651008605957
2018-07-06,11.895707130432129
2018-07-09,12.094233512878418
2018-07-10,12.308640480041504
2018-07-11,11.99100112915039
2018-07-12,12.221291542053223
2018-07-13,12.300700187683105
2018-07-16,12.419817924499512
2018-07-17,12.435696601867676
2018-07-18,12.650107383728027
2018-07-19,12.419817924499512
2018-07-20,12.284819602966309
2018-07-23,12.284819602966309
2018-07-24,12.149820327758789
2018-07-25,12.292757987976074
2018-07-26,12.459524154663086
2018-07-27,12.380110740661621
2018-07-30,12.268936157226562
2018-07-31,12.260995864868164
2018-08-01,12.268936157226562
2018-08-02,12.348348617553711
2018-08-03,12.689814567565918
2018-08-06,12.713637351989746
2018-08-07,12.808930397033691
2018-08-08,12.832754135131836
2018-08-09,12.793048858642578
2018-08-10,12.586578369140625
2018-08-13,12.435696601867676
2018-08-14,12.69775390625
2018-08-15,12.729517936706543
2018-08-16,12.92010498046875
2018-08-17,13.237747192382812
2018-08-20,13.277449607849121
2018-08-21,12.530991554260254
2018-08-22,12.56275749206543
2018-08-23,12.78510570526123
2018-08-24,12.864518165588379
2018-08-27,13.063042640686035
2018-08-28,13.293336868286133
2018-08-29,13.269510269165039
2018-08-30,13.33304214477539
2018-08-31,13.126570701599121
2018-09-04,13.237747192382812
2018-09-05,13.17422103881836
2018-09-06,13.118634223937988
2018-09-07,13.126570701599121
2018-09-10,13.031282424926758
2018-09-11,13.153617858886719
2018-09-12,13.113638877868652
2018-09-13,13.2255859375
2018-09-14,13.257567405700684
2018-09-17,13.017684936523438
2018-09-18,13.2335786819458
2018-09-19,13.305545806884766
2018-09-20,13.489459991455078
2018-09-21,13.609400749206543
2018-09-24,13.529439926147461
2018-09-25,13.2335786819458
2018-09-26,13.201595306396484
2018-09-27,13.017684936523438
2018-09-28,13.041674613952637
2018-10-01,12.937723159790039
2018-10-02,13.2175874710083
2018-10-03,13.39350700378418
2018-10-04,13.473466873168945
2018-10-05,12.905740737915039
2018-10-08,12.705839157104492
2018-10-09,12.545916557312012
2018-10-10,12.08213996887207
2018-10-11,11.698326110839844
2018-10-12,12.3300199508667
2018-10-15,12.26605224609375
2018-10-16,12.401982307434082
2018-10-17,12.409979820251465
2018-10-18,12.258054733276367
2018-10-19,12.3460111618042
2018-10-22,12.665855407714844
2018-10-23,12.513931274414062
2018-10-24,12.066147804260254
2018-10-25,12.114121437072754
2018-10-26,11.698326110839844
2018-10-29,11.650349617004395
2018-10-30,11.938210487365723
2018-10-31,12.194084167480469
2018-11-01,12.633871078491211
2018-11-02,12.705839157104492
2018-11-05,12.737821578979492
2018-11-06,12.697840690612793
2018-11-07,12.985702514648438
2018-11-08,12.993697166442871
2018-11-09,12.569901466369629
2018-11-12,12.218073844909668
2018-11-13,12.26605224609375
2018-11-14,12.114121437072754
2018-11-15,12.250057220458984
2018-11-16,12.154105186462402
2018-11-19,11.858248710632324
2018-11-20,11.618363380432129
2018-11-21,11.754298210144043
2018-11-23,11.626358032226562
2018-11-26,11.922216415405273
2018-11-27,12.042156219482422
2018-11-28,12.362005233764648
2018-11-29,12.09013557434082
2018-11-30,11.994180679321289
2018-12-03,12.393985748291016
2018-12-04,12.034163475036621
2018-12-06,12.809786796569824
2018-12-07,11.762295722961426
2018-12-10,11.650349617004395
2018-12-11,11.87840747833252
2018-12-12,11.797821998596191
2018-12-13,11.676941871643066
2018-12-14,11.45936107635498
2018-12-17,10.951666831970215
2018-12-18,10.983901977539062
2018-12-19,10.613203048706055
2018-12-20,10.1941556930542
2018-12-21,10.161922454833984
2018-12-24,9.887928009033203
2018-12-26,10.323095321655273
2018-12-27,10.556794166564941
2018-12-28,10.500384330749512
2018-12-31,10.645440101623535
2019-01-02,10.846905708312988
2019-01-03,10.62126350402832
2019-01-04,11.120898246765137
2019-01-07,11.33847713470459
2019-01-08,11.120898246765137
2019-01-09,11.330425262451172
2019-01-10,11.386833190917969
2019-01-11,11.475476264953613
2019-01-14,11.411005973815918
2019-01-15,11.636650085449219
2019-01-16,11.539945602416992
2019-01-17,11.499651908874512
2019-01-18,11.830056190490723
2019-01-22,11.644708633422852
2019-01-23,11.636650085449219
2019-01-24,11.894524574279785
2019-01-25,12.369985580444336
2019-01-28,12.619799613952637
2019-01-29,12.386100769042969
2019-01-30,12.506980895996094
2019-01-31,12.56338882446289
2019-02-01,12.643978118896484
2019-02-04,12.724567413330078
2019-02-05,12.805150985717773
2019-02-06,12.966320991516113
2019-02-07,12.772915840148926
2019-02-08,12.829325675964355
2019-02-11,12.764857292175293
2019-02-12,12.893794059753418
2019-02-13,12.934083938598633
2019-02-14,12.885736465454102
2019-02-15,12.966320991516113
2019-02-19,12.966320991516113
2019-02-20,12.934083938598633
2019-02-21,13.079141616821289
2019-02-22,13.151670455932617
2019-02-25,13.506247520446777
2019-02-26,13.538483619689941
2019-02-27,13.457898139953613
2019-02-28,13.200019836425781
2019-03-01,13.200019836425781
2019-03-04,13.022730827331543
2019-03-05,13.006613731384277
2019-03-06,12.861557960510254
2019-03-07,12.62785816192627
2019-03-08,12.579506874084473
2019-03-11,12.805150985717773
2019-03-12,12.426117897033691
2019-03-13,12.596559524536133
2019-03-14,12.710186004638672
2019-03-15,13.042956352233887
2019-03-18,12.856282234191895
2019-03-19,12.888747215270996
2019-03-20,12.880631446838379
2019-03-21,13.002375602722168
2019-03-22,12.409884452819824
2019-03-25,12.296252250671387
2019-03-26,12.426117897033691
2019-03-27,12.385536193847656
2019-03-28,12.385536193847656
2019-03-29,12.523512840270996
2019-04-01,12.904979705810547
2019-04-02,12.840049743652344
2019-04-03,12.864399909973145
2019-04-04,13.042956352233887
2019-04-05,13.107888221740723
2019-04-08,13.140353202819824
2019-04-09,12.94555950164795
2019-04-10,13.20528793334961
2019-04-11,13.20528793334961
2019-04-12,13.310795783996582
2019-04-15,13.383845329284668
2019-04-16,13.473121643066406
2019-04-17,13.448774337768555
2019-04-18,13.521821022033691
2019-04-22,13.465009689331055
2019-04-23,13.416309356689453
2019-04-24,13.20528793334961
2019-04-25,12.99425983428955
2019-04-26,12.799468994140625
2019-04-29,12.750771522521973
2019-04-30,12.831933975219727
2019-05-01,12.815702438354492
2019-05-02,12.77511978149414
2019-05-03,12.929328918457031
2019-05-06,12.710186004638672
2019-05-07,12.523512840270996
2019-05-08,12.45858383178711
2019-05-09,12.353068351745605
2019-05-10,12.00406551361084
2019-05-13,11.492734909057617
2019-05-14,11.557665824890137
2019-05-15,11.703763008117676
2019-05-16,11.793039321899414
2019-05-17,11.866087913513184
2019-05-20,11.971602439880371
2019-05-21,12.37741756439209
2019-05-22,11.93913459777832
2019-05-23,11.622597694396973
2019-05-24,11.679413795471191
2019-05-28,11.500853538513184
2019-05-29,11.468390464782715
2019-05-30,11.541437149047852
2019-05-31,11.135618209838867
2019-06-03,11.111266136169434
2019-06-04,11.468390464782715
2019-06-05,11.435920715332031
2019-06-06,11.354759216308594
2019-06-07,11.435920715332031
2019-06-10,11.573899269104004
2019-06-11,11.666346549987793
2019-06-12,11.568174362182617
2019-06-13,11.73997688293457
2019-06-14,11.576354026794434
2019-06-17,11.699071884155273
2019-06-18,11.936325073242188
2019-06-19,12.034499168395996
2019-06-20,12.271753311157227
2019-06-21,12.222665786743164
2019-06-24,12.279934883117676
2019-06-25,12.075404167175293
2019-06-26,12.23902702331543
2019-06-27,12.247209548950195
2019-06-28,12.230847358703613
2019-07-01,12.3862886428833
2019-07-02,12.337204933166504
2019-07-03,12.50900936126709
2019-07-05,12.410835266113281
2019-07-08,12.296298027038574
2019-07-09,12.165399551391602
2019-07-10,12.083589553833008
2019-07-11,11.944507598876953
2019-07-12,12.198123931884766
2019-07-15,12.23902702331543
2019-07-16,12.116312980651855
2019-07-17,12.018136978149414
2019-07-18,12.06722640991211
2019-07-19,12.140854835510254
2019-07-22,11.699071884155273
2019-07-23,11.952686309814453
2019-07-24,12.059042930603027
2019-07-25,11.870877265930176
2019-07-26,11.969051361083984
2019-07-29,11.9935941696167
2019-07-30,11.952686309814453
2019-07-31,11.756340980529785
2019-08-01,11.568174362182617
2019-08-02,10.856412887573242
2019-08-05,10.553707122802734
2019-08-06,10.692789077758789
2019-08-07,10.684608459472656
2019-08-08,11.085482597351074
2019-08-09,10.95458698272705
2019-08-12,10.700969696044922
2019-08-13,10.96276569366455
2019-08-14,10.520983695983887
2019-08-15,10.3737211227417
2019-08-16,10.47189712524414
2019-08-19,10.725510597229004
2019-08-20,10.586433410644531
2019-08-21,10.692789077758789
2019-08-22,10.840046882629395
2019-08-23,10.430989265441895
2019-08-26,10.586433410644531
2019-08-27,10.578252792358398
2019-08-28,10.938223838806152
2019-08-29,11.191841125488281
2019-08-30,11.306373596191406
2019-09-03,11.036397933959961
2019-09-04,11.249107360839844
2019-09-05,11.780884742736816
2019-09-06,11.919963836669922
2019-09-09,12.230847358703613
2019-09-10,12.439408302307129
2019-09-11,12.6702241897583
2019-09-12,12.661979675292969
2019-09-13,12.629009246826172
2019-09-16,12.464138984680176
2019-09-17,12.356971740722656
2019-09-18,12.15088939666748
2019-09-19,12.241564750671387
2019-09-20,11.895339012145996
2019-09-23,11.870606422424316
2019-09-24,11.746953964233398
2019-09-25,12.027233123779297
2019-09-26,12.060208320617676
2019-09-27,12.365217208862305
2019-09-30,12.505354881286621
2019-10-01,12.076695442199707
2019-10-02,11.903583526611328
2019-10-03,11.953041076660156
2019-10-04,11.870606422424316
2019-10-07,11.829392433166504
2019-10-08,11.417215347290039
2019-10-09,11.598573684692383
2019-10-10,11.631546020507812
2019-10-11,11.829392433166504
2019-10-14,12.323999404907227
2019-10-15,12.480626106262207
2019-10-16,12.439408302307129
2019-10-17,12.538331985473633
2019-10-18,12.653738021850586
2019-10-21,13.164833068847656
2019-10-22,13.148344993591309
2019-10-23,13.20605182647705
2019-10-24,13.098885536193848
2019-10-25,13.321459770202637
2019-10-28,13.544034957885742
2019-10-29,13.568764686584473
2019-10-30,13.445114135742188
2019-10-31,13.527548789978027
2019-11-01,13.601737976074219
2019-11-04,13.72538948059082
2019-11-05,13.873773574829102
2019-11-06,13.964451789855957
2019-11-07,14.162297248840332
2019-11-08,14.36838150024414
2019-11-11,14.393111228942871
2019-11-12,14.29419231414795
2019-11-13,14.203512191772461
2019-11-14,14.038643836975098
2019-11-15,14.203512191772461
2019-11-18,14.244729042053223
2019-11-19,14.376625061035156
2019-11-20,14.112833976745605
2019-11-21,14.07986068725586
2019-11-22,14.112833976745605
2019-11-25,14.384867668151855
2019-11-26,13.164833068847656
2019-11-27,13.14010238647461
2019-11-29,13.04942512512207
2019-12-02,12.991721153259277
2019-12-03,12.86806869506836
2019-12-04,12.975235939025879
2019-12-05,13.13186264038086
2019-12-06,13.115372657775879
2019-12-09,13.098885536193848
2019-12-10,13.157028198242188
2019-12-11,13.1819486618042
2019-12-12,13.622178077697754
2019-12-13,13.314846992492676
2019-12-16,13.356377601623535
2019-12-17,13.157028198242188
2019-12-18,13.215171813964844
2019-12-19,13.073968887329102
2019-12-20,12.941067695617676
2019-12-23,13.157028198242188
2019-12-24,13.223477363586426
2019-12-26,13.25670337677002
2019-12-27,13.206866264343262
2019-12-30,13.107192993164062
2019-12-31,13.173639297485352
2020-01-02,13.431132316589355
2020-01-03,13.098886489868164
2020-01-06,13.057354927062988
2020-01-07,12.990906715393066
2020-01-08,13.090579986572266
2020-01-09,13.015824317932129
2020-01-10,12.849699974060059
2020-01-13,12.91615104675293
2020-01-14,12.907842636108398
2020-01-15,12.866312026977539
2020-01-16,13.098886489868164
2020-01-17,12.54237174987793
2020-01-21,12.37624454498291
2020-01-22,12.484228134155273
2020-01-23,12.592207908630371
2020-01-24,12.259958267211914
2020-01-27,12.060612678527832
2020-01-28,12.14367389678955
2020-01-29,11.97754955291748
2020-01-30,11.97754955291748
2020-01-31,11.570545196533203
2020-02-03,11.744977951049805
2020-02-04,11.97754955291748
2020-02-05,12.367940902709961
2020-02-06,12.39285945892334
2020-02-07,12.243348121643066
2020-02-10,12.268266677856445
2020-02-11,12.351327896118164
2020-02-12,12.484228134155273
2020-02-13,12.210122108459473
2020-02-14,11.994162559509277
2020-02-18,11.94432258605957
2020-02-19,12.01908016204834
2020-02-20,12.01908016204834
2020-02-21,11.778200149536133
2020-02-24,11.387808799743652
2020-02-25,11.072171211242676
2020-02-26,10.831293106079102
2020-02-27,10.449204444885254
2020-02-28,10.623635292053223
2020-03-02,10.70669937133789
2020-03-03,10.457512855529785
2020-03-04,10.1834077835083
2020-03-05,9.79301643371582
2020-03-06,9.95914077758789
2020-03-09,9.253113746643066
2020-03-10,9.672945022583008
2020-03-11,8.875263214111328
2020-03-12,7.657748699188232
2020-03-13,8.27910041809082
2020-03-16,7.011207103729248
2020-03-17,6.944034099578857
2020-03-18,7.162346363067627
2020-03-19,7.649351596832275
2020-03-20,7.246310234069824
2020-03-23,6.574580669403076
2020-03-24,7.5066094398498535
2020-03-25,7.884458065032959
2020-03-26,8.841676712036133
2020-03-27,8.245514869689941
2020-03-30,8.438638687133789
2020-03-31,8.153151512145996
2020-04-01,8.04399585723877
2020-04-02,7.876059532165527
2020-04-03,7.808890342712402
2020-04-06,8.253911972045898
2020-04-07,8.111169815063477
2020-04-08,8.589778900146484
2020-04-09,8.841676712036133
2020-04-13,8.698930740356445
2020-04-14,8.698930740356445
2020-04-15,7.993614196777344
2020-04-16,7.825679779052734
2020-04-17,8.153151512145996
2020-04-20,7.85927152633667
2020-04-21,7.598971366882324
2020-04-22,7.582179546356201
2020-04-23,7.783700466156006
2020-04-24,8.0020112991333
2020-04-27,8.111169815063477
2020-04-28,8.228720664978027
2020-04-29,8.656950950622559
2020-04-30,8.447032928466797
2020-05-01,7.960029602050781
2020-05-04,7.876059532165527
2020-05-05,7.901248931884766
2020-05-06,7.850870609283447
2020-05-07,8.04399585723877
2020-05-08,8.606571197509766
2020-05-11,8.169943809509277
2020-05-12,7.960029602050781
2020-05-13,7.6241607666015625
2020-05-14,7.699733257293701
2020-05-15,7.649351596832275
2020-05-18,8.38825798034668
2020-05-19,8.430238723754883
2020-05-20,8.631758689880371
2020-05-21,8.698930740356445
2020-05-22,7.699733257293701
2020-05-26,7.909648418426514
2020-05-27,8.195133209228516
2020-05-28,8.05239200592041
2020-05-29,8.153151512145996
2020-06-01,8.195133209228516
2020-06-02,8.354671478271484
2020-06-03,8.682140350341797
2020-06-04,8.79969310760498
2020-06-05,9.328682899475098
2020-06-08,9.731722831726074
2020-06-09,9.349919319152832
2020-06-10,9.078414916992188
2020-06-11,8.27238941192627
2020-06-12,8.611767768859863
2020-06-15,8.662674903869629
2020-06-16,8.832365989685059
2020-06-17,8.518436431884766
2020-06-18,8.603282928466797
2020-06-19,8.331778526306152
2020-06-22,8.238450050354004
2020-06-23,8.204511642456055
2020-06-24,7.8651323318481445
2020-06-25,8.034822463989258
2020-06-26,8.06027603149414
2020-06-29,8.128151893615723
2020-06-30,8.255420684814453
2020-07-01,7.992401123046875
2020-07-02,7.983913421630859
2020-07-06,8.136636734008789
2020-07-07,7.695440292358398
2020-07-08,7.8142242431640625
2020-07-09,7.619080066680908
2020-07-10,7.856648921966553
2020-07-13,8.009368896484375
2020-07-14,8.068760871887207
2020-07-15,8.179059028625488
2020-07-16,8.24693489074707
2020-07-17,8.204511642456055
2020-07-20,8.102697372436523
2020-07-21,8.196026802062988
2020-07-22,8.27238941192627
2020-07-23,8.331778526306152
2020-07-24,8.162088394165039
2020-07-27,8.27238941192627
2020-07-28,8.043304443359375
2020-07-29,8.238450050354004
2020-07-30,8.162088394165039
2020-07-31,8.374200820922852
2020-08-03,8.3911714553833
2020-08-04,8.450563430786133
2020-08-05,8.450563430786133
2020-08-06,8.57783031463623
2020-08-07,8.560858726501465
2020-08-10,8.662674903869629
2020-08-11,8.62025260925293
2020-08-12,8.603282928466797
2020-08-13,8.153603553771973
2020-08-14,8.204511642456055
2020-08-17,8.026335716247559
2020-08-18,8.017852783203125
2020-08-19,7.992401123046875
2020-08-20,7.856648921966553
2020-08-21,7.916039943695068
2020-08-24,8.162088394165039
2020-08-25,7.916039943695068
2020-08-26,8.204511642456055
2020-08-27,8.119665145874023
2020-08-28,8.340264320373535
2020-08-31,8.204511642456055
2020-09-01,8.034822463989258
2020-09-02,8.340264320373535
2020-09-03,8.07724380493164
2020-09-04,8.136636734008789
2020-09-08,8.10226821899414
2020-09-09,8.128044128417969
2020-09-10,7.921834945678711
2020-09-11,7.939019680023193
2020-09-14,8.050714492797852
2020-09-15,7.973386287689209
2020-09-16,8.136635780334473
2020-09-17,8.274107933044434
2020-09-18,8.162412643432617
2020-09-21,7.930428504943848
2020-09-22,7.999162673950195
2020-09-23,7.792953968048096
2020-09-24,7.844506740570068
2020-09-25,7.827322959899902
2020-09-28,8.145227432250977
2020-09-29,8.059306144714355
2020-09-30,8.050714492797852
2020-10-01,7.930428504943848
2020-10-02,8.093676567077637
2020-10-05,8.394397735595703
2020-10-06,8.21396541595459
2020-10-07,8.394397735595703
2020-10-08,8.58342170715332
2020-10-09,8.428765296936035
2020-10-12,8.531867980957031
2020-10-13,8.40298843383789
2020-10-14,8.385804176330566
2020-10-15,8.488910675048828
2020-10-16,8.145227432250977
2020-10-19,8.03353214263916
2020-10-20,8.02493953704834
2020-10-21,8.0077543258667
2020-10-22,8.128044128417969
2020-10-23,8.145227432250977
2020-10-26,7.784364700317383
2020-10-27,7.560972213745117
2020-10-28,7.191516876220703
2020-10-29,7.3289875984191895
2020-10-30,7.423499584197998
2020-11-02,7.655482292175293
2020-11-03,8.0077543258667
2020-11-04,7.578156471252441
2020-11-05,7.973386287689209
2020-11-06,7.896060466766357
2020-11-09,8.360030174255371
2020-11-10,8.514684677124023
2020-11-11,8.549054145812988
2020-11-12,8.308477401733398
2020-11-13,8.712300300598145
2020-11-16,9.133309364318848
2020-11-17,9.004427909851074
2020-11-18,9.021614074707031
2020-11-19,9.013023376464844
2020-11-20,8.99583625793457
2020-11-23,9.511357307434082
2020-11-24,9.906591415405273
2020-11-25,9.657421112060547
2020-11-27,9.640238761901855
2020-11-30,9.485581398010254
2020-12-01,9.623055458068848
2020-12-02,9.897997856140137
2020-12-03,9.975327491760254
2020-12-04,10.602540969848633
2020-12-07,10.379152297973633
2020-12-08,10.500645637512207
2020-12-09,10.526679992675781
2020-12-10,10.518001556396484
2020-12-11,10.405186653137207
2020-12-14,10.301048278808594
2020-12-15,10.561393737792969
2020-12-16,10.552718162536621
2020-12-17,10.570070266723633
2020-12-18,10.518001556396484
2020-12-21,10.127483367919922
2020-12-22,10.075413703918457
2020-12-23,10.196910858154297
2020-12-24,10.205587387084961
2020-12-28,10.231621742248535
2020-12-29,10.127483367919922
2020-12-30,10.136159896850586
2020-12-31,10.283690452575684
2021-01-04,10.040700912475586
2021-01-05,10.222941398620605
2021-01-06,10.448575019836426
2021-01-07,10.387829780578613
2021-01-08,10.309723854064941
2021-01-11,10.387829780578613
2021-01-12,10.535360336303711
2021-01-13,10.561393737792969
2021-01-14,10.83042049407959
2021-01-15,10.882486343383789
2021-01-19,10.682889938354492
2021-01-20,10.708921432495117
2021-01-21,10.639495849609375
2021-01-22,10.535360336303711
2021-01-25,10.674213409423828
2021-01-26,10.604785919189453
2021-01-27,11.342435836791992
2021-01-28,10.899845123291016
2021-01-29,10.708921432495117
2021-02-01,10.74363899230957
2021-02-02,10.717602729797363
2021-02-03,11.038697242736816
2021-02-04,11.246973991394043
2021-02-05,11.403182029724121
2021-02-08,11.715597152709961
2021-02-09,11.802377700805664
2021-02-10,12.114795684814453
2021-02-11,12.314393997192383
2021-02-12,12.479279518127441
2021-02-16,12.4098539352417
2021-02-17,12.149507522583008
2021-02-18,12.097437858581543
2021-02-19,12.26232624053955
2021-02-22,12.557385444641113
2021-02-23,12.557385444641113
2021-02-24,12.878478050231934
2021-02-25,12.574740409851074
2021-02-26,12.635488510131836
2021-03-01,12.670201301574707
2021-03-02,12.583418846130371
2021-03-03,12.635488510131836
2021-03-04,12.184220314025879
2021-03-05,12.496637344360352
2021-03-08,12.85244083404541
2021-03-09,13.001178741455078
2021-03-10,13.254900932312012
2021-03-11,13.56112289428711
2021-03-12,13.832345008850098
2021-03-15,14.04232120513916
2021-03-16,13.771101951599121
2021-03-17,14.024824142456055
2021-03-18,13.631114959716797
2021-03-19,13.36864185333252
2021-03-22,13.421135902404785
2021-03-23,12.913689613342285
2021-03-24,12.913689613342285
2021-03-25,13.421135902404785
2021-03-26,14.00732707977295
2021-03-29,13.7011079788208
2021-03-30,13.806098937988281
2021-03-31,13.771101951599121
2021-04-01,13.736106872558594
2021-04-05,13.919835090637207
2021-04-06,13.92858600616455
2021-04-07,13.91108512878418
2021-04-08,13.771101951599121
2021-04-09,13.81484603881836
2021-04-12,13.841093063354492
2021-04-13,13.709856986999512
2021-04-14,13.806098937988281
2021-04-15,13.858591079711914
2021-04-16,13.954830169677734
2021-04-19,13.963581085205078
2021-04-20,13.779850006103516
2021-04-21,13.989829063415527
2021-04-22,13.998577117919922
2021-04-23,14.366039276123047
2021-04-26,14.199808120727539
2021-04-27,14.17356014251709
2021-04-28,14.129815101623535
2021-04-29,14.322296142578125
2021-04-30,14.016077995300293
2021-05-03,14.016077995300293
2021-05-04,13.88484001159668
2021-05-05,13.963581085205078
2021-05-06,14.322296142578125
2021-05-07,14.418535232543945
2021-05-10,14.357294082641602
2021-05-11,14.14731216430664
2021-05-12,13.718605041503906
2021-05-13,14.059822082519531
2021-05-14,14.226056098937988
2021-05-17,14.471031188964844
2021-05-18,14.287297248840332
2021-05-19,14.103567123413086
2021-05-20,14.094820022583008
2021-05-21,14.199808120727539
2021-05-24,14.31354808807373
2021-05-25,14.04232120513916
2021-05-26,14.208556175231934
2021-05-27,14.296046257019043
2021-05-28,13.963581085205078
2021-06-01,14.077320098876953
2021-06-02,14.059822082519531
2021-06-03,13.91108512878418
2021-06-04,14.191058158874512
2021-06-07,13.91108512878418
2021-06-08,13.998577117919922
2021-06-09,13.692359924316406
2021-06-10,13.674861907958984
2021-06-11,13.902338981628418
2021-06-14,13.75360107421875
2021-06-15,13.78005313873291
2021-06-16,13.718335151672363
2021-06-17,13.004206657409668
2021-06-18,12.739713668823242
2021-06-21,12.986573219299316
2021-06-22,12.880779266357422
2021-06-23,12.748531341552734
2021-06-24,12.889595985412598
2021-06-25,12.995392799377441
2021-06-28,12.810246467590332
2021-06-29,12.810246467590332
2021-06-30,12.854329109191895
2021-07-01,12.960125923156738
2021-07-02,12.968940734863281
2021-07-06,12.65155029296875
2021-07-07,12.730899810791016
2021-07-08,12.607467651367188
2021-07-09,12.854329109191895
2021-07-12,12.75734806060791
2021-07-13,12.131383895874023
2021-07-14,12.35179328918457
2021-07-15,12.40468978881836
2021-07-16,12.219545364379883
2021-07-19,12.052034378051758
2021-07-20,12.316527366638184
2021-07-21,12.545753479003906
2021-07-22,12.36060905456543
2021-07-23,12.431140899658203
2021-07-26,12.72208309173584
2021-07-27,12.642733573913574
2021-07-28,12.748531341552734
2021-07-29,12.827881813049316
2021-07-30,12.783796310424805
2021-08-02,12.774979591369629
2021-08-03,13.092373847961426
2021-08-04,12.924860954284668
2021-08-05,12.951308250427246
2021-08-06,13.110004425048828
2021-08-09,12.977758407592773
2021-08-10,13.065919876098633
2021-08-11,13.392128944396973
2021-08-12,13.409762382507324
2021-08-13,13.206985473632812
2021-08-16,13.224617958068848
2021-08-17,13.154086112976074
2021-08-18,12.968940734863281
2021-08-19,12.677999496459961
2021-08-20,12.854329109191895
2021-08-23,12.960125923156738
2021-08-24,13.0835542678833
2021-08-25,13.321598052978516
2021-08-26,13.330413818359375
2021-08-27,13.594905853271484
2021-08-30,13.497926712036133
2021-08-31,13.630173683166504
2021-09-01,13.524374008178711
2021-09-02,13.56845760345459
2021-09-03,13.647806167602539
2021-09-07,13.242252349853516
2021-09-08,12.819063186645508
2021-09-09,12.924860954284668
2021-09-10,12.720410346984863
2021-09-13,12.71152114868164
2021-09-14,12.222615242004395
2021-09-15,12.213725090026855
2021-09-16,12.142613410949707
2021-09-17,12.044831275939941
2021-09-20,11.80482292175293
2021-09-21,11.56481647491455
2021-09-22,11.698151588439941
2021-09-23,11.947049140930176
2021-09-24,11.92038345336914
2021-09-27,12.444846153259277
2021-09-28,12.604852676391602
2021-09-29,12.524847030639648
2021-09-30,12.667074203491211
2021-10-01,12.995973587036133
2021-10-04,13.200427055358887
2021-10-05,13.360428810119629
2021-10-06,13.07597541809082
2021-10-07,13.129310607910156
2021-10-08,13.182644844055176
2021-10-11,13.20931339263916
2021-10-12,13.067086219787598
2021-10-13,13.08486557006836
2021-10-14,13.37820816040039
2021-10-15,13.467098236083984
2021-10-18,13.43154239654541
2021-10-19,13.662662506103516
2021-10-20,13.769332885742188
2021-10-21,13.769332885742188
2021-10-22,13.653772354125977
2021-10-25,13.698219299316406
2021-10-26,13.227094650268555
2021-10-27,12.960415840148926
2021-10-28,13.12042236328125
2021-10-29,13.022640228271484
2021-11-01,13.298206329345703
2021-11-02,13.547102928161621
2021-11-03,13.582658767700195
2021-11-04,13.573770523071289
2021-11-05,13.742664337158203
2021-11-08,13.724885940551758
2021-11-09,13.804888725280762
2021-11-10,13.97378158569336
2021-11-11,14.169344902038574
2021-11-12,13.013751983642578
2021-11-15,13.067086219787598
2021-11-16,12.960415840148926
2021-11-17,12.93375015258789
2021-11-18,12.987085342407227
2021-11-19,12.791523933410645
2021-11-22,13.129310607910156
2021-11-23,13.16486644744873
2021-11-24,13.20931339263916
2021-11-26,12.827078819274902
2021-11-29,12.987085342407227
2021-11-30,12.755965232849121
2021-12-01,12.63151741027832
2021-12-02,13.324872970581055
2021-12-03,13.484878540039062
2021-12-06,13.440433502197266
2021-12-07,13.751553535461426
2021-12-08,13.849332809448242
2021-12-09,13.777668952941895
2021-12-10,13.62537956237793
2021-12-13,13.249137878417969
2021-12-14,13.052054405212402
2021-12-15,13.249137878417969
2021-12-16,13.392467498779297
2021-12-17,13.50892448425293
2021-12-20,13.302886962890625
2021-12-21,13.81350326538086
2021-12-22,13.929957389831543
2021-12-23,14.118080139160156
2021-12-27,14.261409759521484
2021-12-28,14.30620002746582
2021-12-29,14.395781517028809
2021-12-30,14.234535217285156
2021-12-31,14.127038955688477
2022-01-03,14.458488464355469
2022-01-04,15.0766019821167
2022-01-05,15.130351066589355
2022-01-06,15.202019691467285
2022-01-07,15.345348358154297
2022-01-10,15.228891372680664
2022-01-11,15.264725685119629
2022-01-12,15.363264083862305
2022-01-13,15.66784381866455
2022-01-14,15.730549812316895
2022-01-18,15.515554428100586
2022-01-19,14.99598217010498
2022-01-20,14.933272361755371
2022-01-21,14.458488464355469
2022-01-24,14.422656059265137
2022-01-25,14.234535217285156
2022-01-26,14.189743995666504
2022-01-27,14.162870407104492
2022-01-28,14.449532508850098
2022-01-31,14.628693580627441
2022-02-01,15.05868911743164
2022-02-02,15.255769729614258
2022-02-03,15.094523429870605
2022-02-04,15.085559844970703
2022-02-07,15.16618537902832
2022-02-08,15.318473815917969
2022-02-09,15.497635841369629
2022-02-10,15.542428970336914
2022-02-11,15.408058166503906
2022-02-14,15.112436294555664
2022-02-15,15.569305419921875
2022-02-16,15.802215576171875
2022-02-17,15.443887710571289
2022-02-18,15.52451229095459
2022-02-22,15.175143241882324
2022-02-23,14.888483047485352
2022-02-24,14.557028770446777
2022-02-25,14.350992202758789
2022-02-28,14.261409759521484
2022-03-01,13.804544448852539
2022-03-02,15.219931602478027
2022-03-03,15.004940032958984
2022-03-04,14.709318161010742
2022-03-07,14.127038955688477
2022-03-08,14.41369915008545
2022-03-09,14.664529800415039
2022-03-10,14.76379680633545
2022-03-11,14.93525505065918
2022-03-14,14.727699279785156
2022-03-15,14.917207717895508
2022-03-16,15.12476921081543
2022-03-17,15.088671684265137
2022-03-18,15.377449989318848
2022-03-21,15.386472702026367
2022-03-22,15.458667755126953
2022-03-23,15.31428050994873
2022-03-24,15.386472702026367
2022-03-25,15.82866382598877
2022-03-28,15.68427848815918
2022-03-29,15.84671401977539
2022-03-30,15.59403133392334
2022-03-31,15.079643249511719
2022-04-01,14.7006254196167
2022-04-04,14.727699279785156
2022-04-05,14.258432388305664
2022-04-06,14.050872802734375
2022-04-07,14.438919067382812
2022-04-08,14.52916145324707
2022-04-11,14.267457962036133
2022-04-12,13.906485557556152
2022-04-13,13.969654083251953
2022-04-14,13.879411697387695
2022-04-18,14.177214622497559
2022-04-19,14.538188934326172
2022-04-20,14.908186912536621
2022-04-21,14.727699279785156
2022-04-22,14.213312149047852
2022-04-25,14.068922996520996
2022-04-26,13.780144691467285
2022-04-27,13.879411697387695
2022-04-28,14.168190002441406
2022-04-29,13.906485557556152
2022-05-02,13.879411697387695
2022-05-03,13.978678703308105
2022-05-04,14.52013874053955
2022-05-05,14.393797874450684
2022-05-06,14.15916633605957
2022-05-09,14.294529914855957
2022-05-10,14.637452125549316
2022-05-11,14.059895515441895
2022-05-12,14.09599494934082
2022-05-13,14.393797874450684
2022-05-16,14.411846160888672
2022-05-17,15.115745544433594
2022-05-18,14.222336769104004
2022-05-19,13.572583198547363
2022-05-20,12.7784423828125
2022-05-23,13.0942964553833
2022-05-24,13.139416694641113
2022-05-25,13.455269813537598
2022-05-26,13.617705345153809
2022-05-27,14.249409675598145
2022-05-31,14.077946662902832
2022-06-01,14.24038314819336
2022-06-02,13.500391006469727
2022-06-03,13.608682632446289
2022-06-06,13.735023498535156
2022-06-07,13.843314170837402
2022-06-08,13.509414672851562
2022-06-09,13.247708320617676
2022-06-10,12.9474515914917
2022-06-13,12.465219497680664
2022-06-14,12.437923431396484
2022-06-15,12.801870346069336
2022-06-16,12.14676570892334
2022-06-17,12.210455894470215
2022-06-21,12.64719295501709
2022-06-22,12.49251651763916
2022-06-23,12.392430305480957
2022-06-24,12.792776107788086
2022-06-27,12.856464385986328
2022-06-28,12.510713577270508
2022-06-29,12.155864715576172
2022-06-30,12.0648775100708
2022-07-01,11.79191780090332
2022-07-05,11.673633575439453
2022-07-06,11.619040489196777
2022-07-07,11.864706039428711
2022-07-08,12.00118637084961
2022-07-11,11.882903099060059
2022-07-12,11.937494277954102
2022-07-13,11.828310012817383
2022-07-14,11.837409973144531
2022-07-15,12.073976516723633
2022-07-18,11.973888397216797
2022-07-19,12.538010597229004
2022-07-20,12.656291007995605
2022-07-21,12.792776107788086
2022-07-22,12.528911590576172
2022-07-25,12.628996849060059
2022-07-26,12.538010597229004
2022-07-27,12.729083061218262
2022-07-28,12.810970306396484
2022-07-29,12.956549644470215
2022-08-01,13.120326042175293
2022-08-02,12.89285945892334
2022-08-03,12.983847618103027
2022-08-04,13.002043724060059
2022-08-05,13.06573486328125
2022-08-08,13.102128028869629
2022-08-09,12.820070266723633
2022-08-10,13.202216148376465
2022-08-11,13.347794532775879
2022-08-12,13.46607780456543
2022-08-15,13.520670890808105
2022-08-16,13.602557182312012
2022-08-17,13.58436107635498
2022-08-18,13.802728652954102
2022-08-19,13.520670890808105
2022-08-22,13.111227035522461
2022-08-23,13.111227035522461
2022-08-24,13.06573486328125
2022-08-25,13.493371963500977
2022-08-26,12.519813537597656
2022-08-29,12.483418464660645
2022-08-30,12.41972541809082
2022-08-31,12.37423324584961
2022-09-01,12.164962768554688
2022-09-02,12.04667854309082
2022-09-06,11.964791297912598
2022-09-07,12.092174530029297
2022-09-08,12.155864715576172
2022-09-09,12.33030891418457
2022-09-12,12.633286476135254
2022-09-13,12.10077953338623
2022-09-14,11.96306037902832
2022-09-15,11.999785423278809
2022-09-16,11.99060344696045
2022-09-19,11.917153358459473
2022-09-20,11.715168952941895
2022-09-21,11.568269729614258
2022-09-22,11.38464641571045
2022-09-23,11.164300918579102
2022-09-26,11.026581764221191
2022-09-27,11.054125785827637
2022-09-28,11.274473190307617
2022-09-29,11.127573013305664
2022-09-30,10.999038696289062
2022-10-03,11.357102394104004
2022-10-04,11.797799110412598
2022-10-05,11.88961124420166
2022-10-06,11.852886199951172
2022-10-07,11.439732551574707
2022-10-10,11.292834281921387
2022-10-11,11.210204124450684
2022-10-12,11.33874225616455
2022-10-13,11.779438018798828
2022-10-14,11.559088706970215
2022-10-17,11.733530044555664
2022-10-18,11.816160202026367
2022-10-19,11.770255088806152
2022-10-20,11.761075019836426
2022-10-21,12.367030143737793
2022-10-24,12.541472434997559
2022-10-25,12.71591567993164
2022-10-26,12.835270881652832
2022-10-27,12.917900085449219
2022-10-28,13.211700439453125
2022-10-31,13.10152530670166
2022-11-01,13.18415641784668
2022-11-02,12.853633880615234
2022-11-03,12.670010566711426
2022-11-04,13.083161354064941
2022-11-07,13.248424530029297
2022-11-08,13.23924446105957
2022-11-09,12.991349220275879
2022-11-10,13.652395248413086
2022-11-11,14.038002014160156
2022-11-14,14.065546989440918
2022-11-15,14.239989280700684
2022-11-16,13.982916831970215
2022-11-17,14.267532348632812
2022-11-18,14.4787015914917
2022-11-21,14.276714324951172
2022-11-22,14.350163459777832
2022-11-23,14.506243705749512
2022-11-25,14.53378677368164
2022-11-28,14.276714324951172
2022-11-29,14.194084167480469
2022-11-30,15.405996322631836
2022-12-01,15.442724227905273
2022-12-02,15.323368072509766
2022-12-05,14.882671356201172
2022-12-06,14.937759399414062
2022-12-07,14.744950294494629
2022-12-08,14.956121444702148
2022-12-09,14.827583312988281
2022-12-12,15.020389556884766
2022-12-13,15.02963638305664
2022-12-14,14.983392715454102
2022-12-15,14.576436042785645
2022-12-16,14.465449333190918
2022-12-19,14.317461967468262
2022-12-20,14.4839448928833
2022-12-21,14.59493350982666
2022-12-22,14.530190467834473
2022-12-23,14.567187309265137
2022-12-27,14.687424659729004
2022-12-28,14.400704383850098
2022-12-29,14.724420547485352
2022-12-30,14.7614164352417
2023-01-03,14.853904724121094
2023-01-04,15.186869621276855
2023-01-05,15.214617729187012
2023-01-06,15.825051307678223
2023-01-09,15.686317443847656
2023-01-10,15.778806686401367
2023-01-11,15.640070915222168
2023-01-12,15.094381332397461
2023-01-13,15.214617729187012
2023-01-17,15.02963638305664
2023-01-18,14.872405052185059
2023-01-19,14.622679710388184
2023-01-20,14.752166748046875
2023-01-23,14.955643653869629
2023-01-24,14.955643653869629
2023-01-25,14.918648719787598
2023-01-26,15.001888275146484
2023-01-27,14.927897453308105
2023-01-30,14.807661056518555
2023-01-31,14.918648719787598
2023-02-01,14.900152206420898
2023-02-02,15.17762279510498
2023-02-03,15.103628158569336
2023-02-06,14.900152206420898
2023-02-07,15.011138916015625
2023-02-08,14.807661056518555
2023-02-09,15.02038860321045
2023-02-10,15.205368041992188
2023-02-13,15.408844947814941
2023-02-14,15.29786205291748
2023-02-15,15.325606346130371
2023-02-16,15.223865509033203
2023-02-17,15.131377220153809
2023-02-21,14.779914855957031
2023-02-22,14.567187309265137
2023-02-23,14.557938575744629
2023-02-24,14.428452491760254
2023-02-27,14.465449333190918
2023-02-28,14.437701225280762
2023-03-01,14.37295913696289
2023-03-02,14.335960388183594
2023-03-03,14.132484436035156
2023-03-06,14.012245178222656
2023-03-07,13.882761001586914
2023-03-08,13.966001510620117
2023-03-09,13.605290412902832
2023-03-10,13.253828048706055
2023-03-13,12.957859992980957
2023-03-14,13.07809829711914
2023-03-15,12.86536979675293
2023-03-16,13.350503921508789
2023-03-17,13.154582977294922
2023-03-20,13.471785545349121
2023-03-21,13.761000633239746
2023-03-22,13.462458610534668
2023-03-23,13.31318473815918
2023-03-24,13.27586555480957
2023-03-27,14.003568649291992
2023-03-28,13.947590827941895
2023-03-29,14.47937297821045
2023-03-30,14.665961265563965
2023-03-31,14.861879348754883
2023-04-03,15.235057830810547
2023-04-04,15.02981185913086
2023-04-05,14.843221664428711
2023-04-06,14.796573638916016
2023-04-10,14.983161926269531
2023-04-11,14.973834037780762
2023-04-12,14.908528327941895
2023-04-13,14.955175399780273
2023-04-14,14.843221664428711
2023-04-17,14.78724479675293
2023-04-18,14.721939086914062
2023-04-19,13.956920623779297
2023-04-20,13.565081596374512
2023-04-21,13.490446090698242
2023-04-24,13.378493309020996
2023-04-25,13.191903114318848
2023-04-26,13.145254135131836
2023-04-27,13.303855895996094
2023-04-28,13.359831809997559
2023-05-01,13.471785545349121
2023-05-02,13.294527053833008
2023-05-03,13.014642715454102
2023-05-04,12.874699592590332
2023-05-05,13.16391372680664
2023-05-08,13.238547325134277
2023-05-09,13.210559844970703
2023-05-10,13.145254135131836
2023-05-11,12.856040000915527
2023-05-12,12.902685165405273
2023-05-15,13.3318452835083
2023-05-16,13.098607063293457
2023-05-17,13.350503921508789
2023-05-18,13.443798065185547
2023-05-19,13.369163513183594
2023-05-22,13.48111629486084
2023-05-23,13.415809631347656
2023-05-24,13.210559844970703
2023-05-25,13.686365127563477
2023-05-26,14.311441421508789
2023-05-30,14.47937297821045
2023-05-31,13.45312786102295
2023-06-01,13.686365127563477
2023-06-02,14.218146324157715
2023-06-05,14.012896537780762
2023-06-06,14.311441421508789
2023-06-07,14.70328140258789
2023-06-08,14.74059772491455
2023-06-09,14.731268882751465
2023-06-12,15.1884126663208
2023-06-13,15.524272918701172
2023-06-14,15.796793937683105
2023-06-15,16.398221969604492
2023-06-16,16.510988235473633
2023-06-20,15.98473834991455
2023-06-21,15.806192398071289
2023-06-22,15.76860523223877
2023-06-23,15.524277687072754
2023-06-26,15.402109146118164
2023-06-27,15.43970012664795
2023-06-28,15.373921394348145
2023-06-29,15.646438598632812
2023-06-30,15.787398338317871
2023-07-03,15.702821731567383
2023-07-05,15.665234565734863
2023-07-06,15.65583610534668
2023-07-07,15.853181838989258
2023-07-10,15.965944290161133
2023-07-11,16.28545379638672
2023-07-12,16.050518035888672
2023-07-13,16.27605628967285
2023-07-14,15.853181838989258
2023-07-17,16.022329330444336
2023-07-18,16.407615661621094
2023-07-19,16.22907066345215
2023-07-20,16.16329002380371
2023-07-21,16.21967124938965
2023-07-24,16.30424690246582
2023-07-25,16.529783248901367
2023-07-26,16.398221969604492
2023-07-27,16.313644409179688
2023-07-28,16.21967124938965
2023-07-31,16.332441329956055
2023-08-01,16.360631942749023
2023-08-02,16.200878143310547
2023-08-03,16.27605628967285
2023-08-04,16.323040008544922
2023-08-07,16.492189407348633
2023-08-08,16.980850219726562
2023-08-09,16.61435890197754
2023-08-10,16.55797576904297
2023-08-11,16.5391788482666
2023-08-14,16.5391788482666
2023-08-15,16.257261276245117
2023-08-16,16.0129337310791
2023-08-17,15.947152137756348
2023-08-18,15.97534465789795
2023-08-21,16.0129337310791
2023-08-22,15.778003692626953
2023-08-23,15.994138717651367
2023-08-24,15.693428993225098
2023-08-25,15.618246078491211
2023-08-28,15.778003692626953
2023-08-29,15.824986457824707
2023-08-30,16.313644409179688
2023-08-31,15.965944290161133
2023-09-01,16.89627456665039
2023-09-05,16.736522674560547
2023-09-06,16.680139541625977
2023-09-07,16.247867584228516
2023-09-08,16.294849395751953
2023-09-11,16.19148063659668
2023-09-12,16.050518035888672
2023-09-13,15.870710372924805
2023-09-14,16.287113189697266
2023-09-15,16.15462303161621
2023-09-18,16.08837890625
2023-09-19,16.15462303161621
2023-09-20,16.183012008666992
2023-09-21,16.06945037841797
2023-09-22,16.1073055267334
2023-09-25,16.059986114501953
2023-09-26,15.880172729492188
2023-09-27,16.15462303161621
2023-09-28,16.68459129333496
2023-09-29,16.438533782958984
2023-10-02,16.50478172302246
2023-10-03,16.02212905883789
2023-10-04,16.09783935546875
2023-10-05,15.889640808105469
2023-10-06,15.927492141723633
2023-10-09,15.946422576904297
2023-10-10,16.02212905883789
2023-10-11,16.239797592163086
2023-10-12,16.041057586669922
2023-10-13,15.596261024475098
2023-10-16,16.19247817993164
2023-10-17,16.06945037841797
2023-10-18,15.785538673400879
2023-10-19,15.42591381072998
2023-10-20,14.413291931152344
2023-10-23,14.384902000427246
2023-10-24,14.470073699951172
2023-10-25,14.328119277954102
2023-10-26,14.318655967712402
2023-10-27,14.394366264343262
2023-10-30,14.47953987121582
2023-10-31,14.55525016784668
2023-11-01,14.697205543518066
2023-11-02,14.753988265991211
2023-11-03,15.075756072998047
2023-11-06,15.056827545166016
2023-11-07,14.90540885925293
2023-11-08,14.895944595336914
2023-11-09,14.782378196716309
2023-11-10,15.104146003723145
2023-11-13,15.14200210571289
2023-11-14,15.539478302001953
2023-11-15,15.567870140075684
2023-11-16,14.895944595336914
2023-11-17,15.075756072998047
2023-11-20,14.981118202209473
2023-11-21,14.782378196716309
2023-11-22,14.933798789978027
2023-11-24,14.981118202209473
2023-11-27,14.76345157623291
2023-11-28,14.687742233276367
2023-11-29,15.634119033813477
2023-11-30,16.003204345703125
2023-12-01,15.984274864196777
2023-12-04,15.653045654296875
2023-12-05,15.217711448669434
2023-12-06,15.028436660766602
2023-12-07,15.25556755065918
2023-12-08,15.350203514099121
2023-12-11,15.766609191894531
2023-12-12,15.614001274108887
2023-12-13,15.814300537109375
2023-12-14,16.27213478088379
2023-12-15,15.947834014892578
2023-12-18,16.014604568481445
2023-12-19,16.05275535583496
2023-12-20,15.966915130615234
2023-12-21,16.21490478515625
2023-12-22,16.300748825073242
2023-12-26,16.434280395507812
2023-12-27,16.300748825073242
2023-12-28,16.377052307128906
2023-12-29,16.195829391479492
2024-01-02,16.148136138916016
2024-01-03,16.2530574798584
2024-01-04,16.21490478515625
2024-01-05,16.377052307128906
2024-01-08,16.901653289794922
2024-01-09,15.394619941711426
2024-01-10,15.671229362487793
2024-01-11,15.614001274108887
2024-01-12,15.156166076660156
2024-01-16,14.602952003479004
2024-01-17,14.345420837402344
2024-01-18,14.269116401672363
2024-01-19,14.660181045532227
2024-01-22,14.784177780151367
2024-01-23,14.784177780151367
2024-01-24,15.032170295715332
2024-01-25,15.18478012084961
2024-01-26,15.108474731445312
2024-01-29,15.070322036743164
2024-01-30,15.156166076660156
2024-01-31,14.583874702453613
2024-02-01,14.650642395019531
2024-02-02,14.698334693908691
2024-02-05,14.574337005615234
2024-02-06,14.574337005615234
2024-02-07,14.55526065826416
2024-02-08,14.784177780151367
2024-02-09,14.76509952545166
2024-02-12,14.889097213745117
2024-02-13,14.526644706726074
2024-02-14,14.526644706726074
2024-02-15,14.55526065826416
2024-02-16,14.240500450134277
2024-02-20,14.31680679321289
2024-02-21,14.22142505645752
2024-02-22,14.374035835266113
2024-02-23,14.412188529968262
2024-02-26,14.240500450134277
2024-02-27,14.202347755432129
2024-02-28,14.173733711242676
2024-02-29,14.526644706726074
2024-03-01,14.841405868530273
2024-03-04,16.35797882080078
2024-03-05,17.26410484313965
2024-03-06,17.90316390991211
2024-03-07,17.340410232543945
2024-03-08,17.159183502197266
2024-03-11,17.206876754760742
2024-03-12,17.216411590576172
2024-03-13,17.073339462280273
2024-03-14,16.842750549316406
2024-03-15,16.074111938476562
2024-03-18,16.391176223754883
2024-03-19,16.12215232849121
2024-03-20,16.266271591186523
2024-03-21,16.535293579101562
2024-03-22,16.689022064208984
2024-03-25,16.737062454223633
2024-03-26,16.996477127075195
2024-03-27,16.97726058959961
2024-03-28,17.034910202026367
2024-04-01,17.236675262451172
2024-04-02,17.006086349487305
2024-04-03,17.47687530517578
2024-04-04,17.236675262451172
2024-04-05,17.294326782226562
2024-04-08,17.4288330078125
2024-04-09,17.313539505004883
2024-04-10,17.294326782226562
2024-04-11,17.236675262451172
2024-04-12,16.737062454223633
2024-04-15,16.583332061767578
2024-04-16,16.468040466308594
2024-04-17,16.362354278564453
2024-04-18,16.371959686279297
2024-04-19,16.131763458251953
2024-04-22,16.170190811157227
2024-04-23,16.170190811157227
2024-04-24,16.266271591186523
2024-04-25,16.304704666137695
2024-04-26,16.496862411499023
2024-04-29,16.506473541259766
2024-04-30,16.333528518676758
2024-05-01,15.79548168182373
2024-05-02,15.881953239440918
2024-05-03,16.199016571044922
2024-05-06,16.487255096435547
2024-05-07,16.199016571044922
2024-05-08,16.506473541259766
2024-05-09,16.391176223754883
2024-05-10,16.391176223754883
2024-05-13,16.698631286621094
2024-05-14,16.958044052124023
2024-05-15,17.265501022338867
2024-05-16,17.188636779785156
2024-05-17,17.159814834594727
2024-05-20,17.102163314819336
2024-05-21,17.082948684692383
2024-05-22,17.43844223022461
2024-05-23,17.524913787841797
2024-05-24,17.688249588012695
2024-05-28,17.688249588012695
2024-05-29,17.467267990112305
2024-05-30,17.7939395904541
2024-05-31,16.958044052124023
2024-06-03,17.246286392211914
2024-06-04,16.910005569458008
2024-06-05,18.71630096435547
2024-06-06,18.82198715209961
2024-06-07,19.244739532470703
2024-06-10,19.782785415649414
2024-06-11,19.75395965576172
2024-06-12,20.090238571166992
2024-06-13,20.90691566467285
2024-06-14,20.75318717956543
2024-06-17,20.810836791992188
2024-06-18,21.1104793548584
2024-06-20,20.76250457763672
2024-06-21,20.221210479736328
2024-06-24,19.786239624023438
2024-06-25,20.414531707763672
2024-06-26,20.221210479736328
2024-06-27,20.337203979492188
2024-06-28,20.462860107421875
2024-07-01,20.45319366455078
2024-07-02,20.414531707763672
2024-07-03,19.979562759399414
2024-07-05,19.863569259643555
2024-07-08,20.192214965820312
2024-07-09,20.540189743041992
2024-07-10,20.6368465423584
2024-07-11,20.491859436035156
2024-07-12,20.462860107421875
2024-07-15,20.72384262084961
2024-07-16,20.714176177978516
2024-07-17,20.114885330200195
2024-07-18,19.979562759399414
2024-07-19,19.795907974243164
2024-07-22,19.90223503112793
2024-07-23,19.853906631469727
2024-07-24,19.380271911621094
2024-07-25,18.80031394958496
2024-07-26,19.099960327148438
2024-07-29,18.76165008544922
2024-07-30,18.375011444091797
2024-07-31,19.24494743347168
2024-08-01,18.442670822143555
2024-08-02,17.427745819091797
2024-08-05,16.77046012878418
2024-08-06,16.67380142211914
2024-08-07,16.161502838134766
2024-08-08,16.731796264648438
2024-08-09,16.760793685913086
2024-08-12,16.61580467224121
2024-08-13,17.205427169799805
2024-08-14,17.186098098754883
2024-08-15,18.13336181640625
2024-08-16,18.046367645263672
2024-08-19,18.24935531616211
2024-08-20,18.143030166625977
2024-08-21,18.24935531616211
2024-08-22,18.143030166625977
2024-08-23,18.568328857421875
2024-08-26,18.53933334350586
2024-08-27,18.462003707885742
2024-08-28,18.365346908569336
2024-08-29,18.056034088134766
2024-08-30,18.722986221313477
2024-09-03,18.42333984375
2024-09-04,18.143030166625977
2024-09-05,17.05077362060547
2024-09-06,16.944448471069336
2024-09-09,17.012107849121094
2024-09-10,15.562213897705078
2024-09-11,15.852191925048828
2024-09-12,16.29682731628418
2024-09-13,16.57714080810547
2024-09-16,16.65446662902832
2024-09-17,17.59206771850586
2024-09-18,17.6887264251709
2024-09-19,18.35071563720703
2024-09-20,18.311771392822266
2024-09-23,18.33124542236328
2024-09-24,18.379920959472656
2024-09-25,19.324228286743164
2024-09-26,19.810985565185547
2024-09-27,19.60654640197754
2024-09-30,19.91806983947754
2024-10-01,19.421581268310547
2024-10-02,19.957012176513672
2024-10-03,19.810985565185547
2024-10-04,20.073833465576172
2024-10-07,20.307477951049805
2024-10-08,20.414560317993164
2024-10-09,20.29774284362793
2024-10-10,19.995952606201172
2024-10-11,20.122509002685547
2024-10-14,20.17118263244629
2024-10-15,20.190654754638672
2024-10-16,20.336681365966797
2024-10-17,20.385356903076172
2024-10-18,20.141979217529297
2024-10-21,19.441049575805664
2024-10-22,19.36316680908203
2024-10-23,18.79853057861328
2024-10-24,18.886146545410156
2024-10-25,18.94455909729004
2024-10-28,19.207406997680664
2024-10-29,19.343698501586914
2024-10-30,19.801250457763672
2024-10-31,18.973764419555664
2024-11-01,19.52866554260254
2024-11-04,19.479990005493164
2024-11-05,19.47025489807129
2024-11-06,20.76502799987793
2024-11-07,20.872114181518555
2024-11-08,21.456220626831055
2024-11-11,21.436752319335938
2024-11-12,21.154430389404297
2024-11-13,21.27125358581543
2024-11-14,20.774763107299805
2024-11-15,20.511913299560547
2024-11-18,20.813701629638672
2024-11-19,20.959732055664062
2024-11-20,20.619001388549805
2024-11-21,21.164165496826172
2024-11-22,21.514631271362305
2024-11-25,21.62171745300293
2024-11-26,21.543834686279297
2024-11-27,20.249065399169922
2024-11-29,20.657939910888672
2024-12-02,20.68714714050293
2024-12-03,20.735820770263672
2024-12-04,21.183637619018555
2024-12-05,21.076549530029297
2024-12-06,23.315629959106445
2024-12-09,22.497880935668945
2024-12-10,21.339399337768555
2024-12-11,21.32966423034668
2024-12-12,21.25178337097168
2024-12-13,21.25178337097168
2024-12-16,21.27125358581543
2024-12-17,20.969463348388672
2024-12-18,20.044628143310547
2024-12-19,20.336681365966797
2024-12-20,21.169347763061523
2024-12-23,21.37506675720215
2024-12-24,21.443639755249023
2024-12-26,21.580785751342773
2024-12-27,21.208532333374023
2024-12-30,20.96363067626953
2024-12-31,20.914649963378906
