Date,HWM
2010-01-04,
2010-01-05,
2010-01-06,
2010-01-07,
2010-01-08,
2010-01-11,
2010-01-12,
2010-01-13,
2010-01-14,
2010-01-15,
2010-01-19,
2010-01-20,
2010-01-21,
2010-01-22,
2010-01-25,
2010-01-26,
2010-01-27,
2010-01-28,
2010-01-29,
2010-02-01,
2010-02-02,
2010-02-03,
2010-02-04,
2010-02-05,
2010-02-08,
2010-02-09,
2010-02-10,
2010-02-11,
2010-02-12,
2010-02-16,
2010-02-17,
2010-02-18,
2010-02-19,
2010-02-22,
2010-02-23,
2010-02-24,
2010-02-25,
2010-02-26,
2010-03-01,
2010-03-02,
2010-03-03,
2010-03-04,
2010-03-05,
2010-03-08,
2010-03-09,
2010-03-10,
2010-03-11,
2010-03-12,
2010-03-15,
2010-03-16,
2010-03-17,
2010-03-18,
2010-03-19,
2010-03-22,
2010-03-23,
2010-03-24,
2010-03-25,
2010-03-26,
2010-03-29,
2010-03-30,
2010-03-31,
2010-04-01,
2010-04-05,
2010-04-06,
2010-04-07,
2010-04-08,
2010-04-09,
2010-04-12,
2010-04-13,
2010-04-14,
2010-04-15,
2010-04-16,
2010-04-19,
2010-04-20,
2010-04-21,
2010-04-22,
2010-04-23,
2010-04-26,
2010-04-27,
2010-04-28,
2010-04-29,
2010-04-30,
2010-05-03,
2010-05-04,
2010-05-05,
2010-05-06,
2010-05-07,
2010-05-10,
2010-05-11,
2010-05-12,
2010-05-13,
2010-05-14,
2010-05-17,
2010-05-18,
2010-05-19,
2010-05-20,
2010-05-21,
2010-05-24,
2010-05-25,
2010-05-26,
2010-05-27,
2010-05-28,
2010-06-01,
2010-06-02,
2010-06-03,
2010-06-04,
2010-06-07,
2010-06-08,
2010-06-09,
2010-06-10,
2010-06-11,
2010-06-14,
2010-06-15,
2010-06-16,
2010-06-17,
2010-06-18,
2010-06-21,
2010-06-22,
2010-06-23,
2010-06-24,
2010-06-25,
2010-06-28,
2010-06-29,
2010-06-30,
2010-07-01,
2010-07-02,
2010-07-06,
2010-07-07,
2010-07-08,
2010-07-09,
2010-07-12,
2010-07-13,
2010-07-14,
2010-07-15,
2010-07-16,
2010-07-19,
2010-07-20,
2010-07-21,
2010-07-22,
2010-07-23,
2010-07-26,
2010-07-27,
2010-07-28,
2010-07-29,
2010-07-30,
2010-08-02,
2010-08-03,
2010-08-04,
2010-08-05,
2010-08-06,
2010-08-09,
2010-08-10,
2010-08-11,
2010-08-12,
2010-08-13,
2010-08-16,
2010-08-17,
2010-08-18,
2010-08-19,
2010-08-20,
2010-08-23,
2010-08-24,
2010-08-25,
2010-08-26,
2010-08-27,
2010-08-30,
2010-08-31,
2010-09-01,
2010-09-02,
2010-09-03,
2010-09-07,
2010-09-08,
2010-09-09,
2010-09-10,
2010-09-13,
2010-09-14,
2010-09-15,
2010-09-16,
2010-09-17,
2010-09-20,
2010-09-21,
2010-09-22,
2010-09-23,
2010-09-24,
2010-09-27,
2010-09-28,
2010-09-29,
2010-09-30,
2010-10-01,
2010-10-04,
2010-10-05,
2010-10-06,
2010-10-07,
2010-10-08,
2010-10-11,
2010-10-12,
2010-10-13,
2010-10-14,
2010-10-15,
2010-10-18,
2010-10-19,
2010-10-20,
2010-10-21,
2010-10-22,
2010-10-25,
2010-10-26,
2010-10-27,
2010-10-28,
2010-10-29,
2010-11-01,
2010-11-02,
2010-11-03,
2010-11-04,
2010-11-05,
2010-11-08,
2010-11-09,
2010-11-10,
2010-11-11,
2010-11-12,
2010-11-15,
2010-11-16,
2010-11-17,
2010-11-18,
2010-11-19,
2010-11-22,
2010-11-23,
2010-11-24,
2010-11-26,
2010-11-29,
2010-11-30,
2010-12-01,
2010-12-02,
2010-12-03,
2010-12-06,
2010-12-07,
2010-12-08,
2010-12-09,
2010-12-10,
2010-12-13,
2010-12-14,
2010-12-15,
2010-12-16,
2010-12-17,
2010-12-20,
2010-12-21,
2010-12-22,
2010-12-23,
2010-12-27,
2010-12-28,
2010-12-29,
2010-12-30,
2010-12-31,
2011-01-03,
2011-01-04,
2011-01-05,
2011-01-06,
2011-01-07,
2011-01-10,
2011-01-11,
2011-01-12,
2011-01-13,
2011-01-14,
2011-01-18,
2011-01-19,
2011-01-20,
2011-01-21,
2011-01-24,
2011-01-25,
2011-01-26,
2011-01-27,
2011-01-28,
2011-01-31,
2011-02-01,
2011-02-02,
2011-02-03,
2011-02-04,
2011-02-07,
2011-02-08,
2011-02-09,
2011-02-10,
2011-02-11,
2011-02-14,
2011-02-15,
2011-02-16,
2011-02-17,
2011-02-18,
2011-02-22,
2011-02-23,
2011-02-24,
2011-02-25,
2011-02-28,
2011-03-01,
2011-03-02,
2011-03-03,
2011-03-04,
2011-03-07,
2011-03-08,
2011-03-09,
2011-03-10,
2011-03-11,
2011-03-14,
2011-03-15,
2011-03-16,
2011-03-17,
2011-03-18,
2011-03-21,
2011-03-22,
2011-03-23,
2011-03-24,
2011-03-25,
2011-03-28,
2011-03-29,
2011-03-30,
2011-03-31,
2011-04-01,
2011-04-04,
2011-04-05,
2011-04-06,
2011-04-07,
2011-04-08,
2011-04-11,
2011-04-12,
2011-04-13,
2011-04-14,
2011-04-15,
2011-04-18,
2011-04-19,
2011-04-20,
2011-04-21,
2011-04-25,
2011-04-26,
2011-04-27,
2011-04-28,
2011-04-29,
2011-05-02,
2011-05-03,
2011-05-04,
2011-05-05,
2011-05-06,
2011-05-09,
2011-05-10,
2011-05-11,
2011-05-12,
2011-05-13,
2011-05-16,
2011-05-17,
2011-05-18,
2011-05-19,
2011-05-20,
2011-05-23,
2011-05-24,
2011-05-25,
2011-05-26,
2011-05-27,
2011-05-31,
2011-06-01,
2011-06-02,
2011-06-03,
2011-06-06,
2011-06-07,
2011-06-08,
2011-06-09,
2011-06-10,
2011-06-13,
2011-06-14,
2011-06-15,
2011-06-16,
2011-06-17,
2011-06-20,
2011-06-21,
2011-06-22,
2011-06-23,
2011-06-24,
2011-06-27,
2011-06-28,
2011-06-29,
2011-06-30,
2011-07-01,
2011-07-05,
2011-07-06,
2011-07-07,
2011-07-08,
2011-07-11,
2011-07-12,
2011-07-13,
2011-07-14,
2011-07-15,
2011-07-18,
2011-07-19,
2011-07-20,
2011-07-21,
2011-07-22,
2011-07-25,
2011-07-26,
2011-07-27,
2011-07-28,
2011-07-29,
2011-08-01,
2011-08-02,
2011-08-03,
2011-08-04,
2011-08-05,
2011-08-08,
2011-08-09,
2011-08-10,
2011-08-11,
2011-08-12,
2011-08-15,
2011-08-16,
2011-08-17,
2011-08-18,
2011-08-19,
2011-08-22,
2011-08-23,
2011-08-24,
2011-08-25,
2011-08-26,
2011-08-29,
2011-08-30,
2011-08-31,
2011-09-01,
2011-09-02,
2011-09-06,
2011-09-07,
2011-09-08,
2011-09-09,
2011-09-12,
2011-09-13,
2011-09-14,
2011-09-15,
2011-09-16,
2011-09-19,
2011-09-20,
2011-09-21,
2011-09-22,
2011-09-23,
2011-09-26,
2011-09-27,
2011-09-28,
2011-09-29,
2011-09-30,
2011-10-03,
2011-10-04,
2011-10-05,
2011-10-06,
2011-10-07,
2011-10-10,
2011-10-11,
2011-10-12,
2011-10-13,
2011-10-14,
2011-10-17,
2011-10-18,
2011-10-19,
2011-10-20,
2011-10-21,
2011-10-24,
2011-10-25,
2011-10-26,
2011-10-27,
2011-10-28,
2011-10-31,
2011-11-01,
2011-11-02,
2011-11-03,
2011-11-04,
2011-11-07,
2011-11-08,
2011-11-09,
2011-11-10,
2011-11-11,
2011-11-14,
2011-11-15,
2011-11-16,
2011-11-17,
2011-11-18,
2011-11-21,
2011-11-22,
2011-11-23,
2011-11-25,
2011-11-28,
2011-11-29,
2011-11-30,
2011-12-01,
2011-12-02,
2011-12-05,
2011-12-06,
2011-12-07,
2011-12-08,
2011-12-09,
2011-12-12,
2011-12-13,
2011-12-14,
2011-12-15,
2011-12-16,
2011-12-19,
2011-12-20,
2011-12-21,
2011-12-22,
2011-12-23,
2011-12-27,
2011-12-28,
2011-12-29,
2011-12-30,
2012-01-03,
2012-01-04,
2012-01-05,
2012-01-06,
2012-01-09,
2012-01-10,
2012-01-11,
2012-01-12,
2012-01-13,
2012-01-17,
2012-01-18,
2012-01-19,
2012-01-20,
2012-01-23,
2012-01-24,
2012-01-25,
2012-01-26,
2012-01-27,
2012-01-30,
2012-01-31,
2012-02-01,
2012-02-02,
2012-02-03,
2012-02-06,
2012-02-07,
2012-02-08,
2012-02-09,
2012-02-10,
2012-02-13,
2012-02-14,
2012-02-15,
2012-02-16,
2012-02-17,
2012-02-21,
2012-02-22,
2012-02-23,
2012-02-24,
2012-02-27,
2012-02-28,
2012-02-29,
2012-03-01,
2012-03-02,
2012-03-05,
2012-03-06,
2012-03-07,
2012-03-08,
2012-03-09,
2012-03-12,
2012-03-13,
2012-03-14,
2012-03-15,
2012-03-16,
2012-03-19,
2012-03-20,
2012-03-21,
2012-03-22,
2012-03-23,
2012-03-26,
2012-03-27,
2012-03-28,
2012-03-29,
2012-03-30,
2012-04-02,
2012-04-03,
2012-04-04,
2012-04-05,
2012-04-09,
2012-04-10,
2012-04-11,
2012-04-12,
2012-04-13,
2012-04-16,
2012-04-17,
2012-04-18,
2012-04-19,
2012-04-20,
2012-04-23,
2012-04-24,
2012-04-25,
2012-04-26,
2012-04-27,
2012-04-30,
2012-05-01,
2012-05-02,
2012-05-03,
2012-05-04,
2012-05-07,
2012-05-08,
2012-05-09,
2012-05-10,
2012-05-11,
2012-05-14,
2012-05-15,
2012-05-16,
2012-05-17,
2012-05-18,
2012-05-21,
2012-05-22,
2012-05-23,
2012-05-24,
2012-05-25,
2012-05-29,
2012-05-30,
2012-05-31,
2012-06-01,
2012-06-04,
2012-06-05,
2012-06-06,
2012-06-07,
2012-06-08,
2012-06-11,
2012-06-12,
2012-06-13,
2012-06-14,
2012-06-15,
2012-06-18,
2012-06-19,
2012-06-20,
2012-06-21,
2012-06-22,
2012-06-25,
2012-06-26,
2012-06-27,
2012-06-28,
2012-06-29,
2012-07-02,
2012-07-03,
2012-07-05,
2012-07-06,
2012-07-09,
2012-07-10,
2012-07-11,
2012-07-12,
2012-07-13,
2012-07-16,
2012-07-17,
2012-07-18,
2012-07-19,
2012-07-20,
2012-07-23,
2012-07-24,
2012-07-25,
2012-07-26,
2012-07-27,
2012-07-30,
2012-07-31,
2012-08-01,
2012-08-02,
2012-08-03,
2012-08-06,
2012-08-07,
2012-08-08,
2012-08-09,
2012-08-10,
2012-08-13,
2012-08-14,
2012-08-15,
2012-08-16,
2012-08-17,
2012-08-20,
2012-08-21,
2012-08-22,
2012-08-23,
2012-08-24,
2012-08-27,
2012-08-28,
2012-08-29,
2012-08-30,
2012-08-31,
2012-09-04,
2012-09-05,
2012-09-06,
2012-09-07,
2012-09-10,
2012-09-11,
2012-09-12,
2012-09-13,
2012-09-14,
2012-09-17,
2012-09-18,
2012-09-19,
2012-09-20,
2012-09-21,
2012-09-24,
2012-09-25,
2012-09-26,
2012-09-27,
2012-09-28,
2012-10-01,
2012-10-02,
2012-10-03,
2012-10-04,
2012-10-05,
2012-10-08,
2012-10-09,
2012-10-10,
2012-10-11,
2012-10-12,
2012-10-15,
2012-10-16,
2012-10-17,
2012-10-18,
2012-10-19,
2012-10-22,
2012-10-23,
2012-10-24,
2012-10-25,
2012-10-26,
2012-10-31,
2012-11-01,
2012-11-02,
2012-11-05,
2012-11-06,
2012-11-07,
2012-11-08,
2012-11-09,
2012-11-12,
2012-11-13,
2012-11-14,
2012-11-15,
2012-11-16,
2012-11-19,
2012-11-20,
2012-11-21,
2012-11-23,
2012-11-26,
2012-11-27,
2012-11-28,
2012-11-29,
2012-11-30,
2012-12-03,
2012-12-04,
2012-12-05,
2012-12-06,
2012-12-07,
2012-12-10,
2012-12-11,
2012-12-12,
2012-12-13,
2012-12-14,
2012-12-17,
2012-12-18,
2012-12-19,
2012-12-20,
2012-12-21,
2012-12-24,
2012-12-26,
2012-12-27,
2012-12-28,
2012-12-31,
2013-01-02,
2013-01-03,
2013-01-04,
2013-01-07,
2013-01-08,
2013-01-09,
2013-01-10,
2013-01-11,
2013-01-14,
2013-01-15,
2013-01-16,
2013-01-17,
2013-01-18,
2013-01-22,
2013-01-23,
2013-01-24,
2013-01-25,
2013-01-28,
2013-01-29,
2013-01-30,
2013-01-31,
2013-02-01,
2013-02-04,
2013-02-05,
2013-02-06,
2013-02-07,
2013-02-08,
2013-02-11,
2013-02-12,
2013-02-13,
2013-02-14,
2013-02-15,
2013-02-19,
2013-02-20,
2013-02-21,
2013-02-22,
2013-02-25,
2013-02-26,
2013-02-27,
2013-02-28,
2013-03-01,
2013-03-04,
2013-03-05,
2013-03-06,
2013-03-07,
2013-03-08,
2013-03-11,
2013-03-12,
2013-03-13,
2013-03-14,
2013-03-15,
2013-03-18,
2013-03-19,
2013-03-20,
2013-03-21,
2013-03-22,
2013-03-25,
2013-03-26,
2013-03-27,
2013-03-28,
2013-04-01,
2013-04-02,
2013-04-03,
2013-04-04,
2013-04-05,
2013-04-08,
2013-04-09,
2013-04-10,
2013-04-11,
2013-04-12,
2013-04-15,
2013-04-16,
2013-04-17,
2013-04-18,
2013-04-19,
2013-04-22,
2013-04-23,
2013-04-24,
2013-04-25,
2013-04-26,
2013-04-29,
2013-04-30,
2013-05-01,
2013-05-02,
2013-05-03,
2013-05-06,
2013-05-07,
2013-05-08,
2013-05-09,
2013-05-10,
2013-05-13,
2013-05-14,
2013-05-15,
2013-05-16,
2013-05-17,
2013-05-20,
2013-05-21,
2013-05-22,
2013-05-23,
2013-05-24,
2013-05-28,
2013-05-29,
2013-05-30,
2013-05-31,
2013-06-03,
2013-06-04,
2013-06-05,
2013-06-06,
2013-06-07,
2013-06-10,
2013-06-11,
2013-06-12,
2013-06-13,
2013-06-14,
2013-06-17,
2013-06-18,
2013-06-19,
2013-06-20,
2013-06-21,
2013-06-24,
2013-06-25,
2013-06-26,
2013-06-27,
2013-06-28,
2013-07-01,
2013-07-02,
2013-07-03,
2013-07-05,
2013-07-08,
2013-07-09,
2013-07-10,
2013-07-11,
2013-07-12,
2013-07-15,
2013-07-16,
2013-07-17,
2013-07-18,
2013-07-19,
2013-07-22,
2013-07-23,
2013-07-24,
2013-07-25,
2013-07-26,
2013-07-29,
2013-07-30,
2013-07-31,
2013-08-01,
2013-08-02,
2013-08-05,
2013-08-06,
2013-08-07,
2013-08-08,
2013-08-09,
2013-08-12,
2013-08-13,
2013-08-14,
2013-08-15,
2013-08-16,
2013-08-19,
2013-08-20,
2013-08-21,
2013-08-22,
2013-08-23,
2013-08-26,
2013-08-27,
2013-08-28,
2013-08-29,
2013-08-30,
2013-09-03,
2013-09-04,
2013-09-05,
2013-09-06,
2013-09-09,
2013-09-10,
2013-09-11,
2013-09-12,
2013-09-13,
2013-09-16,
2013-09-17,
2013-09-18,
2013-09-19,
2013-09-20,
2013-09-23,
2013-09-24,
2013-09-25,
2013-09-26,
2013-09-27,
2013-09-30,
2013-10-01,
2013-10-02,
2013-10-03,
2013-10-04,
2013-10-07,
2013-10-08,
2013-10-09,
2013-10-10,
2013-10-11,
2013-10-14,
2013-10-15,
2013-10-16,
2013-10-17,
2013-10-18,
2013-10-21,
2013-10-22,
2013-10-23,
2013-10-24,
2013-10-25,
2013-10-28,
2013-10-29,
2013-10-30,
2013-10-31,
2013-11-01,
2013-11-04,
2013-11-05,
2013-11-06,
2013-11-07,
2013-11-08,
2013-11-11,
2013-11-12,
2013-11-13,
2013-11-14,
2013-11-15,
2013-11-18,
2013-11-19,
2013-11-20,
2013-11-21,
2013-11-22,
2013-11-25,
2013-11-26,
2013-11-27,
2013-11-29,
2013-12-02,
2013-12-03,
2013-12-04,
2013-12-05,
2013-12-06,
2013-12-09,
2013-12-10,
2013-12-11,
2013-12-12,
2013-12-13,
2013-12-16,
2013-12-17,
2013-12-18,
2013-12-19,
2013-12-20,
2013-12-23,
2013-12-24,
2013-12-26,
2013-12-27,
2013-12-30,
2013-12-31,
2014-01-02,
2014-01-03,
2014-01-06,
2014-01-07,
2014-01-08,
2014-01-09,
2014-01-10,
2014-01-13,
2014-01-14,
2014-01-15,
2014-01-16,
2014-01-17,
2014-01-21,
2014-01-22,
2014-01-23,
2014-01-24,
2014-01-27,
2014-01-28,
2014-01-29,
2014-01-30,
2014-01-31,
2014-02-03,
2014-02-04,
2014-02-05,
2014-02-06,
2014-02-07,
2014-02-10,
2014-02-11,
2014-02-12,
2014-02-13,
2014-02-14,
2014-02-18,
2014-02-19,
2014-02-20,
2014-02-21,
2014-02-24,
2014-02-25,
2014-02-26,
2014-02-27,
2014-02-28,
2014-03-03,
2014-03-04,
2014-03-05,
2014-03-06,
2014-03-07,
2014-03-10,
2014-03-11,
2014-03-12,
2014-03-13,
2014-03-14,
2014-03-17,
2014-03-18,
2014-03-19,
2014-03-20,
2014-03-21,
2014-03-24,
2014-03-25,
2014-03-26,
2014-03-27,
2014-03-28,
2014-03-31,
2014-04-01,
2014-04-02,
2014-04-03,
2014-04-04,
2014-04-07,
2014-04-08,
2014-04-09,
2014-04-10,
2014-04-11,
2014-04-14,
2014-04-15,
2014-04-16,
2014-04-17,
2014-04-21,
2014-04-22,
2014-04-23,
2014-04-24,
2014-04-25,
2014-04-28,
2014-04-29,
2014-04-30,
2014-05-01,
2014-05-02,
2014-05-05,
2014-05-06,
2014-05-07,
2014-05-08,
2014-05-09,
2014-05-12,
2014-05-13,
2014-05-14,
2014-05-15,
2014-05-16,
2014-05-19,
2014-05-20,
2014-05-21,
2014-05-22,
2014-05-23,
2014-05-27,
2014-05-28,
2014-05-29,
2014-05-30,
2014-06-02,
2014-06-03,
2014-06-04,
2014-06-05,
2014-06-06,
2014-06-09,
2014-06-10,
2014-06-11,
2014-06-12,
2014-06-13,
2014-06-16,
2014-06-17,
2014-06-18,
2014-06-19,
2014-06-20,
2014-06-23,
2014-06-24,
2014-06-25,
2014-06-26,
2014-06-27,
2014-06-30,
2014-07-01,
2014-07-02,
2014-07-03,
2014-07-07,
2014-07-08,
2014-07-09,
2014-07-10,
2014-07-11,
2014-07-14,
2014-07-15,
2014-07-16,
2014-07-17,
2014-07-18,
2014-07-21,
2014-07-22,
2014-07-23,
2014-07-24,
2014-07-25,
2014-07-28,
2014-07-29,
2014-07-30,
2014-07-31,
2014-08-01,
2014-08-04,
2014-08-05,
2014-08-06,
2014-08-07,
2014-08-08,
2014-08-11,
2014-08-12,
2014-08-13,
2014-08-14,
2014-08-15,
2014-08-18,
2014-08-19,
2014-08-20,
2014-08-21,
2014-08-22,
2014-08-25,
2014-08-26,
2014-08-27,
2014-08-28,
2014-08-29,
2014-09-02,
2014-09-03,
2014-09-04,
2014-09-05,
2014-09-08,
2014-09-09,
2014-09-10,
2014-09-11,
2014-09-12,
2014-09-15,
2014-09-16,
2014-09-17,
2014-09-18,
2014-09-19,
2014-09-22,
2014-09-23,
2014-09-24,
2014-09-25,
2014-09-26,
2014-09-29,
2014-09-30,
2014-10-01,
2014-10-02,
2014-10-03,
2014-10-06,
2014-10-07,
2014-10-08,
2014-10-09,
2014-10-10,
2014-10-13,
2014-10-14,
2014-10-15,
2014-10-16,
2014-10-17,
2014-10-20,
2014-10-21,
2014-10-22,
2014-10-23,
2014-10-24,
2014-10-27,
2014-10-28,
2014-10-29,
2014-10-30,
2014-10-31,
2014-11-03,
2014-11-04,
2014-11-05,
2014-11-06,
2014-11-07,
2014-11-10,
2014-11-11,
2014-11-12,
2014-11-13,
2014-11-14,
2014-11-17,
2014-11-18,
2014-11-19,
2014-11-20,
2014-11-21,
2014-11-24,
2014-11-25,
2014-11-26,
2014-11-28,
2014-12-01,
2014-12-02,
2014-12-03,
2014-12-04,
2014-12-05,
2014-12-08,
2014-12-09,
2014-12-10,
2014-12-11,
2014-12-12,
2014-12-15,
2014-12-16,
2014-12-17,
2014-12-18,
2014-12-19,
2014-12-22,
2014-12-23,
2014-12-24,
2014-12-26,
2014-12-29,
2014-12-30,
2014-12-31,
2015-01-02,
2015-01-05,
2015-01-06,
2015-01-07,
2015-01-08,
2015-01-09,
2015-01-12,
2015-01-13,
2015-01-14,
2015-01-15,
2015-01-16,
2015-01-20,
2015-01-21,
2015-01-22,
2015-01-23,
2015-01-26,
2015-01-27,
2015-01-28,
2015-01-29,
2015-01-30,
2015-02-02,
2015-02-03,
2015-02-04,
2015-02-05,
2015-02-06,
2015-02-09,
2015-02-10,
2015-02-11,
2015-02-12,
2015-02-13,
2015-02-17,
2015-02-18,
2015-02-19,
2015-02-20,
2015-02-23,
2015-02-24,
2015-02-25,
2015-02-26,
2015-02-27,
2015-03-02,
2015-03-03,
2015-03-04,
2015-03-05,
2015-03-06,
2015-03-09,
2015-03-10,
2015-03-11,
2015-03-12,
2015-03-13,
2015-03-16,
2015-03-17,
2015-03-18,
2015-03-19,
2015-03-20,
2015-03-23,
2015-03-24,
2015-03-25,
2015-03-26,
2015-03-27,
2015-03-30,
2015-03-31,
2015-04-01,
2015-04-02,
2015-04-06,
2015-04-07,
2015-04-08,
2015-04-09,
2015-04-10,
2015-04-13,
2015-04-14,
2015-04-15,
2015-04-16,
2015-04-17,
2015-04-20,
2015-04-21,
2015-04-22,
2015-04-23,
2015-04-24,
2015-04-27,
2015-04-28,
2015-04-29,
2015-04-30,
2015-05-01,
2015-05-04,
2015-05-05,
2015-05-06,
2015-05-07,
2015-05-08,
2015-05-11,
2015-05-12,
2015-05-13,
2015-05-14,
2015-05-15,
2015-05-18,
2015-05-19,
2015-05-20,
2015-05-21,
2015-05-22,
2015-05-26,
2015-05-27,
2015-05-28,
2015-05-29,
2015-06-01,
2015-06-02,
2015-06-03,
2015-06-04,
2015-06-05,
2015-06-08,
2015-06-09,
2015-06-10,
2015-06-11,
2015-06-12,
2015-06-15,
2015-06-16,
2015-06-17,
2015-06-18,
2015-06-19,
2015-06-22,
2015-06-23,
2015-06-24,
2015-06-25,
2015-06-26,
2015-06-29,
2015-06-30,
2015-07-01,
2015-07-02,
2015-07-06,
2015-07-07,
2015-07-08,
2015-07-09,
2015-07-10,
2015-07-13,
2015-07-14,
2015-07-15,
2015-07-16,
2015-07-17,
2015-07-20,
2015-07-21,
2015-07-22,
2015-07-23,
2015-07-24,
2015-07-27,
2015-07-28,
2015-07-29,
2015-07-30,
2015-07-31,
2015-08-03,
2015-08-04,
2015-08-05,
2015-08-06,
2015-08-07,
2015-08-10,
2015-08-11,
2015-08-12,
2015-08-13,
2015-08-14,
2015-08-17,
2015-08-18,
2015-08-19,
2015-08-20,
2015-08-21,
2015-08-24,
2015-08-25,
2015-08-26,
2015-08-27,
2015-08-28,
2015-08-31,
2015-09-01,
2015-09-02,
2015-09-03,
2015-09-04,
2015-09-08,
2015-09-09,
2015-09-10,
2015-09-11,
2015-09-14,
2015-09-15,
2015-09-16,
2015-09-17,
2015-09-18,
2015-09-21,
2015-09-22,
2015-09-23,
2015-09-24,
2015-09-25,
2015-09-28,
2015-09-29,
2015-09-30,
2015-10-01,
2015-10-02,
2015-10-05,
2015-10-06,
2015-10-07,
2015-10-08,
2015-10-09,
2015-10-12,
2015-10-13,
2015-10-14,
2015-10-15,
2015-10-16,
2015-10-19,
2015-10-20,
2015-10-21,
2015-10-22,
2015-10-23,
2015-10-26,
2015-10-27,
2015-10-28,
2015-10-29,
2015-10-30,
2015-11-02,
2015-11-03,
2015-11-04,
2015-11-05,
2015-11-06,
2015-11-09,
2015-11-10,
2015-11-11,
2015-11-12,
2015-11-13,
2015-11-16,
2015-11-17,
2015-11-18,
2015-11-19,
2015-11-20,
2015-11-23,
2015-11-24,
2015-11-25,
2015-11-27,
2015-11-30,
2015-12-01,
2015-12-02,
2015-12-03,
2015-12-04,
2015-12-07,
2015-12-08,
2015-12-09,
2015-12-10,
2015-12-11,
2015-12-14,
2015-12-15,
2015-12-16,
2015-12-17,
2015-12-18,
2015-12-21,
2015-12-22,
2015-12-23,
2015-12-24,
2015-12-28,
2015-12-29,
2015-12-30,
2015-12-31,
2016-01-04,
2016-01-05,
2016-01-06,
2016-01-07,
2016-01-08,
2016-01-11,
2016-01-12,
2016-01-13,
2016-01-14,
2016-01-15,
2016-01-19,
2016-01-20,
2016-01-21,
2016-01-22,
2016-01-25,
2016-01-26,
2016-01-27,
2016-01-28,
2016-01-29,
2016-02-01,
2016-02-02,
2016-02-03,
2016-02-04,
2016-02-05,
2016-02-08,
2016-02-09,
2016-02-10,
2016-02-11,
2016-02-12,
2016-02-16,
2016-02-17,
2016-02-18,
2016-02-19,
2016-02-22,
2016-02-23,
2016-02-24,
2016-02-25,
2016-02-26,
2016-02-29,
2016-03-01,
2016-03-02,
2016-03-03,
2016-03-04,
2016-03-07,
2016-03-08,
2016-03-09,
2016-03-10,
2016-03-11,
2016-03-14,
2016-03-15,
2016-03-16,
2016-03-17,
2016-03-18,
2016-03-21,
2016-03-22,
2016-03-23,
2016-03-24,
2016-03-28,
2016-03-29,
2016-03-30,
2016-03-31,
2016-04-01,
2016-04-04,
2016-04-05,
2016-04-06,
2016-04-07,
2016-04-08,
2016-04-11,
2016-04-12,
2016-04-13,
2016-04-14,
2016-04-15,
2016-04-18,
2016-04-19,
2016-04-20,
2016-04-21,
2016-04-22,
2016-04-25,
2016-04-26,
2016-04-27,
2016-04-28,
2016-04-29,
2016-05-02,
2016-05-03,
2016-05-04,
2016-05-05,
2016-05-06,
2016-05-09,
2016-05-10,
2016-05-11,
2016-05-12,
2016-05-13,
2016-05-16,
2016-05-17,
2016-05-18,
2016-05-19,
2016-05-20,
2016-05-23,
2016-05-24,
2016-05-25,
2016-05-26,
2016-05-27,
2016-05-31,
2016-06-01,
2016-06-02,
2016-06-03,
2016-06-06,
2016-06-07,
2016-06-08,
2016-06-09,
2016-06-10,
2016-06-13,
2016-06-14,
2016-06-15,
2016-06-16,
2016-06-17,
2016-06-20,
2016-06-21,
2016-06-22,
2016-06-23,
2016-06-24,
2016-06-27,
2016-06-28,
2016-06-29,
2016-06-30,
2016-07-01,
2016-07-05,
2016-07-06,
2016-07-07,
2016-07-08,
2016-07-11,
2016-07-12,
2016-07-13,
2016-07-14,
2016-07-15,
2016-07-18,
2016-07-19,
2016-07-20,
2016-07-21,
2016-07-22,
2016-07-25,
2016-07-26,
2016-07-27,
2016-07-28,
2016-07-29,
2016-08-01,
2016-08-02,
2016-08-03,
2016-08-04,
2016-08-05,
2016-08-08,
2016-08-09,
2016-08-10,
2016-08-11,
2016-08-12,
2016-08-15,
2016-08-16,
2016-08-17,
2016-08-18,
2016-08-19,
2016-08-22,
2016-08-23,
2016-08-24,
2016-08-25,
2016-08-26,
2016-08-29,
2016-08-30,
2016-08-31,
2016-09-01,
2016-09-02,
2016-09-06,
2016-09-07,
2016-09-08,
2016-09-09,
2016-09-12,
2016-09-13,
2016-09-14,
2016-09-15,
2016-09-16,
2016-09-19,
2016-09-20,
2016-09-21,
2016-09-22,
2016-09-23,
2016-09-26,
2016-09-27,
2016-09-28,
2016-09-29,
2016-09-30,
2016-10-03,
2016-10-04,
2016-10-05,
2016-10-06,
2016-10-07,
2016-10-10,
2016-10-11,
2016-10-12,
2016-10-13,
2016-10-14,
2016-10-17,
2016-10-18,
2016-10-19,
2016-10-20,
2016-10-21,
2016-10-24,
2016-10-25,
2016-10-26,
2016-10-27,
2016-10-28,
2016-10-31,
2016-11-01,13.865301132202148
2016-11-02,13.147124290466309
2016-11-03,12.81734561920166
2016-11-04,12.956585884094238
2016-11-07,12.707420349121094
2016-11-08,12.825284957885742
2016-11-09,12.91368579864502
2016-11-10,13.591415405273438
2016-11-11,13.89344596862793
2016-11-14,14.062878608703613
2016-11-15,14.666938781738281
2016-11-16,14.445940971374512
2016-11-17,14.364912033081055
2016-11-18,14.666938781738281
2016-11-21,14.865837097167969
2016-11-22,14.652205467224121
2016-11-23,14.939506530761719
2016-11-25,15.123671531677246
2016-11-28,14.84373950958252
2016-11-29,14.490141868591309
2016-11-30,14.20284366607666
2016-12-01,14.364912033081055
2016-12-02,14.504873275756836
2016-12-05,14.924772262573242
2016-12-06,14.968972206115723
2016-12-07,15.381501197814941
2016-12-08,15.403603553771973
2016-12-09,16.059228897094727
2016-12-12,15.897167205810547
2016-12-13,15.609868049621582
2016-12-14,15.285733222961426
2016-12-15,15.145769119262695
2016-12-16,14.924772262573242
2016-12-19,14.74797248840332
2016-12-20,14.806902885437012
2016-12-21,14.74797248840332
2016-12-22,14.784806251525879
2016-12-23,14.571174621582031
2016-12-27,14.571174621582031
2016-12-28,14.180746078491211
2016-12-29,13.775579452514648
2016-12-30,13.657713890075684
2017-01-03,14.136544227600098
2017-01-04,14.512242317199707
2017-01-05,14.806902885437012
2017-01-06,15.197336196899414
2017-01-09,15.020537376403809
2017-01-10,15.256269454956055
2017-01-11,15.54356861114502
2017-01-12,15.46989917755127
2017-01-13,15.565669059753418
2017-01-17,15.27837085723877
2017-01-18,15.381501197814941
2017-01-19,15.698269844055176
2017-01-20,15.683530807495117
2017-01-23,15.713000297546387
2017-01-24,16.331790924072266
2017-01-25,16.714855194091797
2017-01-26,16.840087890625
2017-01-27,16.6485595703125
2017-01-30,16.57489776611328
2017-01-31,16.78852653503418
2017-02-01,18.671972274780273
2017-02-02,18.612886428833008
2017-02-03,19.12990951538086
2017-02-06,19.351497650146484
2017-02-07,19.661705017089844
2017-02-08,20.163959503173828
2017-02-09,20.65143585205078
2017-02-10,21.877525329589844
2017-02-13,21.899688720703125
2017-02-14,21.803665161132812
2017-02-15,21.574695587158203
2017-02-16,21.781503677368164
2017-02-17,22.091720581054688
2017-02-21,22.372394561767578
2017-02-22,22.564424514770508
2017-02-23,21.84059715270996
2017-02-24,21.655942916870117
2017-02-27,21.59685707092285
2017-02-28,21.264482498168945
2017-03-01,21.818439483642578
2017-03-02,21.079832077026367
2017-03-03,20.747455596923828
2017-03-06,20.45940399169922
2017-03-07,19.9276065826416
2017-03-08,19.831586837768555
2017-03-09,19.565689086914062
2017-03-10,19.81681251525879
2017-03-13,19.79465103149414
2017-03-14,19.698631286621094
2017-03-15,20.13441276550293
2017-03-16,20.17873191833496
2017-03-17,20.31167984008789
2017-03-20,20.584962844848633
2017-03-21,19.757728576660156
2017-03-22,19.57307243347168
2017-03-23,19.706024169921875
2017-03-24,19.706024169921875
2017-03-27,19.61739158630371
2017-03-28,19.971923828125
2017-03-29,19.351497650146484
2017-03-30,19.61739158630371
2017-03-31,19.45490264892578
2017-04-03,19.336715698242188
2017-04-04,19.48444366455078
2017-04-05,19.122520446777344
2017-04-06,19.32194709777832
2017-04-07,19.5065975189209
2017-04-10,19.595232009887695
2017-04-11,19.639549255371094
2017-04-12,19.09297752380371
2017-04-13,19.12990951538086
2017-04-17,19.71340560913086
2017-04-18,19.056047439575195
2017-04-19,19.181608200073242
2017-04-20,19.285018920898438
2017-04-21,19.203765869140625
2017-04-24,19.27763557434082
2017-04-25,19.9276065826416
2017-04-26,20.31167984008789
2017-04-27,20.10486602783203
2017-04-28,20.186115264892578
2017-05-01,20.12702751159668
2017-05-02,20.05316925048828
2017-05-03,19.823692321777344
2017-05-04,19.705251693725586
2017-05-05,20.208616256713867
2017-05-08,20.045766830444336
2017-05-09,20.179006576538086
2017-05-10,20.193809509277344
2017-05-11,20.141992568969727
2017-05-12,20.50471305847168
2017-05-15,20.800811767578125
2017-05-16,20.290040969848633
2017-05-17,19.86811065673828
2017-05-18,19.92732810974121
2017-05-19,20.4158878326416
2017-05-22,20.452892303466797
2017-05-23,20.630558013916016
2017-05-24,20.7860050201416
2017-05-25,20.141992568969727
2017-05-26,20.29745101928711
2017-05-30,20.149394989013672
2017-05-31,20.334455490112305
2017-06-01,20.70457649230957
2017-06-02,20.845224380493164
2017-06-05,20.334455490112305
2017-06-06,20.334455490112305
2017-06-07,19.912521362304688
2017-06-08,20.319658279418945
2017-06-09,20.253032684326172
2017-06-12,19.853302001953125
2017-06-13,20.475101470947266
2017-06-14,19.912521362304688
2017-06-15,19.764474868774414
2017-06-16,19.56460952758789
2017-06-19,19.697853088378906
2017-06-20,19.5498046875
2017-06-21,18.742935180664062
2017-06-22,18.728132247924805
2017-06-23,18.905792236328125
2017-06-26,17.773218154907227
2017-06-27,16.166894912719727
2017-06-28,17.09959602355957
2017-06-29,16.892333984375
2017-06-30,16.76649284362793
2017-07-03,16.907136917114258
2017-07-05,17.018177032470703
2017-07-06,16.96635627746582
2017-07-07,17.121803283691406
2017-07-10,17.63998031616211
2017-07-11,17.780624389648438
2017-07-12,17.90645980834961
2017-07-13,18.09892463684082
2017-07-14,18.05451011657715
2017-07-17,18.46904754638672
2017-07-18,18.4172306060791
2017-07-19,18.59488868713379
2017-07-20,18.320993423461914
2017-07-21,18.66151237487793
2017-07-24,18.631898880004883
2017-07-25,19.187076568603516
2017-07-26,18.94280433654785
2017-07-27,18.59488868713379
2017-07-28,18.46904754638672
2017-07-31,18.35060691833496
2017-08-01,18.580080032348633
2017-08-02,18.461362838745117
2017-08-03,18.795265197753906
2017-08-04,18.646865844726562
2017-08-07,18.802688598632812
2017-08-08,18.542985916137695
2017-08-09,18.290695190429688
2017-08-10,17.823226928710938
2017-08-11,17.80097007751465
2017-08-14,18.223918914794922
2017-08-15,18.364896774291992
2017-08-16,18.43168067932129
2017-08-17,18.016151428222656
2017-08-18,18.023574829101562
2017-08-21,18.1645565032959
2017-08-22,19.062400817871094
2017-08-23,18.973352432250977
2017-08-24,18.89915657043457
2017-08-25,18.73590850830078
2017-08-28,18.676546096801758
2017-08-29,18.81011199951172
2017-08-30,18.84720802307129
2017-08-31,18.89915657043457
2017-09-01,18.928834915161133
2017-09-05,18.09777069091797
2017-09-06,18.060670852661133
2017-09-07,18.00131607055664
2017-09-08,18.120031356811523
2017-09-11,18.535564422607422
2017-09-12,18.66912841796875
2017-09-13,18.73590850830078
2017-09-14,18.817522048950195
2017-09-15,18.802688598632812
2017-09-18,18.802688598632812
2017-09-19,19.24789810180664
2017-09-20,19.44082260131836
2017-09-21,19.878616333007812
2017-09-22,19.448240280151367
2017-09-25,19.388877868652344
2017-09-26,19.49276351928711
2017-09-27,19.574386596679688
2017-09-28,19.307260513305664
2017-09-29,18.461362838745117
2017-10-02,19.233049392700195
2017-10-03,19.388877868652344
2017-10-04,19.86376953125
2017-10-05,19.923137664794922
2017-10-06,20.1086368560791
2017-10-09,20.323820114135742
2017-10-10,20.323820114135742
2017-10-11,20.29414176940918
2017-10-12,20.449970245361328
2017-10-13,20.15315818786621
2017-10-16,20.16057777404785
2017-10-17,19.915714263916016
2017-10-18,19.95281219482422
2017-10-19,19.796987533569336
2017-10-20,20.16057777404785
2017-10-23,18.068096160888672
2017-10-24,18.05324935913086
2017-10-25,18.43910026550293
2017-10-26,18.246177673339844
2017-10-27,18.261014938354492
2017-10-30,18.387161254882812
2017-10-31,18.639446258544922
2017-11-01,18.639446258544922
2017-11-02,18.773332595825195
2017-11-03,18.847705841064453
2017-11-06,19.04853057861328
2017-11-07,18.65431785583496
2017-11-08,18.431182861328125
2017-11-09,18.18572998046875
2017-11-10,18.0295352935791
2017-11-13,17.694826126098633
2017-11-14,17.255996704101562
2017-11-15,17.3749942779541
2017-11-16,17.65019989013672
2017-11-17,17.73945426940918
2017-11-20,17.769208908081055
2017-11-21,17.657644271850586
2017-11-22,17.665075302124023
2017-11-24,17.843589782714844
2017-11-27,17.560945510864258
2017-11-28,18.022098541259766
2017-11-29,17.90308952331543
2017-11-30,18.304737091064453
2017-12-01,18.222917556762695
2017-12-04,18.393991470336914
2017-12-05,18.022098541259766
2017-12-06,17.94771957397461
2017-12-07,18.28986358642578
2017-12-08,18.20060920715332
2017-12-11,18.170856475830078
2017-12-12,18.334487915039062
2017-12-13,18.728700637817383
2017-12-14,18.587383270263672
2017-12-15,18.81795310974121
2017-12-18,19.04853057861328
2017-12-19,19.063405990600586
2017-12-20,19.435298919677734
2017-12-21,19.93364715576172
2017-12-22,19.95595932006836
2017-12-26,20.134471893310547
2017-12-27,20.335294723510742
2017-12-28,20.54355812072754
2017-12-29,20.268352508544922
2018-01-02,20.647689819335938
2018-01-03,20.811321258544922
2018-01-04,21.80800437927246
2018-01-05,22.02370262145996
2018-01-08,22.13526725769043
2018-01-09,22.172462463378906
2018-01-10,22.157588958740234
2018-01-11,22.611299514770508
2018-01-12,22.938570022583008
2018-01-16,22.618741989135742
2018-01-17,22.715425491333008
2018-01-18,22.574111938476562
2018-01-19,22.4774169921875
2018-01-22,22.63361358642578
2018-01-23,22.53691864013672
2018-01-24,22.67080307006836
2018-01-25,22.663362503051758
2018-01-26,22.938570022583008
2018-01-29,22.507165908813477
2018-01-30,22.254276275634766
2018-01-31,22.35841178894043
2018-02-01,22.440387725830078
2018-02-02,21.69510841369629
2018-02-05,19.76483154296875
2018-02-06,18.840688705444336
2018-02-07,18.7065372467041
2018-02-08,18.22210121154785
2018-02-09,18.378612518310547
2018-02-12,18.51276206970215
2018-02-13,18.468048095703125
2018-02-14,18.98974609375
2018-02-15,18.795969009399414
2018-02-16,18.900300979614258
2018-02-20,18.527666091918945
2018-02-21,18.378612518310547
2018-02-22,18.289180755615234
2018-02-23,18.728891372680664
2018-02-26,18.728891372680664
2018-02-27,18.438232421875
2018-02-28,18.177383422851562
2018-03-01,17.90163230895996
2018-03-02,17.819650650024414
2018-03-05,18.132671356201172
2018-03-06,18.296630859375
2018-03-07,18.348804473876953
2018-03-08,18.48295021057129
2018-03-09,18.773609161376953
2018-03-12,18.579835891723633
2018-03-13,18.59474754333496
2018-03-14,17.931447982788086
2018-03-15,18.065593719482422
2018-03-16,18.304086685180664
2018-03-19,17.909082412719727
2018-03-20,17.953805923461914
2018-03-21,18.005970001220703
2018-03-22,16.9029598236084
2018-03-23,16.955127716064453
2018-03-26,17.424650192260742
2018-03-27,17.178709030151367
2018-03-28,16.91786003112793
2018-03-29,17.17125701904297
2018-04-02,16.455791473388672
2018-04-03,16.65701675415039
2018-04-04,16.865690231323242
2018-04-05,17.20107078552246
2018-04-06,16.798616409301758
2018-04-09,16.970033645629883
2018-04-10,17.163806915283203
2018-04-11,17.11163902282715
2018-04-12,17.499181747436523
2018-04-13,17.3128604888916
2018-04-16,17.558807373046875
2018-04-17,17.70040512084961
2018-04-18,17.648237228393555
2018-04-19,17.536447525024414
2018-04-20,17.335216522216797
2018-04-23,16.43343162536621
2018-04-24,16.381258010864258
2018-04-25,16.507957458496094
2018-04-26,16.575037002563477
2018-04-27,16.724088668823242
2018-04-30,13.273441314697266
2018-05-01,13.176552772521973
2018-05-02,12.945518493652344
2018-05-03,12.661330223083496
2018-05-04,12.878211975097656
2018-05-07,13.132485389709473
2018-05-08,13.311969757080078
2018-05-09,13.47650146484375
2018-05-10,13.566244125366211
2018-05-11,13.62607479095459
2018-05-14,13.700859069824219
2018-05-15,13.446586608886719
2018-05-16,13.469023704528809
2018-05-17,13.573723793029785
2018-05-18,13.52137279510498
2018-05-21,13.790603637695312
2018-05-22,13.88782787322998
2018-05-23,13.940177917480469
2018-05-24,13.820517539978027
2018-05-25,13.783124923706055
2018-05-29,13.409192085266113
2018-05-30,13.551290512084961
2018-05-31,13.199790954589844
2018-06-01,13.274579048156738
2018-06-04,13.26710033416748
2018-06-05,13.252140045166016
2018-06-06,13.409192085266113
2018-06-07,13.424153327941895
2018-06-08,13.416674613952637
2018-06-11,13.58120059967041
2018-06-12,13.46154499053955
2018-06-13,13.439106941223145
2018-06-14,13.46154499053955
2018-06-15,13.110047340393066
2018-06-18,13.192310333251953
2018-06-19,13.012826919555664
2018-06-20,12.952998161315918
2018-06-21,12.683767318725586
2018-06-22,12.7435941696167
2018-06-25,12.61645793914795
2018-06-26,12.736117362976074
2018-06-27,12.683767318725586
2018-06-28,12.70620059967041
2018-06-29,12.721159934997559
2018-07-02,12.608978271484375
2018-07-03,12.638895034790039
2018-07-05,12.766032218933105
2018-07-06,12.885686874389648
2018-07-09,13.30449390411377
2018-07-10,13.26710033416748
2018-07-11,12.780988693237305
2018-07-12,12.938040733337402
2018-07-13,12.997868537902832
2018-07-16,14.358980178833008
2018-07-17,14.388895988464355
2018-07-18,14.717954635620117
2018-07-19,14.336545944213867
2018-07-20,14.231844902038574
2018-07-23,14.20192813873291
2018-07-24,14.530988693237305
2018-07-25,14.403854370117188
2018-07-26,15.989320755004883
2018-07-27,16.019237518310547
2018-07-30,15.600434303283691
2018-07-31,16.221160888671875
2018-08-01,16.01175880432129
2018-08-02,15.801769256591797
2018-08-03,15.921762466430664
2018-08-06,15.884262084960938
2018-08-07,15.711771965026855
2018-08-08,15.681771278381348
2018-08-09,15.576778411865234
2018-08-10,15.606779098510742
2018-08-13,15.306794166564941
2018-08-14,15.516783714294434
2018-08-15,15.254295349121094
2018-08-16,15.52428150177002
2018-08-17,15.65927505493164
2018-08-20,15.899266242980957
2018-08-21,16.16925048828125
2018-08-22,16.07176399230957
2018-08-23,15.921762466430664
2018-08-24,16.671724319458008
2018-08-27,16.544227600097656
2018-08-28,16.42424201965332
2018-08-29,16.626726150512695
2018-08-30,16.55173683166504
2018-08-31,16.784223556518555
2018-09-04,16.56673812866211
2018-09-05,16.619232177734375
2018-09-06,16.43923568725586
2018-09-07,16.43923568725586
2018-09-10,16.491731643676758
2018-09-11,16.664228439331055
2018-09-12,17.016708374023438
2018-09-13,16.874223709106445
2018-09-14,17.016708374023438
2018-09-17,17.039209365844727
2018-09-18,17.241697311401367
2018-09-19,17.11421012878418
2018-09-20,16.949209213256836
2018-09-21,17.159204483032227
2018-09-24,16.214250564575195
2018-09-25,16.55923080444336
2018-09-26,16.154254913330078
2018-09-27,16.43923568725586
2018-09-28,16.50673484802246
2018-10-01,16.604228973388672
2018-10-02,16.64173126220703
2018-10-03,16.709230422973633
2018-10-04,16.65673065185547
2018-10-05,16.379243850708008
2018-10-08,17.549190521240234
2018-10-09,17.12920570373535
2018-10-10,16.311744689941406
2018-10-11,15.876768112182617
2018-10-12,16.206756591796875
2018-10-15,16.1092529296875
2018-10-16,16.64173126220703
2018-10-17,16.88922119140625
2018-10-18,16.521738052368164
2018-10-19,16.40923500061035
2018-10-22,16.086753845214844
2018-10-23,15.486783027648926
2018-10-24,14.901812553405762
2018-10-25,14.961808204650879
2018-10-26,14.879311561584473
2018-10-29,14.414331436157227
2018-10-30,14.774313926696777
2018-10-31,15.246796607971191
2018-11-01,15.998981475830078
2018-11-02,15.916239738464355
2018-11-05,15.615364074707031
2018-11-06,15.73571491241455
2018-11-07,15.901190757751465
2018-11-08,15.833497047424316
2018-11-09,15.622885704040527
2018-11-12,15.103878021240234
2018-11-13,15.126444816589355
2018-11-14,15.29944896697998
2018-11-15,15.540148735046387
2018-11-16,15.15653133392334
2018-11-19,15.29944896697998
2018-11-20,14.923354148864746
2018-11-21,15.412274360656738
2018-11-23,15.41979694366455
2018-11-26,15.389708518981934
2018-11-27,15.329534530639648
2018-11-28,15.660497665405273
2018-11-29,16.051633834838867
2018-11-30,16.156938552856445
2018-12-03,16.187026977539062
2018-12-04,15.683062553405762
2018-12-06,15.442362785339355
2018-12-07,15.261836051940918
2018-12-10,14.960962295532227
2018-12-11,15.14901065826416
2018-12-12,15.239272117614746
2018-12-13,14.998573303222656
2018-12-14,14.848135948181152
2018-12-17,14.40434741973877
2018-12-18,14.065861701965332
2018-12-19,13.479156494140625
2018-12-20,13.208373069763184
2018-12-21,12.772103309631348
2018-12-24,12.140268325805664
2018-12-26,12.666799545288086
2018-12-27,12.80971622467041
2018-12-28,12.606623649597168
2018-12-31,12.681840896606445
2019-01-02,13.960556983947754
2019-01-03,13.862771987915039
2019-01-04,14.261431694030762
2019-01-07,14.599913597106934
2019-01-08,14.64504623413086
2019-01-09,14.682653427124023
2019-01-10,14.750351905822754
2019-01-11,14.803003311157227
2019-01-14,14.569825172424316
2019-01-15,15.096355438232422
2019-01-16,15.118922233581543
2019-01-17,15.179100036621094
2019-01-18,15.29944896697998
2019-01-22,12.854846000671387
2019-01-23,13.57694149017334
2019-01-24,13.840204238891602
2019-01-25,13.945510864257812
2019-01-28,13.734901428222656
2019-01-29,13.832686424255371
2019-01-30,14.073385238647461
2019-01-31,14.156122207641602
2019-02-01,13.915425300598145
2019-02-04,14.08842945098877
2019-02-05,14.148604393005371
2019-02-06,13.780033111572266
2019-02-07,13.342329025268555
2019-02-08,12.904630661010742
2019-02-11,13.198948860168457
2019-02-12,13.523449897766113
2019-02-13,13.500810623168945
2019-02-14,13.198948860168457
2019-02-15,13.24422550201416
2019-02-19,13.629098892211914
2019-02-20,13.878140449523926
2019-02-21,13.76494026184082
2019-02-22,13.795124053955078
2019-02-25,13.893229484558105
2019-02-26,13.900774955749512
2019-02-27,14.05925464630127
2019-02-28,13.953604698181152
2019-03-01,14.112081527709961
2019-03-04,13.953604698181152
2019-03-05,14.044161796569824
2019-03-06,14.044161796569824
2019-03-07,13.825313568115234
2019-03-08,13.953604698181152
2019-03-11,14.195096015930176
2019-03-12,14.240371704101562
2019-03-13,14.300747871398926
2019-03-14,14.300747871398926
2019-03-15,14.330931663513184
2019-03-18,14.51205062866211
2019-03-19,14.429038047790527
2019-03-20,14.398849487304688
2019-03-21,14.489407539367676
2019-03-22,14.127175331115723
2019-03-25,14.036617279052734
2019-03-26,14.18754768371582
2019-03-27,14.278106689453125
2019-03-28,14.436583518981934
2019-03-29,14.421491622924805
2019-04-01,14.836549758911133
2019-04-02,14.904474258422852
2019-04-03,14.776177406311035
2019-04-04,14.99502944946289
2019-04-05,15.176148414611816
2019-04-08,15.289345741271973
2019-04-09,15.093137741088867
2019-04-10,15.153508186340332
2019-04-11,15.372359275817871
2019-04-12,15.62894344329834
2019-04-15,15.508194923400879
2019-04-16,15.606302261352539
2019-04-17,15.032764434814453
2019-04-18,15.123322486877441
2019-04-22,15.304439544677734
2019-04-23,15.606302261352539
2019-04-24,15.923258781433105
2019-04-25,15.576115608215332
2019-04-26,15.606302261352539
2019-04-29,15.621395111083984
2019-04-30,16.210025787353516
2019-05-01,16.194931030273438
2019-05-02,16.54995346069336
2019-05-03,16.927629470825195
2019-05-06,16.91252326965332
2019-05-07,16.836986541748047
2019-05-08,16.91252326965332
2019-05-09,16.685922622680664
2019-05-10,16.98050880432129
2019-05-13,16.247814178466797
2019-05-14,16.51218032836914
2019-05-15,16.625490188598633
2019-05-16,16.708576202392578
2019-05-17,16.587724685668945
2019-05-20,16.625490188598633
2019-05-21,16.90496826171875
2019-05-22,16.89742088317871
2019-05-23,16.776561737060547
2019-05-24,16.806772232055664
2019-05-28,16.72368049621582
2019-05-29,16.640594482421875
2019-05-30,16.617937088012695
2019-05-31,16.542402267456055
2019-06-03,16.708576202392578
2019-06-04,17.033382415771484
2019-06-05,17.358190536499023
2019-06-06,17.584796905517578
2019-06-07,17.781192779541016
2019-06-10,17.59235382080078
2019-06-11,17.38085174560547
2019-06-12,17.116472244262695
2019-06-13,17.51681137084961
2019-06-14,17.358190536499023
2019-06-17,17.28265380859375
2019-06-18,17.773635864257812
2019-06-19,17.89449119567871
2019-06-20,18.241962432861328
2019-06-21,18.377925872802734
2019-06-24,18.35526466369629
2019-06-25,18.423242568969727
2019-06-26,18.800920486450195
2019-06-27,19.178607940673828
2019-06-28,19.5034122467041
2019-07-01,19.699806213378906
2019-07-02,19.75267791748047
2019-07-03,19.541183471679688
2019-07-05,19.714914321899414
2019-07-08,19.5034122467041
2019-07-09,19.51852035522461
2019-07-10,19.480751037597656
2019-07-11,19.427875518798828
2019-07-12,19.639381408691406
2019-07-15,19.5034122467041
2019-07-16,19.47319793701172
2019-07-17,19.110624313354492
2019-07-18,18.989765167236328
2019-07-19,19.019981384277344
2019-07-22,18.982210159301758
2019-07-23,19.004873275756836
2019-07-24,19.375001907348633
2019-07-25,19.344785690307617
2019-07-26,19.44298553466797
2019-07-29,18.997325897216797
2019-07-30,18.989765167236328
2019-07-31,18.91423225402832
2019-08-01,18.415300369262695
2019-08-02,17.961715698242188
2019-08-05,17.81052589416504
2019-08-06,18.574047088623047
2019-08-07,19.057865142822266
2019-08-08,19.224172592163086
2019-08-09,19.06542205810547
2019-08-12,19.050304412841797
2019-08-13,19.193937301635742
2019-08-14,18.725238800048828
2019-08-15,18.574047088623047
2019-08-16,18.778156280517578
2019-08-19,18.921789169311523
2019-08-20,19.072980880737305
2019-08-21,19.050304412841797
2019-08-22,18.974712371826172
2019-08-23,18.377498626708984
2019-08-26,18.936904907226562
2019-08-27,19.03518295288086
2019-08-28,19.224172592163086
2019-08-29,19.511442184448242
2019-08-30,19.534120559692383
2019-09-03,19.63995933532715
2019-09-04,19.63995933532715
2019-09-05,19.662639617919922
2019-09-06,19.64751625061035
2019-09-09,19.881868362426758
2019-09-10,20.191816329956055
2019-09-11,20.3278865814209
2019-09-12,20.42616081237793
2019-09-13,20.479080200195312
2019-09-16,20.562236785888672
2019-09-17,20.592472076416016
2019-09-18,20.64539337158203
2019-09-19,20.516874313354492
2019-09-20,20.199371337890625
2019-09-23,20.237165451049805
2019-09-24,20.05573844909668
2019-09-25,20.025495529174805
2019-09-26,19.881868362426758
2019-09-27,19.738231658935547
2019-09-30,19.655078887939453
2019-10-01,19.095664978027344
2019-10-02,18.29433822631836
2019-10-03,18.33213996887207
2019-10-04,18.513572692871094
2019-10-07,18.710119247436523
2019-10-08,18.80083656311035
2019-10-09,19.345130920410156
2019-10-10,19.670194625854492
2019-10-11,19.995264053344727
2019-10-14,20.290088653564453
2019-10-15,21.06117057800293
2019-10-16,20.79658317565918
2019-10-17,20.94021987915039
2019-10-18,20.418598175048828
2019-10-21,20.4412784576416
2019-10-22,20.471515655517578
2019-10-23,20.592472076416016
2019-10-24,20.736108779907227
2019-10-25,20.894859313964844
2019-10-28,20.909976959228516
2019-10-29,20.932655334472656
2019-10-30,20.811702728271484
2019-10-31,20.766347885131836
2019-11-01,21.575223922729492
2019-11-04,21.756654739379883
2019-11-05,22.308515548706055
2019-11-06,22.255592346191406
2019-11-07,21.869787216186523
2019-11-08,21.915180206298828
2019-11-11,22.32367706298828
2019-11-12,22.316112518310547
2019-11-13,22.316112518310547
2019-11-14,22.860776901245117
2019-11-15,23.34492301940918
2019-11-18,23.4962215423584
2019-11-19,23.458393096923828
2019-11-20,23.322227478027344
2019-11-21,23.155807495117188
2019-11-22,23.110410690307617
2019-11-25,23.420570373535156
2019-11-26,23.670209884643555
2019-11-27,23.647512435913086
2019-11-29,23.420570373535156
2019-12-02,23.117982864379883
2019-12-03,23.22388458251953
2019-12-04,22.936424255371094
2019-12-05,23.05746078491211
2019-12-06,23.465959548950195
2019-12-09,23.291973114013672
2019-12-10,23.458393096923828
2019-12-11,23.62482261657715
2019-12-12,23.919849395751953
2019-12-13,23.94253921508789
2019-12-16,24.056015014648438
2019-12-17,23.81393814086914
2019-12-18,23.27684211730957
2019-12-19,23.45082664489746
2019-12-20,23.74585723876953
2019-12-23,23.851764678955078
2019-12-24,23.685338973999023
2019-12-26,23.602128982543945
2019-12-27,23.55673599243164
2019-12-30,23.35248374938965
2019-12-31,23.27684211730957
2020-01-02,23.85932731628418
2020-01-03,23.821504592895508
2020-01-06,23.609689712524414
2020-01-07,23.760986328125
2020-01-08,23.239013671875
2020-01-09,22.52036476135254
2020-01-10,21.824399948120117
2020-01-13,22.278291702270508
2020-01-14,22.376632690429688
2020-01-15,22.08160400390625
2020-01-16,22.694351196289062
2020-01-17,22.179948806762695
2020-01-21,22.24046516418457
2020-01-22,21.81683349609375
2020-01-23,22.338808059692383
2020-01-24,22.021087646484375
2020-01-27,23.201194763183594
2020-01-28,23.806373596191406
2020-01-29,23.564300537109375
2020-01-30,23.034765243530273
2020-01-31,22.656526565551758
2020-02-03,22.739742279052734
2020-02-04,23.05746078491211
2020-02-05,23.647512435913086
2020-02-06,23.768627166748047
2020-02-07,23.692930221557617
2020-02-10,23.957870483398438
2020-02-11,24.237945556640625
2020-02-12,24.83594512939453
2020-02-13,24.941917419433594
2020-02-14,25.25227165222168
2020-02-18,25.11602020263672
2020-02-19,25.789718627929688
2020-02-20,25.5096435546875
2020-02-21,25.335538864135742
2020-02-24,25.03275489807129
2020-02-25,24.003286361694336
2020-02-26,24.10926055908203
2020-02-27,22.996522903442383
2020-02-28,22.216856002807617
2020-03-02,22.67102813720703
2020-03-03,21.792951583862305
2020-03-04,22.073034286499023
2020-03-05,20.248750686645508
2020-03-06,19.643178939819336
2020-03-09,17.440420150756836
2020-03-10,18.394195556640625
2020-03-11,16.73644256591797
2020-03-12,15.048418998718262
2020-03-13,15.53287410736084
2020-03-16,13.20142936706543
2020-03-17,13.360389709472656
2020-03-18,11.86917495727539
2020-03-19,11.997859001159668
2020-03-20,10.029755592346191
2020-03-23,9.075981140136719
2020-03-24,11.467985153198242
2020-03-25,12.24008560180664
2020-03-26,13.413378715515137
2020-03-27,12.62613582611084
2020-03-30,12.414185523986816
2020-03-31,12.156822204589844
2020-04-01,13.029446601867676
2020-04-02,12.338492393493652
2020-04-03,12.377976417541504
2020-04-06,12.52603530883789
2020-04-07,11.953529357910156
2020-04-08,12.910998344421387
2020-04-09,13.078801155090332
2020-04-13,12.437200546264648
2020-04-14,12.042367935180664
2020-04-15,11.223092079162598
2020-04-16,10.601232528686523
2020-04-17,11.49947452545166
2020-04-20,11.489603996276855
2020-04-21,10.453170776367188
2020-04-22,10.690071105957031
2020-04-23,10.857872009277344
2020-04-24,10.670327186584473
2020-04-27,11.26257610321045
2020-04-28,11.83508014678955
2020-04-29,13.710531234741211
2020-04-30,12.901124954223633
2020-05-01,12.377976417541504
2020-05-04,11.795598983764648
2020-05-05,12.052237510681152
2020-05-06,11.341540336608887
2020-05-07,11.716629981994629
2020-05-08,12.456939697265625
2020-05-11,11.608055114746094
2020-05-12,10.976322174072266
2020-05-13,10.512394905090332
2020-05-14,11.10464096069336
2020-05-15,10.630844116210938
2020-05-18,12.180559158325195
2020-05-19,11.894308090209961
2020-05-20,12.585261344909668
2020-05-21,12.26939582824707
2020-05-22,12.21017074584961
2020-05-26,12.891258239746094
2020-05-27,13.838852882385254
2020-05-28,13.108412742614746
2020-05-29,12.910998344421387
2020-06-01,13.236735343933105
2020-06-02,13.80923843383789
2020-06-03,14.973995208740234
2020-06-04,15.329341888427734
2020-06-05,16.938282012939453
2020-06-08,17.500913619995117
2020-06-09,16.01042366027832
2020-06-10,14.77657699584961
2020-06-11,12.812288284301758
2020-06-12,13.819109916687012
2020-06-15,14.332391738891602
2020-06-16,15.033215522766113
2020-06-17,14.608776092529297
2020-06-18,14.391615867614746
2020-06-19,13.75988483428955
2020-06-22,14.460710525512695
2020-06-23,14.845671653747559
2020-06-24,14.431100845336914
2020-06-25,15.003607749938965
2020-06-26,15.220763206481934
2020-06-29,16.01042366027832
2020-06-30,15.645207405090332
2020-07-01,15.082571983337402
2020-07-02,15.112183570861816
2020-07-06,15.536628723144531
2020-07-07,14.944381713867188
2020-07-08,15.131927490234375
2020-07-09,14.579161643981934
2020-07-10,15.131927490234375
2020-07-13,15.033215522766113
2020-07-14,15.487275123596191
2020-07-15,16.484230041503906
2020-07-16,15.990687370300293
2020-07-17,16.23745346069336
2020-07-20,15.47740364074707
2020-07-21,15.891977310180664
2020-07-22,15.931458473205566
2020-07-23,15.546501159667969
2020-07-24,15.349082946777344
2020-07-27,15.043088912963867
2020-07-28,15.122055053710938
2020-07-29,15.072702407836914
2020-07-30,14.93450927734375
2020-07-31,14.589029312133789
2020-08-03,14.93450927734375
2020-08-04,14.82593059539795
2020-08-05,15.872234344482422
2020-08-06,17.056732177734375
2020-08-07,16.74086570739746
2020-08-10,17.678592681884766
2020-08-11,18.043813705444336
2020-08-12,17.856264114379883
2020-08-13,17.2541446685791
2020-08-14,17.3232421875
2020-08-17,17.125823974609375
2020-08-18,16.711254119873047
2020-08-19,16.898799896240234
2020-08-20,16.72112274169922
2020-08-21,16.691509246826172
2020-08-24,17.214664459228516
2020-08-25,17.214664459228516
2020-08-26,16.9678955078125
2020-08-27,17.204792022705078
2020-08-28,17.777299880981445
2020-08-31,17.293628692626953
2020-09-01,17.313373565673828
2020-09-02,18.103036880493164
2020-09-03,17.500913619995117
2020-09-04,17.471309661865234
2020-09-08,17.076473236083984
2020-09-09,16.898799896240234
2020-09-10,16.76060676574707
2020-09-11,17.57001304626465
2020-09-14,18.152387619018555
2020-09-15,17.974712371826172
2020-09-16,18.53734588623047
2020-09-17,18.251094818115234
2020-09-18,17.471309661865234
2020-09-21,16.661893844604492
2020-09-22,16.859315872192383
2020-09-23,16.22758674621582
2020-09-24,16.2571964263916
2020-09-25,16.454614639282227
2020-09-28,16.9678955078125
2020-09-29,17.076473236083984
2020-09-30,16.503965377807617
2020-10-01,17.007375717163086
2020-10-02,17.64897918701172
2020-10-05,17.945104598999023
2020-10-06,17.303504943847656
2020-10-07,17.876005172729492
2020-10-08,18.487995147705078
2020-10-09,18.063547134399414
2020-10-12,17.95496940612793
2020-10-13,17.619367599487305
2020-10-14,18.02406883239746
2020-10-15,18.260971069335938
2020-10-16,18.349802017211914
2020-10-19,18.369544982910156
2020-10-20,17.984588623046875
2020-10-21,17.905616760253906
2020-10-22,18.606447219848633
2020-10-23,18.70516014099121
2020-10-26,18.043813705444336
2020-10-27,17.303504943847656
2020-10-28,16.4644832611084
2020-10-29,16.987638473510742
2020-10-30,17.02712059020996
2020-11-02,17.619367599487305
2020-11-03,18.3892879486084
2020-11-04,17.935232162475586
2020-11-05,18.596576690673828
2020-11-06,18.606447219848633
2020-11-09,22.140193939208984
2020-11-10,22.70282745361328
2020-11-11,21.992130279541016
2020-11-12,21.162982940673828
2020-11-13,22.07109260559082
2020-11-16,22.8804988861084
2020-11-17,23.196361541748047
2020-11-18,22.89036750793457
2020-11-19,23.26545524597168
2020-11-20,23.640548706054688
2020-11-23,24.005765914916992
2020-11-24,24.91387939453125
2020-11-25,24.232799530029297
2020-11-27,24.28215217590332
2020-11-30,23.15688133239746
2020-12-01,23.462875366210938
2020-12-02,23.946544647216797
2020-12-03,24.726337432861328
2020-12-04,25.042205810546875
2020-12-07,25.249486923217773
2020-12-08,25.121170043945312
2020-12-09,25.121170043945312
2020-12-10,25.792387008666992
2020-12-11,26.08850860595703
2020-12-14,26.463592529296875
2020-12-15,26.591915130615234
2020-12-16,26.48333740234375
2020-12-17,26.611656188964844
2020-12-18,26.917652130126953
2020-12-21,26.118114471435547
2020-12-22,26.118114471435547
2020-12-23,27.411191940307617
2020-12-24,27.02623176574707
2020-12-28,27.3717098236084
2020-12-29,27.608610153198242
2020-12-30,27.993568420410156
2020-12-31,28.17124366760254
2021-01-04,26.5228271484375
2021-01-05,27.54938507080078
2021-01-06,27.667837142944336
2021-01-07,27.381580352783203
2021-01-08,27.54938507080078
2021-01-11,27.845508575439453
2021-01-12,28.49697494506836
2021-01-13,27.76654815673828
2021-01-14,28.220600128173828
2021-01-15,27.5888671875
2021-01-19,27.391450881958008
2021-01-20,27.04597282409668
2021-01-21,26.572175979614258
2021-01-22,26.414241790771484
2021-01-25,25.496257781982422
2021-01-26,24.676984786987305
2021-01-27,23.295072555541992
2021-01-28,24.440082550048828
2021-01-29,24.262409210205078
2021-02-01,24.726337432861328
2021-02-02,25.772640228271484
2021-02-03,26.512948989868164
2021-02-04,26.986753463745117
2021-02-05,26.779460906982422
2021-02-08,27.381580352783203
2021-02-09,27.401323318481445
2021-02-10,27.963956832885742
2021-02-11,28.37853240966797
2021-02-12,27.914602279663086
2021-02-16,28.013315200805664
2021-02-17,28.26995277404785
2021-02-18,27.450674057006836
2021-02-19,28.30943489074707
2021-02-22,28.27982521057129
2021-02-23,28.704265594482422
2021-02-24,29.75057029724121
2021-02-25,27.98369789123535
2021-02-26,27.746797561645508
2021-03-01,28.575946807861328
2021-03-02,28.605560302734375
2021-03-03,29.908506393432617
2021-03-04,29.168195724487305
2021-03-05,29.977598190307617
2021-03-08,29.424833297729492
2021-03-09,29.3754825592041
2021-03-10,31.04364585876465
2021-03-11,31.221315383911133
2021-03-12,31.142351150512695
2021-03-15,31.40886688232422
2021-03-16,30.737646102905273
2021-03-17,31.744468688964844
2021-03-18,31.349639892578125
2021-03-19,31.40886688232422
2021-03-22,31.142351150512695
2021-03-23,29.977598190307617
2021-03-24,29.957860946655273
2021-03-25,30.944936752319336
2021-03-26,31.576669692993164
2021-03-29,31.11273956298828
2021-03-30,31.349639892578125
2021-03-31,31.714866638183594
2021-04-01,31.40886688232422
2021-04-05,31.655637741088867
2021-04-06,30.994291305541992
2021-04-07,31.38912010192871
2021-04-08,31.39899444580078
2021-04-09,31.813568115234375
2021-04-12,31.902402877807617
2021-04-13,31.724729537963867
2021-04-14,32.12943649291992
2021-04-15,31.93202018737793
2021-04-16,32.27749252319336
2021-04-19,32.149173736572266
2021-04-20,30.599458694458008
2021-04-21,31.51744270324707
2021-04-22,31.014028549194336
2021-04-23,31.547056198120117
2021-04-26,31.803699493408203
2021-04-27,31.61614990234375
2021-04-28,31.70499038696289
2021-04-29,31.724729537963867
2021-04-30,31.547056198120117
2021-05-03,31.61614990234375
2021-05-04,31.774078369140625
2021-05-05,31.93202018737793
2021-05-06,31.793821334838867
2021-05-07,33.13624572753906
2021-05-10,32.1590461730957
2021-05-11,31.981374740600586
2021-05-12,31.46808624267578
2021-05-13,31.93202018737793
2021-05-14,32.82038497924805
2021-05-17,33.274444580078125
2021-05-18,33.2843132019043
2021-05-19,33.1559944152832
2021-05-20,33.35340881347656
2021-05-21,33.323787689208984
2021-05-24,33.600181579589844
2021-05-25,33.33367156982422
2021-05-26,33.5804328918457
2021-05-27,35.02157211303711
2021-05-28,35.02157211303711
2021-06-01,35.149898529052734
2021-06-02,34.952476501464844
2021-06-03,34.379981994628906
2021-06-04,34.74520492553711
2021-06-07,34.843902587890625
2021-06-08,35.268348693847656
2021-06-09,34.57738494873047
2021-06-10,34.557640075683594
2021-06-11,34.91299819946289
2021-06-14,34.5082893371582
2021-06-15,34.557640075683594
2021-06-16,34.47868347167969
2021-06-17,33.5804328918457
2021-06-18,32.76116180419922
2021-06-21,33.62979507446289
2021-06-22,33.37315368652344
2021-06-23,33.37315368652344
2021-06-24,34.133209228515625
2021-06-25,34.389835357666016
2021-06-28,33.44224548339844
2021-06-29,33.23495864868164
2021-06-30,34.024627685546875
2021-07-01,34.17268371582031
2021-07-02,33.99501037597656
2021-07-06,33.077030181884766
2021-07-07,32.810516357421875
2021-07-08,32.5143928527832
2021-07-09,33.5113410949707
2021-07-12,33.432373046875
2021-07-13,32.465030670166016
2021-07-14,32.37620162963867
2021-07-15,31.99124526977539
2021-07-16,31.250930786132812
2021-07-19,30.096046447753906
2021-07-20,31.47795867919922
2021-07-21,32.44529724121094
2021-07-22,31.912269592285156
2021-07-23,31.961626052856445
2021-07-26,32.08994674682617
2021-07-27,32.3071174621582
2021-07-28,32.38607406616211
2021-07-29,32.67231750488281
2021-07-30,32.39594268798828
2021-08-02,32.3071174621582
2021-08-03,32.573612213134766
2021-08-04,30.303335189819336
2021-08-05,31.261425018310547
2021-08-06,31.350322723388672
2021-08-09,31.172531127929688
2021-08-10,31.90345001220703
2021-08-11,32.6047248840332
2021-08-12,32.27878189086914
2021-08-13,31.725658416748047
2021-08-16,31.587377548217773
2021-08-17,31.09351348876953
2021-08-18,31.834306716918945
2021-08-19,31.360200881958008
2021-08-20,31.419464111328125
2021-08-23,31.80467414855957
2021-08-24,32.12074661254883
2021-08-25,32.535587310791016
2021-08-26,31.81454849243164
2021-08-27,32.38742446899414
2021-08-30,31.389829635620117
2021-08-31,31.360200881958008
2021-09-01,31.50835609436035
2021-09-02,31.49847984313965
2021-09-03,30.984867095947266
2021-09-07,30.87621307373047
2021-09-08,30.70829963684082
2021-09-09,31.281179428100586
2021-09-10,30.836706161499023
2021-09-13,31.854063034057617
2021-09-14,31.202159881591797
2021-09-15,31.617006301879883
2021-09-16,31.05400848388672
2021-09-17,30.609527587890625
2021-09-20,30.560142517089844
2021-09-21,30.22431755065918
2021-09-22,30.728057861328125
2021-09-23,31.32068634033203
2021-09-24,31.142902374267578
2021-09-27,32.5948486328125
2021-09-28,32.01210021972656
2021-09-29,31.518232345581055
2021-09-30,30.816953659057617
2021-10-01,32.03184127807617
2021-10-04,31.48859977722168
2021-10-05,31.715782165527344
2021-10-06,31.5676212310791
2021-10-07,31.745410919189453
2021-10-08,31.251548767089844
2021-10-11,31.03424644470215
2021-10-12,31.02437400817871
2021-10-13,30.965110778808594
2021-10-14,30.510761260986328
2021-10-15,30.94535255432129
2021-10-18,30.520631790161133
2021-10-19,30.500877380371094
2021-10-20,30.560142517089844
2021-10-21,30.342845916748047
2021-10-22,30.086030960083008
2021-10-25,29.997140884399414
2021-10-26,29.59217643737793
2021-10-27,29.01929473876953
2021-10-28,29.33536720275879
2021-10-29,29.32549285888672
2021-11-01,30.125545501708984
2021-11-02,30.30333709716797
2021-11-03,30.05640411376953
2021-11-04,30.639545440673828
2021-11-05,33.01164245605469
2021-11-08,32.37907028198242
2021-11-09,32.70524597167969
2021-11-10,31.914548873901367
2021-11-11,31.62791633605957
2021-11-12,31.598262786865234
2021-11-15,32.66571044921875
2021-11-16,31.34128761291504
2021-11-17,31.113964080810547
2021-11-18,30.95582389831543
2021-11-19,29.82908058166504
2021-11-22,29.927919387817383
2021-11-23,30.422101974487305
2021-11-24,30.372684478759766
2021-11-26,28.41570472717285
2021-11-29,28.168615341186523
2021-11-30,27.80291748046875
2021-12-01,27.091293334960938
2021-12-02,28.465126037597656
2021-12-03,28.72210121154785
2021-12-06,30.076171875
2021-12-07,30.47152328491211
2021-12-08,30.718612670898438
2021-12-09,30.49129295349121
2021-12-10,30.50117301940918
2021-12-13,29.730243682861328
2021-12-14,29.33489227294922
2021-12-15,29.64128875732422
2021-12-16,29.137218475341797
2021-12-17,29.611635208129883
2021-12-20,28.919780731201172
2021-12-21,30.234315872192383
2021-12-22,29.94767951965332
2021-12-23,30.76803207397461
2021-12-27,30.9854736328125
2021-12-28,31.27210235595703
2021-12-29,31.262222290039062
2021-12-30,31.27210235595703
2021-12-31,31.459890365600586
2022-01-03,31.954078674316406
2022-01-04,33.14012908935547
2022-01-05,32.93256759643555
2022-01-06,33.25873565673828
2022-01-07,33.61455535888672
2022-01-10,33.584903717041016
2022-01-11,33.52559280395508
2022-01-12,33.515716552734375
2022-01-13,33.980247497558594
2022-01-14,34.662227630615234
2022-01-18,33.92094039916992
2022-01-19,33.436641693115234
2022-01-20,33.189552307128906
2022-01-21,32.2505989074707
2022-01-24,32.438385009765625
2022-01-25,31.855241775512695
2022-01-26,31.252336502075195
2022-01-27,30.283733367919922
2022-01-28,30.402334213256836
2022-01-31,30.728500366210938
2022-02-01,31.252336502075195
2022-02-02,32.23081970214844
2022-02-03,32.16160583496094
2022-02-04,31.825342178344727
2022-02-07,32.46818161010742
2022-02-08,33.140682220458984
2022-02-09,34.09010314941406
2022-02-10,34.179115295410156
2022-02-11,33.9615364074707
2022-02-14,33.69451141357422
2022-02-15,34.60437774658203
2022-02-16,35.33621597290039
2022-02-17,34.594482421875
2022-02-18,34.179115295410156
2022-02-22,34.03076934814453
2022-02-23,33.4373893737793
2022-02-24,34.001102447509766
2022-02-25,35.35599899291992
2022-02-28,35.52412414550781
2022-03-01,32.745094299316406
2022-03-02,34.74283218383789
2022-03-03,34.46592330932617
2022-03-04,33.47693634033203
2022-03-07,32.06270217895508
2022-03-08,32.567073822021484
2022-03-09,33.60551452636719
2022-03-10,33.902191162109375
2022-03-11,33.3582649230957
2022-03-14,33.05167007446289
2022-03-15,33.724178314208984
2022-03-16,34.5450325012207
2022-03-17,34.554927825927734
2022-03-18,35.33621597290039
2022-03-21,35.484561920166016
2022-03-22,36.9087028503418
2022-03-23,36.32520294189453
2022-03-24,36.61199951171875
2022-03-25,36.592220306396484
2022-03-28,36.08784103393555
2022-03-29,36.47354507446289
2022-03-30,36.03839874267578
2022-03-31,35.54390335083008
2022-04-01,35.919715881347656
2022-04-04,35.42522048950195
2022-04-05,34.07033157348633
2022-04-06,33.78352355957031
2022-04-07,34.04065704345703
2022-04-08,34.13955307006836
2022-04-11,33.85275650024414
2022-04-12,34.29779052734375
2022-04-13,34.89117431640625
2022-04-14,35.0889778137207
2022-04-18,35.04941177368164
2022-04-19,36.23617935180664
2022-04-20,36.433982849121094
2022-04-21,35.27687454223633
2022-04-22,34.574703216552734
2022-04-25,34.43624496459961
2022-04-26,33.88241958618164
2022-04-27,34.020877838134766
2022-04-28,34.564815521240234
2022-04-29,33.743961334228516
2022-05-02,33.46705627441406
2022-05-03,34.60437774658203
2022-05-04,36.15707778930664
2022-05-05,35.04881286621094
2022-05-06,34.66288757324219
2022-05-09,32.92134475708008
2022-05-10,33.6239128112793
2022-05-11,33.188507080078125
2022-05-12,32.5057373046875
2022-05-13,33.43588638305664
2022-05-16,33.703060150146484
2022-05-17,34.87069320678711
2022-05-18,33.23798751831055
2022-05-19,33.099456787109375
2022-05-20,32.812496185302734
2022-05-23,33.94054412841797
2022-05-24,33.35673141479492
2022-05-25,33.59421157836914
2022-05-26,34.24729919433594
2022-05-27,35.65241622924805
2022-05-31,35.3951416015625
2022-06-01,35.306087493896484
2022-06-02,36.602359771728516
2022-06-03,36.24612808227539
2022-06-06,36.26591873168945
2022-06-07,37.037742614746094
2022-06-08,36.087806701660156
2022-06-09,34.801429748535156
2022-06-10,33.6239128112793
2022-06-13,31.852659225463867
2022-06-14,31.86255645751953
2022-06-15,32.36720275878906
2022-06-16,30.47722625732422
2022-06-17,31.189680099487305
2022-06-21,31.328208923339844
2022-06-22,31.10062599182129
2022-06-23,30.378276824951172
2022-06-24,31.842761993408203
2022-06-27,31.466747283935547
2022-06-28,31.545907974243164
2022-06-29,30.991775512695312
2022-06-30,31.120410919189453
2022-07-01,31.466747283935547
2022-07-05,30.77408218383789
2022-07-06,31.60527801513672
2022-07-07,32.208885192871094
2022-07-08,32.39689636230469
2022-07-11,32.594791412353516
2022-07-12,33.059879302978516
2022-07-13,32.83229064941406
2022-07-14,32.70364761352539
2022-07-15,32.97081756591797
2022-07-18,32.654170989990234
2022-07-19,34.118656158447266
2022-07-20,34.48478698730469
2022-07-21,34.38583755493164
2022-07-22,33.999916076660156
2022-07-25,34.464996337890625
2022-07-26,34.464996337890625
2022-07-27,34.801429748535156
2022-07-28,35.66230773925781
2022-07-29,36.74089431762695
2022-08-01,36.95857620239258
2022-08-02,36.81016159057617
2022-08-03,36.83983612060547
2022-08-04,36.740840911865234
2022-08-05,36.691341400146484
2022-08-08,37.186363220214844
2022-08-09,37.06754684448242
2022-08-10,37.53287887573242
2022-08-11,37.849693298339844
2022-08-12,38.1665153503418
2022-08-15,38.33482360839844
2022-08-16,38.344722747802734
2022-08-17,38.0675048828125
2022-08-18,38.0576057434082
2022-08-19,37.22595977783203
2022-08-22,36.117103576660156
2022-08-23,36.31511306762695
2022-08-24,36.6616325378418
2022-08-25,37.404170989990234
2022-08-26,36.29530715942383
2022-08-29,36.23590850830078
2022-08-30,35.51316833496094
2022-08-31,35.07754898071289
2022-09-01,34.70132827758789
2022-09-02,34.671634674072266
2022-09-06,34.3845100402832
2022-09-07,35.008243560791016
2022-09-08,35.493370056152344
2022-09-09,36.04779815673828
2022-09-12,36.651729583740234
2022-09-13,34.84983444213867
2022-09-14,34.9686393737793
2022-09-15,33.948890686035156
2022-09-16,33.27565383911133
2022-09-19,33.87958908081055
2022-09-20,33.93899154663086
2022-09-21,33.097442626953125
2022-09-22,32.463809967041016
2022-09-23,31.51336097717285
2022-09-26,30.73122215270996
2022-09-27,30.790624618530273
2022-09-28,31.533161163330078
2022-09-29,30.632213592529297
2022-09-30,30.622314453125
2022-10-03,31.77077293395996
2022-10-04,33.1766471862793
2022-10-05,32.998443603515625
2022-10-06,32.869728088378906
2022-10-07,32.21630096435547
2022-10-10,32.61231231689453
2022-10-11,32.67171859741211
2022-10-12,31.79057502746582
2022-10-13,32.56281661987305
2022-10-14,31.968788146972656
2022-10-17,32.6024169921875
2022-10-18,33.27565383911133
2022-10-19,33.89938735961914
2022-10-20,33.68157196044922
2022-10-21,35.01814651489258
2022-10-24,35.047847747802734
2022-10-25,35.216156005859375
2022-10-26,34.364707946777344
2022-10-27,34.740936279296875
2022-10-28,35.810184478759766
2022-10-31,35.196353912353516
2022-11-01,36.12701416015625
2022-11-02,34.98845291137695
2022-11-03,34.919063568115234
2022-11-04,35.72191619873047
2022-11-07,36.28688049316406
2022-11-08,36.51485061645508
2022-11-09,36.019264221191406
2022-11-10,37.96196746826172
2022-11-11,37.099639892578125
2022-11-14,36.32653045654297
2022-11-15,36.2274055480957
2022-11-16,36.51485061645508
2022-11-17,36.14811706542969
2022-11-18,36.77254867553711
2022-11-21,36.94105911254883
2022-11-22,37.89258575439453
2022-11-23,37.68443298339844
2022-11-25,37.70426559448242
2022-11-28,36.70317840576172
2022-11-29,36.891502380371094
2022-11-30,37.33751678466797
2022-12-01,38.07099151611328
2022-12-02,38.73508834838867
2022-12-05,38.19984436035156
2022-12-06,37.535762786865234
2022-12-07,37.535762786865234
2022-12-08,37.30778503417969
2022-12-09,37.66461181640625
2022-12-12,38.53684616088867
2022-12-13,38.863929748535156
2022-12-14,38.65578842163086
2022-12-15,37.59523391723633
2022-12-16,37.793460845947266
2022-12-19,37.248321533203125
2022-12-20,37.942134857177734
2022-12-21,38.70534896850586
2022-12-22,38.19984436035156
2022-12-23,38.71525955200195
2022-12-27,39.05226516723633
2022-12-28,38.378257751464844
2022-12-29,39.04233932495117
2022-12-30,39.062171936035156
2023-01-03,38.71525955200195
2023-01-04,39.200923919677734
2023-01-05,38.97296142578125
2023-01-06,40.102901458740234
2023-01-09,39.726261138916016
2023-01-10,40.19210433959961
2023-01-11,40.03352355957031
2023-01-12,40.31105422973633
2023-01-13,40.390342712402344
2023-01-17,40.25157928466797
2023-01-18,39.18111038208008
2023-01-19,38.0908088684082
2023-01-20,38.358436584472656
2023-01-23,39.081993103027344
2023-01-24,39.062171936035156
2023-01-25,39.260398864746094
2023-01-26,40.459720611572266
2023-01-27,40.043426513671875
2023-01-30,39.83528518676758
2023-01-31,40.330867767333984
2023-02-01,40.23175048828125
2023-02-02,39.87492752075195
2023-02-03,39.50819778442383
2023-02-06,39.60731506347656
2023-02-07,40.49937057495117
2023-02-08,40.47954559326172
2023-02-09,40.132301330566406
2023-02-10,40.20174789428711
2023-02-13,40.757354736328125
2023-02-14,42.682106018066406
2023-02-15,43.06904602050781
2023-02-16,42.6126708984375
2023-02-17,42.682106018066406
2023-02-21,41.75941467285156
2023-02-22,41.66020202636719
2023-02-23,41.69988250732422
2023-02-24,41.630435943603516
2023-02-27,41.98760986328125
2023-02-28,41.84870529174805
2023-03-01,42.463836669921875
2023-03-02,43.009517669677734
2023-03-03,43.40637969970703
2023-03-06,43.416297912597656
2023-03-07,43.009517669677734
2023-03-08,43.38653564453125
2023-03-09,41.72964859008789
2023-03-10,40.519229888916016
2023-03-13,39.71559143066406
2023-03-14,40.45970153808594
2023-03-15,39.07070541381836
2023-03-16,40.132301330566406
2023-03-17,38.902034759521484
2023-03-20,39.1699104309082
2023-03-21,40.23151397705078
2023-03-22,40.19181823730469
2023-03-23,39.87434005737305
2023-03-24,39.93386459350586
2023-03-27,40.43985366821289
2023-03-28,40.797035217285156
2023-03-29,41.48161697387695
2023-03-30,41.61058807373047
2023-03-31,42.0372200012207
2023-04-03,42.632503509521484
2023-04-04,41.78917694091797
2023-04-05,41.77926254272461
2023-04-06,41.22365188598633
2023-04-10,41.78917694091797
2023-04-11,42.32493591308594
2023-04-12,43.06904602050781
2023-04-13,43.178184509277344
2023-04-14,42.20587921142578
2023-04-17,42.533287048339844
2023-04-18,43.01943588256836
2023-04-19,42.94007110595703
2023-04-20,42.86069869995117
2023-04-21,42.59281539916992
2023-04-24,42.93014144897461
2023-04-25,42.65235137939453
2023-04-26,42.076908111572266
2023-04-27,43.38653564453125
2023-04-28,43.94213104248047
2023-05-01,43.95205307006836
2023-05-02,44.606876373291016
2023-05-03,44.348915100097656
2023-05-04,42.96859359741211
2023-05-05,43.693511962890625
2023-05-08,43.50483703613281
2023-05-09,44.448219299316406
2023-05-10,43.95169448852539
2023-05-11,43.65378952026367
2023-05-12,43.65378952026367
2023-05-15,44.21982192993164
2023-05-16,43.931846618652344
2023-05-17,44.35884094238281
2023-05-18,44.86528778076172
2023-05-19,44.646827697753906
2023-05-22,44.50779724121094
2023-05-23,43.465110778808594
2023-05-24,42.93880844116211
2023-05-25,42.95866012573242
2023-05-26,43.19699478149414
2023-05-30,43.17713165283203
2023-05-31,42.45221710205078
2023-06-01,43.425392150878906
2023-06-02,44.81564712524414
2023-06-05,44.48794174194336
2023-06-06,44.974525451660156
2023-06-07,45.848392486572266
2023-06-08,46.027137756347656
2023-06-09,45.6199951171875
2023-06-12,45.85832595825195
2023-06-13,45.68951416015625
2023-06-14,45.38166809082031
2023-06-15,45.71930694580078
2023-06-16,45.659725189208984
2023-06-20,46.24561309814453
2023-06-21,46.83150100708008
2023-06-22,46.235687255859375
2023-06-23,46.027137756347656
2023-06-26,46.3548469543457
2023-06-27,47.764957427978516
2023-06-28,47.77488708496094
2023-06-29,48.42034912109375
2023-06-30,49.21479034423828
2023-07-03,48.787784576416016
2023-07-05,48.55937957763672
2023-07-06,48.609031677246094
2023-07-07,49.0558967590332
2023-07-10,49.890052795410156
2023-07-11,50.346839904785156
2023-07-12,49.31409454345703
2023-07-13,49.363739013671875
2023-07-14,49.0558967590332
2023-07-17,49.8503303527832
2023-07-18,49.75102615356445
2023-07-19,49.393531799316406
2023-07-20,50.03900146484375
2023-07-21,49.56234359741211
2023-07-24,49.721229553222656
2023-07-25,49.87018585205078
2023-07-26,50.12837219238281
2023-07-27,49.830467224121094
2023-07-28,50.0787239074707
2023-07-31,50.78377914428711
2023-08-01,48.64875793457031
2023-08-02,47.71529769897461
2023-08-03,47.88425064086914
2023-08-04,48.748924255371094
2023-08-07,50.14032745361328
2023-08-08,50.19001388549805
2023-08-09,49.484378814697266
2023-08-10,49.53406524658203
2023-08-11,49.13652038574219
2023-08-14,48.917869567871094
2023-08-15,48.47063446044922
2023-08-16,48.550140380859375
2023-08-17,48.31161880493164
2023-08-18,48.480567932128906
2023-08-21,48.27186584472656
2023-08-22,48.39112091064453
2023-08-23,48.83835983276367
2023-08-24,47.82462692260742
2023-08-25,47.88425064086914
2023-08-28,48.56007766723633
2023-08-29,49.00732421875
2023-08-30,49.41480255126953
2023-08-31,49.16633987426758
2023-09-01,49.38498306274414
2023-09-05,48.01345443725586
2023-09-06,48.13272476196289
2023-09-07,47.90413284301758
2023-09-08,47.35750961303711
2023-09-11,47.546348571777344
2023-09-12,47.42707443237305
2023-09-13,46.791015625
2023-09-14,46.80094909667969
2023-09-15,46.39346694946289
2023-09-18,46.80094909667969
2023-09-19,46.83076477050781
2023-09-20,46.25432586669922
2023-09-21,45.78720474243164
2023-09-22,45.51887130737305
2023-09-25,46.01579284667969
2023-09-26,45.528812408447266
2023-09-27,45.797149658203125
2023-09-28,46.1946907043457
2023-09-29,45.96610641479492
2023-10-02,45.14119338989258
2023-10-03,45.2405891418457
2023-10-04,45.43935775756836
2023-10-05,45.34990692138672
2023-10-06,45.67788314819336
2023-10-09,46.13505935668945
2023-10-10,46.1748161315918
2023-10-11,46.18475341796875
2023-10-12,45.17101287841797
2023-10-13,44.0976448059082
2023-10-16,44.32623291015625
2023-10-17,44.96230697631836
2023-10-18,44.07776641845703
2023-10-19,43.441688537597656
2023-10-20,43.1733512878418
2023-10-23,43.282676696777344
2023-10-24,43.23297882080078
2023-10-25,42.96464157104492
2023-10-26,43.20317077636719
2023-10-27,42.825496673583984
2023-10-30,43.33236312866211
2023-10-31,43.82929611206055
2023-11-01,44.44549560546875
2023-11-02,47.95382308959961
2023-11-03,47.68548583984375
2023-11-06,48.43088150024414
2023-11-07,47.97370529174805
2023-11-08,48.043270111083984
2023-11-09,48.510868072509766
2023-11-10,49.29684066772461
2023-11-13,50.082801818847656
2023-11-14,51.24681854248047
2023-11-15,51.28662109375
2023-11-16,51.266719818115234
2023-11-17,51.20703125
2023-11-20,51.21697235107422
2023-11-21,51.754215240478516
2023-11-22,52.01288604736328
2023-11-24,52.00293731689453
2023-11-27,52.35115051269531
2023-11-28,51.684574127197266
2023-11-29,51.326412200927734
2023-11-30,52.33124923706055
2023-12-01,52.62971878051758
2023-12-04,52.63966751098633
2023-12-05,51.91339874267578
2023-12-06,52.0427360534668
2023-12-07,52.47053909301758
2023-12-08,52.98788070678711
2023-12-11,53.385841369628906
2023-12-12,53.86338424682617
2023-12-13,53.93302536010742
2023-12-14,52.51033401489258
2023-12-15,52.53023147583008
2023-12-18,52.918235778808594
2023-12-19,53.37588882446289
2023-12-20,52.45064163208008
2023-12-21,53.19680404663086
2023-12-22,53.29629898071289
2023-12-26,53.564918518066406
2023-12-27,53.773841857910156
2023-12-28,53.83354187011719
2023-12-29,53.843482971191406
2024-01-02,53.455482482910156
2024-01-03,52.49043273925781
2024-01-04,52.33124923706055
2024-01-05,53.554969787597656
2024-01-08,53.81364059448242
2024-01-09,53.43558120727539
2024-01-10,55.28607940673828
2024-01-11,55.22637939453125
2024-01-12,55.256229400634766
2024-01-16,53.385841369628906
2024-01-17,53.29629898071289
2024-01-18,54.90802001953125
2024-01-19,55.4552116394043
2024-01-22,55.78351974487305
2024-01-23,56.14168167114258
2024-01-24,56.05214309692383
2024-01-25,54.98760986328125
2024-01-26,55.146793365478516
2024-01-29,55.4950065612793
2024-01-30,55.6939811706543
2024-01-31,55.97254943847656
2024-02-01,57.086830139160156
2024-02-02,57.42509460449219
2024-02-05,57.49473190307617
2024-02-06,58.13146209716797
2024-02-07,58.78809356689453
2024-02-08,58.917537689208984
2024-02-09,58.34996795654297
2024-02-12,58.5789909362793
2024-02-13,61.715545654296875
2024-02-14,63.10957717895508
2024-02-15,63.00004959106445
2024-02-16,62.55195999145508
2024-02-20,62.840728759765625
2024-02-21,63.24898147583008
2024-02-22,64.78240203857422
2024-02-23,65.58895874023438
2024-02-26,65.5790023803711
2024-02-27,65.68852233886719
2024-02-28,66.47515869140625
2024-02-29,66.26605987548828
2024-03-01,66.71412658691406
2024-03-04,67.50076293945312
2024-03-05,67.67003631591797
2024-03-06,68.48653411865234
2024-03-07,69.08397674560547
2024-03-08,67.45095825195312
2024-03-11,64.72266387939453
2024-03-12,65.78809356689453
2024-03-13,65.34996795654297
2024-03-14,65.22053527832031
2024-03-15,65.9573745727539
2024-03-18,66.45523834228516
2024-03-19,66.8833999633789
2024-03-20,67.24185943603516
2024-03-21,67.39122009277344
2024-03-22,67.8094253540039
2024-03-25,67.07259368896484
2024-03-26,67.36135864257812
2024-03-27,67.7895278930664
2024-03-28,68.13803100585938
2024-04-01,65.82792663574219
2024-04-02,64.9815444946289
2024-04-03,65.7183837890625
2024-04-04,65.25040435791016
2024-04-05,66.77387237548828
2024-04-08,66.44528198242188
2024-04-09,65.56902313232422
2024-04-10,64.97159576416016
2024-04-11,65.31014251708984
2024-04-12,63.726924896240234
2024-04-15,63.21910858154297
2024-04-16,63.7468376159668
2024-04-17,63.18923568725586
2024-04-18,63.22906494140625
2024-04-19,63.139442443847656
2024-04-22,62.661495208740234
2024-04-23,64.48368835449219
2024-04-24,64.42394256591797
2024-04-25,64.52352905273438
2024-04-26,66.11669921875
2024-04-29,66.82366943359375
2024-04-30,66.46520233154297
2024-05-01,66.49506378173828
2024-05-02,76.77103424072266
2024-05-03,78.55339813232422
2024-05-06,79.83789825439453
2024-05-07,79.48939514160156
2024-05-08,81.07260131835938
2024-05-09,81.73018646240234
2024-05-10,80.57443237304688
2024-05-13,79.92680358886719
2024-05-14,80.58439636230469
2024-05-15,82.44755554199219
2024-05-16,82.22835540771484
2024-05-17,82.62690734863281
2024-05-20,83.75276947021484
2024-05-21,84.4801025390625
2024-05-22,83.15496063232422
2024-05-23,82.11875915527344
2024-05-24,84.41035461425781
2024-05-28,84.96831512451172
2024-05-29,83.76273345947266
2024-05-30,83.92215728759766
2024-05-31,84.34062194824219
2024-06-03,84.32068634033203
2024-06-04,81.98925018310547
2024-06-05,84.32068634033203
2024-06-06,82.96564483642578
2024-06-07,83.47379302978516
2024-06-10,83.34427642822266
2024-06-11,82.87598419189453
2024-06-12,83.12507629394531
2024-06-13,82.49738311767578
2024-06-14,78.65148162841797
2024-06-17,79.70761108398438
2024-06-18,79.9068832397461
2024-06-20,79.21939849853516
2024-06-21,79.84709930419922
2024-06-24,78.34260559082031
2024-06-25,77.9141845703125
2024-06-26,78.71125793457031
2024-06-27,79.30907440185547
2024-06-28,77.34626770019531
2024-07-01,77.0174789428711
2024-07-02,77.78466033935547
2024-07-03,79.04006958007812
2024-07-05,78.51200103759766
2024-07-08,80.17588806152344
2024-07-09,79.94672393798828
2024-07-10,79.88694763183594
2024-07-11,79.36885833740234
2024-07-12,78.9404296875
2024-07-15,78.61163330078125
2024-07-16,81.08256530761719
2024-07-17,77.57542419433594
2024-07-18,78.4920654296875
2024-07-19,77.74480438232422
2024-07-22,79.9566879272461
2024-07-23,82.10881042480469
2024-07-24,79.2990951538086
2024-07-25,82.0390625
2024-07-26,82.3778076171875
2024-07-29,82.54719543457031
2024-07-30,93.46713256835938
2024-07-31,95.35022735595703
2024-08-01,94.52326965332031
2024-08-02,89.83048248291016
2024-08-05,86.43294525146484
2024-08-06,88.75442504882812
2024-08-07,87.59867095947266
2024-08-08,91.6239013671875
2024-08-09,92.83052062988281
2024-08-12,92.57125091552734
2024-08-13,93.65821075439453
2024-08-14,93.61831665039062
2024-08-15,95.31359100341797
2024-08-16,95.55291748046875
2024-08-19,96.10138702392578
2024-08-20,95.36344909667969
2024-08-21,95.99169158935547
2024-08-22,96.28087615966797
2024-08-23,96.80941009521484
2024-08-26,96.37063598632812
2024-08-27,96.67976379394531
2024-08-28,96.25096130371094
2024-08-29,96.68973541259766
2024-08-30,96.39057922363281
2024-09-03,92.7607192993164
2024-09-04,94.0870132446289
2024-09-05,93.9474105834961
2024-09-06,91.18512725830078
2024-09-09,93.4288558959961
2024-09-10,92.89036560058594
2024-09-11,93.8277359008789
2024-09-12,93.96735382080078
2024-09-13,95.01441955566406
2024-09-16,94.87480163574219
2024-09-17,94.32633972167969
2024-09-18,94.41609191894531
2024-09-19,97.1584243774414
2024-09-20,97.1783676147461
2024-09-23,98.3550796508789
2024-09-24,99.04315948486328
2024-09-25,99.4420394897461
2024-09-26,99.02322387695312
2024-09-27,98.93346405029297
2024-09-30,99.9705581665039
2024-10-01,100.6386947631836
2024-10-02,101.0076675415039
2024-10-03,100.46916961669922
2024-10-04,101.74559783935547
2024-10-07,102.54338073730469
2024-10-08,102.70291900634766
2024-10-09,103.41094207763672
2024-10-10,101.8154067993164
2024-10-11,103.5306167602539
2024-10-14,102.36388397216797
2024-10-15,103.62036895751953
2024-10-16,105.01646423339844
2024-10-17,105.91395568847656
2024-10-18,105.2458267211914
2024-10-21,106.02365112304688
2024-10-22,102.36388397216797
2024-10-23,102.54338073730469
2024-10-24,100.33953857421875
2024-10-25,101.1073989868164
2024-10-28,102.09461975097656
2024-10-29,99.81100463867188
2024-10-30,100.85807800292969
2024-10-31,99.4420394897461
2024-11-01,99.75117492675781
2024-11-04,99.56170654296875
2024-11-05,101.87523651123047
2024-11-06,114.53984832763672
2024-11-07,110.90998840332031
2024-11-08,113.414794921875
2024-11-11,114.44266510009766
2024-11-12,113.34494018554688
2024-11-13,115.53041076660156
2024-11-14,112.98568725585938
2024-11-15,111.77819061279297
2024-11-18,112.935791015625
2024-11-19,115.75994110107422
2024-11-20,117.85558319091797
2024-11-21,116.73790740966797
2024-11-22,118.19489288330078
2024-11-25,115.60026550292969
2024-11-26,116.93749237060547
2024-11-27,116.45848083496094
2024-11-29,118.135009765625
2024-12-02,117.4464340209961
2024-12-03,118.8635025024414
2024-12-04,119.84146881103516
2024-12-05,119.8215103149414
2024-12-06,118.06514739990234
2024-12-09,113.51459503173828
2024-12-10,113.84390258789062
2024-12-11,115.83976745605469
2024-12-12,113.46469116210938
2024-12-13,113.19524383544922
2024-12-16,113.04556274414062
2024-12-17,111.69835662841797
2024-12-18,107.46713256835938
2024-12-19,109.12368774414062
2024-12-20,110.60063171386719
2024-12-23,110.31123352050781
2024-12-24,111.8081283569336
2024-12-26,112.29711151123047
2024-12-27,110.99981689453125
2024-12-30,110.05177307128906
2024-12-31,109.1436538696289
