Date,INVH
2010-01-04,
2010-01-05,
2010-01-06,
2010-01-07,
2010-01-08,
2010-01-11,
2010-01-12,
2010-01-13,
2010-01-14,
2010-01-15,
2010-01-19,
2010-01-20,
2010-01-21,
2010-01-22,
2010-01-25,
2010-01-26,
2010-01-27,
2010-01-28,
2010-01-29,
2010-02-01,
2010-02-02,
2010-02-03,
2010-02-04,
2010-02-05,
2010-02-08,
2010-02-09,
2010-02-10,
2010-02-11,
2010-02-12,
2010-02-16,
2010-02-17,
2010-02-18,
2010-02-19,
2010-02-22,
2010-02-23,
2010-02-24,
2010-02-25,
2010-02-26,
2010-03-01,
2010-03-02,
2010-03-03,
2010-03-04,
2010-03-05,
2010-03-08,
2010-03-09,
2010-03-10,
2010-03-11,
2010-03-12,
2010-03-15,
2010-03-16,
2010-03-17,
2010-03-18,
2010-03-19,
2010-03-22,
2010-03-23,
2010-03-24,
2010-03-25,
2010-03-26,
2010-03-29,
2010-03-30,
2010-03-31,
2010-04-01,
2010-04-05,
2010-04-06,
2010-04-07,
2010-04-08,
2010-04-09,
2010-04-12,
2010-04-13,
2010-04-14,
2010-04-15,
2010-04-16,
2010-04-19,
2010-04-20,
2010-04-21,
2010-04-22,
2010-04-23,
2010-04-26,
2010-04-27,
2010-04-28,
2010-04-29,
2010-04-30,
2010-05-03,
2010-05-04,
2010-05-05,
2010-05-06,
2010-05-07,
2010-05-10,
2010-05-11,
2010-05-12,
2010-05-13,
2010-05-14,
2010-05-17,
2010-05-18,
2010-05-19,
2010-05-20,
2010-05-21,
2010-05-24,
2010-05-25,
2010-05-26,
2010-05-27,
2010-05-28,
2010-06-01,
2010-06-02,
2010-06-03,
2010-06-04,
2010-06-07,
2010-06-08,
2010-06-09,
2010-06-10,
2010-06-11,
2010-06-14,
2010-06-15,
2010-06-16,
2010-06-17,
2010-06-18,
2010-06-21,
2010-06-22,
2010-06-23,
2010-06-24,
2010-06-25,
2010-06-28,
2010-06-29,
2010-06-30,
2010-07-01,
2010-07-02,
2010-07-06,
2010-07-07,
2010-07-08,
2010-07-09,
2010-07-12,
2010-07-13,
2010-07-14,
2010-07-15,
2010-07-16,
2010-07-19,
2010-07-20,
2010-07-21,
2010-07-22,
2010-07-23,
2010-07-26,
2010-07-27,
2010-07-28,
2010-07-29,
2010-07-30,
2010-08-02,
2010-08-03,
2010-08-04,
2010-08-05,
2010-08-06,
2010-08-09,
2010-08-10,
2010-08-11,
2010-08-12,
2010-08-13,
2010-08-16,
2010-08-17,
2010-08-18,
2010-08-19,
2010-08-20,
2010-08-23,
2010-08-24,
2010-08-25,
2010-08-26,
2010-08-27,
2010-08-30,
2010-08-31,
2010-09-01,
2010-09-02,
2010-09-03,
2010-09-07,
2010-09-08,
2010-09-09,
2010-09-10,
2010-09-13,
2010-09-14,
2010-09-15,
2010-09-16,
2010-09-17,
2010-09-20,
2010-09-21,
2010-09-22,
2010-09-23,
2010-09-24,
2010-09-27,
2010-09-28,
2010-09-29,
2010-09-30,
2010-10-01,
2010-10-04,
2010-10-05,
2010-10-06,
2010-10-07,
2010-10-08,
2010-10-11,
2010-10-12,
2010-10-13,
2010-10-14,
2010-10-15,
2010-10-18,
2010-10-19,
2010-10-20,
2010-10-21,
2010-10-22,
2010-10-25,
2010-10-26,
2010-10-27,
2010-10-28,
2010-10-29,
2010-11-01,
2010-11-02,
2010-11-03,
2010-11-04,
2010-11-05,
2010-11-08,
2010-11-09,
2010-11-10,
2010-11-11,
2010-11-12,
2010-11-15,
2010-11-16,
2010-11-17,
2010-11-18,
2010-11-19,
2010-11-22,
2010-11-23,
2010-11-24,
2010-11-26,
2010-11-29,
2010-11-30,
2010-12-01,
2010-12-02,
2010-12-03,
2010-12-06,
2010-12-07,
2010-12-08,
2010-12-09,
2010-12-10,
2010-12-13,
2010-12-14,
2010-12-15,
2010-12-16,
2010-12-17,
2010-12-20,
2010-12-21,
2010-12-22,
2010-12-23,
2010-12-27,
2010-12-28,
2010-12-29,
2010-12-30,
2010-12-31,
2011-01-03,
2011-01-04,
2011-01-05,
2011-01-06,
2011-01-07,
2011-01-10,
2011-01-11,
2011-01-12,
2011-01-13,
2011-01-14,
2011-01-18,
2011-01-19,
2011-01-20,
2011-01-21,
2011-01-24,
2011-01-25,
2011-01-26,
2011-01-27,
2011-01-28,
2011-01-31,
2011-02-01,
2011-02-02,
2011-02-03,
2011-02-04,
2011-02-07,
2011-02-08,
2011-02-09,
2011-02-10,
2011-02-11,
2011-02-14,
2011-02-15,
2011-02-16,
2011-02-17,
2011-02-18,
2011-02-22,
2011-02-23,
2011-02-24,
2011-02-25,
2011-02-28,
2011-03-01,
2011-03-02,
2011-03-03,
2011-03-04,
2011-03-07,
2011-03-08,
2011-03-09,
2011-03-10,
2011-03-11,
2011-03-14,
2011-03-15,
2011-03-16,
2011-03-17,
2011-03-18,
2011-03-21,
2011-03-22,
2011-03-23,
2011-03-24,
2011-03-25,
2011-03-28,
2011-03-29,
2011-03-30,
2011-03-31,
2011-04-01,
2011-04-04,
2011-04-05,
2011-04-06,
2011-04-07,
2011-04-08,
2011-04-11,
2011-04-12,
2011-04-13,
2011-04-14,
2011-04-15,
2011-04-18,
2011-04-19,
2011-04-20,
2011-04-21,
2011-04-25,
2011-04-26,
2011-04-27,
2011-04-28,
2011-04-29,
2011-05-02,
2011-05-03,
2011-05-04,
2011-05-05,
2011-05-06,
2011-05-09,
2011-05-10,
2011-05-11,
2011-05-12,
2011-05-13,
2011-05-16,
2011-05-17,
2011-05-18,
2011-05-19,
2011-05-20,
2011-05-23,
2011-05-24,
2011-05-25,
2011-05-26,
2011-05-27,
2011-05-31,
2011-06-01,
2011-06-02,
2011-06-03,
2011-06-06,
2011-06-07,
2011-06-08,
2011-06-09,
2011-06-10,
2011-06-13,
2011-06-14,
2011-06-15,
2011-06-16,
2011-06-17,
2011-06-20,
2011-06-21,
2011-06-22,
2011-06-23,
2011-06-24,
2011-06-27,
2011-06-28,
2011-06-29,
2011-06-30,
2011-07-01,
2011-07-05,
2011-07-06,
2011-07-07,
2011-07-08,
2011-07-11,
2011-07-12,
2011-07-13,
2011-07-14,
2011-07-15,
2011-07-18,
2011-07-19,
2011-07-20,
2011-07-21,
2011-07-22,
2011-07-25,
2011-07-26,
2011-07-27,
2011-07-28,
2011-07-29,
2011-08-01,
2011-08-02,
2011-08-03,
2011-08-04,
2011-08-05,
2011-08-08,
2011-08-09,
2011-08-10,
2011-08-11,
2011-08-12,
2011-08-15,
2011-08-16,
2011-08-17,
2011-08-18,
2011-08-19,
2011-08-22,
2011-08-23,
2011-08-24,
2011-08-25,
2011-08-26,
2011-08-29,
2011-08-30,
2011-08-31,
2011-09-01,
2011-09-02,
2011-09-06,
2011-09-07,
2011-09-08,
2011-09-09,
2011-09-12,
2011-09-13,
2011-09-14,
2011-09-15,
2011-09-16,
2011-09-19,
2011-09-20,
2011-09-21,
2011-09-22,
2011-09-23,
2011-09-26,
2011-09-27,
2011-09-28,
2011-09-29,
2011-09-30,
2011-10-03,
2011-10-04,
2011-10-05,
2011-10-06,
2011-10-07,
2011-10-10,
2011-10-11,
2011-10-12,
2011-10-13,
2011-10-14,
2011-10-17,
2011-10-18,
2011-10-19,
2011-10-20,
2011-10-21,
2011-10-24,
2011-10-25,
2011-10-26,
2011-10-27,
2011-10-28,
2011-10-31,
2011-11-01,
2011-11-02,
2011-11-03,
2011-11-04,
2011-11-07,
2011-11-08,
2011-11-09,
2011-11-10,
2011-11-11,
2011-11-14,
2011-11-15,
2011-11-16,
2011-11-17,
2011-11-18,
2011-11-21,
2011-11-22,
2011-11-23,
2011-11-25,
2011-11-28,
2011-11-29,
2011-11-30,
2011-12-01,
2011-12-02,
2011-12-05,
2011-12-06,
2011-12-07,
2011-12-08,
2011-12-09,
2011-12-12,
2011-12-13,
2011-12-14,
2011-12-15,
2011-12-16,
2011-12-19,
2011-12-20,
2011-12-21,
2011-12-22,
2011-12-23,
2011-12-27,
2011-12-28,
2011-12-29,
2011-12-30,
2012-01-03,
2012-01-04,
2012-01-05,
2012-01-06,
2012-01-09,
2012-01-10,
2012-01-11,
2012-01-12,
2012-01-13,
2012-01-17,
2012-01-18,
2012-01-19,
2012-01-20,
2012-01-23,
2012-01-24,
2012-01-25,
2012-01-26,
2012-01-27,
2012-01-30,
2012-01-31,
2012-02-01,
2012-02-02,
2012-02-03,
2012-02-06,
2012-02-07,
2012-02-08,
2012-02-09,
2012-02-10,
2012-02-13,
2012-02-14,
2012-02-15,
2012-02-16,
2012-02-17,
2012-02-21,
2012-02-22,
2012-02-23,
2012-02-24,
2012-02-27,
2012-02-28,
2012-02-29,
2012-03-01,
2012-03-02,
2012-03-05,
2012-03-06,
2012-03-07,
2012-03-08,
2012-03-09,
2012-03-12,
2012-03-13,
2012-03-14,
2012-03-15,
2012-03-16,
2012-03-19,
2012-03-20,
2012-03-21,
2012-03-22,
2012-03-23,
2012-03-26,
2012-03-27,
2012-03-28,
2012-03-29,
2012-03-30,
2012-04-02,
2012-04-03,
2012-04-04,
2012-04-05,
2012-04-09,
2012-04-10,
2012-04-11,
2012-04-12,
2012-04-13,
2012-04-16,
2012-04-17,
2012-04-18,
2012-04-19,
2012-04-20,
2012-04-23,
2012-04-24,
2012-04-25,
2012-04-26,
2012-04-27,
2012-04-30,
2012-05-01,
2012-05-02,
2012-05-03,
2012-05-04,
2012-05-07,
2012-05-08,
2012-05-09,
2012-05-10,
2012-05-11,
2012-05-14,
2012-05-15,
2012-05-16,
2012-05-17,
2012-05-18,
2012-05-21,
2012-05-22,
2012-05-23,
2012-05-24,
2012-05-25,
2012-05-29,
2012-05-30,
2012-05-31,
2012-06-01,
2012-06-04,
2012-06-05,
2012-06-06,
2012-06-07,
2012-06-08,
2012-06-11,
2012-06-12,
2012-06-13,
2012-06-14,
2012-06-15,
2012-06-18,
2012-06-19,
2012-06-20,
2012-06-21,
2012-06-22,
2012-06-25,
2012-06-26,
2012-06-27,
2012-06-28,
2012-06-29,
2012-07-02,
2012-07-03,
2012-07-05,
2012-07-06,
2012-07-09,
2012-07-10,
2012-07-11,
2012-07-12,
2012-07-13,
2012-07-16,
2012-07-17,
2012-07-18,
2012-07-19,
2012-07-20,
2012-07-23,
2012-07-24,
2012-07-25,
2012-07-26,
2012-07-27,
2012-07-30,
2012-07-31,
2012-08-01,
2012-08-02,
2012-08-03,
2012-08-06,
2012-08-07,
2012-08-08,
2012-08-09,
2012-08-10,
2012-08-13,
2012-08-14,
2012-08-15,
2012-08-16,
2012-08-17,
2012-08-20,
2012-08-21,
2012-08-22,
2012-08-23,
2012-08-24,
2012-08-27,
2012-08-28,
2012-08-29,
2012-08-30,
2012-08-31,
2012-09-04,
2012-09-05,
2012-09-06,
2012-09-07,
2012-09-10,
2012-09-11,
2012-09-12,
2012-09-13,
2012-09-14,
2012-09-17,
2012-09-18,
2012-09-19,
2012-09-20,
2012-09-21,
2012-09-24,
2012-09-25,
2012-09-26,
2012-09-27,
2012-09-28,
2012-10-01,
2012-10-02,
2012-10-03,
2012-10-04,
2012-10-05,
2012-10-08,
2012-10-09,
2012-10-10,
2012-10-11,
2012-10-12,
2012-10-15,
2012-10-16,
2012-10-17,
2012-10-18,
2012-10-19,
2012-10-22,
2012-10-23,
2012-10-24,
2012-10-25,
2012-10-26,
2012-10-31,
2012-11-01,
2012-11-02,
2012-11-05,
2012-11-06,
2012-11-07,
2012-11-08,
2012-11-09,
2012-11-12,
2012-11-13,
2012-11-14,
2012-11-15,
2012-11-16,
2012-11-19,
2012-11-20,
2012-11-21,
2012-11-23,
2012-11-26,
2012-11-27,
2012-11-28,
2012-11-29,
2012-11-30,
2012-12-03,
2012-12-04,
2012-12-05,
2012-12-06,
2012-12-07,
2012-12-10,
2012-12-11,
2012-12-12,
2012-12-13,
2012-12-14,
2012-12-17,
2012-12-18,
2012-12-19,
2012-12-20,
2012-12-21,
2012-12-24,
2012-12-26,
2012-12-27,
2012-12-28,
2012-12-31,
2013-01-02,
2013-01-03,
2013-01-04,
2013-01-07,
2013-01-08,
2013-01-09,
2013-01-10,
2013-01-11,
2013-01-14,
2013-01-15,
2013-01-16,
2013-01-17,
2013-01-18,
2013-01-22,
2013-01-23,
2013-01-24,
2013-01-25,
2013-01-28,
2013-01-29,
2013-01-30,
2013-01-31,
2013-02-01,
2013-02-04,
2013-02-05,
2013-02-06,
2013-02-07,
2013-02-08,
2013-02-11,
2013-02-12,
2013-02-13,
2013-02-14,
2013-02-15,
2013-02-19,
2013-02-20,
2013-02-21,
2013-02-22,
2013-02-25,
2013-02-26,
2013-02-27,
2013-02-28,
2013-03-01,
2013-03-04,
2013-03-05,
2013-03-06,
2013-03-07,
2013-03-08,
2013-03-11,
2013-03-12,
2013-03-13,
2013-03-14,
2013-03-15,
2013-03-18,
2013-03-19,
2013-03-20,
2013-03-21,
2013-03-22,
2013-03-25,
2013-03-26,
2013-03-27,
2013-03-28,
2013-04-01,
2013-04-02,
2013-04-03,
2013-04-04,
2013-04-05,
2013-04-08,
2013-04-09,
2013-04-10,
2013-04-11,
2013-04-12,
2013-04-15,
2013-04-16,
2013-04-17,
2013-04-18,
2013-04-19,
2013-04-22,
2013-04-23,
2013-04-24,
2013-04-25,
2013-04-26,
2013-04-29,
2013-04-30,
2013-05-01,
2013-05-02,
2013-05-03,
2013-05-06,
2013-05-07,
2013-05-08,
2013-05-09,
2013-05-10,
2013-05-13,
2013-05-14,
2013-05-15,
2013-05-16,
2013-05-17,
2013-05-20,
2013-05-21,
2013-05-22,
2013-05-23,
2013-05-24,
2013-05-28,
2013-05-29,
2013-05-30,
2013-05-31,
2013-06-03,
2013-06-04,
2013-06-05,
2013-06-06,
2013-06-07,
2013-06-10,
2013-06-11,
2013-06-12,
2013-06-13,
2013-06-14,
2013-06-17,
2013-06-18,
2013-06-19,
2013-06-20,
2013-06-21,
2013-06-24,
2013-06-25,
2013-06-26,
2013-06-27,
2013-06-28,
2013-07-01,
2013-07-02,
2013-07-03,
2013-07-05,
2013-07-08,
2013-07-09,
2013-07-10,
2013-07-11,
2013-07-12,
2013-07-15,
2013-07-16,
2013-07-17,
2013-07-18,
2013-07-19,
2013-07-22,
2013-07-23,
2013-07-24,
2013-07-25,
2013-07-26,
2013-07-29,
2013-07-30,
2013-07-31,
2013-08-01,
2013-08-02,
2013-08-05,
2013-08-06,
2013-08-07,
2013-08-08,
2013-08-09,
2013-08-12,
2013-08-13,
2013-08-14,
2013-08-15,
2013-08-16,
2013-08-19,
2013-08-20,
2013-08-21,
2013-08-22,
2013-08-23,
2013-08-26,
2013-08-27,
2013-08-28,
2013-08-29,
2013-08-30,
2013-09-03,
2013-09-04,
2013-09-05,
2013-09-06,
2013-09-09,
2013-09-10,
2013-09-11,
2013-09-12,
2013-09-13,
2013-09-16,
2013-09-17,
2013-09-18,
2013-09-19,
2013-09-20,
2013-09-23,
2013-09-24,
2013-09-25,
2013-09-26,
2013-09-27,
2013-09-30,
2013-10-01,
2013-10-02,
2013-10-03,
2013-10-04,
2013-10-07,
2013-10-08,
2013-10-09,
2013-10-10,
2013-10-11,
2013-10-14,
2013-10-15,
2013-10-16,
2013-10-17,
2013-10-18,
2013-10-21,
2013-10-22,
2013-10-23,
2013-10-24,
2013-10-25,
2013-10-28,
2013-10-29,
2013-10-30,
2013-10-31,
2013-11-01,
2013-11-04,
2013-11-05,
2013-11-06,
2013-11-07,
2013-11-08,
2013-11-11,
2013-11-12,
2013-11-13,
2013-11-14,
2013-11-15,
2013-11-18,
2013-11-19,
2013-11-20,
2013-11-21,
2013-11-22,
2013-11-25,
2013-11-26,
2013-11-27,
2013-11-29,
2013-12-02,
2013-12-03,
2013-12-04,
2013-12-05,
2013-12-06,
2013-12-09,
2013-12-10,
2013-12-11,
2013-12-12,
2013-12-13,
2013-12-16,
2013-12-17,
2013-12-18,
2013-12-19,
2013-12-20,
2013-12-23,
2013-12-24,
2013-12-26,
2013-12-27,
2013-12-30,
2013-12-31,
2014-01-02,
2014-01-03,
2014-01-06,
2014-01-07,
2014-01-08,
2014-01-09,
2014-01-10,
2014-01-13,
2014-01-14,
2014-01-15,
2014-01-16,
2014-01-17,
2014-01-21,
2014-01-22,
2014-01-23,
2014-01-24,
2014-01-27,
2014-01-28,
2014-01-29,
2014-01-30,
2014-01-31,
2014-02-03,
2014-02-04,
2014-02-05,
2014-02-06,
2014-02-07,
2014-02-10,
2014-02-11,
2014-02-12,
2014-02-13,
2014-02-14,
2014-02-18,
2014-02-19,
2014-02-20,
2014-02-21,
2014-02-24,
2014-02-25,
2014-02-26,
2014-02-27,
2014-02-28,
2014-03-03,
2014-03-04,
2014-03-05,
2014-03-06,
2014-03-07,
2014-03-10,
2014-03-11,
2014-03-12,
2014-03-13,
2014-03-14,
2014-03-17,
2014-03-18,
2014-03-19,
2014-03-20,
2014-03-21,
2014-03-24,
2014-03-25,
2014-03-26,
2014-03-27,
2014-03-28,
2014-03-31,
2014-04-01,
2014-04-02,
2014-04-03,
2014-04-04,
2014-04-07,
2014-04-08,
2014-04-09,
2014-04-10,
2014-04-11,
2014-04-14,
2014-04-15,
2014-04-16,
2014-04-17,
2014-04-21,
2014-04-22,
2014-04-23,
2014-04-24,
2014-04-25,
2014-04-28,
2014-04-29,
2014-04-30,
2014-05-01,
2014-05-02,
2014-05-05,
2014-05-06,
2014-05-07,
2014-05-08,
2014-05-09,
2014-05-12,
2014-05-13,
2014-05-14,
2014-05-15,
2014-05-16,
2014-05-19,
2014-05-20,
2014-05-21,
2014-05-22,
2014-05-23,
2014-05-27,
2014-05-28,
2014-05-29,
2014-05-30,
2014-06-02,
2014-06-03,
2014-06-04,
2014-06-05,
2014-06-06,
2014-06-09,
2014-06-10,
2014-06-11,
2014-06-12,
2014-06-13,
2014-06-16,
2014-06-17,
2014-06-18,
2014-06-19,
2014-06-20,
2014-06-23,
2014-06-24,
2014-06-25,
2014-06-26,
2014-06-27,
2014-06-30,
2014-07-01,
2014-07-02,
2014-07-03,
2014-07-07,
2014-07-08,
2014-07-09,
2014-07-10,
2014-07-11,
2014-07-14,
2014-07-15,
2014-07-16,
2014-07-17,
2014-07-18,
2014-07-21,
2014-07-22,
2014-07-23,
2014-07-24,
2014-07-25,
2014-07-28,
2014-07-29,
2014-07-30,
2014-07-31,
2014-08-01,
2014-08-04,
2014-08-05,
2014-08-06,
2014-08-07,
2014-08-08,
2014-08-11,
2014-08-12,
2014-08-13,
2014-08-14,
2014-08-15,
2014-08-18,
2014-08-19,
2014-08-20,
2014-08-21,
2014-08-22,
2014-08-25,
2014-08-26,
2014-08-27,
2014-08-28,
2014-08-29,
2014-09-02,
2014-09-03,
2014-09-04,
2014-09-05,
2014-09-08,
2014-09-09,
2014-09-10,
2014-09-11,
2014-09-12,
2014-09-15,
2014-09-16,
2014-09-17,
2014-09-18,
2014-09-19,
2014-09-22,
2014-09-23,
2014-09-24,
2014-09-25,
2014-09-26,
2014-09-29,
2014-09-30,
2014-10-01,
2014-10-02,
2014-10-03,
2014-10-06,
2014-10-07,
2014-10-08,
2014-10-09,
2014-10-10,
2014-10-13,
2014-10-14,
2014-10-15,
2014-10-16,
2014-10-17,
2014-10-20,
2014-10-21,
2014-10-22,
2014-10-23,
2014-10-24,
2014-10-27,
2014-10-28,
2014-10-29,
2014-10-30,
2014-10-31,
2014-11-03,
2014-11-04,
2014-11-05,
2014-11-06,
2014-11-07,
2014-11-10,
2014-11-11,
2014-11-12,
2014-11-13,
2014-11-14,
2014-11-17,
2014-11-18,
2014-11-19,
2014-11-20,
2014-11-21,
2014-11-24,
2014-11-25,
2014-11-26,
2014-11-28,
2014-12-01,
2014-12-02,
2014-12-03,
2014-12-04,
2014-12-05,
2014-12-08,
2014-12-09,
2014-12-10,
2014-12-11,
2014-12-12,
2014-12-15,
2014-12-16,
2014-12-17,
2014-12-18,
2014-12-19,
2014-12-22,
2014-12-23,
2014-12-24,
2014-12-26,
2014-12-29,
2014-12-30,
2014-12-31,
2015-01-02,
2015-01-05,
2015-01-06,
2015-01-07,
2015-01-08,
2015-01-09,
2015-01-12,
2015-01-13,
2015-01-14,
2015-01-15,
2015-01-16,
2015-01-20,
2015-01-21,
2015-01-22,
2015-01-23,
2015-01-26,
2015-01-27,
2015-01-28,
2015-01-29,
2015-01-30,
2015-02-02,
2015-02-03,
2015-02-04,
2015-02-05,
2015-02-06,
2015-02-09,
2015-02-10,
2015-02-11,
2015-02-12,
2015-02-13,
2015-02-17,
2015-02-18,
2015-02-19,
2015-02-20,
2015-02-23,
2015-02-24,
2015-02-25,
2015-02-26,
2015-02-27,
2015-03-02,
2015-03-03,
2015-03-04,
2015-03-05,
2015-03-06,
2015-03-09,
2015-03-10,
2015-03-11,
2015-03-12,
2015-03-13,
2015-03-16,
2015-03-17,
2015-03-18,
2015-03-19,
2015-03-20,
2015-03-23,
2015-03-24,
2015-03-25,
2015-03-26,
2015-03-27,
2015-03-30,
2015-03-31,
2015-04-01,
2015-04-02,
2015-04-06,
2015-04-07,
2015-04-08,
2015-04-09,
2015-04-10,
2015-04-13,
2015-04-14,
2015-04-15,
2015-04-16,
2015-04-17,
2015-04-20,
2015-04-21,
2015-04-22,
2015-04-23,
2015-04-24,
2015-04-27,
2015-04-28,
2015-04-29,
2015-04-30,
2015-05-01,
2015-05-04,
2015-05-05,
2015-05-06,
2015-05-07,
2015-05-08,
2015-05-11,
2015-05-12,
2015-05-13,
2015-05-14,
2015-05-15,
2015-05-18,
2015-05-19,
2015-05-20,
2015-05-21,
2015-05-22,
2015-05-26,
2015-05-27,
2015-05-28,
2015-05-29,
2015-06-01,
2015-06-02,
2015-06-03,
2015-06-04,
2015-06-05,
2015-06-08,
2015-06-09,
2015-06-10,
2015-06-11,
2015-06-12,
2015-06-15,
2015-06-16,
2015-06-17,
2015-06-18,
2015-06-19,
2015-06-22,
2015-06-23,
2015-06-24,
2015-06-25,
2015-06-26,
2015-06-29,
2015-06-30,
2015-07-01,
2015-07-02,
2015-07-06,
2015-07-07,
2015-07-08,
2015-07-09,
2015-07-10,
2015-07-13,
2015-07-14,
2015-07-15,
2015-07-16,
2015-07-17,
2015-07-20,
2015-07-21,
2015-07-22,
2015-07-23,
2015-07-24,
2015-07-27,
2015-07-28,
2015-07-29,
2015-07-30,
2015-07-31,
2015-08-03,
2015-08-04,
2015-08-05,
2015-08-06,
2015-08-07,
2015-08-10,
2015-08-11,
2015-08-12,
2015-08-13,
2015-08-14,
2015-08-17,
2015-08-18,
2015-08-19,
2015-08-20,
2015-08-21,
2015-08-24,
2015-08-25,
2015-08-26,
2015-08-27,
2015-08-28,
2015-08-31,
2015-09-01,
2015-09-02,
2015-09-03,
2015-09-04,
2015-09-08,
2015-09-09,
2015-09-10,
2015-09-11,
2015-09-14,
2015-09-15,
2015-09-16,
2015-09-17,
2015-09-18,
2015-09-21,
2015-09-22,
2015-09-23,
2015-09-24,
2015-09-25,
2015-09-28,
2015-09-29,
2015-09-30,
2015-10-01,
2015-10-02,
2015-10-05,
2015-10-06,
2015-10-07,
2015-10-08,
2015-10-09,
2015-10-12,
2015-10-13,
2015-10-14,
2015-10-15,
2015-10-16,
2015-10-19,
2015-10-20,
2015-10-21,
2015-10-22,
2015-10-23,
2015-10-26,
2015-10-27,
2015-10-28,
2015-10-29,
2015-10-30,
2015-11-02,
2015-11-03,
2015-11-04,
2015-11-05,
2015-11-06,
2015-11-09,
2015-11-10,
2015-11-11,
2015-11-12,
2015-11-13,
2015-11-16,
2015-11-17,
2015-11-18,
2015-11-19,
2015-11-20,
2015-11-23,
2015-11-24,
2015-11-25,
2015-11-27,
2015-11-30,
2015-12-01,
2015-12-02,
2015-12-03,
2015-12-04,
2015-12-07,
2015-12-08,
2015-12-09,
2015-12-10,
2015-12-11,
2015-12-14,
2015-12-15,
2015-12-16,
2015-12-17,
2015-12-18,
2015-12-21,
2015-12-22,
2015-12-23,
2015-12-24,
2015-12-28,
2015-12-29,
2015-12-30,
2015-12-31,
2016-01-04,
2016-01-05,
2016-01-06,
2016-01-07,
2016-01-08,
2016-01-11,
2016-01-12,
2016-01-13,
2016-01-14,
2016-01-15,
2016-01-19,
2016-01-20,
2016-01-21,
2016-01-22,
2016-01-25,
2016-01-26,
2016-01-27,
2016-01-28,
2016-01-29,
2016-02-01,
2016-02-02,
2016-02-03,
2016-02-04,
2016-02-05,
2016-02-08,
2016-02-09,
2016-02-10,
2016-02-11,
2016-02-12,
2016-02-16,
2016-02-17,
2016-02-18,
2016-02-19,
2016-02-22,
2016-02-23,
2016-02-24,
2016-02-25,
2016-02-26,
2016-02-29,
2016-03-01,
2016-03-02,
2016-03-03,
2016-03-04,
2016-03-07,
2016-03-08,
2016-03-09,
2016-03-10,
2016-03-11,
2016-03-14,
2016-03-15,
2016-03-16,
2016-03-17,
2016-03-18,
2016-03-21,
2016-03-22,
2016-03-23,
2016-03-24,
2016-03-28,
2016-03-29,
2016-03-30,
2016-03-31,
2016-04-01,
2016-04-04,
2016-04-05,
2016-04-06,
2016-04-07,
2016-04-08,
2016-04-11,
2016-04-12,
2016-04-13,
2016-04-14,
2016-04-15,
2016-04-18,
2016-04-19,
2016-04-20,
2016-04-21,
2016-04-22,
2016-04-25,
2016-04-26,
2016-04-27,
2016-04-28,
2016-04-29,
2016-05-02,
2016-05-03,
2016-05-04,
2016-05-05,
2016-05-06,
2016-05-09,
2016-05-10,
2016-05-11,
2016-05-12,
2016-05-13,
2016-05-16,
2016-05-17,
2016-05-18,
2016-05-19,
2016-05-20,
2016-05-23,
2016-05-24,
2016-05-25,
2016-05-26,
2016-05-27,
2016-05-31,
2016-06-01,
2016-06-02,
2016-06-03,
2016-06-06,
2016-06-07,
2016-06-08,
2016-06-09,
2016-06-10,
2016-06-13,
2016-06-14,
2016-06-15,
2016-06-16,
2016-06-17,
2016-06-20,
2016-06-21,
2016-06-22,
2016-06-23,
2016-06-24,
2016-06-27,
2016-06-28,
2016-06-29,
2016-06-30,
2016-07-01,
2016-07-05,
2016-07-06,
2016-07-07,
2016-07-08,
2016-07-11,
2016-07-12,
2016-07-13,
2016-07-14,
2016-07-15,
2016-07-18,
2016-07-19,
2016-07-20,
2016-07-21,
2016-07-22,
2016-07-25,
2016-07-26,
2016-07-27,
2016-07-28,
2016-07-29,
2016-08-01,
2016-08-02,
2016-08-03,
2016-08-04,
2016-08-05,
2016-08-08,
2016-08-09,
2016-08-10,
2016-08-11,
2016-08-12,
2016-08-15,
2016-08-16,
2016-08-17,
2016-08-18,
2016-08-19,
2016-08-22,
2016-08-23,
2016-08-24,
2016-08-25,
2016-08-26,
2016-08-29,
2016-08-30,
2016-08-31,
2016-09-01,
2016-09-02,
2016-09-06,
2016-09-07,
2016-09-08,
2016-09-09,
2016-09-12,
2016-09-13,
2016-09-14,
2016-09-15,
2016-09-16,
2016-09-19,
2016-09-20,
2016-09-21,
2016-09-22,
2016-09-23,
2016-09-26,
2016-09-27,
2016-09-28,
2016-09-29,
2016-09-30,
2016-10-03,
2016-10-04,
2016-10-05,
2016-10-06,
2016-10-07,
2016-10-10,
2016-10-11,
2016-10-12,
2016-10-13,
2016-10-14,
2016-10-17,
2016-10-18,
2016-10-19,
2016-10-20,
2016-10-21,
2016-10-24,
2016-10-25,
2016-10-26,
2016-10-27,
2016-10-28,
2016-10-31,
2016-11-01,
2016-11-02,
2016-11-03,
2016-11-04,
2016-11-07,
2016-11-08,
2016-11-09,
2016-11-10,
2016-11-11,
2016-11-14,
2016-11-15,
2016-11-16,
2016-11-17,
2016-11-18,
2016-11-21,
2016-11-22,
2016-11-23,
2016-11-25,
2016-11-28,
2016-11-29,
2016-11-30,
2016-12-01,
2016-12-02,
2016-12-05,
2016-12-06,
2016-12-07,
2016-12-08,
2016-12-09,
2016-12-12,
2016-12-13,
2016-12-14,
2016-12-15,
2016-12-16,
2016-12-19,
2016-12-20,
2016-12-21,
2016-12-22,
2016-12-23,
2016-12-27,
2016-12-28,
2016-12-29,
2016-12-30,
2017-01-03,
2017-01-04,
2017-01-05,
2017-01-06,
2017-01-09,
2017-01-10,
2017-01-11,
2017-01-12,
2017-01-13,
2017-01-17,
2017-01-18,
2017-01-19,
2017-01-20,
2017-01-23,
2017-01-24,
2017-01-25,
2017-01-26,
2017-01-27,
2017-01-30,
2017-01-31,
2017-02-01,16.31814956665039
2017-02-02,16.505807876586914
2017-02-03,16.832170486450195
2017-02-06,16.91376495361328
2017-02-07,16.970884323120117
2017-02-08,17.003509521484375
2017-02-09,17.036151885986328
2017-02-10,17.15037727355957
2017-02-13,17.13405990600586
2017-02-14,17.15853500366211
2017-02-15,17.06062126159668
2017-02-16,17.101421356201172
2017-02-17,17.25644302368164
2017-02-21,17.517534255981445
2017-02-22,17.599130630493164
2017-02-23,17.607282638549805
2017-02-24,17.62360191345215
2017-02-27,17.794944763183594
2017-02-28,17.778623580932617
2017-03-01,17.56648826599121
2017-03-02,17.721511840820312
2017-03-03,17.794944763183594
2017-03-06,17.88469123840332
2017-03-07,17.794944763183594
2017-03-08,17.582809448242188
2017-03-09,17.32987403869629
2017-03-10,17.460418701171875
2017-03-13,17.444101333618164
2017-03-14,17.338035583496094
2017-03-15,17.558334350585938
2017-03-16,17.525693893432617
2017-03-17,17.62360191345215
2017-03-20,17.57465362548828
2017-03-21,17.452259063720703
2017-03-22,17.542016983032227
2017-03-23,17.53385353088379
2017-03-24,17.607282638549805
2017-03-27,17.56648826599121
2017-03-28,17.65623664855957
2017-03-29,17.697040557861328
2017-03-30,17.74598503112793
2017-03-31,17.811260223388672
2017-04-03,17.64807891845703
2017-04-04,17.57465362548828
2017-04-05,17.607282638549805
2017-04-06,17.705190658569336
2017-04-07,17.631763458251953
2017-04-10,17.65623664855957
2017-04-11,17.582809448242188
2017-04-12,17.582809448242188
2017-04-13,17.37067413330078
2017-04-17,17.68071937561035
2017-04-18,17.76230812072754
2017-04-19,17.74598503112793
2017-04-20,17.53385353088379
2017-04-21,17.672557830810547
2017-04-24,17.65623664855957
2017-04-25,17.721511840820312
2017-04-26,17.68886947631836
2017-04-27,17.615447998046875
2017-04-28,17.582809448242188
2017-05-01,17.68886947631836
2017-05-02,17.558334350585938
2017-05-03,17.525693893432617
2017-05-04,17.297239303588867
2017-05-05,17.35434913635254
2017-05-08,17.362506866455078
2017-05-09,17.5012149810791
2017-05-10,17.68071937561035
2017-05-11,17.917985916137695
2017-05-12,17.827987670898438
2017-05-15,17.917985916137695
2017-05-16,17.484357833862305
2017-05-17,17.62344741821289
2017-05-18,17.713441848754883
2017-05-19,17.81980323791504
2017-05-22,17.72981071472168
2017-05-23,17.639806747436523
2017-05-24,17.705263137817383
2017-05-25,17.34526824951172
2017-05-26,17.34526824951172
2017-05-30,17.476173400878906
2017-05-31,17.607080459594727
2017-06-01,17.737991333007812
2017-06-02,17.94253158569336
2017-06-05,17.656166076660156
2017-06-06,17.607080459594727
2017-06-07,17.427082061767578
2017-06-08,17.328901290893555
2017-06-09,17.508899688720703
2017-06-12,17.5498104095459
2017-06-13,17.517078399658203
2017-06-14,17.590721130371094
2017-06-15,17.557985305786133
2017-06-16,17.369815826416016
2017-06-19,17.680721282958984
2017-06-20,17.484357833862305
2017-06-21,17.418899536132812
2017-06-22,17.541622161865234
2017-06-23,17.77071762084961
2017-06-26,17.705263137817383
2017-06-27,17.647993087768555
2017-06-28,17.647993087768555
2017-06-29,17.427082061767578
2017-06-30,17.697080612182617
2017-07-03,17.737991333007812
2017-07-05,17.74617576599121
2017-07-06,17.418899536132812
2017-07-07,17.5498104095459
2017-07-10,17.5334415435791
2017-07-11,17.5498104095459
2017-07-12,17.582536697387695
2017-07-13,17.582536697387695
2017-07-14,17.62344741821289
2017-07-17,17.697080612182617
2017-07-18,17.574352264404297
2017-07-19,17.737991333007812
2017-07-20,17.713441848754883
2017-07-21,17.787076950073242
2017-07-24,17.81161880493164
2017-07-25,17.705263137817383
2017-07-26,17.5334415435791
2017-07-27,17.402536392211914
2017-07-28,17.451629638671875
2017-07-31,17.443445205688477
2017-08-01,17.56616973876953
2017-08-02,17.34526824951172
2017-08-03,17.24708366394043
2017-08-04,17.31254005432129
2017-08-07,17.271629333496094
2017-08-08,17.042537689208984
2017-08-09,17.173446655273438
2017-08-10,17.844345092773438
2017-08-11,18.000375747680664
2017-08-14,18.887258529663086
2017-08-15,18.83798599243164
2017-08-16,19.174671173095703
2017-08-17,19.32248306274414
2017-08-18,19.150033950805664
2017-08-21,19.13361358642578
2017-08-22,19.01043128967285
2017-08-23,19.043289184570312
2017-08-24,18.80513572692871
2017-08-25,18.79692268371582
2017-08-28,18.75586700439453
2017-08-29,18.608051300048828
2017-08-30,18.887258529663086
2017-08-31,19.00222396850586
2017-09-01,19.10076332092285
2017-09-05,18.829771041870117
2017-09-06,18.558778762817383
2017-09-07,18.3288516998291
2017-09-08,18.33706283569336
2017-09-11,18.813352584838867
2017-09-12,18.517719268798828
2017-09-13,18.222095489501953
2017-09-14,18.213886260986328
2017-09-15,18.394540786743164
2017-09-18,18.6326847076416
2017-09-19,18.887258529663086
2017-09-20,18.452028274536133
2017-09-21,18.53414535522461
2017-09-22,18.189247131347656
2017-09-25,18.476665496826172
2017-09-26,18.44381332397461
2017-09-27,18.608051300048828
2017-09-28,18.419179916381836
2017-09-29,18.59984016418457
2017-10-02,18.879043579101562
2017-10-03,18.583419799804688
2017-10-04,18.739442825317383
2017-10-05,18.665538787841797
2017-10-06,18.3617000579834
2017-10-09,18.410968780517578
2017-10-10,18.6326847076416
2017-10-11,18.591629028320312
2017-10-12,18.566993713378906
2017-10-13,18.583419799804688
2017-10-16,18.591629028320312
2017-10-17,18.59984016418457
2017-10-18,18.72301483154297
2017-10-19,18.673751831054688
2017-10-20,18.821557998657227
2017-10-23,18.673227310180664
2017-10-24,18.68971061706543
2017-10-25,18.796838760375977
2017-10-26,18.747394561767578
2017-10-27,18.920446395874023
2017-10-30,18.846284866333008
2017-10-31,18.59906005859375
2017-11-01,18.664989471435547
2017-11-02,19.126462936401367
2017-11-03,18.82155990600586
2017-11-06,19.05229949951172
2017-11-07,19.11821937561035
2017-11-08,19.085264205932617
2017-11-09,19.20063018798828
2017-11-10,19.55497932434082
2017-11-13,19.423124313354492
2017-11-14,19.365442276000977
2017-11-15,18.961652755737305
2017-11-16,19.109989166259766
2017-11-17,18.80508041381836
2017-11-20,18.80508041381836
2017-11-21,19.25831413269043
2017-11-22,19.365442276000977
2017-11-24,19.497285842895508
2017-11-27,19.274795532226562
2017-11-28,19.019332885742188
2017-11-29,19.373682022094727
2017-11-30,19.40664291381836
2017-12-01,19.373682022094727
2017-12-04,19.340717315673828
2017-12-05,19.011089324951172
2017-12-06,19.02758026123047
2017-12-07,19.151185989379883
2017-12-08,19.489051818847656
2017-12-11,19.505531311035156
2017-12-12,19.513771057128906
2017-12-13,19.530256271362305
2017-12-14,19.579696655273438
2017-12-15,19.85987663269043
2017-12-18,19.793954849243164
2017-12-19,19.505531311035156
2017-12-20,19.2253475189209
2017-12-21,19.291278839111328
2017-12-22,19.20063018798828
2017-12-26,19.25831413269043
2017-12-27,19.274795532226562
2017-12-28,19.44784927368164
2017-12-29,19.423124313354492
2018-01-02,19.357196807861328
2018-01-03,19.348955154418945
2018-01-04,18.994609832763672
2018-01-05,18.994609832763672
2018-01-08,19.0440616607666
2018-01-09,18.80508041381836
2018-01-10,18.854522705078125
2018-01-11,18.846284866333008
2018-01-12,18.714427947998047
2018-01-16,18.78859519958496
2018-01-17,18.549623489379883
2018-01-18,18.43425178527832
2018-01-19,18.27768325805664
2018-01-22,18.483692169189453
2018-01-23,18.871002197265625
2018-01-24,18.61554718017578
2018-01-25,18.607309341430664
2018-01-26,18.56610107421875
2018-01-29,18.269439697265625
2018-01-30,18.129348754882812
2018-01-31,18.533138275146484
2018-02-01,18.170555114746094
2018-02-02,18.18703269958496
2018-02-05,17.46186065673828
2018-02-06,17.51130485534668
2018-02-07,17.453617095947266
2018-02-08,16.934459686279297
2018-02-09,17.26408576965332
2018-02-12,17.396629333496094
2018-02-13,17.438053131103516
2018-02-14,17.66172218322754
2018-02-15,17.819122314453125
2018-02-16,17.82740592956543
2018-02-20,17.612014770507812
2018-02-21,17.272367477416992
2018-02-22,17.959949493408203
2018-02-23,18.183618545532227
2018-02-26,18.167051315307617
2018-02-27,17.82740592956543
2018-02-28,18.01793670654297
2018-03-01,18.150482177734375
2018-03-02,18.216754913330078
2018-03-05,18.266462326049805
2018-03-06,18.3161678314209
2018-03-07,18.539833068847656
2018-03-08,18.680667877197266
2018-03-09,18.771791458129883
2018-03-12,18.796646118164062
2018-03-13,18.771791458129883
2018-03-14,18.730369567871094
2018-03-15,18.74694061279297
2018-03-16,18.87120246887207
2018-03-19,18.722087860107422
2018-03-20,18.49013328552246
2018-03-21,18.390716552734375
2018-03-22,18.291316986083984
2018-03-23,18.142196655273438
2018-03-26,18.399002075195312
2018-03-27,18.606107711791992
2018-03-28,18.780073165893555
2018-03-29,18.912620544433594
2018-04-02,18.697233200073242
2018-04-03,18.846349716186523
2018-04-04,18.904338836669922
2018-04-05,18.75522232055664
2018-04-06,18.713808059692383
2018-04-09,18.680667877197266
2018-04-10,18.838064193725586
2018-04-11,18.780073165893555
2018-04-12,18.672378540039062
2018-04-13,18.705514907836914
2018-04-16,18.821496963500977
2018-04-17,19.012033462524414
2018-04-18,19.028596878051758
2018-04-19,18.647533416748047
2018-04-20,18.697233200073242
2018-04-23,18.730369567871094
2018-04-24,18.954044342041016
2018-04-25,19.028596878051758
2018-04-26,19.111438751220703
2018-04-27,19.235702514648438
2018-04-30,19.169431686401367
2018-05-01,19.301973342895508
2018-05-02,19.268836975097656
2018-05-03,19.20256805419922
2018-05-04,19.49251365661621
2018-05-07,19.49251365661621
2018-05-08,19.46765899658203
2018-05-09,19.658191680908203
2018-05-10,19.625059127807617
2018-05-11,19.616777420043945
2018-05-14,19.367090225219727
2018-05-15,18.576425552368164
2018-05-16,18.468233108520508
2018-05-17,18.42661476135254
2018-05-18,18.2934513092041
2018-05-21,18.243513107299805
2018-05-22,18.11867332458496
2018-05-23,18.176931381225586
2018-05-24,18.21854591369629
2018-05-25,18.1602840423584
2018-05-29,18.210222244262695
2018-05-30,18.659650802612305
2018-05-31,18.318422317504883
2018-06-01,18.37668228149414
2018-06-04,18.601396560668945
2018-06-05,18.35171127319336
2018-06-06,18.193572998046875
2018-06-07,18.493192672729492
2018-06-08,18.443260192871094
2018-06-11,18.42661476135254
2018-06-12,18.4349422454834
2018-06-13,18.4349422454834
2018-06-14,18.659650802612305
2018-06-15,18.65133285522461
2018-06-18,18.701263427734375
2018-06-19,18.518165588378906
2018-06-20,18.76784324645996
2018-06-21,18.817787170410156
2018-06-22,18.809463500976562
2018-06-25,18.93430519104004
2018-06-26,19.10076332092285
2018-06-27,18.99256706237793
2018-06-28,19.16733741760254
2018-06-29,19.192306518554688
2018-07-02,18.967601776123047
2018-07-03,19.200632095336914
2018-07-05,19.192306518554688
2018-07-06,19.267215728759766
2018-07-09,19.283859252929688
2018-07-10,19.258892059326172
2018-07-11,19.34211540222168
2018-07-12,19.49193000793457
2018-07-13,19.433671951293945
2018-07-16,19.367090225219727
2018-07-17,19.283859252929688
2018-07-18,19.516902923583984
2018-07-19,19.616771697998047
2018-07-20,19.57516098022461
2018-07-23,19.516902923583984
2018-07-24,19.14237403869629
2018-07-25,19.13405418395996
2018-07-26,19.367090225219727
2018-07-27,19.183982849121094
2018-07-30,19.13405418395996
2018-07-31,19.23392677307129
2018-08-01,19.275541305541992
2018-08-02,19.325475692749023
2018-08-03,19.533544540405273
2018-08-06,19.600126266479492
2018-08-07,19.625093460083008
2018-08-08,19.600126266479492
2018-08-09,19.81652069091797
2018-08-10,19.417028427124023
2018-08-13,19.10076332092285
2018-08-14,18.842754364013672
2018-08-15,19.010026931762695
2018-08-16,19.419832229614258
2018-08-17,19.403106689453125
2018-08-20,19.336196899414062
2018-08-21,19.227462768554688
2018-08-22,19.143835067749023
2018-08-23,19.470008850097656
2018-08-24,19.436552047729492
2018-08-27,19.286012649536133
2018-08-28,19.6289119720459
2018-08-29,19.570371627807617
2018-08-30,19.56200408935547
2018-08-31,19.545278549194336
2018-09-04,19.36964988708496
2018-09-05,19.436552047729492
2018-09-06,19.50346565246582
2018-09-07,19.536914825439453
2018-09-10,19.662368774414062
2018-09-11,19.888179779052734
2018-09-12,19.6289119720459
2018-09-13,19.896543502807617
2018-09-14,19.704179763793945
2018-09-17,19.829635620117188
2018-09-18,19.787817001342773
2018-09-19,19.587095260620117
2018-09-20,19.779455184936523
2018-09-21,20.021995544433594
2018-09-24,19.511825561523438
2018-09-25,19.470008850097656
2018-09-26,19.00165557861328
2018-09-27,19.00165557861328
2018-09-28,19.160566329956055
2018-10-01,19.010026931762695
2018-10-02,19.018383026123047
2018-10-03,18.800935745239258
2018-10-04,18.57512664794922
2018-10-05,18.47475814819336
2018-10-08,18.708938598632812
2018-10-09,18.71729850769043
2018-10-10,18.37440299987793
2018-10-11,17.70533561706543
2018-10-12,17.646787643432617
2018-10-15,17.897687911987305
2018-10-16,18.24058723449707
2018-10-17,18.215496063232422
2018-10-18,18.29912757873535
2018-10-19,18.3074951171875
2018-10-22,18.156953811645508
2018-10-23,18.38276481628418
2018-10-24,18.41621971130371
2018-10-25,18.391128540039062
2018-10-26,18.282407760620117
2018-10-29,18.683849334716797
2018-10-30,18.49148941040039
2018-10-31,18.29912757873535
2018-11-01,18.27404022216797
2018-11-02,17.75550651550293
2018-11-05,17.337339401245117
2018-11-06,17.588241577148438
2018-11-07,17.830785751342773
2018-11-08,18.123502731323242
2018-11-09,18.156953811645508
2018-11-12,18.115142822265625
2018-11-13,18.20760726928711
2018-11-14,17.963830947875977
2018-11-15,17.736865997314453
2018-11-16,17.568737030029297
2018-11-19,17.58555030822754
2018-11-20,17.417428970336914
2018-11-21,17.518308639526367
2018-11-23,17.50990104675293
2018-11-26,17.61077117919922
2018-11-27,17.871356964111328
2018-11-28,18.089923858642578
2018-11-29,17.980640411376953
2018-11-30,18.039478302001953
2018-12-03,18.08151626586914
2018-12-04,17.854549407958984
2018-12-06,18.36732292175293
2018-12-07,18.308475494384766
2018-12-10,18.2496337890625
2018-12-11,18.173978805541992
2018-12-12,17.862957000732422
2018-12-13,18.064701080322266
2018-12-14,17.963830947875977
2018-12-17,17.442649841308594
2018-12-18,17.535120010375977
2018-12-19,17.350189208984375
2018-12-20,17.148435592651367
2018-12-21,16.854225158691406
2018-12-24,16.324634552001953
2018-12-26,16.84581756591797
2018-12-27,16.91306495666504
2018-12-28,16.820598602294922
2018-12-31,16.87944221496582
2019-01-02,16.560009002685547
2019-01-03,16.669288635253906
2019-01-04,16.736539840698242
2019-01-07,16.644071578979492
2019-01-08,16.9635009765625
2019-01-09,16.862627029418945
2019-01-10,17.08959197998047
2019-01-11,17.257715225219727
2019-01-14,17.148435592651367
2019-01-15,17.232498168945312
2019-01-16,17.442649841308594
2019-01-17,17.83773422241211
2019-01-18,17.862957000732422
2019-01-22,17.720048904418945
2019-01-23,17.736865997314453
2019-01-24,17.795705795288086
2019-01-25,18.165571212768555
2019-01-28,18.451383590698242
2019-01-29,18.720375061035156
2019-01-30,18.762407302856445
2019-01-31,18.90530776977539
2019-02-01,18.947338104248047
2019-02-04,19.26677131652832
2019-02-05,19.27518081665039
2019-02-06,18.91371726989746
2019-02-07,19.006187438964844
2019-02-08,19.18271255493164
2019-02-11,19.26677131652832
2019-02-12,19.317501068115234
2019-02-13,19.3851318359375
2019-02-14,19.232955932617188
2019-02-15,19.883922576904297
2019-02-19,19.976909637451172
2019-02-20,19.638748168945312
2019-02-21,19.630292892456055
2019-02-22,19.48657989501953
2019-02-25,19.44430923461914
2019-02-26,19.47812843322754
2019-02-27,19.495033264160156
2019-02-28,19.44430923461914
2019-03-01,19.266773223876953
2019-03-04,19.59648323059082
2019-03-05,19.672569274902344
2019-03-06,19.740203857421875
2019-03-07,19.731748580932617
2019-03-08,19.8162841796875
2019-03-11,19.892375946044922
2019-03-12,19.883922576904297
2019-03-13,19.993818283081055
2019-03-14,20.171356201171875
2019-03-15,20.162906646728516
2019-03-18,19.900829315185547
2019-03-19,19.69793128967285
2019-03-20,19.69793128967285
2019-03-21,20.162906646728516
2019-03-22,20.30661964416504
2019-03-25,20.34889030456543
2019-03-26,20.56869888305664
2019-03-27,20.416521072387695
2019-03-28,20.441892623901367
2019-03-29,20.56869888305664
2019-04-01,20.56869888305664
2019-04-02,20.636327743530273
2019-04-03,20.69550895690918
2019-04-04,20.661693572998047
2019-04-05,20.720869064331055
2019-04-08,20.594064712524414
2019-04-09,20.34889030456543
2019-04-10,20.501062393188477
2019-04-11,20.71241569519043
2019-04-12,21.033668518066406
2019-04-15,21.084394454956055
2019-04-16,20.594064712524414
2019-04-17,20.424978256225586
2019-04-18,20.619421005249023
2019-04-22,20.281259536743164
2019-04-23,20.52642250061035
2019-04-24,20.83077049255371
2019-04-25,20.940675735473633
2019-04-26,21.135112762451172
2019-04-29,20.91530990600586
2019-04-30,21.01676368713379
2019-05-01,20.949132919311523
2019-05-02,20.93221664428711
2019-05-03,21.0421142578125
2019-05-06,21.00830841064453
2019-05-07,20.805408477783203
2019-05-08,20.661693572998047
2019-05-09,20.864587783813477
2019-05-10,21.160480499267578
2019-05-13,20.99985694885254
2019-05-14,21.042343139648438
2019-05-15,21.22081184387207
2019-05-16,21.509763717651367
2019-05-17,21.543758392333984
2019-05-20,21.35679054260254
2019-05-21,21.620241165161133
2019-05-22,21.61174774169922
2019-05-23,21.696735382080078
2019-05-24,21.900699615478516
2019-05-28,21.59474754333496
2019-05-29,21.475770950317383
2019-05-30,21.60324478149414
2019-05-31,21.781713485717773
2019-06-03,21.92618751525879
2019-06-04,22.172649383544922
2019-06-05,22.368114471435547
2019-06-06,22.597572326660156
2019-06-07,22.6485652923584
2019-06-10,22.76754379272461
2019-06-11,22.89502716064453
2019-06-12,22.920515060424805
2019-06-13,23.022499084472656
2019-06-14,23.209470748901367
2019-06-17,23.353939056396484
2019-06-18,23.379444122314453
2019-06-19,23.583402633666992
2019-06-20,23.52391242980957
2019-06-21,23.073495864868164
2019-06-24,22.92901611328125
2019-06-25,23.005504608154297
2019-06-26,22.470102310180664
2019-06-27,22.546585083007812
2019-06-28,22.716554641723633
2019-07-01,22.801538467407227
2019-07-02,23.158479690551758
2019-07-03,23.36244010925293
2019-07-05,23.285953521728516
2019-07-08,23.464420318603516
2019-07-09,23.753372192382812
2019-07-10,23.812862396240234
2019-07-11,23.65139389038086
2019-07-12,23.727880477905273
2019-07-15,23.795862197875977
2019-07-16,23.761873245239258
2019-07-17,23.65139389038086
2019-07-18,23.54090690612793
2019-07-19,22.971511840820312
2019-07-22,23.081989288330078
2019-07-23,23.2774600982666
2019-07-24,23.0989933013916
2019-07-25,23.200971603393555
2019-07-26,23.260459899902344
2019-07-29,23.430431365966797
2019-07-30,23.591899871826172
2019-07-31,23.345441818237305
2019-08-01,23.328449249267578
2019-08-02,23.515413284301758
2019-08-05,23.047996520996094
2019-08-06,23.268959045410156
2019-08-07,23.447429656982422
2019-08-08,23.668392181396484
2019-08-09,23.668392181396484
2019-08-12,23.566404342651367
2019-08-13,23.68538475036621
2019-08-14,23.574384689331055
2019-08-15,23.77931022644043
2019-08-16,24.18061065673828
2019-08-19,24.40260887145996
2019-08-20,24.28306770324707
2019-08-21,24.385530471801758
2019-08-22,24.786828994750977
2019-08-23,24.41114616394043
2019-08-26,24.778297424316406
2019-08-27,24.812448501586914
2019-08-28,24.547760009765625
2019-08-29,24.70145034790039
2019-08-30,24.556303024291992
2019-09-03,24.872215270996094
2019-09-04,24.795373916625977
2019-09-05,24.428220748901367
2019-09-06,24.573375701904297
2019-09-09,24.214765548706055
2019-09-10,23.88176918029785
2019-09-11,23.719545364379883
2019-09-12,23.856155395507812
2019-09-13,23.77931022644043
2019-09-16,24.069612503051758
2019-09-17,24.325767517089844
2019-09-18,24.334299087524414
2019-09-19,24.7356014251709
2019-09-20,24.97467613220215
2019-09-23,24.624605178833008
2019-09-24,24.82098960876465
2019-09-25,25.102754592895508
2019-09-26,25.367443084716797
2019-09-27,25.282058715820312
2019-09-30,25.282058715820312
2019-10-01,25.30767250061035
2019-10-02,25.43575096130371
2019-10-03,25.5296688079834
2019-10-04,25.69190216064453
2019-10-07,25.555282592773438
2019-10-08,25.358905792236328
2019-10-09,25.77727699279785
2019-10-10,25.913896560668945
2019-10-11,25.82851219177246
2019-10-14,25.81997299194336
2019-10-15,25.97365951538086
2019-10-16,26.0248966217041
2019-10-17,25.965129852294922
2019-10-18,26.36642837524414
2019-10-21,26.545732498168945
2019-10-22,26.246896743774414
2019-10-23,26.332275390625
2019-10-24,26.374963760375977
2019-10-25,26.374963760375977
2019-10-28,26.28104591369629
2019-10-29,26.298118591308594
2019-10-30,26.0078182220459
2019-10-31,26.28958511352539
2019-11-01,26.332275390625
2019-11-04,25.95659065246582
2019-11-05,25.29913330078125
2019-11-06,25.61505699157715
2019-11-07,25.205211639404297
2019-11-08,25.196672439575195
2019-11-11,25.153980255126953
2019-11-12,25.11110496520996
2019-11-13,25.582794189453125
2019-11-14,25.72859001159668
2019-11-15,25.720014572143555
2019-11-18,25.720014572143555
2019-11-19,25.66855239868164
2019-11-20,25.780044555664062
2019-11-21,25.145408630371094
2019-11-22,25.419845581054688
2019-11-25,25.84007453918457
2019-11-26,26.148820877075195
2019-11-27,26.02875518798828
2019-11-29,26.183128356933594
2019-12-02,25.874387741088867
2019-12-03,25.79719352722168
2019-12-04,25.84007453918457
2019-12-05,25.574216842651367
2019-12-06,25.754314422607422
2019-12-09,25.848655700683594
2019-12-10,25.617097854614258
2019-12-11,25.265472412109375
2019-12-12,24.69944190979004
2019-12-13,24.896692276000977
2019-12-16,25.02533531188965
2019-12-17,24.60511016845703
2019-12-18,24.742328643798828
2019-12-19,25.068225860595703
2019-12-20,25.274045944213867
2019-12-23,25.02533531188965
2019-12-24,25.042490005493164
2019-12-26,25.23974609375
2019-12-27,25.308351516723633
2019-12-30,25.52275848388672
2019-12-31,25.702857971191406
2020-01-02,25.274045944213867
2020-01-03,25.79719352722168
2020-01-06,25.89153289794922
2020-01-07,25.334083557128906
2020-01-08,25.59136962890625
2020-01-09,25.582794189453125
2020-01-10,25.780044555664062
2020-01-13,25.89153289794922
2020-01-14,25.617097854614258
2020-01-15,25.805774688720703
2020-01-16,26.183128356933594
2020-01-17,26.148820877075195
2020-01-21,26.509023666381836
2020-01-22,26.71485137939453
2020-01-23,26.89495086669922
2020-01-24,26.8778018951416
2020-01-27,26.757734298706055
2020-01-28,26.834918975830078
2020-01-29,26.860645294189453
2020-01-30,27.023597717285156
2020-01-31,26.989286422729492
2020-02-03,26.937828063964844
2020-02-04,27.212268829345703
2020-02-05,26.937828063964844
2020-02-06,27.06647491455078
2020-02-07,27.023597717285156
2020-02-10,27.375211715698242
2020-02-11,27.21150779724121
2020-02-12,27.41830062866211
2020-02-13,27.874984741210938
2020-02-14,28.04731559753418
2020-02-18,28.09902000427246
2020-02-19,27.375213623046875
2020-02-20,27.177030563354492
2020-02-21,27.04778480529785
2020-02-24,26.927146911621094
2020-02-25,26.23781394958496
2020-02-26,25.514013290405273
2020-02-27,24.93669319152832
2020-02-28,24.72127914428711
2020-03-02,25.720808029174805
2020-03-03,25.677730560302734
2020-03-04,26.479082107543945
2020-03-05,26.02239418029785
2020-03-06,25.45369529724121
2020-03-09,23.652809143066406
2020-03-10,24.52309226989746
2020-03-11,23.23920440673828
2020-03-12,22.127655029296875
2020-03-13,23.308141708374023
2020-03-16,17.819311141967773
2020-03-17,19.042882919311523
2020-03-18,16.630205154418945
2020-03-19,15.940876007080078
2020-03-20,14.812088966369629
2020-03-23,13.898717880249023
2020-03-24,15.630678176879883
2020-03-25,16.268306732177734
2020-03-26,17.173057556152344
2020-03-27,17.931331634521484
2020-03-30,18.25876235961914
2020-03-31,18.413860321044922
2020-04-01,17.47464370727539
2020-04-02,17.621126174926758
2020-04-03,16.690523147583008
2020-04-06,18.48279571533203
2020-04-07,18.61204719543457
2020-04-08,19.861465454101562
2020-04-09,20.947168350219727
2020-04-13,20.3870849609375
2020-04-14,20.852386474609375
2020-04-15,20.516332626342773
2020-04-16,19.671897888183594
2020-04-17,20.524951934814453
2020-04-20,19.16351318359375
2020-04-21,18.232913970947266
2020-04-22,19.02564239501953
2020-04-23,18.60342788696289
2020-04-24,18.767141342163086
2020-04-27,19.456485748291016
2020-04-28,19.646047592163086
2020-04-29,20.59387969970703
2020-04-30,20.37846565246582
2020-05-01,19.70636749267578
2020-05-04,19.637432098388672
2020-05-05,20.257829666137695
2020-05-06,19.861465454101562
2020-05-07,21.20566749572754
2020-05-08,21.481403350830078
2020-05-11,21.817453384399414
2020-05-12,20.907310485839844
2020-05-13,20.77728843688965
2020-05-14,20.82063102722168
2020-05-15,20.889972686767578
2020-05-18,22.034149169921875
2020-05-19,21.87813377380371
2020-05-20,21.418720245361328
2020-05-21,21.86945915222168
2020-05-22,22.06015968322754
2020-05-26,22.649585723876953
2020-05-27,22.770933151245117
2020-05-28,22.710262298583984
2020-05-29,22.79694175720215
2020-06-01,24.1924991607666
2020-06-02,23.91512107849121
2020-06-03,24.114484786987305
2020-06-04,24.03647232055664
2020-06-05,24.84259796142578
2020-06-08,25.3106689453125
2020-06-09,24.669235229492188
2020-06-10,23.889116287231445
2020-06-11,22.81427574157715
2020-06-12,23.984464645385742
2020-06-15,24.59122657775879
2020-06-16,25.02462387084961
2020-06-17,24.617229461669922
2020-06-18,24.573888778686523
2020-06-19,24.131824493408203
2020-06-22,24.400527954101562
2020-06-23,24.235837936401367
2020-06-24,23.637741088867188
2020-06-25,24.10581398010254
2020-06-26,23.60306739807129
2020-06-29,23.481718063354492
2020-06-30,23.86311149597168
2020-07-01,24.617229461669922
2020-07-02,24.46987533569336
2020-07-06,24.331186294555664
2020-07-07,23.80243492126465
2020-07-08,23.897785186767578
2020-07-09,23.724422454833984
2020-07-10,23.88044548034668
2020-07-13,23.47304916381836
2020-07-14,23.637741088867188
2020-07-15,23.91512107849121
2020-07-16,23.741758346557617
2020-07-17,24.2878475189209
2020-07-20,24.027807235717773
2020-07-21,23.975793838500977
2020-07-22,24.617229461669922
2020-07-23,24.227170944213867
2020-07-24,23.86311149597168
2020-07-27,24.279178619384766
2020-07-28,24.721248626708984
2020-07-29,25.440698623657227
2020-07-30,25.848093032836914
2020-07-31,25.848093032836914
2020-08-03,25.709407806396484
2020-08-04,25.71807098388672
2020-08-05,25.50136947631836
2020-08-06,25.423355102539062
2020-08-07,26.177478790283203
2020-08-10,26.030120849609375
2020-08-11,25.57712173461914
2020-08-12,26.003984451293945
2020-08-13,25.420312881469727
2020-08-14,24.97602081298828
2020-08-17,25.786195755004883
2020-08-18,25.490001678466797
2020-08-19,25.002159118652344
2020-08-20,25.04571533203125
2020-08-21,25.341903686523438
2020-08-24,25.359329223632812
2020-08-25,25.211238861083984
2020-08-26,24.82792854309082
2020-08-27,25.1066951751709
2020-08-28,24.967308044433594
2020-08-31,24.941173553466797
2020-09-01,25.063142776489258
2020-09-02,25.568408966064453
2020-09-03,25.1066951751709
2020-09-04,24.97602081298828
2020-09-08,24.549156188964844
2020-09-09,25.30706214904785
2020-09-10,24.75823211669922
2020-09-11,24.819215774536133
2020-09-14,25.40288543701172
2020-09-15,25.185100555419922
2020-09-16,25.20252227783203
2020-09-17,24.941173553466797
2020-09-18,24.679826736450195
2020-09-21,24.026464462280273
2020-09-22,24.14842414855957
2020-09-23,23.033348083496094
2020-09-24,23.486343383789062
2020-09-25,24.026464462280273
2020-09-28,24.86276626586914
2020-09-29,24.39234733581543
2020-09-30,24.383634567260742
2020-10-01,25.063142776489258
2020-10-02,25.533559799194336
2020-10-05,25.716501235961914
2020-10-06,25.62067413330078
2020-10-07,25.463865280151367
2020-10-08,26.02140998840332
2020-10-09,25.812328338623047
2020-10-12,25.873310089111328
2020-10-13,25.158958435058594
2020-10-14,24.810503005981445
2020-10-15,24.784366607666016
2020-10-16,24.340076446533203
2020-10-19,24.10486602783203
2020-10-20,24.34878921508789
2020-10-21,24.479467391967773
2020-10-22,25.080564498901367
2020-10-23,25.32448387145996
2020-10-26,24.949888229370117
2020-10-27,24.4359073638916
2020-10-28,23.799959182739258
2020-10-29,23.86964988708496
2020-10-30,23.74768829345703
2020-11-02,24.096155166625977
2020-11-03,24.39234733581543
2020-11-04,25.1066951751709
2020-11-05,25.237367630004883
2020-11-06,25.237367630004883
2020-11-09,24.1602725982666
2020-11-10,24.563087463378906
2020-11-11,25.438779830932617
2020-11-12,25.15855598449707
2020-11-13,25.543861389160156
2020-11-16,25.500080108642578
2020-11-17,25.2198543548584
2020-11-18,24.77325439453125
2020-11-19,24.589359283447266
2020-11-20,24.73822784423828
2020-11-23,24.65065574645996
2020-11-24,25.044715881347656
2020-11-25,25.613914489746094
2020-11-27,25.18482780456543
2020-11-30,25.027202606201172
2020-12-01,25.613914489746094
2020-12-02,25.28990936279297
2020-12-03,25.727754592895508
2020-12-04,26.480844497680664
2020-12-07,25.9554386138916
2020-12-08,25.79781150817871
2020-12-09,25.561372756958008
2020-12-10,25.316179275512695
2020-12-11,25.35996437072754
2020-12-14,25.202341079711914
2020-12-15,25.68397331237793
2020-12-16,25.561372756958008
2020-12-17,25.640188217163086
2020-12-18,24.852062225341797
2020-12-21,25.12352752685547
2020-12-22,25.412508010864258
2020-12-23,25.079742431640625
2020-12-24,25.49131965637207
2020-12-28,25.69272804260254
2020-12-29,25.49131965637207
2020-12-30,25.859113693237305
2020-12-31,26.007972717285156
2021-01-04,25.027202606201172
2021-01-05,25.421266555786133
2021-01-06,25.482563018798828
2021-01-07,25.342458724975586
2021-01-08,25.68397331237793
2021-01-11,25.438779830932617
2021-01-12,25.15855598449707
2021-01-13,25.070987701416016
2021-01-14,25.351207733154297
2021-01-15,25.911649703979492
2021-01-19,25.780296325683594
2021-01-20,26.296955108642578
2021-01-21,26.3494930267334
2021-01-22,26.288196563720703
2021-01-25,25.981706619262695
2021-01-26,26.051759719848633
2021-01-27,25.14104652404785
2021-01-28,25.403749465942383
2021-01-29,25.815326690673828
2021-02-01,26.638469696044922
2021-02-02,26.498363494873047
2021-02-03,26.261924743652344
2021-02-04,26.367006301879883
2021-02-05,26.288196563720703
2021-02-08,26.3494930267334
2021-02-09,26.842670440673828
2021-02-10,26.90431022644043
2021-02-11,27.15089988708496
2021-02-12,27.300613403320312
2021-02-16,27.23016357421875
2021-02-17,26.728185653686523
2021-02-18,26.2262020111084
2021-02-19,26.402334213256836
2021-02-22,25.979618072509766
2021-02-23,26.2878475189209
2021-02-24,26.30545997619629
2021-02-25,26.1645565032959
2021-02-26,25.66257095336914
2021-03-01,25.821096420288086
2021-03-02,25.794675827026367
2021-03-03,25.231048583984375
2021-03-04,25.046112060546875
2021-03-05,25.02849769592285
2021-03-08,25.09014320373535
2021-03-09,25.43360137939453
2021-03-10,25.803483963012695
2021-03-11,26.1645565032959
2021-03-12,27.15970802307129
2021-03-15,27.61765480041504
2021-03-16,27.41510009765625
2021-03-17,27.291807174682617
2021-03-18,27.379873275756836
2021-03-19,26.957157135009766
2021-03-22,27.379873275756836
2021-03-23,27.344646453857422
2021-03-24,27.38867950439453
2021-03-25,27.899471282958984
2021-03-26,28.445476531982422
2021-03-29,28.357410430908203
2021-03-30,28.401447296142578
2021-03-31,28.172473907470703
2021-04-01,28.771326065063477
2021-04-05,28.4895076751709
2021-04-06,28.929841995239258
2021-04-07,28.63922119140625
2021-04-08,28.559968948364258
2021-04-09,28.507123947143555
2021-04-12,28.621612548828125
2021-04-13,28.815359115600586
2021-04-14,28.692068099975586
2021-04-15,29.11478614807129
2021-04-16,29.361366271972656
2021-04-19,29.616758346557617
2021-04-20,29.924991607666016
2021-04-21,29.81050682067871
2021-04-22,29.79289436340332
2021-04-23,29.889760971069336
2021-04-26,29.81050682067871
2021-04-27,29.86334800720215
2021-04-28,30.074708938598633
2021-04-29,30.57668685913086
2021-04-30,30.876117706298828
2021-05-03,30.594303131103516
2021-05-04,30.699983596801758
2021-05-05,30.189193725585938
2021-05-06,30.75281524658203
2021-05-07,30.849687576293945
2021-05-10,31.1240177154541
2021-05-11,31.044384002685547
2021-05-12,30.30987548828125
2021-05-13,30.672700881958008
2021-05-14,31.070934295654297
2021-05-17,31.1240177154541
2021-05-18,31.02668571472168
2021-05-19,30.938182830810547
2021-05-20,31.504558563232422
2021-05-21,31.274471282958984
2021-05-24,31.90279769897461
2021-05-25,32.02668762207031
2021-05-26,32.01784133911133
2021-05-27,31.761198043823242
2021-05-28,32.09748840332031
2021-06-01,32.35413360595703
2021-06-02,32.65501403808594
2021-06-03,32.53110885620117
2021-06-04,32.66386032104492
2021-06-07,33.141746520996094
2021-06-08,33.08864212036133
2021-06-09,33.141746520996094
2021-06-10,33.5842170715332
2021-06-11,33.3718376159668
2021-06-14,33.460323333740234
2021-06-15,33.11519241333008
2021-06-16,32.87624740600586
2021-06-17,33.11519241333008
2021-06-18,32.309879302978516
2021-06-21,33.21253967285156
2021-06-22,33.08864212036133
2021-06-23,33.2833366394043
2021-06-24,33.22138595581055
2021-06-25,33.5842170715332
2021-06-28,33.38069152832031
2021-06-29,33.20369338989258
2021-06-30,33.000144958496094
2021-07-01,33.22138595581055
2021-07-02,33.5134162902832
2021-07-06,34.30989074707031
2021-07-07,34.513423919677734
2021-07-08,34.84971237182617
2021-07-09,35.30989074707031
2021-07-12,35.4780387878418
2021-07-13,35.06209945678711
2021-07-14,35.25679397583008
2021-07-15,35.24794387817383
2021-07-16,35.3718376159668
2021-07-19,34.71696853637695
2021-07-20,35.61962127685547
2021-07-21,35.32758712768555
2021-07-22,35.265647888183594
2021-07-23,35.858558654785156
2021-07-26,35.61962127685547
2021-07-27,36.01785659790039
2021-07-28,35.87627029418945
2021-07-29,35.964759826660156
2021-07-30,36.00016784667969
2021-08-02,35.938209533691406
2021-08-03,35.761226654052734
2021-08-04,35.77006912231445
2021-08-05,35.77892303466797
2021-08-06,35.504573822021484
2021-08-09,35.362388610839844
2021-08-10,34.58030700683594
2021-08-11,34.76693344116211
2021-08-12,34.85581588745117
2021-08-13,35.211299896240234
2021-08-16,35.22907638549805
2021-08-17,35.211299896240234
2021-08-18,35.64677810668945
2021-08-19,35.74454879760742
2021-08-20,35.97560501098633
2021-08-23,35.85118865966797
2021-08-24,35.63788986206055
2021-08-25,35.620121002197266
2021-08-26,35.815635681152344
2021-08-27,35.993385314941406
2021-08-30,36.7043571472168
2021-08-31,36.597713470458984
2021-09-01,37.264259338378906
2021-09-02,37.74416732788086
2021-09-03,37.282039642333984
2021-09-07,36.7043571472168
2021-09-08,37.104286193847656
2021-09-09,36.52661895751953
2021-09-10,35.80674743652344
2021-09-13,36.055599212646484
2021-09-14,36.06448745727539
2021-09-15,35.90450668334961
2021-09-16,35.96672058105469
2021-09-17,35.45125961303711
2021-09-20,35.4334831237793
2021-09-21,35.52235412597656
2021-09-22,36.01115036010742
2021-09-23,35.957828521728516
2021-09-24,35.211299896240234
2021-09-27,34.26926040649414
2021-09-28,34.25148010253906
2021-09-29,34.61585998535156
2021-09-30,34.06484603881836
2021-10-01,34.491432189941406
2021-10-04,34.429229736328125
2021-10-05,34.14482879638672
2021-10-06,34.3492431640625
2021-10-07,34.26036834716797
2021-10-08,34.233699798583984
2021-10-11,34.32257080078125
2021-10-12,34.66028594970703
2021-10-13,35.42460250854492
2021-10-14,35.80674743652344
2021-10-15,35.70899200439453
2021-10-18,35.788978576660156
2021-10-19,35.717872619628906
2021-10-20,35.97560501098633
2021-10-21,35.815635681152344
2021-10-22,36.331092834472656
2021-10-25,36.46440124511719
2021-10-26,36.38441848754883
2021-10-27,35.96672058105469
2021-10-28,36.78434753417969
2021-10-29,36.659934997558594
2021-11-01,36.54438781738281
2021-11-02,36.91765594482422
2021-11-03,36.882110595703125
2021-11-04,36.17112731933594
2021-11-05,36.27777099609375
2021-11-08,36.10820007324219
2021-11-09,36.17068099975586
2021-11-10,36.206382751464844
2021-11-11,36.18852615356445
2021-11-12,36.197452545166016
2021-11-15,36.49196243286133
2021-11-16,36.15283203125
2021-11-17,36.1439094543457
2021-11-18,36.643680572509766
2021-11-19,36.509803771972656
2021-11-22,36.36701583862305
2021-11-23,36.7239990234375
2021-11-24,37.44687271118164
2021-11-26,36.7239990234375
2021-11-29,36.83108901977539
2021-11-30,36.09035873413086
2021-12-01,35.52812576293945
2021-12-02,36.893558502197266
2021-12-03,37.17021560668945
2021-12-06,37.750301361083984
2021-12-07,38.07158279418945
2021-12-08,38.62489318847656
2021-12-09,38.12512969970703
2021-12-10,38.13405990600586
2021-12-13,38.526729583740234
2021-12-14,37.607513427734375
2021-12-15,38.25006866455078
2021-12-16,37.955562591552734
2021-12-17,38.28577423095703
2021-12-20,37.94664001464844
2021-12-21,38.67844772338867
2021-12-22,39.249603271484375
2021-12-23,39.22283935546875
2021-12-27,39.740447998046875
2021-12-28,39.79399871826172
2021-12-29,40.31161117553711
2021-12-30,40.30268478393555
2021-12-31,40.463321685791016
2022-01-03,40.13312911987305
2022-01-04,40.27591323852539
2022-01-05,39.16928482055664
2022-01-06,39.04434585571289
2022-01-07,38.30362319946289
2022-01-10,38.05373001098633
2022-01-11,38.517799377441406
2022-01-12,38.78553771972656
2022-01-13,38.92832946777344
2022-01-14,38.72306823730469
2022-01-18,38.6070442199707
2022-01-19,38.24114990234375
2022-01-20,37.33977508544922
2022-01-21,37.375484466552734
2022-01-24,37.20590591430664
2022-01-25,36.679378509521484
2022-01-26,36.27777099609375
2022-01-27,35.79585647583008
2022-01-28,37.11667251586914
2022-01-31,37.464717864990234
2022-02-01,37.321929931640625
2022-02-02,38.018043518066406
2022-02-03,37.83954620361328
2022-02-04,37.86631774902344
2022-02-07,37.188072204589844
2022-02-08,37.295162200927734
2022-02-09,38.21437072753906
2022-02-10,37.67890930175781
2022-02-11,37.526405334472656
2022-02-14,37.1406364440918
2022-02-15,37.09578323364258
2022-02-16,36.28837966918945
2022-02-17,35.238746643066406
2022-02-18,34.64664840698242
2022-02-22,34.808135986328125
2022-02-23,33.570106506347656
2022-02-24,33.426570892333984
2022-02-25,35.02345275878906
2022-02-28,33.911014556884766
2022-03-01,33.59703063964844
2022-03-02,34.89784622192383
2022-03-03,34.6735725402832
2022-03-04,35.16698455810547
2022-03-07,34.323692321777344
2022-03-08,34.64664840698242
2022-03-09,35.31949234008789
2022-03-10,35.355369567871094
2022-03-11,35.391265869140625
2022-03-14,35.0772705078125
2022-03-15,35.436126708984375
2022-03-16,35.70525360107422
2022-03-17,36.512657165527344
2022-03-18,36.50368881225586
2022-03-21,36.38705825805664
2022-03-22,36.234554290771484
2022-03-23,35.57965850830078
2022-03-24,35.965423583984375
2022-03-25,36.30632019042969
2022-03-28,36.30632019042969
2022-03-29,37.212406158447266
2022-03-30,36.701045989990234
2022-03-31,36.0461540222168
2022-04-01,36.81768035888672
2022-04-04,36.20763397216797
2022-04-05,36.09101104736328
2022-04-06,36.674129486083984
2022-04-07,36.56648254394531
2022-04-08,37.01504135131836
2022-04-11,36.8266487121582
2022-04-12,37.1585807800293
2022-04-13,37.526405334472656
2022-04-14,37.63405990600586
2022-04-18,37.400794982910156
2022-04-19,38.611915588378906
2022-04-20,39.392398834228516
2022-04-21,39.25783920288086
2022-04-22,38.64779281616211
2022-04-25,38.405582427978516
2022-04-26,37.6878776550293
2022-04-27,37.41874313354492
2022-04-28,36.96121597290039
2022-04-29,35.723201751708984
2022-05-02,34.4403076171875
2022-05-03,34.52105712890625
2022-05-04,34.76327896118164
2022-05-05,34.198097229003906
2022-05-06,34.08147048950195
2022-05-09,32.3218994140625
2022-05-10,32.348976135253906
2022-05-11,32.33092498779297
2022-05-12,32.36701583862305
2022-05-13,33.314476013183594
2022-05-16,32.8994026184082
2022-05-17,33.251304626464844
2022-05-18,32.19557571411133
2022-05-19,32.25874328613281
2022-05-20,32.673824310302734
2022-05-23,33.134010314941406
2022-05-24,33.928070068359375
2022-05-25,33.928070068359375
2022-05-26,33.711509704589844
2022-05-27,34.77627944946289
2022-05-31,34.036354064941406
2022-06-01,34.32509994506836
2022-06-02,35.010887145996094
2022-06-03,34.55068588256836
2022-06-06,33.910030364990234
2022-06-07,34.4694709777832
2022-06-08,33.711509704589844
2022-06-09,33.079864501953125
2022-06-10,32.56553268432617
2022-06-13,30.634525299072266
2022-06-14,30.34576988220215
2022-06-15,30.89620590209961
2022-06-16,30.481122970581055
2022-06-17,30.463077545166016
2022-06-21,30.70670509338379
2022-06-22,30.724754333496094
2022-06-23,31.654170989990234
2022-06-24,32.04218292236328
2022-06-27,32.069252014160156
2022-06-28,32.28580856323242
2022-06-29,32.159481048583984
2022-06-30,32.10533905029297
2022-07-01,32.249717712402344
2022-07-05,32.56553268432617
2022-07-06,32.82721710205078
2022-07-07,33.01670455932617
2022-07-08,32.908424377441406
2022-07-11,32.93549728393555
2022-07-12,31.500768661499023
2022-07-13,31.861709594726562
2022-07-14,31.654170989990234
2022-07-15,32.3218994140625
2022-07-18,32.10533905029297
2022-07-19,32.186546325683594
2022-07-20,32.22264099121094
2022-07-21,32.682838439941406
2022-07-22,32.89037322998047
2022-07-25,32.8994026184082
2022-07-26,33.03475570678711
2022-07-27,33.35960006713867
2022-07-28,34.848453521728516
2022-07-29,35.218421936035156
2022-08-01,34.749202728271484
2022-08-02,34.27096176147461
2022-08-03,33.991233825683594
2022-08-04,34.21681594848633
2022-08-05,34.18073272705078
2022-08-08,34.41669845581055
2022-08-09,34.897743225097656
2022-08-10,35.342472076416016
2022-08-11,35.297096252441406
2022-08-12,35.93242263793945
2022-08-15,36.10486602783203
2022-08-16,36.13209915161133
2022-08-17,36.05949401855469
2022-08-18,35.21540451049805
2022-08-19,35.1972541809082
2022-08-22,34.72529602050781
2022-08-23,34.026432037353516
2022-08-24,34.19887924194336
2022-08-25,34.698062896728516
2022-08-26,33.835838317871094
2022-08-29,33.327571868896484
2022-08-30,32.69224548339844
2022-08-31,32.92822265625
2022-09-01,33.173274993896484
2022-09-02,33.100669860839844
2022-09-06,34.652687072753906
2022-09-07,35.28801727294922
2022-09-08,35.2789421081543
2022-09-09,35.8961181640625
2022-09-12,36.40437698364258
2022-09-13,35.315242767333984
2022-09-14,34.67991638183594
2022-09-15,33.76322937011719
2022-09-16,33.45463943481445
2022-09-19,33.33664321899414
2022-09-20,32.40180587768555
2022-09-21,31.648479461669922
2022-09-22,31.7664794921875
2022-09-23,31.7937068939209
2022-09-26,31.15837287902832
2022-09-27,30.768104553222656
2022-09-28,31.3035945892334
2022-09-29,30.74995231628418
2022-09-30,30.65011215209961
2022-10-03,31.702953338623047
2022-10-04,31.802778244018555
2022-10-05,31.094839096069336
2022-10-06,30.586576461791992
2022-10-07,29.361297607421875
2022-10-10,29.170703887939453
2022-10-11,29.924020767211914
2022-10-12,29.225160598754883
2022-10-13,29.48836898803711
2022-10-14,28.680587768554688
2022-10-17,29.82417869567871
2022-10-18,30.214460372924805
2022-10-19,29.49744415283203
2022-10-20,29.53374671936035
2022-10-21,30.042009353637695
2022-10-24,29.842336654663086
2022-10-25,30.82254981994629
2022-10-26,30.54120445251465
2022-10-27,28.181400299072266
2022-10-28,29.052711486816406
2022-10-31,28.762271881103516
2022-11-01,28.725969314575195
2022-11-02,28.55352210998535
2022-11-03,28.462764739990234
2022-11-04,28.163249969482422
2022-11-07,27.157743453979492
2022-11-08,27.523380279541016
2022-11-09,27.249155044555664
2022-11-10,29.5161075592041
2022-11-11,29.232738494873047
2022-11-14,28.61115837097168
2022-11-15,28.949371337890625
2022-11-16,28.501462936401367
2022-11-17,28.13582992553711
2022-11-18,28.58373260498047
2022-11-21,28.56545066833496
2022-11-22,28.867103576660156
2022-11-23,28.885385513305664
2022-11-25,28.99507713317871
2022-11-28,28.32778549194336
2022-11-29,29.177892684936523
2022-11-30,29.826902389526367
2022-12-01,29.570953369140625
2022-12-02,29.580095291137695
2022-12-05,29.388139724731445
2022-12-06,28.940227508544922
2022-12-07,29.415563583374023
2022-12-08,29.351573944091797
2022-12-09,28.87624168395996
2022-12-12,28.474040985107422
2022-12-13,29.296724319458008
2022-12-14,29.260162353515625
2022-12-15,28.538028717041016
2022-12-16,27.77018928527832
2022-12-19,27.194311141967773
2022-12-20,26.993207931518555
2022-12-21,27.21259307861328
2022-12-22,27.075475692749023
2022-12-23,27.331424713134766
2022-12-27,27.1760311126709
2022-12-28,26.609289169311523
2022-12-29,27.450258255004883
2022-12-30,27.093759536743164
2023-01-03,26.74640464782715
2023-01-04,27.166887283325195
2023-01-05,26.133960723876953
2023-01-06,27.185171127319336
2023-01-09,27.24001121520996
2023-01-10,27.249155044555664
2023-01-11,28.474040985107422
2023-01-12,28.71170997619629
2023-01-13,28.528888702392578
2023-01-17,28.91280746459961
2023-01-18,28.30036163330078
2023-01-19,28.28208351135254
2023-01-20,28.821395874023438
2023-01-23,28.75741195678711
2023-01-24,29.16875457763672
2023-01-25,29.324153900146484
2023-01-26,29.360713958740234
2023-01-27,29.753774642944336
2023-01-30,29.06820297241211
2023-01-31,29.708070755004883
2023-02-01,29.87260627746582
2023-02-02,30.996946334838867
2023-02-03,30.549036026000977
2023-02-06,30.192533493041992
2023-02-07,30.256519317626953
2023-02-08,30.2199649810791
2023-02-09,29.826902389526367
2023-02-10,29.86346435546875
2023-02-13,30.47161102294922
2023-02-14,30.4623966217041
2023-02-15,30.324182510375977
2023-02-16,30.029321670532227
2023-02-17,30.066181182861328
2023-02-21,29.716035842895508
2023-02-22,29.577821731567383
2023-02-23,29.660749435424805
2023-02-24,29.07103729248047
2023-02-27,28.868324279785156
2023-02-28,28.803823471069336
2023-03-01,27.97454071044922
2023-03-02,28.17725372314453
2023-03-03,29.32903480529785
2023-03-06,29.365896224975586
2023-03-07,28.64718246459961
2023-03-08,29.14475440979004
2023-03-09,28.813032150268555
2023-03-10,27.882394790649414
2023-03-13,28.684036254882812
2023-03-14,28.803823471069336
2023-03-15,28.988109588623047
2023-03-16,28.656396865844727
2023-03-17,28.094324111938477
2023-03-20,28.204896926879883
2023-03-21,27.817895889282227
2023-03-22,26.52789878845215
2023-03-23,26.426542282104492
2023-03-24,27.126829147338867
2023-03-27,27.20975685119629
2023-03-28,27.145254135131836
2023-03-29,27.854753494262695
2023-03-30,28.287824630737305
2023-03-31,28.776182174682617
2023-04-03,28.73932456970215
2023-04-04,28.79460906982422
2023-04-05,28.75775146484375
2023-04-06,29.015750885009766
2023-04-10,29.153966903686523
2023-04-11,29.41196632385254
2023-04-12,29.448822021484375
2023-04-13,29.679176330566406
2023-04-14,29.669965744018555
2023-04-17,30.4071102142334
2023-04-18,30.508464813232422
2023-04-19,30.67432403564453
2023-04-20,30.582176208496094
2023-04-21,30.67432403564453
2023-04-24,30.268888473510742
2023-04-25,29.82660675048828
2023-04-26,29.61467742919922
2023-04-27,30.28731918334961
2023-04-28,30.74803352355957
2023-05-01,30.79410743713379
2023-05-02,31.00603675842285
2023-05-03,30.821748733520508
2023-05-04,30.75724983215332
2023-05-05,31.687889099121094
2023-05-08,31.678680419921875
2023-05-09,31.613685607910156
2023-05-10,32.01292037963867
2023-05-11,31.59511947631836
2023-05-12,31.576547622680664
2023-05-15,31.641542434692383
2023-05-16,30.833786010742188
2023-05-17,31.195886611938477
2023-05-18,31.140174865722656
2023-05-19,31.130889892578125
2023-05-22,31.23301887512207
2023-05-23,30.9266357421875
2023-05-24,30.583105087280273
2023-05-25,30.54597282409668
2023-05-26,31.000911712646484
2023-05-30,31.18659782409668
2023-05-31,31.45585060119629
2023-06-01,31.427997589111328
2023-06-02,32.02220916748047
2023-06-05,32.003639221191406
2023-06-06,31.752952575683594
2023-06-07,31.99435043334961
2023-06-08,32.26359558105469
2023-06-09,31.836515426635742
2023-06-12,31.20516586303711
2023-06-13,31.585834503173828
2023-06-14,31.60440444946289
2023-06-15,31.8829345703125
2023-06-16,31.938644409179688
2023-06-20,31.929357528686523
2023-06-21,31.7343807220459
2023-06-22,31.16802978515625
2023-06-23,30.39742088317871
2023-06-26,31.195886611938477
2023-06-27,31.632251739501953
2023-06-28,31.808658599853516
2023-06-29,31.687959671020508
2023-06-30,31.938644409179688
2023-07-03,32.36573028564453
2023-07-05,32.18003463745117
2023-07-06,32.26359558105469
2023-07-07,32.25432205200195
2023-07-10,32.26359558105469
2023-07-11,32.72782516479492
2023-07-12,32.77423858642578
2023-07-13,32.959938049316406
2023-07-14,32.86708450317383
2023-07-17,32.80210494995117
2023-07-18,32.3378791809082
2023-07-19,32.77423858642578
2023-07-20,33.117774963378906
2023-07-21,33.55414581298828
2023-07-24,33.57271194458008
2023-07-25,33.0063591003418
2023-07-26,32.97850799560547
2023-07-27,32.39358139038086
2023-07-28,32.93208694458008
2023-07-31,32.959938049316406
2023-08-01,32.8299560546875
2023-08-02,32.90422821044922
2023-08-03,32.64426040649414
2023-08-04,32.27288055419922
2023-08-07,32.67512512207031
2023-08-08,32.69384002685547
2023-08-09,32.37578582763672
2023-08-10,32.29159164428711
2023-08-11,32.45997619628906
2023-08-14,32.23546600341797
2023-08-15,32.02030944824219
2023-08-16,31.870641708374023
2023-08-17,31.356143951416016
2023-08-18,31.30002212524414
2023-08-21,30.748104095458984
2023-08-22,31.04745101928711
2023-08-23,31.5993595123291
2023-08-24,31.43098258972168
2023-08-25,31.57130241394043
2023-08-28,31.57130241394043
2023-08-29,31.84257698059082
2023-08-30,32.169986724853516
2023-08-31,31.889352798461914
2023-09-01,31.973543167114258
2023-09-05,31.68355369567871
2023-09-06,31.76774024963379
2023-09-07,32.00160217285156
2023-09-08,31.69290542602539
2023-09-11,31.870641708374023
2023-09-12,32.113861083984375
2023-09-13,32.076438903808594
2023-09-14,32.88092803955078
2023-09-15,33.01188278198242
2023-09-18,32.44126510620117
2023-09-19,31.861286163330078
2023-09-20,31.76774024963379
2023-09-21,30.879070281982422
2023-09-22,30.570371627807617
2023-09-25,30.401988983154297
2023-09-26,29.934268951416016
2023-09-27,29.653635025024414
2023-09-28,29.709762573242188
2023-09-29,29.64427947998047
2023-10-02,29.27010154724121
2023-10-03,29.064302444458008
2023-10-04,29.532026290893555
2023-10-05,29.6162166595459
2023-10-06,29.90620231628418
2023-10-09,30.112001419067383
2023-10-10,29.88749885559082
2023-10-11,30.804229736328125
2023-10-12,30.55166244506836
2023-10-13,30.43941307067871
2023-10-16,30.579727172851562
2023-10-17,30.607789993286133
2023-10-18,30.121355056762695
2023-10-19,29.522672653198242
2023-10-20,29.176555633544922
2023-10-23,28.624643325805664
2023-10-24,29.101722717285156
2023-10-25,28.36271858215332
2023-10-26,27.174701690673828
2023-10-27,26.940839767456055
2023-10-30,27.38050079345703
2023-10-31,27.77338981628418
2023-11-01,27.82951545715332
2023-11-02,28.79302406311035
2023-11-03,29.90620231628418
2023-11-06,29.90620231628418
2023-11-07,29.46294403076172
2023-11-08,29.698720932006836
2023-11-09,29.434646606445312
2023-11-10,29.877914428710938
2023-11-13,29.71758460998535
2023-11-14,31.537796020507812
2023-11-15,31.349172592163086
2023-11-16,31.632108688354492
2023-11-17,31.622671127319336
2023-11-20,31.59438133239746
2023-11-21,31.273725509643555
2023-11-22,31.471773147583008
2023-11-24,31.462345123291016
2023-11-27,31.49064064025879
2023-11-28,31.39632797241211
2023-11-29,31.085100173950195
2023-11-30,31.462345123291016
2023-12-01,32.094234466552734
2023-12-04,31.86788558959961
2023-12-05,31.39632797241211
2023-12-06,31.085100173950195
2023-12-07,30.887046813964844
2023-12-08,31.19827651977539
2023-12-11,31.38689422607422
2023-12-12,31.632108688354492
2023-12-13,32.86758804321289
2023-12-14,33.282562255859375
2023-12-15,32.26398849487305
2023-12-18,32.320587158203125
2023-12-19,32.603515625
2023-12-20,32.03764724731445
2023-12-21,32.2734260559082
2023-12-22,32.28285598754883
2023-12-26,32.60615921020508
2023-12-27,32.720272064208984
2023-12-28,32.99602508544922
2023-12-29,32.435001373291016
2024-01-02,32.919952392578125
2024-01-03,32.396968841552734
2024-01-04,32.31138229370117
2024-01-05,32.1972770690918
2024-01-08,32.54910659790039
2024-01-09,32.23531723022461
2024-01-10,32.4920539855957
2024-01-11,32.1972770690918
2024-01-12,32.14022445678711
2024-01-16,31.892990112304688
2024-01-17,31.484102249145508
2024-01-18,31.427053451538086
2024-01-19,32.026119232177734
2024-01-22,32.501564025878906
2024-01-23,32.07365798950195
2024-01-24,31.49361228942871
2024-01-25,31.62674331665039
2024-01-26,31.617231369018555
2024-01-29,31.683794021606445
2024-01-30,31.455581665039062
2024-01-31,31.312944412231445
2024-02-01,31.807411193847656
2024-02-02,31.398529052734375
2024-02-05,30.6378116607666
2024-02-06,31.11326026916504
2024-02-07,30.96111488342285
2024-02-08,31.084728240966797
2024-02-09,31.446069717407227
2024-02-12,31.284421920776367
2024-02-13,30.675844192504883
2024-02-14,30.742412567138672
2024-02-15,31.246379852294922
2024-02-16,31.09423828125
2024-02-20,31.160804748535156
2024-02-21,31.569686889648438
2024-02-22,31.49361228942871
2024-02-23,31.645755767822266
2024-02-26,31.674285888671875
2024-02-27,31.88347816467285
2024-02-28,31.997594833374023
2024-02-29,32.396968841552734
2024-03-01,32.8438835144043
2024-03-04,33.67116165161133
2024-03-05,33.157676696777344
2024-03-06,33.205223083496094
2024-03-07,32.91044998168945
2024-03-08,33.39540481567383
2024-03-11,33.38589859008789
2024-03-12,33.47147750854492
2024-03-13,33.4904899597168
2024-03-14,33.157676696777344
2024-03-15,33.243255615234375
2024-03-18,32.919952392578125
2024-03-19,32.98651885986328
2024-03-20,33.129150390625
2024-03-21,33.376380920410156
2024-03-22,32.89142990112305
2024-03-25,32.691741943359375
2024-03-26,32.5871467590332
2024-03-27,33.4595832824707
2024-03-28,34.14028549194336
2024-04-01,33.6225700378418
2024-04-02,33.3541259765625
2024-04-03,33.30618667602539
2024-04-04,32.980224609375
2024-04-05,33.33495330810547
2024-04-08,33.88142395019531
2024-04-09,34.101932525634766
2024-04-10,33.43082046508789
2024-04-11,33.18156051635742
2024-04-12,32.5200309753418
2024-04-15,32.17489242553711
2024-04-16,31.676355361938477
2024-04-17,31.70511817932129
2024-04-18,32.02149963378906
2024-04-19,32.184478759765625
2024-04-22,32.385807037353516
2024-04-23,32.72136688232422
2024-04-24,32.89393997192383
2024-04-25,33.05691909790039
2024-04-26,33.28701400756836
2024-04-29,33.152793884277344
2024-04-30,32.788475036621094
2024-05-01,32.673431396484375
2024-05-02,33.07609558105469
2024-05-03,32.97063446044922
2024-05-06,33.363712310791016
2024-05-07,33.536285400390625
2024-05-08,33.26784133911133
2024-05-09,33.536285400390625
2024-05-10,33.344539642333984
2024-05-13,33.315773010253906
2024-05-14,33.536285400390625
2024-05-15,34.17863082885742
2024-05-16,33.75678634643555
2024-05-17,33.98688888549805
2024-05-20,33.96771240234375
2024-05-21,33.728031158447266
2024-05-22,33.536285400390625
2024-05-23,33.095272064208984
2024-05-24,33.05691909790039
2024-05-28,32.66384506225586
2024-05-29,32.385807037353516
2024-05-30,32.625492095947266
2024-05-31,33.3541259765625
2024-06-03,33.26784133911133
2024-06-04,33.50752639770508
2024-06-05,33.29660415649414
2024-06-06,33.42123794555664
2024-06-07,33.56504440307617
2024-06-10,33.852664947509766
2024-06-11,33.65133285522461
2024-06-12,33.603389739990234
2024-06-13,33.58422088623047
2024-06-14,34.034820556640625
2024-06-17,34.04440689086914
2024-06-18,34.25532913208008
2024-06-20,34.1211051940918
2024-06-21,33.958126068115234
2024-06-24,34.37037658691406
2024-06-25,34.073177337646484
2024-06-26,33.660919189453125
2024-06-27,34.15380096435547
2024-06-28,34.68533706665039
2024-07-01,34.57903289794922
2024-07-02,34.8399658203125
2024-07-03,34.80131149291992
2024-07-05,34.83030319213867
2024-07-08,34.91728210449219
2024-07-09,34.88829040527344
2024-07-10,34.637020111083984
2024-07-11,34.25044250488281
2024-07-12,34.182796478271484
2024-07-15,34.0958137512207
2024-07-16,34.62735366821289
2024-07-17,34.5500373840332
2024-07-18,34.71432876586914
2024-07-19,34.71432876586914
2024-07-22,35.081581115722656
2024-07-23,35.26519775390625
2024-07-24,34.76265335083008
2024-07-25,32.085628509521484
2024-07-26,32.926429748535156
2024-07-29,33.12937545776367
2024-07-30,33.815547943115234
2024-07-31,34.08615493774414
2024-08-01,34.33742141723633
2024-08-02,34.395408630371094
2024-08-05,33.50628662109375
2024-08-06,34.395408630371094
2024-08-07,34.03782653808594
2024-08-08,34.26011276245117
2024-08-09,34.4920539855957
2024-08-12,34.06682205200195
2024-08-13,34.08615493774414
2024-08-14,33.941184997558594
2024-08-15,34.07648468017578
2024-08-16,34.0958137512207
2024-08-19,34.43406677246094
2024-08-20,34.48238754272461
2024-08-21,34.781986236572266
2024-08-22,34.73365783691406
2024-08-23,34.93661117553711
2024-08-26,34.62735366821289
2024-08-27,35.168556213378906
2024-08-28,35.22654342651367
2024-08-29,35.0042610168457
2024-08-30,35.60345458984375
2024-09-03,36.01901626586914
2024-09-04,35.970703125
2024-09-05,36.028682708740234
2024-09-06,34.743324279785156
2024-09-09,34.4920539855957
2024-09-10,34.87862777709961
2024-09-11,34.791648864746094
2024-09-12,35.06224822998047
2024-09-13,35.77741241455078
2024-09-16,35.53580093383789
2024-09-17,34.8979606628418
2024-09-18,34.65634536743164
2024-09-19,34.83030319213867
2024-09-20,34.83030319213867
2024-09-23,35.274864196777344
2024-09-24,34.35675048828125
2024-09-25,34.385746002197266
2024-09-26,34.10325622558594
2024-09-27,34.0935173034668
2024-09-30,34.346778869628906
2024-10-01,33.791542053222656
2024-10-02,33.48957061767578
2024-10-03,33.26552963256836
2024-10-04,33.64542770385742
2024-10-07,33.11941909790039
2024-10-08,32.33039093017578
2024-10-09,32.40831756591797
2024-10-10,32.671329498291016
2024-10-11,32.87588882446289
2024-10-14,32.8856315612793
2024-10-15,32.59339904785156
2024-10-16,33.35319900512695
2024-10-17,33.285011291503906
2024-10-18,33.24604797363281
2024-10-21,32.8369255065918
2024-10-22,33.13889694213867
2024-10-23,33.8110237121582
2024-10-24,33.43112564086914
2024-10-25,32.729774475097656
2024-10-28,32.69081115722656
2024-10-29,32.34987258911133
2024-10-30,32.36935806274414
2024-10-31,30.596492767333984
2024-11-01,30.586753845214844
2024-11-04,30.96665382385254
2024-11-05,31.42447853088379
2024-11-06,32.49598693847656
2024-11-07,32.43754196166992
2024-11-08,32.827186584472656
2024-11-11,32.953819274902344
2024-11-12,32.56418228149414
2024-11-13,33.03174591064453
2024-11-14,32.671329498291016
2024-11-15,32.91485595703125
2024-11-18,33.26552963256836
2024-11-19,33.14863586425781
2024-11-20,32.827186584472656
2024-11-21,32.94407653808594
2024-11-22,33.002525329589844
2024-11-25,32.963558197021484
2024-11-26,33.275272369384766
2024-11-27,33.713619232177734
2024-11-29,33.36294174194336
2024-12-02,33.02200698852539
2024-12-03,32.720035552978516
2024-12-04,33.06096649169922
2024-12-05,32.710296630859375
2024-12-06,32.62262725830078
2024-12-09,32.80770492553711
2024-12-10,32.447288513183594
2024-12-11,32.42780303955078
2024-12-12,32.32065200805664
2024-12-13,32.213504791259766
2024-12-16,32.271949768066406
2024-12-17,31.560855865478516
2024-12-18,30.79131507873535
2024-12-19,30.898466110229492
2024-12-20,31.307586669921875
2024-12-23,31.39525604248047
2024-12-24,31.775156021118164
2024-12-26,31.735843658447266
2024-12-27,31.549102783203125
2024-12-30,31.283737182617188
2024-12-31,31.421335220336914
