Date,KHC
2010-01-04,
2010-01-05,
2010-01-06,
2010-01-07,
2010-01-08,
2010-01-11,
2010-01-12,
2010-01-13,
2010-01-14,
2010-01-15,
2010-01-19,
2010-01-20,
2010-01-21,
2010-01-22,
2010-01-25,
2010-01-26,
2010-01-27,
2010-01-28,
2010-01-29,
2010-02-01,
2010-02-02,
2010-02-03,
2010-02-04,
2010-02-05,
2010-02-08,
2010-02-09,
2010-02-10,
2010-02-11,
2010-02-12,
2010-02-16,
2010-02-17,
2010-02-18,
2010-02-19,
2010-02-22,
2010-02-23,
2010-02-24,
2010-02-25,
2010-02-26,
2010-03-01,
2010-03-02,
2010-03-03,
2010-03-04,
2010-03-05,
2010-03-08,
2010-03-09,
2010-03-10,
2010-03-11,
2010-03-12,
2010-03-15,
2010-03-16,
2010-03-17,
2010-03-18,
2010-03-19,
2010-03-22,
2010-03-23,
2010-03-24,
2010-03-25,
2010-03-26,
2010-03-29,
2010-03-30,
2010-03-31,
2010-04-01,
2010-04-05,
2010-04-06,
2010-04-07,
2010-04-08,
2010-04-09,
2010-04-12,
2010-04-13,
2010-04-14,
2010-04-15,
2010-04-16,
2010-04-19,
2010-04-20,
2010-04-21,
2010-04-22,
2010-04-23,
2010-04-26,
2010-04-27,
2010-04-28,
2010-04-29,
2010-04-30,
2010-05-03,
2010-05-04,
2010-05-05,
2010-05-06,
2010-05-07,
2010-05-10,
2010-05-11,
2010-05-12,
2010-05-13,
2010-05-14,
2010-05-17,
2010-05-18,
2010-05-19,
2010-05-20,
2010-05-21,
2010-05-24,
2010-05-25,
2010-05-26,
2010-05-27,
2010-05-28,
2010-06-01,
2010-06-02,
2010-06-03,
2010-06-04,
2010-06-07,
2010-06-08,
2010-06-09,
2010-06-10,
2010-06-11,
2010-06-14,
2010-06-15,
2010-06-16,
2010-06-17,
2010-06-18,
2010-06-21,
2010-06-22,
2010-06-23,
2010-06-24,
2010-06-25,
2010-06-28,
2010-06-29,
2010-06-30,
2010-07-01,
2010-07-02,
2010-07-06,
2010-07-07,
2010-07-08,
2010-07-09,
2010-07-12,
2010-07-13,
2010-07-14,
2010-07-15,
2010-07-16,
2010-07-19,
2010-07-20,
2010-07-21,
2010-07-22,
2010-07-23,
2010-07-26,
2010-07-27,
2010-07-28,
2010-07-29,
2010-07-30,
2010-08-02,
2010-08-03,
2010-08-04,
2010-08-05,
2010-08-06,
2010-08-09,
2010-08-10,
2010-08-11,
2010-08-12,
2010-08-13,
2010-08-16,
2010-08-17,
2010-08-18,
2010-08-19,
2010-08-20,
2010-08-23,
2010-08-24,
2010-08-25,
2010-08-26,
2010-08-27,
2010-08-30,
2010-08-31,
2010-09-01,
2010-09-02,
2010-09-03,
2010-09-07,
2010-09-08,
2010-09-09,
2010-09-10,
2010-09-13,
2010-09-14,
2010-09-15,
2010-09-16,
2010-09-17,
2010-09-20,
2010-09-21,
2010-09-22,
2010-09-23,
2010-09-24,
2010-09-27,
2010-09-28,
2010-09-29,
2010-09-30,
2010-10-01,
2010-10-04,
2010-10-05,
2010-10-06,
2010-10-07,
2010-10-08,
2010-10-11,
2010-10-12,
2010-10-13,
2010-10-14,
2010-10-15,
2010-10-18,
2010-10-19,
2010-10-20,
2010-10-21,
2010-10-22,
2010-10-25,
2010-10-26,
2010-10-27,
2010-10-28,
2010-10-29,
2010-11-01,
2010-11-02,
2010-11-03,
2010-11-04,
2010-11-05,
2010-11-08,
2010-11-09,
2010-11-10,
2010-11-11,
2010-11-12,
2010-11-15,
2010-11-16,
2010-11-17,
2010-11-18,
2010-11-19,
2010-11-22,
2010-11-23,
2010-11-24,
2010-11-26,
2010-11-29,
2010-11-30,
2010-12-01,
2010-12-02,
2010-12-03,
2010-12-06,
2010-12-07,
2010-12-08,
2010-12-09,
2010-12-10,
2010-12-13,
2010-12-14,
2010-12-15,
2010-12-16,
2010-12-17,
2010-12-20,
2010-12-21,
2010-12-22,
2010-12-23,
2010-12-27,
2010-12-28,
2010-12-29,
2010-12-30,
2010-12-31,
2011-01-03,
2011-01-04,
2011-01-05,
2011-01-06,
2011-01-07,
2011-01-10,
2011-01-11,
2011-01-12,
2011-01-13,
2011-01-14,
2011-01-18,
2011-01-19,
2011-01-20,
2011-01-21,
2011-01-24,
2011-01-25,
2011-01-26,
2011-01-27,
2011-01-28,
2011-01-31,
2011-02-01,
2011-02-02,
2011-02-03,
2011-02-04,
2011-02-07,
2011-02-08,
2011-02-09,
2011-02-10,
2011-02-11,
2011-02-14,
2011-02-15,
2011-02-16,
2011-02-17,
2011-02-18,
2011-02-22,
2011-02-23,
2011-02-24,
2011-02-25,
2011-02-28,
2011-03-01,
2011-03-02,
2011-03-03,
2011-03-04,
2011-03-07,
2011-03-08,
2011-03-09,
2011-03-10,
2011-03-11,
2011-03-14,
2011-03-15,
2011-03-16,
2011-03-17,
2011-03-18,
2011-03-21,
2011-03-22,
2011-03-23,
2011-03-24,
2011-03-25,
2011-03-28,
2011-03-29,
2011-03-30,
2011-03-31,
2011-04-01,
2011-04-04,
2011-04-05,
2011-04-06,
2011-04-07,
2011-04-08,
2011-04-11,
2011-04-12,
2011-04-13,
2011-04-14,
2011-04-15,
2011-04-18,
2011-04-19,
2011-04-20,
2011-04-21,
2011-04-25,
2011-04-26,
2011-04-27,
2011-04-28,
2011-04-29,
2011-05-02,
2011-05-03,
2011-05-04,
2011-05-05,
2011-05-06,
2011-05-09,
2011-05-10,
2011-05-11,
2011-05-12,
2011-05-13,
2011-05-16,
2011-05-17,
2011-05-18,
2011-05-19,
2011-05-20,
2011-05-23,
2011-05-24,
2011-05-25,
2011-05-26,
2011-05-27,
2011-05-31,
2011-06-01,
2011-06-02,
2011-06-03,
2011-06-06,
2011-06-07,
2011-06-08,
2011-06-09,
2011-06-10,
2011-06-13,
2011-06-14,
2011-06-15,
2011-06-16,
2011-06-17,
2011-06-20,
2011-06-21,
2011-06-22,
2011-06-23,
2011-06-24,
2011-06-27,
2011-06-28,
2011-06-29,
2011-06-30,
2011-07-01,
2011-07-05,
2011-07-06,
2011-07-07,
2011-07-08,
2011-07-11,
2011-07-12,
2011-07-13,
2011-07-14,
2011-07-15,
2011-07-18,
2011-07-19,
2011-07-20,
2011-07-21,
2011-07-22,
2011-07-25,
2011-07-26,
2011-07-27,
2011-07-28,
2011-07-29,
2011-08-01,
2011-08-02,
2011-08-03,
2011-08-04,
2011-08-05,
2011-08-08,
2011-08-09,
2011-08-10,
2011-08-11,
2011-08-12,
2011-08-15,
2011-08-16,
2011-08-17,
2011-08-18,
2011-08-19,
2011-08-22,
2011-08-23,
2011-08-24,
2011-08-25,
2011-08-26,
2011-08-29,
2011-08-30,
2011-08-31,
2011-09-01,
2011-09-02,
2011-09-06,
2011-09-07,
2011-09-08,
2011-09-09,
2011-09-12,
2011-09-13,
2011-09-14,
2011-09-15,
2011-09-16,
2011-09-19,
2011-09-20,
2011-09-21,
2011-09-22,
2011-09-23,
2011-09-26,
2011-09-27,
2011-09-28,
2011-09-29,
2011-09-30,
2011-10-03,
2011-10-04,
2011-10-05,
2011-10-06,
2011-10-07,
2011-10-10,
2011-10-11,
2011-10-12,
2011-10-13,
2011-10-14,
2011-10-17,
2011-10-18,
2011-10-19,
2011-10-20,
2011-10-21,
2011-10-24,
2011-10-25,
2011-10-26,
2011-10-27,
2011-10-28,
2011-10-31,
2011-11-01,
2011-11-02,
2011-11-03,
2011-11-04,
2011-11-07,
2011-11-08,
2011-11-09,
2011-11-10,
2011-11-11,
2011-11-14,
2011-11-15,
2011-11-16,
2011-11-17,
2011-11-18,
2011-11-21,
2011-11-22,
2011-11-23,
2011-11-25,
2011-11-28,
2011-11-29,
2011-11-30,
2011-12-01,
2011-12-02,
2011-12-05,
2011-12-06,
2011-12-07,
2011-12-08,
2011-12-09,
2011-12-12,
2011-12-13,
2011-12-14,
2011-12-15,
2011-12-16,
2011-12-19,
2011-12-20,
2011-12-21,
2011-12-22,
2011-12-23,
2011-12-27,
2011-12-28,
2011-12-29,
2011-12-30,
2012-01-03,
2012-01-04,
2012-01-05,
2012-01-06,
2012-01-09,
2012-01-10,
2012-01-11,
2012-01-12,
2012-01-13,
2012-01-17,
2012-01-18,
2012-01-19,
2012-01-20,
2012-01-23,
2012-01-24,
2012-01-25,
2012-01-26,
2012-01-27,
2012-01-30,
2012-01-31,
2012-02-01,
2012-02-02,
2012-02-03,
2012-02-06,
2012-02-07,
2012-02-08,
2012-02-09,
2012-02-10,
2012-02-13,
2012-02-14,
2012-02-15,
2012-02-16,
2012-02-17,
2012-02-21,
2012-02-22,
2012-02-23,
2012-02-24,
2012-02-27,
2012-02-28,
2012-02-29,
2012-03-01,
2012-03-02,
2012-03-05,
2012-03-06,
2012-03-07,
2012-03-08,
2012-03-09,
2012-03-12,
2012-03-13,
2012-03-14,
2012-03-15,
2012-03-16,
2012-03-19,
2012-03-20,
2012-03-21,
2012-03-22,
2012-03-23,
2012-03-26,
2012-03-27,
2012-03-28,
2012-03-29,
2012-03-30,
2012-04-02,
2012-04-03,
2012-04-04,
2012-04-05,
2012-04-09,
2012-04-10,
2012-04-11,
2012-04-12,
2012-04-13,
2012-04-16,
2012-04-17,
2012-04-18,
2012-04-19,
2012-04-20,
2012-04-23,
2012-04-24,
2012-04-25,
2012-04-26,
2012-04-27,
2012-04-30,
2012-05-01,
2012-05-02,
2012-05-03,
2012-05-04,
2012-05-07,
2012-05-08,
2012-05-09,
2012-05-10,
2012-05-11,
2012-05-14,
2012-05-15,
2012-05-16,
2012-05-17,
2012-05-18,
2012-05-21,
2012-05-22,
2012-05-23,
2012-05-24,
2012-05-25,
2012-05-29,
2012-05-30,
2012-05-31,
2012-06-01,
2012-06-04,
2012-06-05,
2012-06-06,
2012-06-07,
2012-06-08,
2012-06-11,
2012-06-12,
2012-06-13,
2012-06-14,
2012-06-15,
2012-06-18,
2012-06-19,
2012-06-20,
2012-06-21,
2012-06-22,
2012-06-25,
2012-06-26,
2012-06-27,
2012-06-28,
2012-06-29,
2012-07-02,
2012-07-03,
2012-07-05,
2012-07-06,
2012-07-09,
2012-07-10,
2012-07-11,
2012-07-12,
2012-07-13,
2012-07-16,
2012-07-17,
2012-07-18,
2012-07-19,
2012-07-20,
2012-07-23,
2012-07-24,
2012-07-25,
2012-07-26,
2012-07-27,
2012-07-30,
2012-07-31,
2012-08-01,
2012-08-02,
2012-08-03,
2012-08-06,
2012-08-07,
2012-08-08,
2012-08-09,
2012-08-10,
2012-08-13,
2012-08-14,
2012-08-15,
2012-08-16,
2012-08-17,
2012-08-20,
2012-08-21,
2012-08-22,
2012-08-23,
2012-08-24,
2012-08-27,
2012-08-28,
2012-08-29,
2012-08-30,
2012-08-31,
2012-09-04,
2012-09-05,
2012-09-06,
2012-09-07,
2012-09-10,
2012-09-11,
2012-09-12,
2012-09-13,
2012-09-14,
2012-09-17,
2012-09-18,
2012-09-19,
2012-09-20,
2012-09-21,
2012-09-24,
2012-09-25,
2012-09-26,
2012-09-27,
2012-09-28,
2012-10-01,
2012-10-02,
2012-10-03,
2012-10-04,
2012-10-05,
2012-10-08,
2012-10-09,
2012-10-10,
2012-10-11,
2012-10-12,
2012-10-15,
2012-10-16,
2012-10-17,
2012-10-18,
2012-10-19,
2012-10-22,
2012-10-23,
2012-10-24,
2012-10-25,
2012-10-26,
2012-10-31,
2012-11-01,
2012-11-02,
2012-11-05,
2012-11-06,
2012-11-07,
2012-11-08,
2012-11-09,
2012-11-12,
2012-11-13,
2012-11-14,
2012-11-15,
2012-11-16,
2012-11-19,
2012-11-20,
2012-11-21,
2012-11-23,
2012-11-26,
2012-11-27,
2012-11-28,
2012-11-29,
2012-11-30,
2012-12-03,
2012-12-04,
2012-12-05,
2012-12-06,
2012-12-07,
2012-12-10,
2012-12-11,
2012-12-12,
2012-12-13,
2012-12-14,
2012-12-17,
2012-12-18,
2012-12-19,
2012-12-20,
2012-12-21,
2012-12-24,
2012-12-26,
2012-12-27,
2012-12-28,
2012-12-31,
2013-01-02,
2013-01-03,
2013-01-04,
2013-01-07,
2013-01-08,
2013-01-09,
2013-01-10,
2013-01-11,
2013-01-14,
2013-01-15,
2013-01-16,
2013-01-17,
2013-01-18,
2013-01-22,
2013-01-23,
2013-01-24,
2013-01-25,
2013-01-28,
2013-01-29,
2013-01-30,
2013-01-31,
2013-02-01,
2013-02-04,
2013-02-05,
2013-02-06,
2013-02-07,
2013-02-08,
2013-02-11,
2013-02-12,
2013-02-13,
2013-02-14,
2013-02-15,
2013-02-19,
2013-02-20,
2013-02-21,
2013-02-22,
2013-02-25,
2013-02-26,
2013-02-27,
2013-02-28,
2013-03-01,
2013-03-04,
2013-03-05,
2013-03-06,
2013-03-07,
2013-03-08,
2013-03-11,
2013-03-12,
2013-03-13,
2013-03-14,
2013-03-15,
2013-03-18,
2013-03-19,
2013-03-20,
2013-03-21,
2013-03-22,
2013-03-25,
2013-03-26,
2013-03-27,
2013-03-28,
2013-04-01,
2013-04-02,
2013-04-03,
2013-04-04,
2013-04-05,
2013-04-08,
2013-04-09,
2013-04-10,
2013-04-11,
2013-04-12,
2013-04-15,
2013-04-16,
2013-04-17,
2013-04-18,
2013-04-19,
2013-04-22,
2013-04-23,
2013-04-24,
2013-04-25,
2013-04-26,
2013-04-29,
2013-04-30,
2013-05-01,
2013-05-02,
2013-05-03,
2013-05-06,
2013-05-07,
2013-05-08,
2013-05-09,
2013-05-10,
2013-05-13,
2013-05-14,
2013-05-15,
2013-05-16,
2013-05-17,
2013-05-20,
2013-05-21,
2013-05-22,
2013-05-23,
2013-05-24,
2013-05-28,
2013-05-29,
2013-05-30,
2013-05-31,
2013-06-03,
2013-06-04,
2013-06-05,
2013-06-06,
2013-06-07,
2013-06-10,
2013-06-11,
2013-06-12,
2013-06-13,
2013-06-14,
2013-06-17,
2013-06-18,
2013-06-19,
2013-06-20,
2013-06-21,
2013-06-24,
2013-06-25,
2013-06-26,
2013-06-27,
2013-06-28,
2013-07-01,
2013-07-02,
2013-07-03,
2013-07-05,
2013-07-08,
2013-07-09,
2013-07-10,
2013-07-11,
2013-07-12,
2013-07-15,
2013-07-16,
2013-07-17,
2013-07-18,
2013-07-19,
2013-07-22,
2013-07-23,
2013-07-24,
2013-07-25,
2013-07-26,
2013-07-29,
2013-07-30,
2013-07-31,
2013-08-01,
2013-08-02,
2013-08-05,
2013-08-06,
2013-08-07,
2013-08-08,
2013-08-09,
2013-08-12,
2013-08-13,
2013-08-14,
2013-08-15,
2013-08-16,
2013-08-19,
2013-08-20,
2013-08-21,
2013-08-22,
2013-08-23,
2013-08-26,
2013-08-27,
2013-08-28,
2013-08-29,
2013-08-30,
2013-09-03,
2013-09-04,
2013-09-05,
2013-09-06,
2013-09-09,
2013-09-10,
2013-09-11,
2013-09-12,
2013-09-13,
2013-09-16,
2013-09-17,
2013-09-18,
2013-09-19,
2013-09-20,
2013-09-23,
2013-09-24,
2013-09-25,
2013-09-26,
2013-09-27,
2013-09-30,
2013-10-01,
2013-10-02,
2013-10-03,
2013-10-04,
2013-10-07,
2013-10-08,
2013-10-09,
2013-10-10,
2013-10-11,
2013-10-14,
2013-10-15,
2013-10-16,
2013-10-17,
2013-10-18,
2013-10-21,
2013-10-22,
2013-10-23,
2013-10-24,
2013-10-25,
2013-10-28,
2013-10-29,
2013-10-30,
2013-10-31,
2013-11-01,
2013-11-04,
2013-11-05,
2013-11-06,
2013-11-07,
2013-11-08,
2013-11-11,
2013-11-12,
2013-11-13,
2013-11-14,
2013-11-15,
2013-11-18,
2013-11-19,
2013-11-20,
2013-11-21,
2013-11-22,
2013-11-25,
2013-11-26,
2013-11-27,
2013-11-29,
2013-12-02,
2013-12-03,
2013-12-04,
2013-12-05,
2013-12-06,
2013-12-09,
2013-12-10,
2013-12-11,
2013-12-12,
2013-12-13,
2013-12-16,
2013-12-17,
2013-12-18,
2013-12-19,
2013-12-20,
2013-12-23,
2013-12-24,
2013-12-26,
2013-12-27,
2013-12-30,
2013-12-31,
2014-01-02,
2014-01-03,
2014-01-06,
2014-01-07,
2014-01-08,
2014-01-09,
2014-01-10,
2014-01-13,
2014-01-14,
2014-01-15,
2014-01-16,
2014-01-17,
2014-01-21,
2014-01-22,
2014-01-23,
2014-01-24,
2014-01-27,
2014-01-28,
2014-01-29,
2014-01-30,
2014-01-31,
2014-02-03,
2014-02-04,
2014-02-05,
2014-02-06,
2014-02-07,
2014-02-10,
2014-02-11,
2014-02-12,
2014-02-13,
2014-02-14,
2014-02-18,
2014-02-19,
2014-02-20,
2014-02-21,
2014-02-24,
2014-02-25,
2014-02-26,
2014-02-27,
2014-02-28,
2014-03-03,
2014-03-04,
2014-03-05,
2014-03-06,
2014-03-07,
2014-03-10,
2014-03-11,
2014-03-12,
2014-03-13,
2014-03-14,
2014-03-17,
2014-03-18,
2014-03-19,
2014-03-20,
2014-03-21,
2014-03-24,
2014-03-25,
2014-03-26,
2014-03-27,
2014-03-28,
2014-03-31,
2014-04-01,
2014-04-02,
2014-04-03,
2014-04-04,
2014-04-07,
2014-04-08,
2014-04-09,
2014-04-10,
2014-04-11,
2014-04-14,
2014-04-15,
2014-04-16,
2014-04-17,
2014-04-21,
2014-04-22,
2014-04-23,
2014-04-24,
2014-04-25,
2014-04-28,
2014-04-29,
2014-04-30,
2014-05-01,
2014-05-02,
2014-05-05,
2014-05-06,
2014-05-07,
2014-05-08,
2014-05-09,
2014-05-12,
2014-05-13,
2014-05-14,
2014-05-15,
2014-05-16,
2014-05-19,
2014-05-20,
2014-05-21,
2014-05-22,
2014-05-23,
2014-05-27,
2014-05-28,
2014-05-29,
2014-05-30,
2014-06-02,
2014-06-03,
2014-06-04,
2014-06-05,
2014-06-06,
2014-06-09,
2014-06-10,
2014-06-11,
2014-06-12,
2014-06-13,
2014-06-16,
2014-06-17,
2014-06-18,
2014-06-19,
2014-06-20,
2014-06-23,
2014-06-24,
2014-06-25,
2014-06-26,
2014-06-27,
2014-06-30,
2014-07-01,
2014-07-02,
2014-07-03,
2014-07-07,
2014-07-08,
2014-07-09,
2014-07-10,
2014-07-11,
2014-07-14,
2014-07-15,
2014-07-16,
2014-07-17,
2014-07-18,
2014-07-21,
2014-07-22,
2014-07-23,
2014-07-24,
2014-07-25,
2014-07-28,
2014-07-29,
2014-07-30,
2014-07-31,
2014-08-01,
2014-08-04,
2014-08-05,
2014-08-06,
2014-08-07,
2014-08-08,
2014-08-11,
2014-08-12,
2014-08-13,
2014-08-14,
2014-08-15,
2014-08-18,
2014-08-19,
2014-08-20,
2014-08-21,
2014-08-22,
2014-08-25,
2014-08-26,
2014-08-27,
2014-08-28,
2014-08-29,
2014-09-02,
2014-09-03,
2014-09-04,
2014-09-05,
2014-09-08,
2014-09-09,
2014-09-10,
2014-09-11,
2014-09-12,
2014-09-15,
2014-09-16,
2014-09-17,
2014-09-18,
2014-09-19,
2014-09-22,
2014-09-23,
2014-09-24,
2014-09-25,
2014-09-26,
2014-09-29,
2014-09-30,
2014-10-01,
2014-10-02,
2014-10-03,
2014-10-06,
2014-10-07,
2014-10-08,
2014-10-09,
2014-10-10,
2014-10-13,
2014-10-14,
2014-10-15,
2014-10-16,
2014-10-17,
2014-10-20,
2014-10-21,
2014-10-22,
2014-10-23,
2014-10-24,
2014-10-27,
2014-10-28,
2014-10-29,
2014-10-30,
2014-10-31,
2014-11-03,
2014-11-04,
2014-11-05,
2014-11-06,
2014-11-07,
2014-11-10,
2014-11-11,
2014-11-12,
2014-11-13,
2014-11-14,
2014-11-17,
2014-11-18,
2014-11-19,
2014-11-20,
2014-11-21,
2014-11-24,
2014-11-25,
2014-11-26,
2014-11-28,
2014-12-01,
2014-12-02,
2014-12-03,
2014-12-04,
2014-12-05,
2014-12-08,
2014-12-09,
2014-12-10,
2014-12-11,
2014-12-12,
2014-12-15,
2014-12-16,
2014-12-17,
2014-12-18,
2014-12-19,
2014-12-22,
2014-12-23,
2014-12-24,
2014-12-26,
2014-12-29,
2014-12-30,
2014-12-31,
2015-01-02,
2015-01-05,
2015-01-06,
2015-01-07,
2015-01-08,
2015-01-09,
2015-01-12,
2015-01-13,
2015-01-14,
2015-01-15,
2015-01-16,
2015-01-20,
2015-01-21,
2015-01-22,
2015-01-23,
2015-01-26,
2015-01-27,
2015-01-28,
2015-01-29,
2015-01-30,
2015-02-02,
2015-02-03,
2015-02-04,
2015-02-05,
2015-02-06,
2015-02-09,
2015-02-10,
2015-02-11,
2015-02-12,
2015-02-13,
2015-02-17,
2015-02-18,
2015-02-19,
2015-02-20,
2015-02-23,
2015-02-24,
2015-02-25,
2015-02-26,
2015-02-27,
2015-03-02,
2015-03-03,
2015-03-04,
2015-03-05,
2015-03-06,
2015-03-09,
2015-03-10,
2015-03-11,
2015-03-12,
2015-03-13,
2015-03-16,
2015-03-17,
2015-03-18,
2015-03-19,
2015-03-20,
2015-03-23,
2015-03-24,
2015-03-25,
2015-03-26,
2015-03-27,
2015-03-30,
2015-03-31,
2015-04-01,
2015-04-02,
2015-04-06,
2015-04-07,
2015-04-08,
2015-04-09,
2015-04-10,
2015-04-13,
2015-04-14,
2015-04-15,
2015-04-16,
2015-04-17,
2015-04-20,
2015-04-21,
2015-04-22,
2015-04-23,
2015-04-24,
2015-04-27,
2015-04-28,
2015-04-29,
2015-04-30,
2015-05-01,
2015-05-04,
2015-05-05,
2015-05-06,
2015-05-07,
2015-05-08,
2015-05-11,
2015-05-12,
2015-05-13,
2015-05-14,
2015-05-15,
2015-05-18,
2015-05-19,
2015-05-20,
2015-05-21,
2015-05-22,
2015-05-26,
2015-05-27,
2015-05-28,
2015-05-29,
2015-06-01,
2015-06-02,
2015-06-03,
2015-06-04,
2015-06-05,
2015-06-08,
2015-06-09,
2015-06-10,
2015-06-11,
2015-06-12,
2015-06-15,
2015-06-16,
2015-06-17,
2015-06-18,
2015-06-19,
2015-06-22,
2015-06-23,
2015-06-24,
2015-06-25,
2015-06-26,
2015-06-29,
2015-06-30,
2015-07-01,
2015-07-02,
2015-07-06,46.69077682495117
2015-07-07,47.75948715209961
2015-07-08,48.25225830078125
2015-07-09,47.86829376220703
2015-07-10,49.47455596923828
2015-07-13,50.4472770690918
2015-07-14,49.91612243652344
2015-07-15,49.09059143066406
2015-07-16,50.396080017089844
2015-07-17,50.9592399597168
2015-07-20,51.26641845703125
2015-07-21,51.336814880371094
2015-07-22,50.325687408447266
2015-07-23,49.455684661865234
2015-07-24,49.24302673339844
2015-07-27,49.86812973022461
2015-07-28,50.47391128540039
2015-07-29,50.20970153808594
2015-07-30,51.0474853515625
2015-07-31,51.21504592895508
2015-08-03,51.79507064819336
2015-08-04,51.434146881103516
2015-08-05,51.8659553527832
2015-08-06,51.40195083618164
2015-08-07,50.564144134521484
2015-08-10,50.789703369140625
2015-08-11,50.248355865478516
2015-08-12,49.4234619140625
2015-08-13,48.97233963012695
2015-08-14,49.24944305419922
2015-08-17,48.84989929199219
2015-08-18,48.456790924072266
2015-08-19,48.192543029785156
2015-08-20,47.850975036621094
2015-08-21,46.574954986572266
2015-08-24,45.67271423339844
2015-08-25,45.24737548828125
2015-08-26,47.631866455078125
2015-08-27,48.45029830932617
2015-08-28,48.13454055786133
2015-08-31,46.8262939453125
2015-09-01,45.18938064575195
2015-09-02,46.4460563659668
2015-09-03,46.50407028198242
2015-09-04,45.479366302490234
2015-09-08,47.734989166259766
2015-09-09,46.51050567626953
2015-09-10,46.50407028198242
2015-09-11,47.535194396972656
2015-09-14,48.04431915283203
2015-09-15,48.58566665649414
2015-09-16,49.217227935791016
2015-09-17,49.25590515136719
2015-09-18,48.61789321899414
2015-09-21,48.463218688964844
2015-09-22,47.88963317871094
2015-09-23,47.245182037353516
2015-09-24,46.99385070800781
2015-09-25,47.270965576171875
2015-09-28,45.105594635009766
2015-09-29,44.596458435058594
2015-09-30,45.485816955566406
2015-10-01,45.64692306518555
2015-10-02,46.020721435546875
2015-10-05,46.55562210083008
2015-10-06,46.70384979248047
2015-10-07,47.14207458496094
2015-10-08,47.96696472167969
2015-10-09,47.941200256347656
2015-10-12,47.50941467285156
2015-10-13,47.2902946472168
2015-10-14,47.541629791259766
2015-10-15,48.47609329223633
2015-10-16,49.87456512451172
2015-10-19,49.494354248046875
2015-10-20,49.539466857910156
2015-10-21,49.65546798706055
2015-10-22,51.517948150634766
2015-10-23,50.25480651855469
2015-10-26,49.50080108642578
2015-10-27,49.73280715942383
2015-10-28,51.02814865112305
2015-10-29,50.68659973144531
2015-10-30,50.248355865478516
2015-11-02,50.44169616699219
2015-11-03,49.25590515136719
2015-11-04,48.86277389526367
2015-11-05,48.60500717163086
2015-11-06,46.40739822387695
2015-11-09,45.91115188598633
2015-11-10,46.45249938964844
2015-11-11,46.471839904785156
2015-11-12,46.05931091308594
2015-11-13,45.97486877441406
2015-11-16,46.5498046875
2015-11-17,46.41661834716797
2015-11-18,47.15396499633789
2015-11-19,47.64442825317383
2015-11-20,47.845821380615234
2015-11-23,48.11867141723633
2015-11-24,48.37852096557617
2015-11-25,48.48895263671875
2015-11-27,48.4694709777832
2015-11-30,47.871822357177734
2015-12-01,48.37852096557617
2015-12-02,47.44953536987305
2015-12-03,46.423118591308594
2015-12-04,46.91684341430664
2015-12-07,46.403621673583984
2015-12-08,46.46859359741211
2015-12-09,46.05931091308594
2015-12-10,46.02033996582031
2015-12-11,45.27326583862305
2015-12-14,46.108036041259766
2015-12-15,46.780426025390625
2015-12-16,47.430049896240234
2015-12-17,46.72193908691406
2015-12-18,45.909889221191406
2015-12-21,46.75154113769531
2015-12-22,47.7667236328125
2015-12-23,48.80157470703125
2015-12-24,48.441341400146484
2015-12-28,48.0876579284668
2015-12-29,48.919471740722656
2015-12-30,48.303794860839844
2015-12-31,47.65538787841797
2016-01-04,47.616085052490234
2016-01-05,48.068016052246094
2016-01-06,48.15971374511719
2016-01-07,47.092124938964844
2016-01-08,46.62053298950195
2016-01-11,47.334449768066406
2016-01-12,47.963233947753906
2016-01-13,46.37820816040039
2016-01-14,46.33235549926758
2016-01-15,45.323699951171875
2016-01-19,45.959022521972656
2016-01-20,46.613983154296875
2016-01-21,47.84534454345703
2016-01-22,48.72298049926758
2016-01-25,48.487186431884766
2016-01-26,49.7643928527832
2016-01-27,49.75783157348633
2016-01-28,49.882286071777344
2016-01-29,51.12672805786133
2016-02-01,50.43899917602539
2016-02-02,49.75783157348633
2016-02-03,49.05046844482422
2016-02-04,48.56578826904297
2016-02-05,47.668487548828125
2016-02-08,46.646732330322266
2016-02-09,46.836673736572266
2016-02-10,47.22965621948242
2016-02-11,46.79084396362305
2016-02-12,47.10520553588867
2016-02-16,47.36064910888672
2016-02-17,48.62474060058594
2016-02-18,48.1073112487793
2016-02-19,48.15315628051758
2016-02-22,48.028724670410156
2016-02-23,47.694679260253906
2016-02-24,47.806034088134766
2016-02-25,49.0963134765625
2016-02-26,50.982601165771484
2016-02-29,50.44554901123047
2016-03-01,50.86472702026367
2016-03-02,50.75339126586914
2016-03-03,50.6747932434082
2016-03-04,50.56343460083008
2016-03-07,50.10494613647461
2016-03-08,49.96742630004883
2016-03-09,50.19010543823242
2016-03-10,49.92158126831055
2016-03-11,50.39970397949219
2016-03-14,50.8057975769043
2016-03-15,50.94334411621094
2016-03-16,51.487693786621094
2016-03-17,51.47449493408203
2016-03-18,51.012596130371094
2016-03-21,50.53752899169922
2016-03-22,50.438541412353516
2016-03-23,50.68268966674805
2016-03-24,50.45173645019531
2016-03-28,51.30952835083008
2016-03-29,51.99577331542969
2016-03-30,52.061744689941406
2016-03-31,51.837398529052734
2016-04-01,52.18052673339844
2016-04-04,52.02876281738281
2016-04-05,51.47449493408203
2016-04-06,51.705440521240234
2016-04-07,51.13798904418945
2016-04-08,51.77803039550781
2016-04-11,51.408531188964844
2016-04-12,51.68564987182617
2016-04-13,51.07198715209961
2016-04-14,50.92023849487305
2016-04-15,51.50089645385742
2016-04-18,51.692256927490234
2016-04-19,51.665855407714844
2016-04-20,51.41511154174805
2016-04-21,50.63650131225586
2016-04-22,51.53388977050781
2016-04-25,51.949581146240234
2016-04-26,51.929786682128906
2016-04-27,52.1937141418457
2016-04-28,51.705440521240234
2016-04-29,51.51409912109375
2016-05-02,52.470855712890625
2016-05-03,51.91659164428711
2016-05-04,52.774410247802734
2016-05-05,54.74732208251953
2016-05-06,55.42697525024414
2016-05-09,55.59852600097656
2016-05-10,56.83903884887695
2016-05-11,56.218788146972656
2016-05-12,56.97100067138672
2016-05-13,56.17258834838867
2016-05-16,56.660888671875
2016-05-17,54.212852478027344
2016-05-18,53.56621170043945
2016-05-19,54.76712417602539
2016-05-20,54.38440704345703
2016-05-23,54.6417350769043
2016-05-24,55.5721321105957
2016-05-25,55.98736572265625
2016-05-26,55.6817512512207
2016-05-27,55.874420166015625
2016-05-31,55.26984786987305
2016-06-01,55.774784088134766
2016-06-02,56.32622146606445
2016-06-03,56.671695709228516
2016-06-06,56.46572494506836
2016-06-07,56.30628967285156
2016-06-08,56.59196090698242
2016-06-09,56.88428497314453
2016-06-10,56.69825744628906
2016-06-13,56.43915557861328
2016-06-14,56.39265060424805
2016-06-15,56.36606216430664
2016-06-16,56.65839385986328
2016-06-17,56.352779388427734
2016-06-20,56.804561614990234
2016-06-21,56.9307975769043
2016-06-22,56.61188507080078
2016-06-23,57.382564544677734
2016-06-24,55.62859344482422
2016-06-27,55.56216812133789
2016-06-28,56.3195686340332
2016-06-29,57.20318603515625
2016-06-30,58.78441619873047
2016-07-01,58.624961853027344
2016-07-05,58.95716094970703
2016-07-06,59.62153625488281
2016-07-07,59.335845947265625
2016-07-08,59.69462203979492
2016-07-11,59.68794631958008
2016-07-12,58.332637786865234
2016-07-13,59.14317321777344
2016-07-14,58.6913948059082
2016-07-15,59.036888122558594
2016-07-18,59.196319580078125
2016-07-19,59.10996627807617
2016-07-20,58.578468322753906
2016-07-21,58.22633361816406
2016-07-22,58.571815490722656
2016-07-25,58.737911224365234
2016-07-26,57.84098434448242
2016-07-27,56.89093780517578
2016-07-28,57.110164642333984
2016-07-29,57.395851135253906
2016-08-01,57.116817474365234
2016-08-02,56.57202911376953
2016-08-03,56.40593338012695
2016-08-04,56.83113098144531
2016-08-05,58.99037170410156
2016-08-08,58.96381378173828
2016-08-09,59.64810562133789
2016-08-10,59.36241912841797
2016-08-11,59.422218322753906
2016-08-12,59.5019645690918
2016-08-15,59.18304443359375
2016-08-16,59.103309631347656
2016-08-17,59.402278900146484
2016-08-18,59.634830474853516
2016-08-19,59.74112319946289
2016-08-22,59.774330139160156
2016-08-23,59.442142486572266
2016-08-24,59.49566650390625
2016-08-25,59.462215423583984
2016-08-26,58.97393798828125
2016-08-29,59.24150848388672
2016-08-30,58.84016036987305
2016-08-31,59.85686111450195
2016-09-01,59.85016632080078
2016-09-02,59.9371223449707
2016-09-06,60.02406692504883
2016-09-07,60.05751419067383
2016-09-08,59.656211853027344
2016-09-09,57.502445220947266
2016-09-12,59.234798431396484
2016-09-13,59.04084014892578
2016-09-14,58.64619445800781
2016-09-15,59.64280319213867
2016-09-16,59.48896408081055
2016-09-19,58.171302795410156
2016-09-20,58.271644592285156
2016-09-21,58.8000373840332
2016-09-22,59.56254577636719
2016-09-23,59.4153938293457
2016-09-26,59.21473693847656
2016-09-27,59.682945251464844
2016-09-28,59.89699935913086
2016-09-29,59.24150848388672
2016-09-30,59.87022399902344
2016-10-03,59.582618713378906
2016-10-04,58.87360763549805
2016-10-05,58.44553756713867
2016-10-06,58.51910400390625
2016-10-07,58.458900451660156
2016-10-10,59.19467544555664
2016-10-11,58.35188674926758
2016-10-12,58.28500747680664
2016-10-13,58.22480392456055
2016-10-14,59.21473693847656
2016-10-17,59.4153938293457
2016-10-18,59.482303619384766
2016-10-19,58.91374588012695
2016-10-20,58.83348083496094
2016-10-21,58.80673599243164
2016-10-24,59.46891784667969
2016-10-25,59.10104751586914
2016-10-26,58.91374588012695
2016-10-27,58.65290451049805
2016-10-28,58.91374588012695
2016-10-31,59.49566650390625
2016-11-01,59.10773468017578
2016-11-02,58.960567474365234
2016-11-03,57.689697265625
2016-11-04,56.21821975708008
2016-11-07,57.542579650878906
2016-11-08,59.087650299072266
2016-11-09,56.81351089477539
2016-11-10,54.4591064453125
2016-11-11,54.318641662597656
2016-11-14,53.56283187866211
2016-11-15,54.27180862426758
2016-11-16,55.114593505859375
2016-11-17,55.40888977050781
2016-11-18,55.20152282714844
2016-11-21,55.94398880004883
2016-11-22,56.244972229003906
2016-11-23,55.14133834838867
2016-11-25,55.48246383666992
2016-11-28,55.663055419921875
2016-11-29,56.18476104736328
2016-11-30,55.005836486816406
2016-12-01,54.2243537902832
2016-12-02,54.50731658935547
2016-12-05,54.082889556884766
2016-12-06,53.867313385009766
2016-12-07,55.88163757324219
2016-12-08,55.45044708251953
2016-12-09,56.440773010253906
2016-12-12,56.72371292114258
2016-12-13,57.22223663330078
2016-12-14,56.83151626586914
2016-12-15,57.51191329956055
2016-12-16,58.2462272644043
2016-12-19,58.340545654296875
2016-12-20,57.92285919189453
2016-12-21,58.3472785949707
2016-12-22,58.79864501953125
2016-12-23,58.9940071105957
2016-12-27,59.00075149536133
2016-12-28,58.8188591003418
2016-12-29,59.23652267456055
2016-12-30,58.82558822631836
2017-01-03,58.96706771850586
2017-01-04,58.630226135253906
2017-01-05,58.293399810791016
2017-01-06,58.145164489746094
2017-01-09,57.98351287841797
2017-01-10,57.87570571899414
2017-01-11,58.44834518432617
2017-01-12,58.892967224121094
2017-01-13,58.630226135253906
2017-01-17,59.22980499267578
2017-01-18,59.51948928833008
2017-01-19,59.18265151977539
2017-01-20,59.92367935180664
2017-01-23,59.822628021240234
2017-01-24,59.74853515625
2017-01-25,59.8495979309082
2017-01-26,60.23358154296875
2017-01-27,60.24705123901367
2017-01-30,60.01127243041992
2017-01-31,60.15271759033203
2017-02-01,59.559898376464844
2017-02-02,59.69462966918945
2017-02-03,60.139259338378906
2017-02-06,59.75526428222656
2017-02-07,59.82937240600586
2017-02-08,60.08537292480469
2017-02-09,60.48283004760742
2017-02-10,60.76580047607422
2017-02-13,61.02178192138672
2017-02-14,61.17673110961914
2017-02-15,61.368751525878906
2017-02-16,58.79864501953125
2017-02-17,65.11101531982422
2017-02-21,63.911865234375
2017-02-22,62.89460754394531
2017-02-23,62.611663818359375
2017-02-24,62.70597457885742
2017-02-27,61.04197692871094
2017-02-28,61.6483039855957
2017-03-01,62.000938415527344
2017-03-02,61.89921569824219
2017-03-03,62.048404693603516
2017-03-06,61.817840576171875
2017-03-07,61.573726654052734
2017-03-08,61.64151382446289
2017-03-09,62.06873321533203
2017-03-10,62.05517578125
2017-03-13,61.83140563964844
2017-03-14,61.75000762939453
2017-03-15,62.27894973754883
2017-03-16,62.90961456298828
2017-03-17,62.3739013671875
2017-03-20,62.631587982177734
2017-03-21,62.31964111328125
2017-03-22,62.584129333496094
2017-03-23,62.39423370361328
2017-03-24,62.170448303222656
2017-03-27,61.87886428833008
2017-03-28,61.98735046386719
2017-03-29,62.0416259765625
2017-03-30,61.77714920043945
2017-03-31,61.580501556396484
2017-04-03,61.75000762939453
2017-04-04,61.85852813720703
2017-04-05,61.99415969848633
2017-04-06,61.67544174194336
2017-04-07,61.50590515136719
2017-04-10,61.63473129272461
2017-04-11,61.59404373168945
2017-04-12,62.34000015258789
2017-04-13,62.048404693603516
2017-04-17,62.10264587402344
2017-04-18,62.726531982421875
2017-04-19,62.285728454589844
2017-04-20,62.414588928222656
2017-04-21,62.11620330810547
2017-04-24,62.767215728759766
2017-04-25,62.584129333496094
2017-04-26,61.65509796142578
2017-04-27,61.59404373168945
2017-04-28,61.29569625854492
2017-05-01,60.67180252075195
2017-05-02,60.35307693481445
2017-05-03,60.44804382324219
2017-05-04,60.8277702331543
2017-05-05,60.7802848815918
2017-05-08,60.678592681884766
2017-05-09,60.48871612548828
2017-05-10,60.57688903808594
2017-05-11,60.54296875
2017-05-12,60.31917953491211
2017-05-15,60.65824890136719
2017-05-16,60.42768859863281
2017-05-17,61.11039352416992
2017-05-18,61.55418014526367
2017-05-19,61.6360969543457
2017-05-22,62.250545501708984
2017-05-23,62.72163391113281
2017-05-24,63.213191986083984
2017-05-25,63.3634033203125
2017-05-26,63.486270904541016
2017-05-30,63.124446868896484
2017-05-31,62.9469108581543
2017-06-01,63.308773040771484
2017-06-02,63.861778259277344
2017-06-05,63.79351043701172
2017-06-06,63.63646697998047
2017-06-07,64.01880645751953
2017-06-08,63.19953918457031
2017-06-09,62.01158905029297
2017-06-12,62.298336029052734
2017-06-13,62.530460357666016
2017-06-14,62.44172286987305
2017-06-15,62.57141876220703
2017-06-16,61.04214096069336
2017-06-19,61.342533111572266
2017-06-20,60.9533805847168
2017-06-21,61.03529739379883
2017-06-22,60.830474853515625
2017-06-23,60.65980911254883
2017-06-26,60.72126388549805
2017-06-27,59.74496841430664
2017-06-28,59.95660400390625
2017-06-29,58.550193786621094
2017-06-30,58.46825408935547
2017-07-03,57.669490814208984
2017-07-05,57.20523452758789
2017-07-06,56.5429801940918
2017-07-07,56.69319152832031
2017-07-10,56.508846282958984
2017-07-11,57.17793273925781
2017-07-12,57.82651901245117
2017-07-13,57.928924560546875
2017-07-14,58.475101470947266
2017-07-17,58.44095993041992
2017-07-18,58.44095993041992
2017-07-19,58.502410888671875
2017-07-20,58.64577102661133
2017-07-21,58.82330322265625
2017-07-24,58.864234924316406
2017-07-25,59.683509826660156
2017-07-26,59.847373962402344
2017-07-27,60.2092170715332
2017-07-28,59.83372116088867
2017-07-31,59.71080780029297
2017-08-01,59.17146682739258
2017-08-02,59.308021545410156
2017-08-03,59.06223678588867
2017-08-04,59.16465759277344
2017-08-07,59.41041946411133
2017-08-08,58.82330322265625
2017-08-09,59.028099060058594
2017-08-10,58.638938903808594
2017-08-11,59.034912109375
2017-08-14,59.41041946411133
2017-08-15,59.219268798828125
2017-08-16,59.4840202331543
2017-08-17,58.52813720703125
2017-08-18,58.101783752441406
2017-08-21,58.143043518066406
2017-08-22,58.486881256103516
2017-08-23,58.280582427978516
2017-08-24,56.939605712890625
2017-08-25,56.802093505859375
2017-08-28,56.485748291015625
2017-08-29,56.00436782836914
2017-08-30,56.341346740722656
2017-08-31,55.529869079589844
2017-09-01,55.598663330078125
2017-09-05,55.804931640625
2017-09-06,55.92872619628906
2017-09-07,56.01813888549805
2017-09-08,56.19692611694336
2017-09-11,56.767696380615234
2017-09-12,56.513275146484375
2017-09-13,56.32757568359375
2017-09-14,55.894325256347656
2017-09-15,55.99748992919922
2017-09-18,55.976871490478516
2017-09-19,55.58489227294922
2017-09-20,54.92473602294922
2017-09-21,54.33332824707031
2017-09-22,53.30866622924805
2017-09-25,53.92760467529297
2017-09-26,54.044498443603516
2017-09-27,53.79694747924805
2017-09-28,53.61814498901367
2017-09-29,53.32931900024414
2017-10-02,53.535614013671875
2017-10-03,53.51498031616211
2017-10-04,53.4806022644043
2017-10-05,53.8106803894043
2017-10-06,53.76255798339844
2017-10-09,53.178016662597656
2017-10-10,53.73505401611328
2017-10-11,53.769432067871094
2017-10-12,53.74191665649414
2017-10-13,53.45997619628906
2017-10-16,53.3980712890625
2017-10-17,53.322444915771484
2017-10-18,53.01985168457031
2017-10-19,52.58662796020508
2017-10-20,52.75166702270508
2017-10-23,52.99234390258789
2017-10-24,53.10237121582031
2017-10-25,53.178016662597656
2017-10-26,53.15739059448242
2017-10-27,53.15739059448242
2017-10-30,51.76140213012695
2017-10-31,53.178016662597656
2017-11-01,53.432456970214844
2017-11-02,53.65940475463867
2017-11-03,53.638771057128906
2017-11-06,52.95107650756836
2017-11-07,53.76255798339844
2017-11-08,54.725284576416016
2017-11-09,54.608394622802734
2017-11-10,54.821556091308594
2017-11-13,54.910980224609375
2017-11-14,54.5877571105957
2017-11-15,54.17514419555664
2017-11-16,55.23223876953125
2017-11-17,55.19758224487305
2017-11-20,55.405548095703125
2017-11-21,55.460994720458984
2017-11-22,55.329288482666016
2017-11-24,55.28770446777344
2017-11-27,55.183712005615234
2017-11-28,54.74702453613281
2017-11-29,56.20963668823242
2017-11-30,56.403724670410156
2017-12-01,56.29281234741211
2017-12-04,56.784969329833984
2017-12-05,55.897708892822266
2017-12-06,55.793724060058594
2017-12-07,55.010433197021484
2017-12-08,54.40044403076172
2017-12-11,54.32419204711914
2017-12-12,54.726226806640625
2017-12-13,54.954986572265625
2017-12-14,54.74702453613281
2017-12-15,55.13520050048828
2017-12-18,55.01736831665039
2017-12-19,54.428157806396484
2017-12-20,53.637935638427734
2017-12-21,53.984535217285156
2017-12-22,54.23407745361328
2017-12-26,54.143959045410156
2017-12-27,54.053855895996094
2017-12-28,54.012271881103516
2017-12-29,53.9013557434082
2018-01-02,53.38840866088867
2018-01-03,53.3814582824707
2018-01-04,54.00532531738281
2018-01-05,53.95679473876953
2018-01-08,54.40044403076172
2018-01-09,54.49747848510742
2018-01-10,53.991455078125
2018-01-11,53.46464538574219
2018-01-12,53.617156982421875
2018-01-16,54.511348724365234
2018-01-17,55.502586364746094
2018-01-18,54.94805145263672
2018-01-19,55.2183837890625
2018-01-22,55.571903228759766
2018-01-23,55.64120864868164
2018-01-24,55.357017517089844
2018-01-25,55.22531509399414
2018-01-26,55.031219482421875
2018-01-29,54.35885238647461
2018-01-30,54.414302825927734
2018-01-31,54.338050842285156
2018-02-01,54.462806701660156
2018-02-02,53.506248474121094
2018-02-05,51.4752311706543
2018-02-06,51.509883880615234
2018-02-07,50.983089447021484
2018-02-08,49.617523193359375
2018-02-09,49.4788818359375
2018-02-12,49.77695846557617
2018-02-13,49.70763397216797
2018-02-14,49.85319900512695
2018-02-15,50.40080642700195
2018-02-16,49.07686233520508
2018-02-20,47.61424255371094
2018-02-21,46.768577575683594
2018-02-22,46.886417388916016
2018-02-23,47.842987060546875
2018-02-26,48.342071533203125
2018-02-27,47.045841217041016
2018-02-28,46.4774284362793
2018-03-01,46.36652374267578
2018-03-02,46.56062698364258
2018-03-05,46.740848541259766
2018-03-06,46.97652053833008
2018-03-07,46.761634826660156
2018-03-08,46.870094299316406
2018-03-09,47.03800582885742
2018-03-12,47.36684799194336
2018-03-13,47.135955810546875
2018-03-14,46.583221435546875
2018-03-15,45.799617767333984
2018-03-16,45.72965621948242
2018-03-19,44.743125915527344
2018-03-20,44.20439147949219
2018-03-21,43.371795654296875
2018-03-22,42.35029602050781
2018-03-23,42.00046157836914
2018-03-26,43.13392639160156
2018-03-27,42.46923828125
2018-03-28,42.93801498413086
2018-03-29,43.58169937133789
2018-04-02,42.02146530151367
2018-04-03,42.147396087646484
2018-04-04,42.94500732421875
2018-04-05,42.89604187011719
2018-04-06,42.35729217529297
2018-04-09,42.43425369262695
2018-04-10,42.85405349731445
2018-04-11,43.05695724487305
2018-04-12,42.63715362548828
2018-04-13,42.6231575012207
2018-04-16,42.81207275390625
2018-04-17,43.16191101074219
2018-04-18,42.532203674316406
2018-04-19,41.79057312011719
2018-04-20,40.734092712402344
2018-04-23,40.35627365112305
2018-04-24,39.55166244506836
2018-04-25,39.775543212890625
2018-04-26,40.11140060424805
2018-04-27,40.3422737121582
2018-04-30,39.44671630859375
2018-05-01,38.970947265625
2018-05-02,37.92146682739258
2018-05-03,38.446197509765625
2018-05-04,40.587162017822266
2018-05-07,41.16088104248047
2018-05-08,41.11189651489258
2018-05-09,40.915992736816406
2018-05-10,41.30780029296875
2018-05-11,41.447731018066406
2018-05-14,41.4757194519043
2018-05-15,41.30780029296875
2018-05-16,41.48271942138672
2018-05-17,41.05492401123047
2018-05-18,40.15687942504883
2018-05-21,39.91646957397461
2018-05-22,40.00838851928711
2018-05-23,40.29124069213867
2018-05-24,40.347808837890625
2018-05-25,40.849853515625
2018-05-29,40.58823013305664
2018-05-30,41.60646438598633
2018-05-31,40.6447868347168
2018-06-01,40.765010833740234
2018-06-04,41.309478759765625
2018-06-05,40.95591735839844
2018-06-06,40.95591735839844
2018-06-07,40.779144287109375
2018-06-08,41.3448371887207
2018-06-11,42.34186935424805
2018-06-12,42.51156234741211
2018-06-13,42.49742889404297
2018-06-14,42.90047836303711
2018-06-15,43.56516647338867
2018-06-18,43.041900634765625
2018-06-19,43.939945220947266
2018-06-20,44.57633972167969
2018-06-21,44.243988037109375
2018-06-22,44.69655227661133
2018-06-25,44.77433395385742
2018-06-26,44.69655227661133
2018-06-27,44.3288459777832
2018-06-28,44.300559997558594
2018-06-29,44.42076873779297
2018-07-02,43.90458297729492
2018-07-03,44.293487548828125
2018-07-05,45.21980667114258
2018-07-06,45.559226989746094
2018-07-09,45.233951568603516
2018-07-10,45.255157470703125
2018-07-11,45.07130813598633
2018-07-12,45.0005989074707
2018-07-13,45.14909362792969
2018-07-16,44.293487548828125
2018-07-17,44.58340835571289
2018-07-18,43.551025390625
2018-07-19,43.374237060546875
2018-07-20,42.91461944580078
2018-07-23,42.638851165771484
2018-07-24,42.193355560302734
2018-07-25,42.31357955932617
2018-07-26,42.7661247253418
2018-07-27,42.61056900024414
2018-07-30,42.62471389770508
2018-07-31,42.60349655151367
2018-08-01,41.9175910949707
2018-08-02,42.0024528503418
2018-08-03,45.594573974609375
2018-08-06,44.05306625366211
2018-08-07,43.360103607177734
2018-08-08,42.62471389770508
2018-08-09,42.426719665527344
2018-08-10,42.179222106933594
2018-08-13,41.9175910949707
2018-08-14,42.08729553222656
2018-08-15,41.783241271972656
2018-08-16,42.901702880859375
2018-08-17,43.60923385620117
2018-08-20,43.337646484375
2018-08-21,42.76591491699219
2018-08-22,42.558658599853516
2018-08-23,42.02266311645508
2018-08-24,42.18703842163086
2018-08-27,42.57294845581055
2018-08-28,42.01551055908203
2018-08-29,42.37998580932617
2018-08-30,41.608150482177734
2018-08-31,41.64387893676758
2018-09-04,40.49325942993164
2018-09-05,40.73625564575195
2018-09-06,40.593318939208984
2018-09-07,40.443233489990234
2018-09-10,40.90777587890625
2018-09-11,41.27939987182617
2018-09-12,42.25135803222656
2018-09-13,42.51578140258789
2018-09-14,42.1441535949707
2018-09-17,41.7010498046875
2018-09-18,40.807708740234375
2018-09-19,40.65763473510742
2018-09-20,41.143611907958984
2018-09-21,40.82200622558594
2018-09-24,40.39321517944336
2018-09-25,39.778587341308594
2018-09-26,39.428401947021484
2018-09-27,39.33549499511719
2018-09-28,39.385520935058594
2018-10-01,39.69282913208008
2018-10-02,39.9715576171875
2018-10-03,39.735721588134766
2018-10-04,39.67853546142578
2018-10-05,39.94295883178711
2018-10-08,40.77912902832031
2018-10-09,40.07160186767578
2018-10-10,39.83576965332031
2018-10-11,38.46359634399414
2018-10-12,38.763755798339844
2018-10-15,38.928131103515625
2018-10-16,39.621360778808594
2018-10-17,40.30745315551758
2018-10-18,39.69282913208008
2018-10-19,41.13646697998047
2018-10-22,40.17165756225586
2018-10-23,40.450374603271484
2018-10-24,39.86436080932617
2018-10-25,40.00728988647461
2018-10-26,39.05678176879883
2018-10-29,39.67853546142578
2018-10-30,39.91436767578125
2018-10-31,39.28546142578125
2018-11-01,40.164520263671875
2018-11-02,36.25526428222656
2018-11-05,37.44161605834961
2018-11-06,38.2063102722168
2018-11-07,38.2706413269043
2018-11-08,38.09912109375
2018-11-09,38.58509063720703
2018-11-12,38.35639572143555
2018-11-13,38.14915084838867
2018-11-14,37.62028884887695
2018-11-15,37.60221481323242
2018-11-16,37.667301177978516
2018-11-19,37.52988052368164
2018-11-20,36.842777252197266
2018-11-21,37.00189971923828
2018-11-23,36.915096282958984
2018-11-26,36.93680191040039
2018-11-27,37.46477508544922
2018-11-28,37.01637268066406
2018-11-29,37.023590087890625
2018-11-30,36.972965240478516
2018-12-03,37.18993377685547
2018-12-04,36.1484489440918
2018-12-06,35.81575012207031
2018-12-07,35.229915618896484
2018-12-10,34.91167449951172
2018-12-11,34.99124526977539
2018-12-12,34.90445327758789
2018-12-13,35.056339263916016
2018-12-14,34.32584762573242
2018-12-17,33.86296463012695
2018-12-18,33.37837600708008
2018-12-19,32.61172103881836
2018-12-20,32.43813705444336
2018-12-21,31.859533309936523
2018-12-24,30.76741600036621
2018-12-26,31.309860229492188
2018-12-27,31.649778366088867
2018-12-28,31.512367248535156
2018-12-31,31.129039764404297
2019-01-02,31.346019744873047
2019-01-03,31.324325561523438
2019-01-04,32.177772521972656
2019-01-07,32.78528594970703
2019-01-08,32.814231872558594
2019-01-09,32.64065170288086
2019-01-10,32.9805793762207
2019-01-11,32.987815856933594
2019-01-14,33.45070266723633
2019-01-15,33.92805099487305
2019-01-16,33.87742233276367
2019-01-17,34.0510139465332
2019-01-18,34.37646484375
2019-01-22,34.19565200805664
2019-01-23,34.03655242919922
2019-01-24,33.66044616699219
2019-01-25,33.81233215332031
2019-01-28,33.92081832885742
2019-01-29,33.90635681152344
2019-01-30,33.81233215332031
2019-01-31,34.75981140136719
2019-02-01,34.54281997680664
2019-02-04,34.521121978759766
2019-02-05,34.81765365600586
2019-02-06,34.492191314697266
2019-02-07,34.15949249267578
2019-02-08,34.32584762573242
2019-02-11,34.23181915283203
2019-02-12,34.79595184326172
2019-02-13,34.45602798461914
2019-02-14,34.23904800415039
2019-02-15,34.441558837890625
2019-02-19,34.55005645751953
2019-02-20,34.90445327758789
2019-02-21,34.846588134765625
2019-02-22,25.277877807617188
2019-02-25,24.757131576538086
2019-02-26,23.954317092895508
2019-02-27,23.288923263549805
2019-02-28,24.004945755004883
2019-03-01,23.433574676513672
2019-03-04,24.033878326416016
2019-03-05,23.896459579467773
2019-03-06,23.76626968383789
2019-03-07,23.34893035888672
2019-03-08,23.502687454223633
2019-03-11,23.553939819335938
2019-03-12,23.422147750854492
2019-03-13,23.649126052856445
2019-03-14,23.33428955078125
2019-03-15,23.495365142822266
2019-03-18,23.45143699645996
2019-03-19,23.524658203125
2019-03-20,23.44411849975586
2019-03-21,23.978599548339844
2019-03-22,23.641799926757812
2019-03-25,23.795557022094727
2019-03-26,24.088430404663086
2019-03-27,23.89806365966797
2019-03-28,24.08110809326172
2019-03-29,23.905385971069336
2019-04-01,23.795557022094727
2019-04-02,23.48804473876953
2019-04-03,23.61251449584961
2019-04-04,23.93467140197754
2019-04-05,24.286109924316406
2019-04-08,24.300752639770508
2019-04-09,24.125036239624023
2019-04-10,24.14699935913086
2019-04-11,24.154325485229492
2019-04-12,24.2128963470459
2019-04-15,24.26414680480957
2019-04-16,24.190929412841797
2019-04-17,24.08110809326172
2019-04-18,24.132356643676758
2019-04-22,24.088430404663086
2019-04-23,24.2348575592041
2019-04-24,23.985919952392578
2019-04-25,23.810203552246094
2019-04-26,24.20557403564453
2019-04-29,24.359333038330078
2019-04-30,24.337369918823242
2019-05-01,24.154325485229492
2019-05-02,23.561260223388672
2019-05-03,23.85413360595703
2019-05-06,23.993242263793945
2019-05-07,23.795557022094727
2019-05-08,23.744308471679688
2019-05-09,23.85413360595703
2019-05-10,23.905385971069336
2019-05-13,23.40750503540039
2019-05-14,23.62715721130371
2019-05-15,23.72234535217285
2019-05-16,23.766267776489258
2019-05-17,23.817522048950195
2019-05-20,23.275720596313477
2019-05-21,23.414827346801758
2019-05-22,23.341609954833984
2019-05-23,23.026777267456055
2019-05-24,22.777841567993164
2019-05-28,21.27688980102539
2019-05-29,20.998666763305664
2019-05-30,20.34524154663086
2019-05-31,20.53087043762207
2019-06-03,21.102617263793945
2019-06-04,21.28825569152832
2019-06-05,21.13974380493164
2019-06-06,21.25112533569336
2019-06-07,21.340225219726562
2019-06-10,22.50599479675293
2019-06-11,22.454017639160156
2019-06-12,22.37234115600586
2019-06-13,22.58024787902832
2019-06-14,22.50599479675293
2019-06-17,22.402040481567383
2019-06-18,22.47629737854004
2019-06-19,22.988632202148438
2019-06-20,23.114870071411133
2019-06-21,23.374755859375
2019-06-24,22.66192626953125
2019-06-25,22.78072738647461
2019-06-26,22.899534225463867
2019-06-27,22.847557067871094
2019-06-28,23.048036575317383
2019-07-01,22.61737060546875
2019-07-02,22.66192626953125
2019-07-03,23.20397186279297
2019-07-05,23.010913848876953
2019-07-08,22.788158416748047
2019-07-09,22.647077560424805
2019-07-10,23.241098403930664
2019-07-11,22.758460998535156
2019-07-12,22.869831085205078
2019-07-15,22.78072738647461
2019-07-16,22.5134220123291
2019-07-17,22.602521896362305
2019-07-18,23.05546760559082
2019-07-19,23.4193058013916
2019-07-22,23.38217544555664
2019-07-23,23.723739624023438
2019-07-24,23.812841415405273
2019-07-25,23.426727294921875
2019-07-26,23.649492263793945
2019-07-29,23.58266258239746
2019-07-30,23.642065048217773
2019-07-31,23.768287658691406
2019-08-01,24.154401779174805
2019-08-02,23.916793823242188
2019-08-05,23.345050811767578
2019-08-06,22.70647621154785
2019-08-07,22.921810150146484
2019-08-08,20.954116821289062
2019-08-09,19.67696762084961
2019-08-12,19.521032333374023
2019-08-13,19.2760009765625
2019-08-14,18.94928741455078
2019-08-15,18.607725143432617
2019-08-16,18.86761474609375
2019-08-19,19.09036636352539
2019-08-20,18.962142944335938
2019-08-21,19.06020164489746
2019-08-22,19.32419204711914
2019-08-23,19.105451583862305
2019-08-26,19.294021606445312
2019-08-27,18.856548309326172
2019-08-28,18.98477554321289
2019-08-29,19.105451583862305
2019-08-30,19.248762130737305
2019-09-03,19.65606689453125
2019-09-04,19.806921005249023
2019-09-05,20.055824279785156
2019-09-06,20.576263427734375
2019-09-09,21.17967414855957
2019-09-10,21.843425750732422
2019-09-11,22.08479118347168
2019-09-12,21.89622688293457
2019-09-13,22.062162399291992
2019-09-16,22.341236114501953
2019-09-17,21.390869140625
2019-09-18,21.428585052490234
2019-09-19,21.232471466064453
2019-09-20,21.224925994873047
2019-09-23,21.270187377929688
2019-09-24,21.0665340423584
2019-09-25,21.224925994873047
2019-09-26,21.126874923706055
2019-09-27,20.998653411865234
2019-09-30,21.070308685302734
2019-10-01,20.62151527404785
2019-10-02,20.025650024414062
2019-10-03,20.018112182617188
2019-10-04,20.346216201782227
2019-10-07,20.31981658935547
2019-10-08,20.146337509155273
2019-10-09,20.16142463684082
2019-10-10,20.31981658935547
2019-10-11,20.425411224365234
2019-10-14,20.60643768310547
2019-10-15,20.734661102294922
2019-10-16,20.696950912475586
2019-10-17,20.94585418701172
2019-10-18,20.82517433166504
2019-10-21,20.976024627685547
2019-10-22,21.49646759033203
2019-10-23,21.57943344116211
2019-10-24,21.45875358581543
2019-10-25,21.405954360961914
2019-10-28,21.398405075073242
2019-10-29,21.224925994873047
2019-10-30,21.49646759033203
2019-10-31,24.385290145874023
2019-11-01,24.596485137939453
2019-11-04,25.13955307006836
2019-11-05,24.822757720947266
2019-11-06,24.99624252319336
2019-11-07,24.67945098876953
2019-11-08,24.77750015258789
2019-11-11,24.709619522094727
2019-11-12,24.875558853149414
2019-11-13,25.116924285888672
2019-11-14,23.635862350463867
2019-11-15,23.895431518554688
2019-11-18,23.674039840698242
2019-11-19,23.895431518554688
2019-11-20,23.735105514526367
2019-11-21,23.086193084716797
2019-11-22,23.31521987915039
2019-11-25,23.712207794189453
2019-11-26,23.261783599853516
2019-11-27,23.18543815612793
2019-11-29,23.284687042236328
2019-12-02,23.62822914123535
2019-12-03,23.513715744018555
2019-12-04,23.68930435180664
2019-12-05,23.857261657714844
2019-12-06,23.735105514526367
2019-12-09,24.376392364501953
2019-12-10,24.338220596313477
2019-12-11,24.12446403503418
2019-12-12,24.384031295776367
2019-12-13,24.12446403503418
2019-12-16,24.231340408325195
2019-12-17,24.139724731445312
2019-12-18,24.23897361755371
2019-12-19,24.353487014770508
2019-12-20,24.597787857055664
2019-12-23,24.36876106262207
2019-12-24,24.414560317993164
2019-12-26,24.14735984802246
2019-12-27,24.139724731445312
2019-12-30,24.20843505859375
2019-12-31,24.529083251953125
2020-01-02,24.132095336914062
2020-01-03,23.849626541137695
2020-01-06,23.90306282043457
2020-01-07,23.483177185058594
2020-01-08,23.353397369384766
2020-01-09,23.34575653076172
2020-01-10,23.437374114990234
2020-01-13,23.788551330566406
2020-01-14,24.223711013793945
2020-01-15,24.12446403503418
2020-01-16,24.223711013793945
2020-01-17,23.68930435180664
2020-01-21,23.674039840698242
2020-01-22,23.414466857910156
2020-01-23,23.422101974487305
2020-01-24,23.21597671508789
2020-01-27,23.170167922973633
2020-01-28,23.002214431762695
2020-01-29,22.61285972595215
2020-01-30,22.857162475585938
2020-01-31,22.29222297668457
2020-02-03,22.254053115844727
2020-02-04,22.254053115844727
2020-02-05,22.422006607055664
2020-02-06,22.185338973999023
2020-02-07,22.551790237426758
2020-02-10,22.666309356689453
2020-02-11,22.91060447692871
2020-02-12,22.93350601196289
2020-02-13,21.200511932373047
2020-02-14,20.521059036254883
2020-02-18,20.86460304260254
2020-02-19,20.849336624145508
2020-02-20,20.93331527709961
2020-02-21,20.811166763305664
2020-02-24,20.330204010009766
2020-02-25,19.90268325805664
2020-02-26,19.57440185546875
2020-02-27,19.06290054321289
2020-02-28,18.910221099853516
2020-03-02,19.90268325805664
2020-03-03,19.467527389526367
2020-03-04,20.19278335571289
2020-03-05,20.345470428466797
2020-03-06,19.87214469909668
2020-03-09,18.291831970214844
2020-03-10,18.704090118408203
2020-03-11,18.062808990478516
2020-03-12,15.577814102172852
2020-03-13,18.614166259765625
2020-03-16,17.099872589111328
2020-03-17,18.505443572998047
2020-03-18,18.396728515625
2020-03-19,17.301776885986328
2020-03-20,17.301776885986328
2020-03-23,16.12917137145996
2020-03-24,17.853134155273438
2020-03-25,17.829837799072266
2020-03-26,19.23541831970215
2020-03-27,18.823835372924805
2020-03-30,19.54604148864746
2020-03-31,19.212116241455078
2020-04-01,18.388961791992188
2020-04-02,19.134458541870117
2020-04-03,19.662525177001953
2020-04-06,20.120691299438477
2020-04-07,20.664287567138672
2020-04-08,21.215646743774414
2020-04-09,21.829132080078125
2020-04-13,21.689346313476562
2020-04-14,22.09316062927246
2020-04-15,21.78253173828125
2020-04-16,22.698875427246094
2020-04-17,22.77653694152832
2020-04-20,22.65228271484375
2020-04-21,22.108688354492188
2020-04-22,22.333894729614258
2020-04-23,22.15528678894043
2020-04-24,22.698875427246094
2020-04-27,23.44437599182129
2020-04-28,23.630748748779297
2020-04-29,23.708406448364258
2020-04-30,23.553096771240234
2020-05-01,22.815359115600586
2020-05-04,22.465906143188477
2020-05-05,22.47367286682129
2020-05-06,22.83089256286621
2020-05-07,22.38825225830078
2020-05-08,22.955142974853516
2020-05-11,22.77653694152832
2020-05-12,22.815359115600586
2020-05-13,22.333894729614258
2020-05-14,22.364952087402344
2020-05-15,22.675579071044922
2020-05-18,23.97243881225586
2020-05-19,23.226938247680664
2020-05-20,23.48320198059082
2020-05-21,23.071624755859375
2020-05-22,23.25800323486328
2020-05-26,23.463788986206055
2020-05-27,24.0966854095459
2020-05-28,23.907880783081055
2020-05-29,23.970813751220703
2020-06-01,23.93541145324707
2020-06-02,24.726045608520508
2020-06-03,24.631641387939453
2020-06-04,24.773252487182617
2020-06-05,25.662221908569336
2020-06-08,26.724271774291992
2020-06-09,26.039838790893555
2020-06-10,25.56781578063965
2020-06-11,24.529369354248047
2020-06-12,25.017126083374023
2020-06-15,25.26887321472168
2020-06-16,25.74876594543457
2020-06-17,25.803831100463867
2020-06-18,26.1027774810791
2020-06-19,26.33878517150879
2020-06-22,26.079179763793945
2020-06-23,25.489145278930664
2020-06-24,25.276742935180664
2020-06-25,25.080062866210938
2020-06-26,24.309093475341797
2020-06-29,24.891252517700195
2020-06-30,25.087928771972656
2020-07-01,24.914859771728516
2020-07-02,25.02499771118164
2020-07-06,25.174468994140625
2020-07-07,25.213802337646484
2020-07-08,25.064327239990234
2020-07-09,24.67884635925293
2020-07-10,25.394744873046875
2020-07-13,25.575685501098633
2020-07-14,26.205049514770508
2020-07-15,26.079179763793945
2020-07-16,27.06255340576172
2020-07-17,27.54244041442871
2020-07-20,26.842273712158203
2020-07-21,27.164827346801758
2020-07-22,27.455907821655273
2020-07-23,27.424436569213867
2020-07-24,27.28282928466797
2020-07-27,27.408695220947266
2020-07-28,27.731250762939453
2020-07-29,27.982994079589844
2020-07-30,27.0546817779541
2020-07-31,27.046817779541016
2020-08-03,27.369361877441406
2020-08-04,27.59751319885254
2020-08-05,27.361495971679688
2020-08-06,27.75485610961914
2020-08-07,27.85712242126465
2020-08-10,27.369361877441406
2020-08-11,27.243494033813477
2020-08-12,27.7941837310791
2020-08-13,27.982994079589844
2020-08-14,27.998733520507812
2020-08-17,28.26620864868164
2020-08-18,28.053800582885742
2020-08-19,27.87285614013672
2020-08-20,27.41656494140625
2020-08-21,27.18842887878418
2020-08-24,27.60538101196289
2020-08-25,27.825660705566406
2020-08-26,27.77845573425293
2020-08-27,27.659093856811523
2020-08-28,27.75458526611328
2020-08-31,27.881893157958984
2020-09-01,27.165752410888672
2020-09-02,27.61931037902832
2020-09-03,26.69628143310547
2020-09-04,26.632619857788086
2020-09-08,25.27194595336914
2020-09-09,25.184415817260742
2020-09-10,25.073017120361328
2020-09-11,25.232154846191406
2020-09-14,25.359472274780273
2020-09-15,25.43904685974121
2020-09-16,24.953657150268555
2020-09-17,24.380746841430664
2020-09-18,23.66459846496582
2020-09-21,23.592985153198242
2020-09-22,23.25878143310547
2020-09-23,22.89276123046875
2020-09-24,22.94845199584961
2020-09-25,23.179208755493164
2020-09-28,23.73621368408203
2020-09-29,23.545238494873047
2020-09-30,23.831701278686523
2020-10-01,24.16590118408203
2020-10-02,24.24547004699707
2020-10-05,24.667203903198242
2020-10-06,24.40461540222168
2020-10-07,24.539888381958008
2020-10-08,24.842256546020508
2020-10-09,24.754735946655273
2020-10-12,25.184415817260742
2020-10-13,25.78916358947754
2020-10-14,25.582273483276367
2020-10-15,25.701637268066406
2020-10-16,25.590232849121094
2020-10-19,25.263988494873047
2020-10-20,25.454959869384766
2020-10-21,25.017316818237305
2020-10-22,24.85021209716797
2020-10-23,24.96161651611328
2020-10-26,24.3330020904541
2020-10-27,24.412572860717773
2020-10-28,23.25082778930664
2020-10-29,23.903316497802734
2020-10-30,24.340957641601562
2020-11-02,25.200334548950195
2020-11-03,25.287860870361328
2020-11-04,25.31968879699707
2020-11-05,25.224199295043945
2020-11-06,25.096891403198242
2020-11-09,24.36482810974121
2020-11-10,24.25342559814453
2020-11-11,24.94569969177246
2020-11-12,24.74677276611328
2020-11-13,25.152591705322266
2020-11-16,25.582273483276367
2020-11-17,25.13667106628418
2020-11-18,25.168502807617188
2020-11-19,25.367431640625
2020-11-20,25.669801712036133
2020-11-23,25.940343856811523
2020-11-24,26.919084548950195
2020-11-25,26.20241928100586
2020-11-27,26.443988800048828
2020-11-30,26.524513244628906
2020-12-01,26.68556022644043
2020-12-02,26.39567756652832
2020-12-03,26.935182571411133
2020-12-04,27.47469139099121
2020-12-07,27.055965423583984
2020-12-08,27.6518497467041
2020-12-09,27.555213928222656
2020-12-10,27.458585739135742
2020-12-11,27.434432983398438
2020-12-14,27.716259002685547
2020-12-15,27.6437931060791
2020-12-16,27.724315643310547
2020-12-17,27.87731170654297
2020-12-18,27.998096466064453
2020-12-21,27.837047576904297
2020-12-22,27.69210433959961
2020-12-23,28.02225112915039
2020-12-24,28.167192459106445
2020-12-28,28.352399826049805
2020-12-29,28.102779388427734
2020-12-30,27.917566299438477
2020-12-31,27.909517288208008
2021-01-04,27.563262939453125
2021-01-05,27.031810760498047
2021-01-06,27.329748153686523
2021-01-07,27.132463455200195
2021-01-08,27.072078704833984
2021-01-11,26.452041625976562
2021-01-12,25.912532806396484
2021-01-13,25.775638580322266
2021-01-14,25.83201026916504
2021-01-15,25.759536743164062
2021-01-19,26.057476043701172
2021-01-20,26.46009635925293
2021-01-21,26.39567756652832
2021-01-22,26.500354766845703
2021-01-25,27.176755905151367
2021-01-26,27.69210433959961
2021-01-27,27.97393798828125
2021-01-28,27.345849990844727
2021-01-29,26.983495712280273
2021-02-01,26.774137496948242
2021-02-02,26.701663970947266
2021-02-03,26.580875396728516
2021-02-04,26.50840187072754
2021-02-05,27.21702003479004
2021-02-08,27.30559539794922
2021-02-09,27.144548416137695
2021-02-10,27.289485931396484
2021-02-11,28.618131637573242
2021-02-12,28.497344970703125
2021-02-16,28.473190307617188
2021-02-17,29.809877395629883
2021-02-18,31.372047424316406
2021-02-19,30.180294036865234
2021-02-22,29.978979110717773
2021-02-23,29.890405654907227
2021-02-24,30.276920318603516
2021-02-25,30.01118278503418
2021-02-26,29.294530868530273
2021-03-01,29.866249084472656
2021-03-02,30.05145263671875
2021-03-03,30.582902908325195
2021-03-04,29.962875366210938
2021-03-05,30.478225708007812
2021-03-08,31.138519287109375
2021-03-09,31.508934020996094
2021-03-10,31.814922332763672
2021-03-11,31.294292449951172
2021-03-12,31.001447677612305
2021-03-15,31.343109130859375
2021-03-16,31.513935089111328
2021-03-17,31.790517807006836
2021-03-18,31.6766300201416
2021-03-19,31.839324951171875
2021-03-22,32.1728515625
2021-03-23,31.660358428955078
2021-03-24,31.09906578063965
2021-03-25,31.888137817382812
2021-03-26,32.56331253051758
2021-03-29,33.173423767089844
2021-03-30,32.76668167114258
2021-03-31,32.53891372680664
2021-04-01,32.56331253051758
2021-04-05,32.79109573364258
2021-04-06,33.10833740234375
2021-04-07,33.059532165527344
2021-04-08,33.19782638549805
2021-04-09,32.652801513671875
2021-04-12,33.10833740234375
2021-04-13,33.28730010986328
2021-04-14,32.75855255126953
2021-04-15,33.39305877685547
2021-04-16,33.352386474609375
2021-04-19,33.311710357666016
2021-04-20,33.37678527832031
2021-04-21,33.82419967651367
2021-04-22,33.327980041503906
2021-04-23,32.8724365234375
2021-04-26,32.64466857910156
2021-04-27,32.6202507019043
2021-04-28,32.636531829833984
2021-04-29,33.90961456298828
2021-04-30,33.588294982910156
2021-05-03,34.1577262878418
2021-05-04,34.45871353149414
2021-05-05,34.548187255859375
2021-05-06,35.07695388793945
2021-05-07,35.36979675292969
2021-05-10,35.48368453979492
2021-05-11,35.18675994873047
2021-05-12,34.91425323486328
2021-05-13,35.6463737487793
2021-05-14,35.57316207885742
2021-05-17,35.630096435546875
2021-05-18,35.53656005859375
2021-05-19,35.4430046081543
2021-05-20,35.687049865722656
2021-05-21,35.89855194091797
2021-05-24,36.2158088684082
2021-05-25,35.914825439453125
2021-05-26,35.939231872558594
2021-05-27,35.651912689208984
2021-05-28,35.78324890136719
2021-06-01,35.99668502807617
2021-06-02,36.19371032714844
2021-06-03,36.111610412597656
2021-06-04,36.08699035644531
2021-06-07,36.021324157714844
2021-06-08,35.93922805786133
2021-06-09,35.33176040649414
2021-06-10,35.257877349853516
2021-06-11,35.64370346069336
2021-06-14,35.15116500854492
2021-06-15,35.10190200805664
2021-06-16,34.40413284301758
2021-06-17,33.92801284790039
2021-06-18,33.246665954589844
2021-06-21,33.51756286621094
2021-06-22,33.2877082824707
2021-06-23,32.95113754272461
2021-06-24,33.13993835449219
2021-06-25,33.40263748168945
2021-06-28,33.5586051940918
2021-06-29,33.31232833862305
2021-06-30,33.47650909423828
2021-07-01,33.23844909667969
2021-07-02,33.14815139770508
2021-07-06,32.548885345458984
2021-07-07,32.71306610107422
2021-07-08,32.50784683227539
2021-07-09,32.79515838623047
2021-07-12,32.663818359375
2021-07-13,32.146644592285156
2021-07-14,32.00709533691406
2021-07-15,32.3682975769043
2021-07-16,32.26156997680664
2021-07-19,32.29441833496094
2021-07-20,32.343666076660156
2021-07-21,32.319034576416016
2021-07-22,31.85112190246582
2021-07-23,32.19590377807617
2021-07-26,32.442176818847656
2021-07-27,32.236942291259766
2021-07-28,31.949628829956055
2021-07-29,31.998882293701172
2021-07-30,31.580217361450195
2021-08-02,31.6705265045166
2021-08-03,31.966047286987305
2021-08-04,30.32423973083496
2021-08-05,30.32423973083496
2021-08-06,30.537677764892578
2021-08-09,30.627975463867188
2021-08-10,30.759319305419922
2021-08-11,31.005586624145508
2021-08-12,30.669010162353516
2021-08-13,31.087677001953125
2021-08-16,31.202600479125977
2021-08-17,31.12051010131836
2021-08-18,30.332443237304688
2021-08-19,30.233943939208984
2021-08-20,30.045127868652344
2021-08-23,30.077964782714844
2021-08-24,30.00408363342285
2021-08-25,30.168264389038086
2021-08-26,29.61004638671875
2021-08-27,29.86453628540039
2021-08-30,29.65109634399414
2021-08-31,29.875219345092773
2021-09-01,29.966527938842773
2021-09-02,29.941625595092773
2021-09-03,29.742403030395508
2021-09-07,29.601289749145508
2021-09-08,30.763429641723633
2021-09-09,30.34838104248047
2021-09-10,30.157459259033203
2021-09-13,30.414783477783203
2021-09-14,30.057842254638672
2021-09-15,30.06614875793457
2021-09-16,30.33177375793457
2021-09-17,30.340076446533203
2021-09-20,30.057842254638672
2021-09-21,29.833711624145508
2021-09-22,29.99143409729004
2021-09-23,30.140857696533203
2021-09-24,30.20726203918457
2021-09-27,30.5808048248291
2021-09-28,30.398181915283203
2021-09-29,31.153575897216797
2021-09-30,30.564207077026367
2021-10-01,30.44799041748047
2021-10-04,30.62230682373047
2021-10-05,30.771726608276367
2021-10-06,31.004148483276367
2021-10-07,30.7800235748291
2021-10-08,30.530996322631836
2021-10-11,30.530996322631836
2021-10-12,30.530996322631836
2021-10-13,30.5476016998291
2021-10-14,30.929439544677734
2021-10-15,30.697010040283203
2021-10-18,30.614009857177734
2021-10-19,30.55590057373047
2021-10-20,30.64720916748047
2021-10-21,30.19896697998047
2021-10-22,30.19896697998047
2021-10-25,30.06614875793457
2021-10-26,30.24876594543457
2021-10-27,30.215564727783203
2021-10-28,30.281970977783203
2021-10-29,29.792207717895508
2021-11-01,30.48949432373047
2021-11-02,30.7800235748291
2021-11-03,31.062252044677734
2021-11-04,30.871341705322266
2021-11-05,31.410907745361328
2021-11-08,30.87964630126953
2021-11-09,31.004148483276367
2021-11-10,31.12036895751953
2021-11-11,30.946046829223633
2021-11-12,30.896242141723633
2021-11-15,31.22828483581543
2021-11-16,30.74681854248047
2021-11-17,30.34838104248047
2021-11-18,29.360559463500977
2021-11-19,29.33565902709961
2021-11-22,29.443574905395508
2021-11-23,29.73410415649414
2021-11-24,29.5410213470459
2021-11-26,29.238811492919922
2021-11-29,29.196836471557617
2021-11-30,28.21466064453125
2021-12-01,27.601842880249023
2021-12-02,27.912450790405273
2021-12-03,28.23984146118164
2021-12-06,28.76871109008789
2021-12-07,28.970178604125977
2021-12-08,27.82850456237793
2021-12-09,28.097129821777344
2021-12-10,28.667980194091797
2021-12-13,28.94499397277832
2021-12-14,29.196836471557617
2021-12-15,29.280792236328125
2021-12-16,30.221004486083984
2021-12-17,29.809654235839844
2021-12-20,29.608179092407227
2021-12-21,29.381521224975586
2021-12-22,29.473867416381836
2021-12-23,29.59139633178711
2021-12-27,29.74249839782715
2021-12-28,30.10347557067871
2021-12-29,30.061491012573242
2021-12-30,29.93557357788086
2021-12-31,30.137052536010742
2022-01-03,30.338525772094727
2022-01-04,30.98491668701172
2022-01-05,30.858997344970703
2022-01-06,30.917762756347656
2022-01-07,31.354284286499023
2022-01-10,31.362682342529297
2022-01-11,31.55575180053711
2022-01-12,31.312313079833984
2022-01-13,31.60612678527832
2022-01-14,31.916728973388672
2022-01-18,31.421445846557617
2022-01-19,31.245161056518555
2022-01-20,31.110843658447266
2022-01-21,31.060476303100586
2022-01-24,30.548397064208984
2022-01-25,30.39729118347168
2022-01-26,30.25457191467285
2022-01-27,30.29654884338379
2022-01-28,30.262975692749023
2022-01-31,30.0531063079834
2022-02-01,30.33012580871582
2022-02-02,30.539993286132812
2022-02-03,30.0866756439209
2022-02-04,29.17165756225586
2022-02-07,29.146472930908203
2022-02-08,29.331153869628906
2022-02-09,29.339550018310547
2022-02-10,28.78550148010254
2022-02-11,29.154869079589844
2022-02-14,29.037343978881836
2022-02-15,29.112890243530273
2022-02-16,30.741474151611328
2022-02-17,31.72365379333496
2022-02-18,32.286102294921875
2022-02-22,33.9146728515625
2022-02-23,33.6628303527832
2022-02-24,32.722625732421875
2022-02-25,33.35222244262695
2022-02-28,32.92409896850586
2022-03-01,32.47077941894531
2022-03-02,32.798179626464844
2022-03-03,33.53691864013672
2022-03-04,33.44456481933594
2022-03-07,33.70480728149414
2022-03-08,32.45399856567383
2022-03-09,32.05105209350586
2022-03-10,31.847440719604492
2022-03-11,31.694744110107422
2022-03-14,31.974695205688477
2022-03-15,32.08497619628906
2022-03-16,31.966209411621094
2022-03-17,32.02560043334961
2022-03-18,31.915306091308594
2022-03-21,31.915306091308594
2022-03-22,32.195274353027344
2022-03-23,32.475223541259766
2022-03-24,32.77215576171875
2022-03-25,33.33207321166992
2022-03-28,33.41690444946289
2022-03-29,33.399932861328125
2022-03-30,33.425392150878906
2022-03-31,33.41690444946289
2022-04-01,33.875022888183594
2022-04-04,33.841087341308594
2022-04-05,33.58658981323242
2022-04-06,33.96834182739258
2022-04-07,34.19740295410156
2022-04-08,34.73186492919922
2022-04-11,34.99485778808594
2022-04-12,34.88457489013672
2022-04-13,35.63113021850586
2022-04-14,35.87715148925781
2022-04-18,35.76686096191406
2022-04-19,36.14863586425781
2022-04-20,36.77641296386719
2022-04-21,37.32785415649414
2022-04-22,36.63219451904297
2022-04-25,36.513427734375
2022-04-26,35.894126892089844
2022-04-27,36.377681732177734
2022-04-28,36.996986389160156
2022-04-29,36.16559600830078
2022-05-02,35.61416244506836
2022-05-03,35.95349884033203
2022-05-04,36.75096893310547
2022-05-05,36.5982551574707
2022-05-06,36.98002243041992
2022-05-09,37.48903274536133
2022-05-10,36.869728088378906
2022-05-11,36.90366744995117
2022-05-12,36.52190399169922
2022-05-13,37.573875427246094
2022-05-16,37.39571762084961
2022-05-17,36.61522674560547
2022-05-18,33.11997604370117
2022-05-19,32.712772369384766
2022-05-20,32.551578521728516
2022-05-23,33.07756042480469
2022-05-24,33.603546142578125
2022-05-25,33.832611083984375
2022-05-26,31.767345428466797
2022-05-27,32.41862869262695
2022-05-31,32.41862869262695
2022-06-01,31.921598434448242
2022-06-02,31.184614181518555
2022-06-03,31.10748291015625
2022-06-06,31.44169807434082
2022-06-07,31.775915145874023
2022-06-08,32.050132751464844
2022-06-09,31.938737869262695
2022-06-10,32.09298324584961
2022-06-13,30.88467025756836
2022-06-14,30.97037124633789
2022-06-15,31.004650115966797
2022-06-16,30.876110076904297
2022-06-17,30.490478515625
2022-06-21,31.373138427734375
2022-06-22,31.75020408630371
2022-06-23,32.435760498046875
2022-06-24,32.9070930480957
2022-06-27,33.129905700683594
2022-06-28,32.33293151855469
2022-06-29,32.54716873168945
2022-06-30,32.68428039550781
2022-07-01,33.11276626586914
2022-07-05,32.667137145996094
2022-07-06,32.73569869995117
2022-07-07,32.63286590576172
2022-07-08,32.88138198852539
2022-07-11,33.08705520629883
2022-07-12,33.2498779296875
2022-07-13,33.57551574707031
2022-07-14,33.215599060058594
2022-07-15,32.572879791259766
2022-07-18,32.932796478271484
2022-07-19,33.198455810546875
2022-07-20,32.7871208190918
2022-07-21,32.52146530151367
2022-07-22,32.83853530883789
2022-07-25,32.88995361328125
2022-07-26,33.11276626586914
2022-07-27,31.14176368713379
2022-07-28,31.87017822265625
2022-07-29,31.561677932739258
2022-08-01,32.075843811035156
2022-08-02,31.784481048583984
2022-08-03,31.998708724975586
2022-08-04,31.733060836791992
2022-08-05,32.19581604003906
2022-08-08,32.38434600830078
2022-08-09,32.9070930480957
2022-08-10,33.10419464111328
2022-08-11,33.18989181518555
2022-08-12,33.13847351074219
2022-08-15,33.04420852661133
2022-08-16,33.27558135986328
2022-08-17,32.73569869995117
2022-08-18,32.7871208190918
2022-08-19,33.018497467041016
2022-08-22,32.91566467285156
2022-08-23,33.18132400512695
2022-08-24,33.34414291381836
2022-08-25,33.43072509765625
2022-08-26,32.99779510498047
2022-08-29,32.98048400878906
2022-08-30,32.39169692993164
2022-08-31,32.38303756713867
2022-09-01,32.642791748046875
2022-09-02,32.30510711669922
2022-09-06,32.40901565551758
2022-09-07,32.31377029418945
2022-09-08,31.222793579101562
2022-09-09,31.569129943847656
2022-09-12,31.80291748046875
2022-09-13,30.35693359375
2022-09-14,30.270349502563477
2022-09-15,29.96730613708496
2022-09-16,30.053882598876953
2022-09-19,29.96730613708496
2022-09-20,29.387176513671875
2022-09-21,29.82010269165039
2022-09-22,29.66424560546875
2022-09-23,29.369850158691406
2022-09-26,29.49107551574707
2022-09-27,28.529979705810547
2022-09-28,29.1101016998291
2022-09-29,29.05815315246582
2022-09-30,28.876317977905273
2022-10-03,29.40448570251465
2022-10-04,29.72486114501953
2022-10-05,29.343881607055664
2022-10-06,28.936927795410156
2022-10-07,28.599245071411133
2022-10-10,29.499736785888672
2022-10-11,30.253028869628906
2022-10-12,30.564739227294922
2022-10-13,30.980348587036133
2022-10-14,30.937055587768555
2022-10-17,30.7292537689209
2022-10-18,31.2314453125
2022-10-19,31.421932220458984
2022-10-20,30.599367141723633
2022-10-21,30.486812591552734
2022-10-24,31.621082305908203
2022-10-25,32.08864974975586
2022-10-26,31.958768844604492
2022-10-27,32.91986846923828
2022-10-28,33.716453552246094
2022-10-31,33.309505462646484
2022-11-01,33.09304428100586
2022-11-02,33.00645446777344
2022-11-03,32.893890380859375
2022-11-04,32.91986846923828
2022-11-07,33.049747467041016
2022-11-08,32.989139556884766
2022-11-09,32.66876983642578
2022-11-10,32.78999710083008
2022-11-11,32.02803421020508
2022-11-14,31.880847930908203
2022-11-15,32.07133483886719
2022-11-16,32.63414001464844
2022-11-17,32.68608856201172
2022-11-18,32.989139556884766
2022-11-21,33.28352737426758
2022-11-22,33.73378372192383
2022-11-23,34.031219482421875
2022-11-25,34.031219482421875
2022-11-28,34.004974365234375
2022-11-29,34.15370178222656
2022-11-30,34.424896240234375
2022-12-01,34.5473747253418
2022-12-02,34.84482192993164
2022-12-05,34.66110610961914
2022-12-06,34.48613357543945
2022-12-07,34.897308349609375
2022-12-08,35.11601638793945
2022-12-09,34.94104766845703
2022-12-12,35.238494873046875
2022-12-13,34.96730041503906
2022-12-14,35.13351821899414
2022-12-15,34.84482192993164
2022-12-16,34.92355728149414
2022-12-19,35.08977127075195
2022-12-20,34.80982971191406
2022-12-21,35.15101623535156
2022-12-22,35.30848693847656
2022-12-23,35.44845962524414
2022-12-27,35.83338928222656
2022-12-28,35.378475189208984
2022-12-29,35.588436126708984
2022-12-30,35.61467361450195
2023-01-03,35.67592239379883
2023-01-04,36.07834243774414
2023-01-05,36.157073974609375
2023-01-06,37.259376525878906
2023-01-09,36.918190002441406
2023-01-10,37.03192138671875
2023-01-11,37.23313522338867
2023-01-12,37.1193962097168
2023-01-13,37.110652923583984
2023-01-17,37.03192138671875
2023-01-18,34.69609451293945
2023-01-19,35.028541564941406
2023-01-20,34.8885612487793
2023-01-23,35.221004486083984
2023-01-24,34.8360710144043
2023-01-25,34.949806213378906
2023-01-26,34.69609451293945
2023-01-27,34.72233963012695
2023-01-30,35.317237854003906
2023-01-31,35.457210540771484
2023-02-01,35.46596145629883
2023-02-02,34.98479461669922
2023-02-03,34.451148986816406
2023-02-06,34.93230438232422
2023-02-07,34.59112548828125
2023-02-08,34.1799430847168
2023-02-09,34.0224723815918
2023-02-10,34.66984939575195
2023-02-13,35.28224182128906
2023-02-14,34.8885612487793
2023-02-15,35.107276916503906
2023-02-16,34.80107498168945
2023-02-17,34.9935417175293
2023-02-21,34.87981414794922
2023-02-22,34.62611389160156
2023-02-23,34.774837493896484
2023-02-24,34.65235137939453
2023-02-27,34.69609451293945
2023-02-28,34.06621170043945
2023-03-01,33.59380340576172
2023-03-02,33.821258544921875
2023-03-03,34.15370178222656
2023-03-06,34.10995101928711
2023-03-07,33.80376052856445
2023-03-08,33.52381896972656
2023-03-09,33.40888977050781
2023-03-10,33.54149627685547
2023-03-13,33.700626373291016
2023-03-14,33.71831130981445
2023-03-15,33.6917839050293
2023-03-16,33.75366973876953
2023-03-17,33.26743698120117
2023-03-20,33.54149627685547
2023-03-21,33.629905700683594
2023-03-22,33.214393615722656
2023-03-23,33.081783294677734
2023-03-24,33.75366973876953
2023-03-27,34.12498092651367
2023-03-28,33.93932342529297
2023-03-29,34.186866760253906
2023-03-30,34.337154388427734
2023-03-31,34.186866760253906
2023-04-03,34.34600067138672
2023-04-04,34.133819580078125
2023-04-05,34.49629211425781
2023-04-06,34.602378845214844
2023-04-10,34.567012786865234
2023-04-11,34.699623107910156
2023-04-12,34.72614669799805
2023-04-13,34.628902435302734
2023-04-14,34.567012786865234
2023-04-17,34.95601272583008
2023-04-18,34.88526916503906
2023-04-19,34.89411926269531
2023-04-20,34.8410758972168
2023-04-21,34.6731071472168
2023-04-24,34.63773727416992
2023-04-25,34.86759567260742
2023-04-26,34.796875
2023-04-27,35.07977294921875
2023-04-28,34.717308044433594
2023-05-01,35.1505012512207
2023-05-02,34.87643814086914
2023-05-03,35.58369445800781
2023-05-04,36.10529327392578
2023-05-05,36.52964401245117
2023-05-08,36.31747055053711
2023-05-09,36.14065933227539
2023-05-10,35.96384048461914
2023-05-11,35.937320709228516
2023-05-12,35.94615936279297
2023-05-15,35.512962341308594
2023-05-16,34.47861099243164
2023-05-17,34.399044036865234
2023-05-18,34.399044036865234
2023-05-19,34.54048538208008
2023-05-22,34.24875259399414
2023-05-23,34.20454788208008
2023-05-24,34.23107147216797
2023-05-25,33.82439041137695
2023-05-26,33.8951301574707
2023-05-30,33.46192932128906
2023-05-31,33.789039611816406
2023-06-01,33.76251220703125
2023-06-02,34.045413970947266
2023-06-05,34.00074768066406
2023-06-06,33.759544372558594
2023-06-07,33.009132385253906
2023-06-08,33.223533630371094
2023-06-09,32.94660186767578
2023-06-12,32.67859649658203
2023-06-13,32.875125885009766
2023-06-14,32.75899887084961
2023-06-15,32.93766403198242
2023-06-16,33.04486846923828
2023-06-20,32.71432876586914
2023-06-21,32.22298812866211
2023-06-22,32.22298812866211
2023-06-23,32.080055236816406
2023-06-26,31.75844955444336
2023-06-27,31.78525161743164
2023-06-28,31.284976959228516
2023-06-29,31.284976959228516
2023-06-30,31.713777542114258
2023-07-03,31.99072265625
2023-07-05,32.02644729614258
2023-07-06,31.856719970703125
2023-07-07,31.67804718017578
2023-07-10,31.624448776245117
2023-07-11,31.829919815063477
2023-07-12,31.946048736572266
2023-07-13,31.838851928710938
2023-07-14,32.02644729614258
2023-07-17,31.722707748413086
2023-07-18,31.722707748413086
2023-07-19,32.2855224609375
2023-07-20,32.517791748046875
2023-07-21,32.44632339477539
2023-07-24,32.47311782836914
2023-07-25,32.65179443359375
2023-07-26,32.482059478759766
2023-07-27,32.3391227722168
2023-07-28,32.30339050292969
2023-07-31,32.32125473022461
2023-08-01,32.05325698852539
2023-08-02,32.44632339477539
2023-08-03,31.776315689086914
2023-08-04,31.517244338989258
2023-08-07,31.267107009887695
2023-08-08,30.784698486328125
2023-08-09,30.838302612304688
2023-08-10,30.72216796875
2023-08-11,30.86510467529297
2023-08-14,30.588163375854492
2023-08-15,30.15935516357422
2023-08-16,29.980693817138672
2023-08-17,29.918153762817383
2023-08-18,30.07002067565918
2023-08-21,29.90921974182129
2023-08-22,29.7484188079834
2023-08-23,29.918153762817383
2023-08-24,29.944955825805664
2023-08-25,30.239761352539062
2023-08-28,30.230825424194336
2023-08-29,30.15935516357422
2023-08-30,30.07895851135254
2023-08-31,29.916221618652344
2023-09-01,29.455142974853516
2023-09-05,29.428016662597656
2023-09-06,29.446096420288086
2023-09-07,29.545549392700195
2023-09-08,29.79869270324707
2023-09-11,30.40443229675293
2023-09-12,30.341144561767578
2023-09-13,30.00662612915039
2023-09-14,30.531003952026367
2023-09-15,30.241695404052734
2023-09-18,30.214570999145508
2023-09-19,30.68470001220703
2023-09-20,30.757022857666016
2023-09-21,31.181947708129883
2023-09-22,30.88359832763672
2023-09-25,31.02824592590332
2023-09-26,31.19098663330078
2023-09-27,30.766061782836914
2023-09-28,30.51291847229004
2023-09-29,30.413469314575195
2023-10-02,29.916221618652344
2023-10-03,29.934307098388672
2023-10-04,30.087995529174805
2023-10-05,29.220075607299805
2023-10-06,28.957889556884766
2023-10-09,29.3737735748291
2023-10-10,29.35569190979004
2023-10-11,29.328567504882812
2023-10-12,27.85490608215332
2023-10-13,28.41543960571289
2023-10-16,28.55105209350586
2023-10-17,28.48776626586914
2023-10-18,28.68666648864746
2023-10-19,28.433521270751953
2023-10-20,28.306947708129883
2023-10-23,28.135175704956055
2023-10-24,28.668582916259766
2023-10-25,29.00309944152832
2023-10-26,28.804195404052734
2023-10-27,28.42447853088379
2023-10-30,28.587217330932617
2023-10-31,28.442562103271484
2023-11-01,29.11158561706543
2023-11-02,30.295940399169922
2023-11-03,30.07895851135254
2023-11-06,30.097043991088867
2023-11-07,29.916221618652344
2023-11-08,29.988548278808594
2023-11-09,29.789653778076172
2023-11-10,29.735408782958984
2023-11-13,30.051836013793945
2023-11-14,30.359228134155273
2023-11-15,30.341144561767578
2023-11-16,30.56716537475586
2023-11-17,30.431549072265625
2023-11-20,30.549087524414062
2023-11-21,30.87455940246582
2023-11-22,31.35371971130371
2023-11-24,31.588783264160156
2023-11-27,31.543575286865234
2023-11-28,31.751522064208984
2023-11-29,31.71535873413086
2023-11-30,32.10859680175781
2023-12-01,32.48354721069336
2023-12-04,32.75790023803711
2023-12-05,32.77619171142578
2023-12-06,33.10541915893555
2023-12-07,33.3797721862793
2023-12-08,33.13285446166992
2023-12-11,33.63583755493164
2023-12-12,34.074798583984375
2023-12-13,34.440608978271484
2023-12-14,33.8370246887207
2023-12-15,33.46207809448242
2023-12-18,33.57181167602539
2023-12-19,33.37062454223633
2023-12-20,32.69388961791992
2023-12-21,32.88593292236328
2023-12-22,33.251731872558594
2023-12-26,33.3797721862793
2023-12-27,33.39806365966797
2023-12-28,33.59926223754883
2023-12-29,33.81873321533203
2024-01-02,34.86127853393555
2024-01-03,34.82470703125
2024-01-04,34.550350189208984
2024-01-05,34.69667053222656
2024-01-08,34.98017120361328
2024-01-09,35.2545280456543
2024-01-10,34.65095138549805
2024-01-11,34.36745071411133
2024-01-12,34.45889663696289
2024-01-16,34.39488220214844
2024-01-17,34.55949020385742
2024-01-18,33.84617614746094
2024-01-19,33.91019058227539
2024-01-22,33.6175422668457
2024-01-23,33.97420883178711
2024-01-24,33.67241668701172
2024-01-25,34.074798583984375
2024-01-26,34.02907180786133
2024-01-29,34.12053298950195
2024-01-30,34.157108306884766
2024-01-31,33.95591735839844
2024-02-01,34.53205108642578
2024-02-02,34.43145751953125
2024-02-05,34.03822326660156
2024-02-06,34.02907180786133
2024-02-07,33.2883186340332
2024-02-08,33.35233688354492
2024-02-09,32.895084381103516
2024-02-12,33.251731872558594
2024-02-13,33.04140090942383
2024-02-14,31.239809036254883
2024-02-15,31.980566024780273
2024-02-16,31.834243774414062
2024-02-20,32.57499694824219
2024-02-21,33.2791748046875
2024-02-22,33.297462463378906
2024-02-23,32.968238830566406
2024-02-26,32.88593292236328
2024-02-27,32.7396125793457
2024-02-28,32.50183868408203
2024-02-29,32.264060974121094
2024-03-01,32.126888275146484
2024-03-04,32.04458236694336
2024-03-05,32.126888275146484
2024-03-06,32.32807922363281
2024-03-07,31.911840438842773
2024-03-08,32.2263298034668
2024-03-11,32.35582733154297
2024-03-12,32.004337310791016
2024-03-13,31.939584732055664
2024-03-14,31.745342254638672
2024-03-15,31.79158592224121
2024-03-18,32.300331115722656
2024-03-19,32.62406921386719
2024-03-20,32.69807052612305
2024-03-21,32.929317474365234
2024-03-22,33.160560607910156
2024-03-25,33.46580505371094
2024-03-26,33.64155197143555
2024-03-27,33.78955078125
2024-03-28,34.13179016113281
2024-04-01,34.27978515625
2024-04-02,34.58503341674805
2024-04-03,34.5665283203125
2024-04-04,34.45553970336914
2024-04-05,34.27978515625
2024-04-08,34.270538330078125
2024-04-09,34.37228775024414
2024-04-10,34.057796478271484
2024-04-11,33.83580017089844
2024-04-12,33.24380874633789
2024-04-15,33.586055755615234
2024-04-16,33.84504699707031
2024-04-17,34.13179016113281
2024-04-18,34.3260383605957
2024-04-19,34.94577407836914
2024-04-22,35.288021087646484
2024-04-23,35.214019775390625
2024-04-24,35.676513671875
2024-04-25,35.49151611328125
2024-04-26,35.29726791381836
2024-04-29,35.75050735473633
2024-04-30,35.71350860595703
2024-05-01,33.55830383300781
2024-05-02,33.965293884277344
2024-05-03,33.623050689697266
2024-05-06,33.05881881713867
2024-05-07,33.12356185913086
2024-05-08,33.19756317138672
2024-05-09,33.031063079833984
2024-05-10,33.521305084228516
2024-05-13,33.75254440307617
2024-05-14,33.47505187988281
2024-05-15,33.160560607910156
2024-05-16,33.36405563354492
2024-05-17,33.299312591552734
2024-05-20,33.0958137512207
2024-05-21,33.225311279296875
2024-05-22,33.65080261230469
2024-05-23,33.114315032958984
2024-05-24,33.160560607910156
2024-05-28,32.42057418823242
2024-05-29,32.05983352661133
2024-05-30,32.05058670043945
2024-05-31,32.71656799316406
2024-06-03,32.46682357788086
2024-06-04,32.957061767578125
2024-06-05,32.0690803527832
2024-06-06,32.349815368652344
2024-06-07,32.18138122558594
2024-06-10,31.395322799682617
2024-06-11,31.48890495300293
2024-06-12,30.805784225463867
2024-06-13,30.450191497802734
2024-06-14,30.30046844482422
2024-06-17,30.805784225463867
2024-06-18,30.57183837890625
2024-06-20,30.54376792907715
2024-06-21,30.833864212036133
2024-06-24,31.077159881591797
2024-06-25,30.693492889404297
2024-06-26,30.24431800842285
2024-06-27,30.19753074645996
2024-06-28,30.150741577148438
2024-07-01,29.813861846923828
2024-07-02,29.944869995117188
2024-07-03,30.029090881347656
2024-07-05,30.029090881347656
2024-07-08,30.038448333740234
2024-07-09,29.879365921020508
2024-07-10,29.87000846862793
2024-07-11,30.113309860229492
2024-07-12,30.010374069213867
2024-07-15,30.216245651245117
2024-07-16,30.730924606323242
2024-07-17,31.722848892211914
2024-07-18,31.601200103759766
2024-07-19,30.992942810058594
2024-07-22,30.712203979492188
2024-07-23,30.693492889404297
2024-07-24,30.92743682861328
2024-07-25,31.152023315429688
2024-07-26,31.217527389526367
2024-07-29,31.2736759185791
2024-07-30,31.66670036315918
2024-07-31,32.94871139526367
2024-08-01,33.12651824951172
2024-08-02,33.7441291809082
2024-08-05,32.93935775756836
2024-08-06,32.583763122558594
2024-08-07,32.44339370727539
2024-08-08,32.94871139526367
2024-08-09,33.004859924316406
2024-08-12,31.97550392150879
2024-08-13,32.349815368652344
2024-08-14,32.27495574951172
2024-08-15,31.99422264099121
2024-08-16,32.3966064453125
2024-08-19,33.089080810546875
2024-08-20,33.02357864379883
2024-08-21,33.163944244384766
2024-08-22,33.238807678222656
2024-08-23,33.603759765625
2024-08-26,33.622474670410156
2024-08-27,33.44468307495117
2024-08-28,33.117156982421875
2024-08-29,32.99550247192383
2024-08-30,33.53501892089844
2024-09-03,33.68646240234375
2024-09-04,34.140785217285156
2024-09-05,34.19757843017578
2024-09-06,33.9230842590332
2024-09-09,34.121856689453125
2024-09-10,33.62020492553711
2024-09-11,33.279457092285156
2024-09-12,33.317317962646484
2024-09-13,33.68646240234375
2024-09-16,33.72431945800781
2024-09-17,33.1658821105957
2024-09-18,33.260528564453125
2024-09-19,33.11854934692383
2024-09-20,33.09016036987305
2024-09-23,32.825130462646484
2024-09-24,32.84406661987305
2024-09-25,32.67369079589844
2024-09-26,32.9387092590332
2024-09-27,33.47822570800781
2024-09-30,33.23213195800781
2024-10-01,33.28892517089844
2024-10-02,32.531707763671875
2024-10-03,32.3424072265625
2024-10-04,32.73994827270508
2024-10-07,32.73994827270508
2024-10-08,32.80620193481445
2024-10-09,32.81566619873047
2024-10-10,32.96711349487305
2024-10-11,33.33625030517578
2024-10-14,33.4687614440918
2024-10-15,33.80950927734375
2024-10-16,33.89469528198242
2024-10-17,34.02720642089844
2024-10-18,34.07453536987305
2024-10-21,33.59181213378906
2024-10-22,33.73378372192383
2024-10-23,33.60127258300781
2024-10-24,33.15641403198242
2024-10-25,32.88192367553711
2024-10-28,33.25106430053711
2024-10-29,32.9387092590332
2024-10-30,31.925945281982422
2024-10-31,31.670385360717773
2024-11-01,31.69877815246582
2024-11-04,31.594661712646484
2024-11-05,31.717708587646484
2024-11-06,31.632524490356445
2024-11-07,31.064611434936523
2024-11-08,31.234987258911133
2024-11-11,30.79012680053711
2024-11-12,30.288471221923828
2024-11-13,30.41152000427246
2024-11-14,30.089704513549805
2024-11-15,29.474470138549805
2024-11-18,29.408214569091797
2024-11-19,28.944419860839844
2024-11-20,29.228376388549805
2024-11-21,29.42714500427246
2024-11-22,30.10863494873047
2024-11-25,30.307403564453125
2024-11-26,30.26007652282715
2024-11-27,30.22221565246582
2024-11-29,30.643966674804688
2024-12-02,30.298900604248047
2024-12-03,30.145536422729492
2024-12-04,29.714197158813477
2024-12-05,29.627931594848633
2024-12-06,29.532079696655273
2024-12-09,30.404335021972656
2024-12-10,30.279727935791016
2024-12-11,29.99217414855957
2024-12-12,30.24138641357422
2024-12-13,30.375581741333008
2024-12-16,29.685443878173828
2024-12-17,29.95383071899414
2024-12-18,29.04323387145996
2024-12-19,28.851530075073242
2024-12-20,29.254108428955078
2024-12-23,29.196598052978516
2024-12-24,29.369131088256836
2024-12-26,29.28286361694336
2024-12-27,29.407472610473633
2024-12-30,29.100746154785156
2024-12-31,29.43622589111328
