Date,LW
2010-01-04,
2010-01-05,
2010-01-06,
2010-01-07,
2010-01-08,
2010-01-11,
2010-01-12,
2010-01-13,
2010-01-14,
2010-01-15,
2010-01-19,
2010-01-20,
2010-01-21,
2010-01-22,
2010-01-25,
2010-01-26,
2010-01-27,
2010-01-28,
2010-01-29,
2010-02-01,
2010-02-02,
2010-02-03,
2010-02-04,
2010-02-05,
2010-02-08,
2010-02-09,
2010-02-10,
2010-02-11,
2010-02-12,
2010-02-16,
2010-02-17,
2010-02-18,
2010-02-19,
2010-02-22,
2010-02-23,
2010-02-24,
2010-02-25,
2010-02-26,
2010-03-01,
2010-03-02,
2010-03-03,
2010-03-04,
2010-03-05,
2010-03-08,
2010-03-09,
2010-03-10,
2010-03-11,
2010-03-12,
2010-03-15,
2010-03-16,
2010-03-17,
2010-03-18,
2010-03-19,
2010-03-22,
2010-03-23,
2010-03-24,
2010-03-25,
2010-03-26,
2010-03-29,
2010-03-30,
2010-03-31,
2010-04-01,
2010-04-05,
2010-04-06,
2010-04-07,
2010-04-08,
2010-04-09,
2010-04-12,
2010-04-13,
2010-04-14,
2010-04-15,
2010-04-16,
2010-04-19,
2010-04-20,
2010-04-21,
2010-04-22,
2010-04-23,
2010-04-26,
2010-04-27,
2010-04-28,
2010-04-29,
2010-04-30,
2010-05-03,
2010-05-04,
2010-05-05,
2010-05-06,
2010-05-07,
2010-05-10,
2010-05-11,
2010-05-12,
2010-05-13,
2010-05-14,
2010-05-17,
2010-05-18,
2010-05-19,
2010-05-20,
2010-05-21,
2010-05-24,
2010-05-25,
2010-05-26,
2010-05-27,
2010-05-28,
2010-06-01,
2010-06-02,
2010-06-03,
2010-06-04,
2010-06-07,
2010-06-08,
2010-06-09,
2010-06-10,
2010-06-11,
2010-06-14,
2010-06-15,
2010-06-16,
2010-06-17,
2010-06-18,
2010-06-21,
2010-06-22,
2010-06-23,
2010-06-24,
2010-06-25,
2010-06-28,
2010-06-29,
2010-06-30,
2010-07-01,
2010-07-02,
2010-07-06,
2010-07-07,
2010-07-08,
2010-07-09,
2010-07-12,
2010-07-13,
2010-07-14,
2010-07-15,
2010-07-16,
2010-07-19,
2010-07-20,
2010-07-21,
2010-07-22,
2010-07-23,
2010-07-26,
2010-07-27,
2010-07-28,
2010-07-29,
2010-07-30,
2010-08-02,
2010-08-03,
2010-08-04,
2010-08-05,
2010-08-06,
2010-08-09,
2010-08-10,
2010-08-11,
2010-08-12,
2010-08-13,
2010-08-16,
2010-08-17,
2010-08-18,
2010-08-19,
2010-08-20,
2010-08-23,
2010-08-24,
2010-08-25,
2010-08-26,
2010-08-27,
2010-08-30,
2010-08-31,
2010-09-01,
2010-09-02,
2010-09-03,
2010-09-07,
2010-09-08,
2010-09-09,
2010-09-10,
2010-09-13,
2010-09-14,
2010-09-15,
2010-09-16,
2010-09-17,
2010-09-20,
2010-09-21,
2010-09-22,
2010-09-23,
2010-09-24,
2010-09-27,
2010-09-28,
2010-09-29,
2010-09-30,
2010-10-01,
2010-10-04,
2010-10-05,
2010-10-06,
2010-10-07,
2010-10-08,
2010-10-11,
2010-10-12,
2010-10-13,
2010-10-14,
2010-10-15,
2010-10-18,
2010-10-19,
2010-10-20,
2010-10-21,
2010-10-22,
2010-10-25,
2010-10-26,
2010-10-27,
2010-10-28,
2010-10-29,
2010-11-01,
2010-11-02,
2010-11-03,
2010-11-04,
2010-11-05,
2010-11-08,
2010-11-09,
2010-11-10,
2010-11-11,
2010-11-12,
2010-11-15,
2010-11-16,
2010-11-17,
2010-11-18,
2010-11-19,
2010-11-22,
2010-11-23,
2010-11-24,
2010-11-26,
2010-11-29,
2010-11-30,
2010-12-01,
2010-12-02,
2010-12-03,
2010-12-06,
2010-12-07,
2010-12-08,
2010-12-09,
2010-12-10,
2010-12-13,
2010-12-14,
2010-12-15,
2010-12-16,
2010-12-17,
2010-12-20,
2010-12-21,
2010-12-22,
2010-12-23,
2010-12-27,
2010-12-28,
2010-12-29,
2010-12-30,
2010-12-31,
2011-01-03,
2011-01-04,
2011-01-05,
2011-01-06,
2011-01-07,
2011-01-10,
2011-01-11,
2011-01-12,
2011-01-13,
2011-01-14,
2011-01-18,
2011-01-19,
2011-01-20,
2011-01-21,
2011-01-24,
2011-01-25,
2011-01-26,
2011-01-27,
2011-01-28,
2011-01-31,
2011-02-01,
2011-02-02,
2011-02-03,
2011-02-04,
2011-02-07,
2011-02-08,
2011-02-09,
2011-02-10,
2011-02-11,
2011-02-14,
2011-02-15,
2011-02-16,
2011-02-17,
2011-02-18,
2011-02-22,
2011-02-23,
2011-02-24,
2011-02-25,
2011-02-28,
2011-03-01,
2011-03-02,
2011-03-03,
2011-03-04,
2011-03-07,
2011-03-08,
2011-03-09,
2011-03-10,
2011-03-11,
2011-03-14,
2011-03-15,
2011-03-16,
2011-03-17,
2011-03-18,
2011-03-21,
2011-03-22,
2011-03-23,
2011-03-24,
2011-03-25,
2011-03-28,
2011-03-29,
2011-03-30,
2011-03-31,
2011-04-01,
2011-04-04,
2011-04-05,
2011-04-06,
2011-04-07,
2011-04-08,
2011-04-11,
2011-04-12,
2011-04-13,
2011-04-14,
2011-04-15,
2011-04-18,
2011-04-19,
2011-04-20,
2011-04-21,
2011-04-25,
2011-04-26,
2011-04-27,
2011-04-28,
2011-04-29,
2011-05-02,
2011-05-03,
2011-05-04,
2011-05-05,
2011-05-06,
2011-05-09,
2011-05-10,
2011-05-11,
2011-05-12,
2011-05-13,
2011-05-16,
2011-05-17,
2011-05-18,
2011-05-19,
2011-05-20,
2011-05-23,
2011-05-24,
2011-05-25,
2011-05-26,
2011-05-27,
2011-05-31,
2011-06-01,
2011-06-02,
2011-06-03,
2011-06-06,
2011-06-07,
2011-06-08,
2011-06-09,
2011-06-10,
2011-06-13,
2011-06-14,
2011-06-15,
2011-06-16,
2011-06-17,
2011-06-20,
2011-06-21,
2011-06-22,
2011-06-23,
2011-06-24,
2011-06-27,
2011-06-28,
2011-06-29,
2011-06-30,
2011-07-01,
2011-07-05,
2011-07-06,
2011-07-07,
2011-07-08,
2011-07-11,
2011-07-12,
2011-07-13,
2011-07-14,
2011-07-15,
2011-07-18,
2011-07-19,
2011-07-20,
2011-07-21,
2011-07-22,
2011-07-25,
2011-07-26,
2011-07-27,
2011-07-28,
2011-07-29,
2011-08-01,
2011-08-02,
2011-08-03,
2011-08-04,
2011-08-05,
2011-08-08,
2011-08-09,
2011-08-10,
2011-08-11,
2011-08-12,
2011-08-15,
2011-08-16,
2011-08-17,
2011-08-18,
2011-08-19,
2011-08-22,
2011-08-23,
2011-08-24,
2011-08-25,
2011-08-26,
2011-08-29,
2011-08-30,
2011-08-31,
2011-09-01,
2011-09-02,
2011-09-06,
2011-09-07,
2011-09-08,
2011-09-09,
2011-09-12,
2011-09-13,
2011-09-14,
2011-09-15,
2011-09-16,
2011-09-19,
2011-09-20,
2011-09-21,
2011-09-22,
2011-09-23,
2011-09-26,
2011-09-27,
2011-09-28,
2011-09-29,
2011-09-30,
2011-10-03,
2011-10-04,
2011-10-05,
2011-10-06,
2011-10-07,
2011-10-10,
2011-10-11,
2011-10-12,
2011-10-13,
2011-10-14,
2011-10-17,
2011-10-18,
2011-10-19,
2011-10-20,
2011-10-21,
2011-10-24,
2011-10-25,
2011-10-26,
2011-10-27,
2011-10-28,
2011-10-31,
2011-11-01,
2011-11-02,
2011-11-03,
2011-11-04,
2011-11-07,
2011-11-08,
2011-11-09,
2011-11-10,
2011-11-11,
2011-11-14,
2011-11-15,
2011-11-16,
2011-11-17,
2011-11-18,
2011-11-21,
2011-11-22,
2011-11-23,
2011-11-25,
2011-11-28,
2011-11-29,
2011-11-30,
2011-12-01,
2011-12-02,
2011-12-05,
2011-12-06,
2011-12-07,
2011-12-08,
2011-12-09,
2011-12-12,
2011-12-13,
2011-12-14,
2011-12-15,
2011-12-16,
2011-12-19,
2011-12-20,
2011-12-21,
2011-12-22,
2011-12-23,
2011-12-27,
2011-12-28,
2011-12-29,
2011-12-30,
2012-01-03,
2012-01-04,
2012-01-05,
2012-01-06,
2012-01-09,
2012-01-10,
2012-01-11,
2012-01-12,
2012-01-13,
2012-01-17,
2012-01-18,
2012-01-19,
2012-01-20,
2012-01-23,
2012-01-24,
2012-01-25,
2012-01-26,
2012-01-27,
2012-01-30,
2012-01-31,
2012-02-01,
2012-02-02,
2012-02-03,
2012-02-06,
2012-02-07,
2012-02-08,
2012-02-09,
2012-02-10,
2012-02-13,
2012-02-14,
2012-02-15,
2012-02-16,
2012-02-17,
2012-02-21,
2012-02-22,
2012-02-23,
2012-02-24,
2012-02-27,
2012-02-28,
2012-02-29,
2012-03-01,
2012-03-02,
2012-03-05,
2012-03-06,
2012-03-07,
2012-03-08,
2012-03-09,
2012-03-12,
2012-03-13,
2012-03-14,
2012-03-15,
2012-03-16,
2012-03-19,
2012-03-20,
2012-03-21,
2012-03-22,
2012-03-23,
2012-03-26,
2012-03-27,
2012-03-28,
2012-03-29,
2012-03-30,
2012-04-02,
2012-04-03,
2012-04-04,
2012-04-05,
2012-04-09,
2012-04-10,
2012-04-11,
2012-04-12,
2012-04-13,
2012-04-16,
2012-04-17,
2012-04-18,
2012-04-19,
2012-04-20,
2012-04-23,
2012-04-24,
2012-04-25,
2012-04-26,
2012-04-27,
2012-04-30,
2012-05-01,
2012-05-02,
2012-05-03,
2012-05-04,
2012-05-07,
2012-05-08,
2012-05-09,
2012-05-10,
2012-05-11,
2012-05-14,
2012-05-15,
2012-05-16,
2012-05-17,
2012-05-18,
2012-05-21,
2012-05-22,
2012-05-23,
2012-05-24,
2012-05-25,
2012-05-29,
2012-05-30,
2012-05-31,
2012-06-01,
2012-06-04,
2012-06-05,
2012-06-06,
2012-06-07,
2012-06-08,
2012-06-11,
2012-06-12,
2012-06-13,
2012-06-14,
2012-06-15,
2012-06-18,
2012-06-19,
2012-06-20,
2012-06-21,
2012-06-22,
2012-06-25,
2012-06-26,
2012-06-27,
2012-06-28,
2012-06-29,
2012-07-02,
2012-07-03,
2012-07-05,
2012-07-06,
2012-07-09,
2012-07-10,
2012-07-11,
2012-07-12,
2012-07-13,
2012-07-16,
2012-07-17,
2012-07-18,
2012-07-19,
2012-07-20,
2012-07-23,
2012-07-24,
2012-07-25,
2012-07-26,
2012-07-27,
2012-07-30,
2012-07-31,
2012-08-01,
2012-08-02,
2012-08-03,
2012-08-06,
2012-08-07,
2012-08-08,
2012-08-09,
2012-08-10,
2012-08-13,
2012-08-14,
2012-08-15,
2012-08-16,
2012-08-17,
2012-08-20,
2012-08-21,
2012-08-22,
2012-08-23,
2012-08-24,
2012-08-27,
2012-08-28,
2012-08-29,
2012-08-30,
2012-08-31,
2012-09-04,
2012-09-05,
2012-09-06,
2012-09-07,
2012-09-10,
2012-09-11,
2012-09-12,
2012-09-13,
2012-09-14,
2012-09-17,
2012-09-18,
2012-09-19,
2012-09-20,
2012-09-21,
2012-09-24,
2012-09-25,
2012-09-26,
2012-09-27,
2012-09-28,
2012-10-01,
2012-10-02,
2012-10-03,
2012-10-04,
2012-10-05,
2012-10-08,
2012-10-09,
2012-10-10,
2012-10-11,
2012-10-12,
2012-10-15,
2012-10-16,
2012-10-17,
2012-10-18,
2012-10-19,
2012-10-22,
2012-10-23,
2012-10-24,
2012-10-25,
2012-10-26,
2012-10-31,
2012-11-01,
2012-11-02,
2012-11-05,
2012-11-06,
2012-11-07,
2012-11-08,
2012-11-09,
2012-11-12,
2012-11-13,
2012-11-14,
2012-11-15,
2012-11-16,
2012-11-19,
2012-11-20,
2012-11-21,
2012-11-23,
2012-11-26,
2012-11-27,
2012-11-28,
2012-11-29,
2012-11-30,
2012-12-03,
2012-12-04,
2012-12-05,
2012-12-06,
2012-12-07,
2012-12-10,
2012-12-11,
2012-12-12,
2012-12-13,
2012-12-14,
2012-12-17,
2012-12-18,
2012-12-19,
2012-12-20,
2012-12-21,
2012-12-24,
2012-12-26,
2012-12-27,
2012-12-28,
2012-12-31,
2013-01-02,
2013-01-03,
2013-01-04,
2013-01-07,
2013-01-08,
2013-01-09,
2013-01-10,
2013-01-11,
2013-01-14,
2013-01-15,
2013-01-16,
2013-01-17,
2013-01-18,
2013-01-22,
2013-01-23,
2013-01-24,
2013-01-25,
2013-01-28,
2013-01-29,
2013-01-30,
2013-01-31,
2013-02-01,
2013-02-04,
2013-02-05,
2013-02-06,
2013-02-07,
2013-02-08,
2013-02-11,
2013-02-12,
2013-02-13,
2013-02-14,
2013-02-15,
2013-02-19,
2013-02-20,
2013-02-21,
2013-02-22,
2013-02-25,
2013-02-26,
2013-02-27,
2013-02-28,
2013-03-01,
2013-03-04,
2013-03-05,
2013-03-06,
2013-03-07,
2013-03-08,
2013-03-11,
2013-03-12,
2013-03-13,
2013-03-14,
2013-03-15,
2013-03-18,
2013-03-19,
2013-03-20,
2013-03-21,
2013-03-22,
2013-03-25,
2013-03-26,
2013-03-27,
2013-03-28,
2013-04-01,
2013-04-02,
2013-04-03,
2013-04-04,
2013-04-05,
2013-04-08,
2013-04-09,
2013-04-10,
2013-04-11,
2013-04-12,
2013-04-15,
2013-04-16,
2013-04-17,
2013-04-18,
2013-04-19,
2013-04-22,
2013-04-23,
2013-04-24,
2013-04-25,
2013-04-26,
2013-04-29,
2013-04-30,
2013-05-01,
2013-05-02,
2013-05-03,
2013-05-06,
2013-05-07,
2013-05-08,
2013-05-09,
2013-05-10,
2013-05-13,
2013-05-14,
2013-05-15,
2013-05-16,
2013-05-17,
2013-05-20,
2013-05-21,
2013-05-22,
2013-05-23,
2013-05-24,
2013-05-28,
2013-05-29,
2013-05-30,
2013-05-31,
2013-06-03,
2013-06-04,
2013-06-05,
2013-06-06,
2013-06-07,
2013-06-10,
2013-06-11,
2013-06-12,
2013-06-13,
2013-06-14,
2013-06-17,
2013-06-18,
2013-06-19,
2013-06-20,
2013-06-21,
2013-06-24,
2013-06-25,
2013-06-26,
2013-06-27,
2013-06-28,
2013-07-01,
2013-07-02,
2013-07-03,
2013-07-05,
2013-07-08,
2013-07-09,
2013-07-10,
2013-07-11,
2013-07-12,
2013-07-15,
2013-07-16,
2013-07-17,
2013-07-18,
2013-07-19,
2013-07-22,
2013-07-23,
2013-07-24,
2013-07-25,
2013-07-26,
2013-07-29,
2013-07-30,
2013-07-31,
2013-08-01,
2013-08-02,
2013-08-05,
2013-08-06,
2013-08-07,
2013-08-08,
2013-08-09,
2013-08-12,
2013-08-13,
2013-08-14,
2013-08-15,
2013-08-16,
2013-08-19,
2013-08-20,
2013-08-21,
2013-08-22,
2013-08-23,
2013-08-26,
2013-08-27,
2013-08-28,
2013-08-29,
2013-08-30,
2013-09-03,
2013-09-04,
2013-09-05,
2013-09-06,
2013-09-09,
2013-09-10,
2013-09-11,
2013-09-12,
2013-09-13,
2013-09-16,
2013-09-17,
2013-09-18,
2013-09-19,
2013-09-20,
2013-09-23,
2013-09-24,
2013-09-25,
2013-09-26,
2013-09-27,
2013-09-30,
2013-10-01,
2013-10-02,
2013-10-03,
2013-10-04,
2013-10-07,
2013-10-08,
2013-10-09,
2013-10-10,
2013-10-11,
2013-10-14,
2013-10-15,
2013-10-16,
2013-10-17,
2013-10-18,
2013-10-21,
2013-10-22,
2013-10-23,
2013-10-24,
2013-10-25,
2013-10-28,
2013-10-29,
2013-10-30,
2013-10-31,
2013-11-01,
2013-11-04,
2013-11-05,
2013-11-06,
2013-11-07,
2013-11-08,
2013-11-11,
2013-11-12,
2013-11-13,
2013-11-14,
2013-11-15,
2013-11-18,
2013-11-19,
2013-11-20,
2013-11-21,
2013-11-22,
2013-11-25,
2013-11-26,
2013-11-27,
2013-11-29,
2013-12-02,
2013-12-03,
2013-12-04,
2013-12-05,
2013-12-06,
2013-12-09,
2013-12-10,
2013-12-11,
2013-12-12,
2013-12-13,
2013-12-16,
2013-12-17,
2013-12-18,
2013-12-19,
2013-12-20,
2013-12-23,
2013-12-24,
2013-12-26,
2013-12-27,
2013-12-30,
2013-12-31,
2014-01-02,
2014-01-03,
2014-01-06,
2014-01-07,
2014-01-08,
2014-01-09,
2014-01-10,
2014-01-13,
2014-01-14,
2014-01-15,
2014-01-16,
2014-01-17,
2014-01-21,
2014-01-22,
2014-01-23,
2014-01-24,
2014-01-27,
2014-01-28,
2014-01-29,
2014-01-30,
2014-01-31,
2014-02-03,
2014-02-04,
2014-02-05,
2014-02-06,
2014-02-07,
2014-02-10,
2014-02-11,
2014-02-12,
2014-02-13,
2014-02-14,
2014-02-18,
2014-02-19,
2014-02-20,
2014-02-21,
2014-02-24,
2014-02-25,
2014-02-26,
2014-02-27,
2014-02-28,
2014-03-03,
2014-03-04,
2014-03-05,
2014-03-06,
2014-03-07,
2014-03-10,
2014-03-11,
2014-03-12,
2014-03-13,
2014-03-14,
2014-03-17,
2014-03-18,
2014-03-19,
2014-03-20,
2014-03-21,
2014-03-24,
2014-03-25,
2014-03-26,
2014-03-27,
2014-03-28,
2014-03-31,
2014-04-01,
2014-04-02,
2014-04-03,
2014-04-04,
2014-04-07,
2014-04-08,
2014-04-09,
2014-04-10,
2014-04-11,
2014-04-14,
2014-04-15,
2014-04-16,
2014-04-17,
2014-04-21,
2014-04-22,
2014-04-23,
2014-04-24,
2014-04-25,
2014-04-28,
2014-04-29,
2014-04-30,
2014-05-01,
2014-05-02,
2014-05-05,
2014-05-06,
2014-05-07,
2014-05-08,
2014-05-09,
2014-05-12,
2014-05-13,
2014-05-14,
2014-05-15,
2014-05-16,
2014-05-19,
2014-05-20,
2014-05-21,
2014-05-22,
2014-05-23,
2014-05-27,
2014-05-28,
2014-05-29,
2014-05-30,
2014-06-02,
2014-06-03,
2014-06-04,
2014-06-05,
2014-06-06,
2014-06-09,
2014-06-10,
2014-06-11,
2014-06-12,
2014-06-13,
2014-06-16,
2014-06-17,
2014-06-18,
2014-06-19,
2014-06-20,
2014-06-23,
2014-06-24,
2014-06-25,
2014-06-26,
2014-06-27,
2014-06-30,
2014-07-01,
2014-07-02,
2014-07-03,
2014-07-07,
2014-07-08,
2014-07-09,
2014-07-10,
2014-07-11,
2014-07-14,
2014-07-15,
2014-07-16,
2014-07-17,
2014-07-18,
2014-07-21,
2014-07-22,
2014-07-23,
2014-07-24,
2014-07-25,
2014-07-28,
2014-07-29,
2014-07-30,
2014-07-31,
2014-08-01,
2014-08-04,
2014-08-05,
2014-08-06,
2014-08-07,
2014-08-08,
2014-08-11,
2014-08-12,
2014-08-13,
2014-08-14,
2014-08-15,
2014-08-18,
2014-08-19,
2014-08-20,
2014-08-21,
2014-08-22,
2014-08-25,
2014-08-26,
2014-08-27,
2014-08-28,
2014-08-29,
2014-09-02,
2014-09-03,
2014-09-04,
2014-09-05,
2014-09-08,
2014-09-09,
2014-09-10,
2014-09-11,
2014-09-12,
2014-09-15,
2014-09-16,
2014-09-17,
2014-09-18,
2014-09-19,
2014-09-22,
2014-09-23,
2014-09-24,
2014-09-25,
2014-09-26,
2014-09-29,
2014-09-30,
2014-10-01,
2014-10-02,
2014-10-03,
2014-10-06,
2014-10-07,
2014-10-08,
2014-10-09,
2014-10-10,
2014-10-13,
2014-10-14,
2014-10-15,
2014-10-16,
2014-10-17,
2014-10-20,
2014-10-21,
2014-10-22,
2014-10-23,
2014-10-24,
2014-10-27,
2014-10-28,
2014-10-29,
2014-10-30,
2014-10-31,
2014-11-03,
2014-11-04,
2014-11-05,
2014-11-06,
2014-11-07,
2014-11-10,
2014-11-11,
2014-11-12,
2014-11-13,
2014-11-14,
2014-11-17,
2014-11-18,
2014-11-19,
2014-11-20,
2014-11-21,
2014-11-24,
2014-11-25,
2014-11-26,
2014-11-28,
2014-12-01,
2014-12-02,
2014-12-03,
2014-12-04,
2014-12-05,
2014-12-08,
2014-12-09,
2014-12-10,
2014-12-11,
2014-12-12,
2014-12-15,
2014-12-16,
2014-12-17,
2014-12-18,
2014-12-19,
2014-12-22,
2014-12-23,
2014-12-24,
2014-12-26,
2014-12-29,
2014-12-30,
2014-12-31,
2015-01-02,
2015-01-05,
2015-01-06,
2015-01-07,
2015-01-08,
2015-01-09,
2015-01-12,
2015-01-13,
2015-01-14,
2015-01-15,
2015-01-16,
2015-01-20,
2015-01-21,
2015-01-22,
2015-01-23,
2015-01-26,
2015-01-27,
2015-01-28,
2015-01-29,
2015-01-30,
2015-02-02,
2015-02-03,
2015-02-04,
2015-02-05,
2015-02-06,
2015-02-09,
2015-02-10,
2015-02-11,
2015-02-12,
2015-02-13,
2015-02-17,
2015-02-18,
2015-02-19,
2015-02-20,
2015-02-23,
2015-02-24,
2015-02-25,
2015-02-26,
2015-02-27,
2015-03-02,
2015-03-03,
2015-03-04,
2015-03-05,
2015-03-06,
2015-03-09,
2015-03-10,
2015-03-11,
2015-03-12,
2015-03-13,
2015-03-16,
2015-03-17,
2015-03-18,
2015-03-19,
2015-03-20,
2015-03-23,
2015-03-24,
2015-03-25,
2015-03-26,
2015-03-27,
2015-03-30,
2015-03-31,
2015-04-01,
2015-04-02,
2015-04-06,
2015-04-07,
2015-04-08,
2015-04-09,
2015-04-10,
2015-04-13,
2015-04-14,
2015-04-15,
2015-04-16,
2015-04-17,
2015-04-20,
2015-04-21,
2015-04-22,
2015-04-23,
2015-04-24,
2015-04-27,
2015-04-28,
2015-04-29,
2015-04-30,
2015-05-01,
2015-05-04,
2015-05-05,
2015-05-06,
2015-05-07,
2015-05-08,
2015-05-11,
2015-05-12,
2015-05-13,
2015-05-14,
2015-05-15,
2015-05-18,
2015-05-19,
2015-05-20,
2015-05-21,
2015-05-22,
2015-05-26,
2015-05-27,
2015-05-28,
2015-05-29,
2015-06-01,
2015-06-02,
2015-06-03,
2015-06-04,
2015-06-05,
2015-06-08,
2015-06-09,
2015-06-10,
2015-06-11,
2015-06-12,
2015-06-15,
2015-06-16,
2015-06-17,
2015-06-18,
2015-06-19,
2015-06-22,
2015-06-23,
2015-06-24,
2015-06-25,
2015-06-26,
2015-06-29,
2015-06-30,
2015-07-01,
2015-07-02,
2015-07-06,
2015-07-07,
2015-07-08,
2015-07-09,
2015-07-10,
2015-07-13,
2015-07-14,
2015-07-15,
2015-07-16,
2015-07-17,
2015-07-20,
2015-07-21,
2015-07-22,
2015-07-23,
2015-07-24,
2015-07-27,
2015-07-28,
2015-07-29,
2015-07-30,
2015-07-31,
2015-08-03,
2015-08-04,
2015-08-05,
2015-08-06,
2015-08-07,
2015-08-10,
2015-08-11,
2015-08-12,
2015-08-13,
2015-08-14,
2015-08-17,
2015-08-18,
2015-08-19,
2015-08-20,
2015-08-21,
2015-08-24,
2015-08-25,
2015-08-26,
2015-08-27,
2015-08-28,
2015-08-31,
2015-09-01,
2015-09-02,
2015-09-03,
2015-09-04,
2015-09-08,
2015-09-09,
2015-09-10,
2015-09-11,
2015-09-14,
2015-09-15,
2015-09-16,
2015-09-17,
2015-09-18,
2015-09-21,
2015-09-22,
2015-09-23,
2015-09-24,
2015-09-25,
2015-09-28,
2015-09-29,
2015-09-30,
2015-10-01,
2015-10-02,
2015-10-05,
2015-10-06,
2015-10-07,
2015-10-08,
2015-10-09,
2015-10-12,
2015-10-13,
2015-10-14,
2015-10-15,
2015-10-16,
2015-10-19,
2015-10-20,
2015-10-21,
2015-10-22,
2015-10-23,
2015-10-26,
2015-10-27,
2015-10-28,
2015-10-29,
2015-10-30,
2015-11-02,
2015-11-03,
2015-11-04,
2015-11-05,
2015-11-06,
2015-11-09,
2015-11-10,
2015-11-11,
2015-11-12,
2015-11-13,
2015-11-16,
2015-11-17,
2015-11-18,
2015-11-19,
2015-11-20,
2015-11-23,
2015-11-24,
2015-11-25,
2015-11-27,
2015-11-30,
2015-12-01,
2015-12-02,
2015-12-03,
2015-12-04,
2015-12-07,
2015-12-08,
2015-12-09,
2015-12-10,
2015-12-11,
2015-12-14,
2015-12-15,
2015-12-16,
2015-12-17,
2015-12-18,
2015-12-21,
2015-12-22,
2015-12-23,
2015-12-24,
2015-12-28,
2015-12-29,
2015-12-30,
2015-12-31,
2016-01-04,
2016-01-05,
2016-01-06,
2016-01-07,
2016-01-08,
2016-01-11,
2016-01-12,
2016-01-13,
2016-01-14,
2016-01-15,
2016-01-19,
2016-01-20,
2016-01-21,
2016-01-22,
2016-01-25,
2016-01-26,
2016-01-27,
2016-01-28,
2016-01-29,
2016-02-01,
2016-02-02,
2016-02-03,
2016-02-04,
2016-02-05,
2016-02-08,
2016-02-09,
2016-02-10,
2016-02-11,
2016-02-12,
2016-02-16,
2016-02-17,
2016-02-18,
2016-02-19,
2016-02-22,
2016-02-23,
2016-02-24,
2016-02-25,
2016-02-26,
2016-02-29,
2016-03-01,
2016-03-02,
2016-03-03,
2016-03-04,
2016-03-07,
2016-03-08,
2016-03-09,
2016-03-10,
2016-03-11,
2016-03-14,
2016-03-15,
2016-03-16,
2016-03-17,
2016-03-18,
2016-03-21,
2016-03-22,
2016-03-23,
2016-03-24,
2016-03-28,
2016-03-29,
2016-03-30,
2016-03-31,
2016-04-01,
2016-04-04,
2016-04-05,
2016-04-06,
2016-04-07,
2016-04-08,
2016-04-11,
2016-04-12,
2016-04-13,
2016-04-14,
2016-04-15,
2016-04-18,
2016-04-19,
2016-04-20,
2016-04-21,
2016-04-22,
2016-04-25,
2016-04-26,
2016-04-27,
2016-04-28,
2016-04-29,
2016-05-02,
2016-05-03,
2016-05-04,
2016-05-05,
2016-05-06,
2016-05-09,
2016-05-10,
2016-05-11,
2016-05-12,
2016-05-13,
2016-05-16,
2016-05-17,
2016-05-18,
2016-05-19,
2016-05-20,
2016-05-23,
2016-05-24,
2016-05-25,
2016-05-26,
2016-05-27,
2016-05-31,
2016-06-01,
2016-06-02,
2016-06-03,
2016-06-06,
2016-06-07,
2016-06-08,
2016-06-09,
2016-06-10,
2016-06-13,
2016-06-14,
2016-06-15,
2016-06-16,
2016-06-17,
2016-06-20,
2016-06-21,
2016-06-22,
2016-06-23,
2016-06-24,
2016-06-27,
2016-06-28,
2016-06-29,
2016-06-30,
2016-07-01,
2016-07-05,
2016-07-06,
2016-07-07,
2016-07-08,
2016-07-11,
2016-07-12,
2016-07-13,
2016-07-14,
2016-07-15,
2016-07-18,
2016-07-19,
2016-07-20,
2016-07-21,
2016-07-22,
2016-07-25,
2016-07-26,
2016-07-27,
2016-07-28,
2016-07-29,
2016-08-01,
2016-08-02,
2016-08-03,
2016-08-04,
2016-08-05,
2016-08-08,
2016-08-09,
2016-08-10,
2016-08-11,
2016-08-12,
2016-08-15,
2016-08-16,
2016-08-17,
2016-08-18,
2016-08-19,
2016-08-22,
2016-08-23,
2016-08-24,
2016-08-25,
2016-08-26,
2016-08-29,
2016-08-30,
2016-08-31,
2016-09-01,
2016-09-02,
2016-09-06,
2016-09-07,
2016-09-08,
2016-09-09,
2016-09-12,
2016-09-13,
2016-09-14,
2016-09-15,
2016-09-16,
2016-09-19,
2016-09-20,
2016-09-21,
2016-09-22,
2016-09-23,
2016-09-26,
2016-09-27,
2016-09-28,
2016-09-29,
2016-09-30,
2016-10-03,
2016-10-04,
2016-10-05,
2016-10-06,
2016-10-07,
2016-10-10,
2016-10-11,
2016-10-12,
2016-10-13,
2016-10-14,
2016-10-17,
2016-10-18,
2016-10-19,
2016-10-20,
2016-10-21,
2016-10-24,
2016-10-25,
2016-10-26,
2016-10-27,
2016-10-28,
2016-10-31,
2016-11-01,
2016-11-02,
2016-11-03,
2016-11-04,
2016-11-07,
2016-11-08,
2016-11-09,
2016-11-10,26.628902435302734
2016-11-11,26.242586135864258
2016-11-14,26.5059871673584
2016-11-15,26.71670150756836
2016-11-16,27.831724166870117
2016-11-17,28.542882919311523
2016-11-18,28.692136764526367
2016-11-21,27.866846084594727
2016-11-22,28.709697723388672
2016-11-23,28.99065589904785
2016-11-25,28.613115310668945
2016-11-28,28.74481201171875
2016-11-29,29.139890670776367
2016-11-30,29.394514083862305
2016-12-01,28.542882919311523
2016-12-02,28.964303970336914
2016-12-05,29.543773651123047
2016-12-06,29.693021774291992
2016-12-07,30.509546279907227
2016-12-08,31.545549392700195
2016-12-09,31.940643310546875
2016-12-12,32.2479133605957
2016-12-13,32.11622619628906
2016-12-14,30.860721588134766
2016-12-15,30.1846981048584
2016-12-16,30.957305908203125
2016-12-19,30.272478103637695
2016-12-20,30.68513298034668
2016-12-21,30.746591567993164
2016-12-22,31.89674186706543
2016-12-23,32.353267669677734
2016-12-27,32.78349304199219
2016-12-28,32.68690490722656
2016-12-29,33.16102600097656
2016-12-30,33.231239318847656
2017-01-03,32.91517639160156
2017-01-04,32.467411041259766
2017-01-05,32.15134048461914
2017-01-06,32.33571243286133
2017-01-09,32.388389587402344
2017-01-10,32.34450149536133
2017-01-11,32.388389587402344
2017-01-12,32.449851989746094
2017-01-13,32.678138732910156
2017-01-17,32.388389587402344
2017-01-18,32.16889953613281
2017-01-19,32.449851989746094
2017-01-20,32.58155822753906
2017-01-23,32.28304672241211
2017-01-24,32.91517639160156
2017-01-25,32.19525146484375
2017-01-26,32.06111526489258
2017-01-27,32.15818405151367
2017-01-30,32.45823287963867
2017-01-31,32.97007369995117
2017-02-01,33.33190155029297
2017-02-02,33.905521392822266
2017-02-03,34.32912063598633
2017-02-06,34.62918472290039
2017-02-07,34.77919387817383
2017-02-08,34.558570861816406
2017-02-09,34.48796844482422
2017-02-10,34.65564727783203
2017-02-13,34.796852111816406
2017-02-14,34.990989685058594
2017-02-15,34.97334671020508
2017-02-16,35.21162414550781
2017-02-17,34.96451950073242
2017-02-21,34.96451950073242
2017-02-22,35.16748809814453
2017-02-23,34.85862350463867
2017-02-24,34.929222106933594
2017-02-27,34.840972900390625
2017-02-28,34.585044860839844
2017-03-01,35.25574493408203
2017-03-02,35.494014739990234
2017-03-03,35.65287399291992
2017-03-06,35.67051315307617
2017-03-07,35.95292663574219
2017-03-08,35.93526840209961
2017-03-09,36.16472244262695
2017-03-10,36.53536605834961
2017-03-13,36.650089263916016
2017-03-14,37.25018310546875
2017-03-15,37.38256072998047
2017-03-16,37.0560417175293
2017-03-17,37.28548049926758
2017-03-20,37.48846435546875
2017-03-21,37.8326301574707
2017-03-22,37.45316696166992
2017-03-23,37.95619201660156
2017-03-24,37.65613555908203
2017-03-27,37.91206359863281
2017-03-28,37.87675857543945
2017-03-29,37.62965393066406
2017-03-30,37.144287109375
2017-03-31,37.11781311035156
2017-04-03,37.06485366821289
2017-04-04,37.232540130615234
2017-04-05,36.83540344238281
2017-04-06,38.07090759277344
2017-04-07,37.938541412353516
2017-04-10,37.73555374145508
2017-04-11,37.84146499633789
2017-04-12,37.20606994628906
2017-04-13,36.950138092041016
2017-04-17,37.26782989501953
2017-04-18,37.400203704833984
2017-04-19,37.24136734008789
2017-04-20,37.594356536865234
2017-04-21,37.29431915283203
2017-04-24,37.65613555908203
2017-04-25,37.47080993652344
2017-04-26,37.442440032958984
2017-04-27,37.79701614379883
2017-04-28,37.008094787597656
2017-05-01,37.05241775512695
2017-05-02,36.68898391723633
2017-05-03,36.254634857177734
2017-05-04,36.57374954223633
2017-05-05,36.848541259765625
2017-05-08,36.85740280151367
2017-05-09,37.008094787597656
2017-05-10,37.64631652832031
2017-05-11,37.4069938659668
2017-05-12,37.4069938659668
2017-05-15,38.054080963134766
2017-05-16,39.419166564941406
2017-05-17,39.15324783325195
2017-05-18,38.94935607910156
2017-05-19,39.339385986328125
2017-05-22,39.51668167114258
2017-05-23,39.19755935668945
2017-05-24,40.323307037353516
2017-05-25,40.44741439819336
2017-05-26,40.4740104675293
2017-05-30,40.92607879638672
2017-05-31,41.138816833496094
2017-06-01,41.94546127319336
2017-06-02,41.99864959716797
2017-06-05,41.40475082397461
2017-06-06,41.36929702758789
2017-06-07,41.58203887939453
2017-06-08,41.21860122680664
2017-06-09,40.80198669433594
2017-06-12,40.2701416015625
2017-06-13,40.757667541503906
2017-06-14,40.41196060180664
2017-06-15,40.17262649536133
2017-06-16,39.951019287109375
2017-06-19,40.37651062011719
2017-06-20,40.53606414794922
2017-06-21,40.61582946777344
2017-06-22,40.41196060180664
2017-06-23,40.385353088378906
2017-06-26,40.19035339355469
2017-06-27,39.61417770385742
2017-06-28,40.21694564819336
2017-06-29,39.11778259277344
2017-06-30,39.03799819946289
2017-07-03,38.87845230102539
2017-07-05,38.35546112060547
2017-07-06,38.02748489379883
2017-07-07,38.20476150512695
2017-07-10,37.885650634765625
2017-07-11,38.81639862060547
2017-07-12,39.0025520324707
2017-07-13,38.798667907714844
2017-07-14,38.692298889160156
2017-07-17,38.99367904663086
2017-07-18,39.11778259277344
2017-07-19,39.339385986328125
2017-07-20,39.250755310058594
2017-07-21,39.888980865478516
2017-07-24,39.667362213134766
2017-07-25,40.491729736328125
2017-07-26,39.250755310058594
2017-07-27,38.87845230102539
2017-07-28,38.842994689941406
2017-07-31,38.98481369018555
2017-08-01,39.03799819946289
2017-08-02,38.956092834472656
2017-08-03,38.475379943847656
2017-08-04,38.83146667480469
2017-08-07,39.045127868652344
2017-08-08,38.77805709838867
2017-08-09,38.733543395996094
2017-08-10,39.47243118286133
2017-08-11,39.89082717895508
2017-08-14,39.89082717895508
2017-08-15,40.07777404785156
2017-08-16,40.38045883178711
2017-08-17,40.389366149902344
2017-08-18,40.30033493041992
2017-08-21,40.46058654785156
2017-08-22,40.647518157958984
2017-08-23,40.585205078125
2017-08-24,40.05998229980469
2017-08-25,40.09558868408203
2017-08-28,39.95315170288086
2017-08-29,40.12229919433594
2017-08-30,40.21131896972656
2017-08-31,40.487281799316406
2017-09-01,40.94129180908203
2017-09-05,40.7187385559082
2017-09-06,40.344852447509766
2017-09-07,40.309234619140625
2017-09-08,40.4516716003418
2017-09-11,40.62080764770508
2017-09-12,40.950199127197266
2017-09-13,41.43980407714844
2017-09-14,41.01251983642578
2017-09-15,41.29737854003906
2017-09-18,41.19945526123047
2017-09-19,41.29737854003906
2017-09-20,41.528839111328125
2017-09-21,40.8255615234375
2017-09-22,40.398258209228516
2017-09-25,40.21131896972656
2017-09-26,40.53178787231445
2017-09-27,40.985801696777344
2017-09-28,41.466529846191406
2017-09-29,41.74248504638672
2017-10-02,42.32114028930664
2017-10-03,41.99174499511719
2017-10-04,43.09562301635742
2017-10-05,43.2558708190918
2017-10-06,43.73659133911133
2017-10-09,43.46953201293945
2017-10-10,43.6564826965332
2017-10-11,43.95023727416992
2017-10-12,44.244014739990234
2017-10-13,44.51109313964844
2017-10-16,45.12534713745117
2017-10-17,44.70692825317383
2017-10-18,45.009605407714844
2017-10-19,44.77815246582031
2017-10-20,45.071922302246094
2017-10-23,45.312294006347656
2017-10-24,45.15204620361328
2017-10-25,45.06302261352539
2017-10-26,45.04521560668945
2017-10-27,45.241065979003906
2017-10-30,44.849369049072266
2017-10-31,45.39241027832031
2017-11-01,45.71287536621094
2017-11-02,46.282936096191406
2017-11-03,46.568851470947266
2017-11-06,46.5152473449707
2017-11-07,46.15784454345703
2017-11-08,46.810096740722656
2017-11-09,46.122108459472656
2017-11-10,46.42587661743164
2017-11-13,47.158565521240234
2017-11-14,47.703582763671875
2017-11-15,47.12281799316406
2017-11-16,47.7572021484375
2017-11-17,47.542755126953125
2017-11-20,47.97162628173828
2017-11-21,48.01631164550781
2017-11-22,48.47199249267578
2017-11-24,48.64175033569336
2017-11-27,48.27542495727539
2017-11-28,48.27542495727539
2017-11-29,48.203948974609375
2017-11-30,48.5792121887207
2017-12-01,49.01701354980469
2017-12-04,49.097434997558594
2017-12-05,48.65068435668945
2017-12-06,48.65068435668945
2017-12-07,49.12424087524414
2017-12-08,50.214298248291016
2017-12-11,50.82188415527344
2017-12-12,49.812232971191406
2017-12-13,49.85690689086914
2017-12-14,49.544185638427734
2017-12-15,49.5888557434082
2017-12-18,50.142822265625
2017-12-19,49.90157699584961
2017-12-20,50.01774597167969
2017-12-21,49.526302337646484
2017-12-22,49.87477493286133
2017-12-26,49.30293655395508
2017-12-27,49.5531120300293
2017-12-28,49.9105224609375
2017-12-29,50.43766403198242
2018-01-02,49.47270584106445
2018-01-03,50.089210510253906
2018-01-04,51.125667572021484
2018-01-05,51.554542541503906
2018-01-08,52.32294464111328
2018-01-09,51.858333587646484
2018-01-10,51.70642852783203
2018-01-11,51.82258605957031
2018-01-12,52.07276153564453
2018-01-16,52.287208557128906
2018-01-17,53.019866943359375
2018-01-18,52.74288558959961
2018-01-19,53.64530944824219
2018-01-22,53.877620697021484
2018-01-23,53.895503997802734
2018-01-24,53.493431091308594
2018-01-25,52.93052673339844
2018-01-26,53.430885314941406
2018-01-29,52.79648971557617
2018-01-30,52.04596710205078
2018-01-31,52.35868835449219
2018-02-01,51.454200744628906
2018-02-02,50.90739059448242
2018-02-05,50.50400924682617
2018-02-06,50.01994323730469
2018-02-07,51.03288650512695
2018-02-08,49.0607795715332
2018-02-09,48.81874084472656
2018-02-12,49.37453079223633
2018-02-13,48.89045715332031
2018-02-14,48.621524810791016
2018-02-15,49.661380767822266
2018-02-16,49.82272720336914
2018-02-20,48.666358947753906
2018-02-21,47.9671516418457
2018-02-22,48.182289123535156
2018-02-23,49.04283905029297
2018-02-26,48.96216583251953
2018-02-27,48.7559928894043
2018-02-28,48.48706817626953
2018-03-01,48.81874084472656
2018-03-02,49.634483337402344
2018-03-05,50.09164810180664
2018-03-06,50.93427658081055
2018-03-07,50.47711181640625
2018-03-08,50.799808502197266
2018-03-09,51.391448974609375
2018-03-12,51.328712463378906
2018-03-13,50.62053680419922
2018-03-14,50.270931243896484
2018-03-15,49.858585357666016
2018-03-16,49.89444351196289
2018-03-19,49.724117279052734
2018-03-20,49.92133712768555
2018-03-21,49.62550735473633
2018-03-22,48.92632293701172
2018-03-23,48.451210021972656
2018-03-26,50.584678649902344
2018-03-27,50.19921875
2018-03-28,50.54881286621094
2018-03-29,52.18927001953125
2018-04-02,52.05480194091797
2018-04-03,53.00499725341797
2018-04-04,53.27392578125
2018-04-05,55.102603912353516
2018-04-06,55.380496978759766
2018-04-09,55.83768081665039
2018-04-10,57.16436767578125
2018-04-11,57.1553955078125
2018-04-12,56.76097106933594
2018-04-13,57.47811508178711
2018-04-16,58.024932861328125
2018-04-17,58.71516036987305
2018-04-18,58.7241325378418
2018-04-19,58.491058349609375
2018-04-20,58.589664459228516
2018-04-23,58.85858917236328
2018-04-24,58.66139221191406
2018-04-25,59.028907775878906
2018-04-26,59.53089904785156
2018-04-27,59.69224548339844
2018-04-30,58.553802490234375
2018-05-01,58.240047454833984
2018-05-02,57.496036529541016
2018-05-03,57.57784652709961
2018-05-04,58.52188491821289
2018-05-07,59.52888870239258
2018-05-08,59.93348693847656
2018-05-09,60.89549255371094
2018-05-10,61.165225982666016
2018-05-11,61.0753173828125
2018-05-14,60.79660415649414
2018-05-15,60.51788330078125
2018-05-16,60.36503601074219
2018-05-17,60.239166259765625
2018-05-18,60.05036163330078
2018-05-21,60.00540542602539
2018-05-22,58.47694778442383
2018-05-23,58.5848388671875
2018-05-24,58.62080383300781
2018-05-25,58.82759475708008
2018-05-29,58.045372009277344
2018-05-30,58.440982818603516
2018-05-31,57.31711196899414
2018-06-01,57.64079666137695
2018-06-04,58.692726135253906
2018-06-05,59.09732437133789
2018-06-06,58.135284423828125
2018-06-07,58.31510925292969
2018-06-08,59.052364349365234
2018-06-11,58.76466369628906
2018-06-12,59.06137466430664
2018-06-13,58.74665832519531
2018-06-14,59.2052001953125
2018-06-15,58.37804412841797
2018-06-18,58.37804412841797
2018-06-19,59.68170928955078
2018-06-20,60.67073059082031
2018-06-21,60.499916076660156
2018-06-22,61.03034591674805
2018-06-25,61.273101806640625
2018-06-26,61.70467758178711
2018-06-27,61.2821159362793
2018-06-28,61.785606384277344
2018-06-29,61.59680938720703
2018-07-02,61.12928771972656
2018-07-03,61.4709358215332
2018-07-05,62.82855224609375
2018-07-06,63.10726547241211
2018-07-09,63.278076171875
2018-07-10,63.18818664550781
2018-07-11,63.116275787353516
2018-07-12,63.421939849853516
2018-07-13,63.70066833496094
2018-07-16,63.116275787353516
2018-07-17,63.59279251098633
2018-07-18,63.46690368652344
2018-07-19,63.278076171875
2018-07-20,63.314056396484375
2018-07-23,62.055328369140625
2018-07-24,61.443939208984375
2018-07-25,63.3050651550293
2018-07-26,62.98139572143555
2018-07-27,62.75664138793945
2018-07-30,63.15224075317383
2018-07-31,63.179203033447266
2018-08-01,62.66670227050781
2018-08-02,63.58720779418945
2018-08-03,65.05677032470703
2018-08-06,65.43540954589844
2018-08-07,64.70514678955078
2018-08-08,64.38058471679688
2018-08-09,64.57891845703125
2018-08-10,64.09207153320312
2018-08-13,63.93880844116211
2018-08-14,64.64204406738281
2018-08-15,62.44221496582031
2018-08-16,60.03504943847656
2018-08-17,59.13348388671875
2018-08-20,59.1695556640625
2018-08-21,58.81793212890625
2018-08-22,59.66541290283203
2018-08-23,60.47681427001953
2018-08-24,60.43174362182617
2018-08-27,61.41444778442383
2018-08-28,61.21610641479492
2018-08-29,61.06282424926758
2018-08-30,60.512882232666016
2018-08-31,60.94562911987305
2018-09-04,60.557945251464844
2018-09-05,60.675167083740234
2018-09-06,60.603050231933594
2018-09-07,60.25141906738281
2018-09-10,60.43174362182617
2018-09-11,60.52189636230469
2018-09-12,60.53090286254883
2018-09-13,60.72023010253906
2018-09-14,61.315284729003906
2018-09-17,60.125221252441406
2018-09-18,60.26043701171875
2018-09-19,58.83598327636719
2018-09-20,59.620330810546875
2018-09-21,60.40469741821289
2018-09-24,59.89079666137695
2018-09-25,60.49484634399414
2018-09-26,60.13422775268555
2018-09-27,59.13348388671875
2018-09-28,60.0440788269043
2018-10-01,59.44902420043945
2018-10-02,64.91249084472656
2018-10-03,65.12889099121094
2018-10-04,66.03946685791016
2018-10-05,67.34672546386719
2018-10-08,66.70660400390625
2018-10-09,67.27456665039062
2018-10-10,66.01242065429688
2018-10-11,65.02972412109375
2018-10-12,65.77799987792969
2018-10-15,65.97634887695312
2018-10-16,67.86060333251953
2018-10-17,68.61792755126953
2018-10-18,68.20320892333984
2018-10-19,69.03266906738281
2018-10-22,69.55555725097656
2018-10-23,70.46613311767578
2018-10-24,71.26850891113281
2018-10-25,70.36695098876953
2018-10-26,69.42933654785156
2018-10-29,69.6006088256836
2018-10-30,69.23096466064453
2018-10-31,70.46613311767578
2018-11-01,69.7982406616211
2018-11-02,69.57230377197266
2018-11-05,71.06351470947266
2018-11-06,72.53667449951172
2018-11-07,73.03375244140625
2018-11-08,73.82003021240234
2018-11-09,74.12732696533203
2018-11-12,74.23576354980469
2018-11-13,75.32933044433594
2018-11-14,75.00396728515625
2018-11-15,74.29903411865234
2018-11-16,74.69669342041016
2018-11-19,73.03375244140625
2018-11-20,72.84395599365234
2018-11-21,73.91944122314453
2018-11-23,73.3410415649414
2018-11-26,72.6361083984375
2018-11-27,70.08747863769531
2018-11-28,69.68074798583984
2018-11-29,69.35540771484375
2018-11-30,69.31925201416016
2018-12-03,68.3070297241211
2018-12-04,68.22567749023438
2018-12-06,66.9965591430664
2018-12-07,66.38199615478516
2018-12-10,66.3096694946289
2018-12-11,67.93646240234375
2018-12-12,69.0390853881836
2018-12-13,70.21399688720703
2018-12-14,68.5329818725586
2018-12-17,68.18048095703125
2018-12-18,68.35221099853516
2018-12-19,67.77379608154297
2018-12-20,66.33679962158203
2018-12-21,66.5175552368164
2018-12-24,64.6467514038086
2018-12-26,66.3096694946289
2018-12-27,66.6350326538086
2018-12-28,66.5265884399414
2018-12-31,66.48139953613281
2019-01-02,66.5718002319336
2019-01-03,65.95721435546875
2019-01-04,68.3070297241211
2019-01-07,63.761051177978516
2019-01-08,64.08641052246094
2019-01-09,63.01091766357422
2019-01-10,63.137454986572266
2019-01-11,62.78498458862305
2019-01-14,61.13108444213867
2019-01-15,62.269840240478516
2019-01-16,63.42665481567383
2019-01-17,64.07736206054688
2019-01-18,64.05928802490234
2019-01-22,63.94179916381836
2019-01-23,65.73127746582031
2019-01-24,64.49312591552734
2019-01-25,64.25812530517578
2019-01-28,64.52926635742188
2019-01-29,65.46919250488281
2019-01-30,65.59571838378906
2019-01-31,65.52320098876953
2019-02-01,65.61383056640625
2019-02-04,64.61693572998047
2019-02-05,64.92506408691406
2019-02-06,64.6259994506836
2019-02-07,63.99161148071289
2019-02-08,64.00068664550781
2019-02-11,63.79224395751953
2019-02-12,62.550636291503906
2019-02-13,62.13377380371094
2019-02-14,62.50533676147461
2019-02-15,62.994720458984375
2019-02-19,63.71066665649414
2019-02-20,63.493160247802734
2019-02-21,64.32695007324219
2019-02-22,63.89191436767578
2019-02-25,62.976600646972656
2019-02-26,62.53252029418945
2019-02-27,62.62314224243164
2019-02-28,62.81348419189453
2019-03-01,64.29973602294922
2019-03-04,64.15473937988281
2019-03-05,64.49005889892578
2019-03-06,63.92817306518555
2019-03-07,63.901004791259766
2019-03-08,63.447872161865234
2019-03-11,63.62911605834961
2019-03-12,63.166893005371094
2019-03-13,63.29380416870117
2019-03-14,61.79844665527344
2019-03-15,62.994720458984375
2019-03-18,63.34816360473633
2019-03-19,63.175968170166016
2019-03-20,62.867835998535156
2019-03-21,64.34506225585938
2019-03-22,64.94322204589844
2019-03-25,66.00354766845703
2019-03-26,66.15757751464844
2019-03-27,65.49602508544922
2019-03-28,66.99137115478516
2019-03-29,67.91576385498047
2019-04-01,67.03668975830078
2019-04-02,67.39012908935547
2019-04-03,66.2391586303711
2019-04-04,63.72880554199219
2019-04-05,64.91600799560547
2019-04-08,66.03980255126953
2019-04-09,66.08509063720703
2019-04-10,65.61383056640625
2019-04-11,64.91600799560547
2019-04-12,64.44474792480469
2019-04-15,64.52629089355469
2019-04-16,63.13066482543945
2019-04-17,62.19719314575195
2019-04-18,61.28187561035156
2019-04-22,62.4419059753418
2019-04-23,62.96753692626953
2019-04-24,62.795345306396484
2019-04-25,62.71377944946289
2019-04-26,63.15785598754883
2019-04-29,62.12471389770508
2019-04-30,63.48410415649414
2019-05-01,63.5294189453125
2019-05-02,60.321144104003906
2019-05-03,60.9846076965332
2019-05-06,61.348140716552734
2019-05-07,62.02980041503906
2019-05-08,62.07525634765625
2019-05-09,62.37516403198242
2019-05-10,61.3027229309082
2019-05-13,60.47566223144531
2019-05-14,60.911888122558594
2019-05-15,60.95734786987305
2019-05-16,60.7846565246582
2019-05-17,61.46630859375
2019-05-20,61.38450622558594
2019-05-21,59.4031982421875
2019-05-22,57.85811996459961
2019-05-23,57.330989837646484
2019-05-24,56.46757507324219
2019-05-28,55.24968719482422
2019-05-29,54.468074798583984
2019-05-30,54.57713317871094
2019-05-31,53.85004806518555
2019-06-03,54.74981689453125
2019-06-04,55.64959716796875
2019-06-05,56.66752243041992
2019-06-06,56.70387268066406
2019-06-07,55.43146896362305
2019-06-10,55.8222770690918
2019-06-11,56.27671813964844
2019-06-12,55.77682876586914
2019-06-13,55.63142013549805
2019-06-14,56.085838317871094
2019-06-17,54.39536666870117
2019-06-18,53.59556579589844
2019-06-19,55.731388092041016
2019-06-20,55.74957275390625
2019-06-21,55.295135498046875
2019-06-24,55.22241973876953
2019-06-25,56.8401985168457
2019-06-26,57.25828170776367
2019-06-27,56.07675552368164
2019-06-28,57.58546447753906
2019-07-01,56.831119537353516
2019-07-02,56.912899017333984
2019-07-03,57.912662506103516
2019-07-05,58.47615432739258
2019-07-08,58.5215950012207
2019-07-09,59.148712158203125
2019-07-10,60.1666374206543
2019-07-11,61.42085647583008
2019-07-12,59.92124938964844
2019-07-15,60.321144104003906
2019-07-16,60.70286560058594
2019-07-17,60.96642303466797
2019-07-18,61.76620864868164
2019-07-19,62.32063293457031
2019-07-22,61.40267562866211
2019-07-23,57.85811996459961
2019-07-24,57.7036247253418
2019-07-25,58.8851432800293
2019-07-26,58.78515625
2019-07-29,59.57588195800781
2019-07-30,61.38450622558594
2019-07-31,61.00279235839844
2019-08-01,60.66550827026367
2019-08-02,61.13040542602539
2019-08-05,59.58072280883789
2019-08-06,59.206974029541016
2019-08-07,59.8177490234375
2019-08-08,60.92985916137695
2019-08-09,61.13040542602539
2019-08-12,61.89613723754883
2019-08-13,61.34920120239258
2019-08-14,60.89339828491211
2019-08-15,61.89613723754883
2019-08-16,62.725650787353516
2019-08-19,63.91985321044922
2019-08-20,62.21518325805664
2019-08-21,62.38838195800781
2019-08-22,63.36377716064453
2019-08-23,62.35192108154297
2019-08-26,62.780372619628906
2019-08-27,62.39750671386719
2019-08-28,62.689212799072266
2019-08-29,63.73752212524414
2019-08-30,64.16595458984375
2019-09-03,65.05021667480469
2019-09-04,65.97999572753906
2019-09-05,65.44217681884766
2019-09-06,64.92259216308594
2019-09-09,64.77670288085938
2019-09-10,64.3300552368164
2019-09-11,65.25076293945312
2019-09-12,65.5880355834961
2019-09-13,65.77033996582031
2019-09-16,66.7183837890625
2019-09-17,67.45677185058594
2019-09-18,67.22885131835938
2019-09-19,67.11946105957031
2019-09-20,67.0191879272461
2019-09-23,67.58435821533203
2019-09-24,67.32914733886719
2019-09-25,67.32914733886719
2019-09-26,67.0829849243164
2019-09-27,66.87335205078125
2019-09-30,66.2899398803711
2019-10-01,67.06478881835938
2019-10-02,66.8642349243164
2019-10-03,70.99368286132812
2019-10-04,70.89340209960938
2019-10-07,69.1978988647461
2019-10-08,69.79950714111328
2019-10-09,69.24345397949219
2019-10-10,69.65367889404297
2019-10-11,69.36194610595703
2019-10-14,69.1340560913086
2019-10-15,68.82414245605469
2019-10-16,69.48957824707031
2019-10-17,70.23706817626953
2019-10-18,70.16413116455078
2019-10-21,70.02742004394531
2019-10-22,68.66915893554688
2019-10-23,68.19514465332031
2019-10-24,68.00369262695312
2019-10-25,68.36832427978516
2019-10-28,69.30724334716797
2019-10-29,70.20972442626953
2019-10-30,70.87517547607422
2019-10-31,71.322998046875
2019-11-01,70.89344787597656
2019-11-04,70.56444549560547
2019-11-05,70.24456024169922
2019-11-06,72.26435089111328
2019-11-07,72.20038604736328
2019-11-08,72.15467071533203
2019-11-11,73.56211853027344
2019-11-12,73.22396850585938
2019-11-13,74.02820587158203
2019-11-14,74.06478118896484
2019-11-15,75.80126190185547
2019-11-18,76.18510437011719
2019-11-19,76.54154968261719
2019-11-20,76.30390930175781
2019-11-21,75.70984649658203
2019-11-22,75.77384185791016
2019-11-25,76.24907684326172
2019-11-26,76.63294219970703
2019-11-27,76.78829956054688
2019-11-29,76.75172424316406
2019-12-02,76.79741668701172
2019-12-03,77.14472198486328
2019-12-04,76.8888168334961
2019-12-05,77.14472198486328
2019-12-06,76.97107696533203
2019-12-09,76.91625213623047
2019-12-10,76.78829956054688
2019-12-11,77.1173095703125
2019-12-12,76.87054443359375
2019-12-13,76.86141204833984
2019-12-16,76.74260711669922
2019-12-17,76.85226440429688
2019-12-18,76.92537689208984
2019-12-19,76.95278930664062
2019-12-20,78.4425048828125
2019-12-23,78.14090728759766
2019-12-24,77.81190490722656
2019-12-26,78.7349624633789
2019-12-27,78.66184997558594
2019-12-30,78.09521484375
2019-12-31,78.62528228759766
2020-01-02,76.85226440429688
2020-01-03,85.50717163085938
2020-01-06,82.8933334350586
2020-01-07,83.35943603515625
2020-01-08,83.4051513671875
2020-01-09,82.97557830810547
2020-01-10,82.6922836303711
2020-01-13,83.37773895263672
2020-01-14,82.86591339111328
2020-01-15,83.05785369873047
2020-01-16,83.16752624511719
2020-01-17,82.71055603027344
2020-01-21,83.35030364990234
2020-01-22,83.34117126464844
2020-01-23,83.06697845458984
2020-01-24,82.88420867919922
2020-01-27,82.64657592773438
2020-01-28,83.77071380615234
2020-01-29,84.12715911865234
2020-01-30,84.40200805664062
2020-01-31,83.65985870361328
2020-02-03,84.0630111694336
2020-02-04,84.5486068725586
2020-02-05,84.82347106933594
2020-02-06,85.3640365600586
2020-02-07,86.53678131103516
2020-02-10,86.65591430664062
2020-02-11,87.15980529785156
2020-02-12,86.5917739868164
2020-02-13,87.12316131591797
2020-02-14,87.19647216796875
2020-02-18,87.83779907226562
2020-02-19,86.4451904296875
2020-02-20,86.96741485595703
2020-02-21,86.89411926269531
2020-02-24,87.33389282226562
2020-02-25,85.91375732421875
2020-02-26,84.7868423461914
2020-02-27,81.95569610595703
2020-02-28,79.61017608642578
2020-03-02,79.39030456542969
2020-03-03,78.3366470336914
2020-03-04,80.70964050292969
2020-03-05,79.12459564208984
2020-03-06,76.3851089477539
2020-03-09,67.23207092285156
2020-03-10,66.63654327392578
2020-03-11,65.44546508789062
2020-03-12,58.051578521728516
2020-03-13,58.500526428222656
2020-03-16,48.046470642089844
2020-03-17,48.67866897583008
2020-03-18,41.238975524902344
2020-03-19,44.72059631347656
2020-03-20,43.63947677612305
2020-03-23,43.712772369384766
2020-03-24,50.42864227294922
2020-03-25,51.61056137084961
2020-03-26,53.910274505615234
2020-03-27,52.4534797668457
2020-03-30,52.81080627441406
2020-03-31,52.3160400390625
2020-04-01,46.72712326049805
2020-04-02,45.70094680786133
2020-04-03,45.99414825439453
2020-04-06,47.478416442871094
2020-04-07,50.483619689941406
2020-04-08,52.911590576171875
2020-04-09,53.507137298583984
2020-04-13,53.37886428833008
2020-04-14,55.614437103271484
2020-04-15,51.225746154785156
2020-04-16,52.72834014892578
2020-04-17,54.89978790283203
2020-04-20,52.69169998168945
2020-04-21,51.04249572753906
2020-04-22,51.61056137084961
2020-04-23,51.940406799316406
2020-04-24,52.9390754699707
2020-04-27,53.64457321166992
2020-04-28,55.11968231201172
2020-04-29,59.45338821411133
2020-04-30,56.219146728515625
2020-05-01,53.46132278442383
2020-05-04,52.865787506103516
2020-05-05,54.029380798339844
2020-05-06,54.05686569213867
2020-05-07,50.97552490234375
2020-05-08,56.60472869873047
2020-05-11,54.87549591064453
2020-05-12,53.56017303466797
2020-05-13,50.38684844970703
2020-05-14,50.13850021362305
2020-05-15,47.91257858276367
2020-05-18,51.849327087402344
2020-05-19,51.38023376464844
2020-05-20,51.757354736328125
2020-05-21,51.35264205932617
2020-05-22,52.63117599487305
2020-05-26,55.83208084106445
2020-05-27,56.981834411621094
2020-05-28,54.83869934082031
2020-05-29,55.243412017822266
2020-06-01,56.65071105957031
2020-06-02,56.816280364990234
2020-06-03,59.58488464355469
2020-06-04,60.53227233886719
2020-06-05,65.53600311279297
2020-06-08,68.59896087646484
2020-06-09,66.13390350341797
2020-06-10,64.86455535888672
2020-06-11,58.18678283691406
2020-06-12,59.75965118408203
2020-06-15,60.265533447265625
2020-06-16,62.509864807128906
2020-06-17,62.39029312133789
2020-06-18,62.353477478027344
2020-06-19,60.8910026550293
2020-06-22,60.569061279296875
2020-06-23,61.20375061035156
2020-06-24,57.99362564086914
2020-06-25,58.73866271972656
2020-06-26,57.515323638916016
2020-06-29,58.18678283691406
2020-06-30,58.80305480957031
2020-07-01,58.333946228027344
2020-07-02,58.37074661254883
2020-07-06,58.91343688964844
2020-07-07,57.99362564086914
2020-07-08,56.88985824584961
2020-07-09,55.151424407958984
2020-07-10,57.95683670043945
2020-07-13,58.6834716796875
2020-07-14,60.84502410888672
2020-07-15,62.78580856323242
2020-07-16,61.55326461791992
2020-07-17,61.07496643066406
2020-07-20,59.78724670410156
2020-07-21,60.6518669128418
2020-07-22,62.69384002685547
2020-07-23,63.208927154541016
2020-07-24,62.353477478027344
2020-07-27,64.84617614746094
2020-07-28,57.41415023803711
2020-07-29,55.013458251953125
2020-07-30,54.56275939941406
2020-07-31,55.261810302734375
2020-08-03,55.30780029296875
2020-08-04,56.7886848449707
2020-08-05,57.763671875
2020-08-06,58.622230529785156
2020-08-07,57.92985153198242
2020-08-10,59.61003494262695
2020-08-11,59.2776985168457
2020-08-12,59.43463897705078
2020-08-13,59.720829010009766
2020-08-14,59.683902740478516
2020-08-17,58.57608413696289
2020-08-18,58.41913986206055
2020-08-19,59.139217376708984
2020-08-20,57.55133819580078
2020-08-21,56.757408142089844
2020-08-24,58.76993942260742
2020-08-25,58.09601974487305
2020-08-26,56.729698181152344
2020-08-27,57.65289306640625
2020-08-28,59.25922775268555
2020-08-31,58.022159576416016
2020-09-01,56.61893081665039
2020-09-02,57.94831085205078
2020-09-03,58.41913986206055
2020-09-04,57.64366149902344
2020-09-08,56.40658950805664
2020-09-09,56.68354797363281
2020-09-10,57.23746109008789
2020-09-11,58.465293884277344
2020-09-14,60.570159912109375
2020-09-15,62.08417892456055
2020-09-16,62.95197677612305
2020-09-17,64.71527099609375
2020-09-18,63.090450286865234
2020-09-21,60.0162467956543
2020-09-22,58.68685531616211
2020-09-23,58.649932861328125
2020-09-24,57.85599136352539
2020-09-25,59.90547180175781
2020-09-28,61.64103698730469
2020-09-29,60.27473449707031
2020-09-30,61.1794548034668
2020-10-01,61.548728942871094
2020-10-02,62.71193313598633
2020-10-05,64.20751953125
2020-10-06,64.77064514160156
2020-10-07,66.66316223144531
2020-10-08,68.62032318115234
2020-10-09,67.58635711669922
2020-10-12,67.04167938232422
2020-10-13,66.432373046875
2020-10-14,66.58931732177734
2020-10-15,67.61405181884766
2020-10-16,67.11553192138672
2020-10-19,66.15542602539062
2020-10-20,66.36775970458984
2020-10-21,65.86003112792969
2020-10-22,67.28169250488281
2020-10-23,66.57086181640625
2020-10-26,62.582698822021484
2020-10-27,61.14253616333008
2020-10-28,58.446834564208984
2020-10-29,59.16691207885742
2020-10-30,58.57608413696289
2020-11-02,60.625545501708984
2020-11-03,62.065731048583984
2020-11-04,62.04725646972656
2020-11-05,62.769813537597656
2020-11-06,61.50069046020508
2020-11-09,70.28255462646484
2020-11-10,70.82908630371094
2020-11-11,68.34646606445312
2020-11-12,66.15100860595703
2020-11-13,66.63270568847656
2020-11-16,68.76332092285156
2020-11-17,69.01343536376953
2020-11-18,67.84622955322266
2020-11-19,66.3270263671875
2020-11-20,64.49282836914062
2020-11-23,64.90968322753906
2020-11-24,66.67900848388672
2020-11-25,67.86476135253906
2020-11-27,67.7999038696289
2020-11-30,67.0495834350586
2020-12-01,67.39231872558594
2020-12-02,67.28116607666016
2020-12-03,70.08800506591797
2020-12-04,70.7549819946289
2020-12-07,70.95880126953125
2020-12-08,71.79251098632812
2020-12-09,71.69986724853516
2020-12-10,70.76426696777344
2020-12-11,71.58870697021484
2020-12-14,70.90321350097656
2020-12-15,71.20890045166016
2020-12-16,70.48634338378906
2020-12-17,72.84854888916016
2020-12-18,72.86707305908203
2020-12-21,71.76470184326172
2020-12-22,71.644287109375
2020-12-23,72.81149291992188
2020-12-24,71.93145751953125
2020-12-28,71.73693084716797
2020-12-29,71.18109893798828
2020-12-30,71.6628189086914
2020-12-31,72.94117736816406
2021-01-04,70.09727478027344
2021-01-05,69.83789825439453
2021-01-06,70.98656463623047
2021-01-07,70.12505340576172
2021-01-08,71.17185974121094
2021-01-11,70.4122314453125
2021-01-12,69.55072021484375
2021-01-13,71.04216003417969
2021-01-14,72.38536071777344
2021-01-15,72.71886444091797
2021-01-19,71.4126968383789
2021-01-20,71.67208099365234
2021-01-21,71.3941650390625
2021-01-22,72.39464569091797
2021-01-25,72.2834701538086
2021-01-26,71.26447296142578
2021-01-27,67.97592163085938
2021-01-28,71.24596405029297
2021-01-29,69.19871520996094
2021-02-01,70.03240966796875
2021-02-02,72.10747528076172
2021-02-03,72.75591278076172
2021-02-04,73.6060562133789
2021-02-05,73.86624145507812
2021-02-08,74.06135559082031
2021-02-09,73.1879653930664
2021-02-10,71.61772155761719
2021-02-11,71.78496551513672
2021-02-12,71.69206237792969
2021-02-16,71.2832260131836
2021-02-17,71.62699890136719
2021-02-18,72.09158325195312
2021-02-19,72.5561294555664
2021-02-22,75.02764892578125
2021-02-23,77.18323516845703
2021-02-24,77.66638946533203
2021-02-25,74.65599822998047
2021-02-26,74.11708068847656
2021-03-01,75.51080322265625
2021-03-02,75.57583618164062
2021-03-03,77.23898315429688
2021-03-04,76.89521026611328
2021-03-05,79.71979522705078
2021-03-08,78.32608795166016
2021-03-09,75.81741333007812
2021-03-10,74.9719009399414
2021-03-11,74.83252716064453
2021-03-12,74.9997787475586
2021-03-15,76.88591003417969
2021-03-16,74.60953521728516
2021-03-17,75.03694915771484
2021-03-18,74.25645446777344
2021-03-19,74.55379486083984
2021-03-22,73.63394927978516
2021-03-23,72.47254180908203
2021-03-24,72.4632339477539
2021-03-25,74.14497375488281
2021-03-26,74.92544555664062
2021-03-29,73.57820892333984
2021-03-30,73.32732391357422
2021-03-31,71.98937225341797
2021-04-01,72.5468521118164
2021-04-05,74.88827514648438
2021-04-06,75.18559265136719
2021-04-07,72.4632339477539
2021-04-08,72.11945343017578
2021-04-09,71.92433166503906
2021-04-12,73.11363983154297
2021-04-13,72.19377136230469
2021-04-14,72.02654266357422
2021-04-15,73.15081787109375
2021-04-16,74.8975601196289
2021-04-19,74.07992553710938
2021-04-20,73.55032348632812
2021-04-21,75.13914489746094
2021-04-22,74.44230651855469
2021-04-23,75.57583618164062
2021-04-26,75.82671356201172
2021-04-27,74.75819396972656
2021-04-28,74.03346252441406
2021-04-29,74.87896728515625
2021-04-30,74.79535675048828
2021-05-03,75.52936553955078
2021-05-04,73.27157592773438
2021-05-05,73.06717681884766
2021-05-06,72.73633575439453
2021-05-07,73.59369659423828
2021-05-10,73.52845764160156
2021-05-11,72.82018280029297
2021-05-12,71.52483367919922
2021-05-13,73.06251525878906
2021-05-14,73.42594909667969
2021-05-17,72.39153289794922
2021-05-18,72.20515441894531
2021-05-19,71.88829040527344
2021-05-20,72.27969360351562
2021-05-21,74.77723693847656
2021-05-24,74.95430755615234
2021-05-25,74.78656005859375
2021-05-26,75.18728637695312
2021-05-27,74.78656005859375
2021-05-28,76.87406158447266
2021-06-01,78.24398803710938
2021-06-02,78.41171264648438
2021-06-03,77.90850067138672
2021-06-04,78.28125
2021-06-07,78.0948715209961
2021-06-08,77.90850067138672
2021-06-09,76.88336944580078
2021-06-10,76.48265075683594
2021-06-11,78.01099395751953
2021-06-14,77.75006866455078
2021-06-15,76.97657775878906
2021-06-16,75.83963775634766
2021-06-17,74.11558532714844
2021-06-18,72.64313507080078
2021-06-21,74.23673248291016
2021-06-22,74.37651062011719
2021-06-23,73.56575012207031
2021-06-24,74.58154296875
2021-06-25,75.18728637695312
2021-06-28,74.44174194335938
2021-06-29,73.88261413574219
2021-06-30,75.16864013671875
2021-07-01,75.28047943115234
2021-07-02,74.80519104003906
2021-07-06,74.35787200927734
2021-07-07,74.48834991455078
2021-07-08,74.1808090209961
2021-07-09,75.3177490234375
2021-07-12,74.27401733398438
2021-07-13,72.6524658203125
2021-07-14,72.68975067138672
2021-07-15,73.29547119140625
2021-07-16,72.36358642578125
2021-07-19,69.05525970458984
2021-07-20,70.80726623535156
2021-07-21,70.54631805419922
2021-07-22,69.50257110595703
2021-07-23,70.35994720458984
2021-07-26,70.90045166015625
2021-07-27,61.31100845336914
2021-07-28,62.270877838134766
2021-07-29,62.671600341796875
2021-07-30,62.22427749633789
2021-08-02,62.764793395996094
2021-08-03,62.12177658081055
2021-08-04,60.93822479248047
2021-08-05,60.026329040527344
2021-08-06,60.86809158325195
2021-08-09,60.232086181640625
2021-08-10,61.260902404785156
2021-08-11,61.82207107543945
2021-08-12,61.36378860473633
2021-08-13,62.186832427978516
2021-08-16,62.149410247802734
2021-08-17,61.765960693359375
2021-08-18,61.86882781982422
2021-08-19,61.47602462768555
2021-08-20,60.86809158325195
2021-08-23,61.85013961791992
2021-08-24,62.3177604675293
2021-08-25,61.812713623046875
2021-08-26,60.334991455078125
2021-08-27,61.317020416259766
2021-08-30,60.185333251953125
2021-08-31,60.93355941772461
2021-09-01,61.335723876953125
2021-09-02,60.325626373291016
2021-09-03,59.46516799926758
2021-09-07,58.13706970214844
2021-09-08,57.95936584472656
2021-09-09,57.28596496582031
2021-09-10,56.575157165527344
2021-09-13,57.48236846923828
2021-09-14,56.93989944458008
2021-09-15,57.0802001953125
2021-09-16,57.8658332824707
2021-09-17,57.58525085449219
2021-09-20,57.538482666015625
2021-09-21,57.29531478881836
2021-09-22,57.07085037231445
2021-09-23,56.462913513183594
2021-09-24,56.85573959350586
2021-09-27,57.5478401184082
2021-09-28,57.323368072509766
2021-09-29,57.62266159057617
2021-09-30,57.398193359375
2021-10-01,58.73564147949219
2021-10-04,58.85722732543945
2021-10-05,58.408302307128906
2021-10-06,58.30541229248047
2021-10-07,54.433349609375
2021-10-08,52.7404899597168
2021-10-11,51.62751388549805
2021-10-12,51.524627685546875
2021-10-13,52.357025146484375
2021-10-14,54.20888137817383
2021-10-15,52.60021209716797
2021-10-18,51.9080924987793
2021-10-19,52.32897186279297
2021-10-20,53.75995635986328
2021-10-21,53.53549575805664
2021-10-22,55.265750885009766
2021-10-25,54.620418548583984
2021-10-26,54.564292907714844
2021-10-27,53.73189163208008
2021-10-28,53.76930618286133
2021-10-29,52.79661560058594
2021-11-01,53.834774017333984
2021-11-02,53.04914093017578
2021-11-03,54.059234619140625
2021-11-04,52.73041915893555
2021-11-05,54.148460388183594
2021-11-08,54.589839935302734
2021-11-09,55.20024490356445
2021-11-10,55.01242446899414
2021-11-11,54.308109283447266
2021-11-12,53.0684928894043
2021-11-15,54.64617919921875
2021-11-16,54.20479965209961
2021-11-17,55.125125885009766
2021-11-18,53.43473815917969
2021-11-19,52.937015533447266
2021-11-22,53.85733413696289
2021-11-23,53.6319465637207
2021-11-24,52.56138229370117
2021-11-26,49.5374755859375
2021-11-29,50.04459762573242
2021-11-30,48.758026123046875
2021-12-01,47.18034362792969
2021-12-02,49.8286018371582
2021-12-03,50.69257354736328
2021-12-06,51.50019836425781
2021-12-07,52.983978271484375
2021-12-08,53.575599670410156
2021-12-09,53.25631332397461
2021-12-10,53.575599670410156
2021-12-13,53.31265640258789
2021-12-14,53.425357818603516
2021-12-15,53.70707702636719
2021-12-16,53.735252380371094
2021-12-17,54.505306243896484
2021-12-20,55.45380401611328
2021-12-21,57.454078674316406
2021-12-22,57.238094329833984
2021-12-23,57.98937225341797
2021-12-27,57.98937225341797
2021-12-28,58.43074417114258
2021-12-29,58.84395980834961
2021-12-30,59.18202209472656
2021-12-31,59.52009963989258
2022-01-03,60.02721405029297
2022-01-04,59.44497299194336
2022-01-05,59.275936126708984
2022-01-06,63.68968963623047
2022-01-07,65.96231842041016
2022-01-10,64.3658676147461
2022-01-11,65.10773468017578
2022-01-12,64.63819885253906
2022-01-13,64.83540344238281
2022-01-14,64.73210144042969
2022-01-18,63.59579849243164
2022-01-19,62.94780349731445
2022-01-20,61.35134506225586
2022-01-21,60.863014221191406
2022-01-24,60.90997314453125
2022-01-25,60.10234069824219
2022-01-26,59.83939743041992
2022-01-27,59.717315673828125
2022-01-28,60.13991928100586
2022-01-31,60.299560546875
2022-02-01,60.65641403198242
2022-02-02,60.37468338012695
2022-02-03,60.303977966308594
2022-02-04,59.153892517089844
2022-02-07,60.58678436279297
2022-02-08,61.0015754699707
2022-02-09,62.7644157409668
2022-02-10,62.4250373840332
2022-02-11,62.45331954956055
2022-02-14,61.633174896240234
2022-02-15,62.96236801147461
2022-02-16,63.28288650512695
2022-02-17,62.34019088745117
2022-02-18,62.688995361328125
2022-02-22,62.85867691040039
2022-02-23,62.359039306640625
2022-02-24,60.879032135009766
2022-02-25,63.95218276977539
2022-02-28,62.62300109863281
2022-03-01,60.09659194946289
2022-03-02,59.86090850830078
2022-03-03,57.58903884887695
2022-03-04,54.69496536254883
2022-03-07,49.63270950317383
2022-03-08,48.79370880126953
2022-03-09,50.26431655883789
2022-03-10,48.388362884521484
2022-03-11,47.23828125
2022-03-14,47.09688186645508
2022-03-15,47.67191696166992
2022-03-16,50.0380744934082
2022-03-17,50.4245719909668
2022-03-18,51.452110290527344
2022-03-21,51.36726379394531
2022-03-22,52.52677917480469
2022-03-23,51.65950012207031
2022-03-24,52.564483642578125
2022-03-25,53.94082260131836
2022-03-28,54.6855354309082
2022-03-29,56.21269989013672
2022-03-30,56.29753875732422
2022-03-31,56.476654052734375
2022-04-01,57.692718505859375
2022-04-04,57.21195983886719
2022-04-05,56.83487319946289
2022-04-06,56.976280212402344
2022-04-07,61.52006149291992
2022-04-08,62.52873611450195
2022-04-11,62.179931640625
2022-04-12,62.46274948120117
2022-04-13,63.461997985839844
2022-04-14,64.77235412597656
2022-04-18,63.311180114746094
2022-04-19,64.16900634765625
2022-04-20,65.18711853027344
2022-04-21,64.72521209716797
2022-04-22,64.29157257080078
2022-04-25,65.17770385742188
2022-04-26,62.575862884521484
2022-04-27,63.00949478149414
2022-04-28,63.87678527832031
2022-04-29,62.31190872192383
2022-05-02,62.0950927734375
2022-05-03,62.26478958129883
2022-05-04,62.113948822021484
2022-05-05,60.018096923828125
2022-05-06,59.75315475463867
2022-05-09,59.346282958984375
2022-05-10,59.06242370605469
2022-05-11,58.0405158996582
2022-05-12,58.135135650634766
2022-05-13,60.11271667480469
2022-05-16,60.1032600402832
2022-05-17,60.983238220214844
2022-05-18,59.04349899291992
2022-05-19,59.06242370605469
2022-05-20,59.77207946777344
2022-05-23,60.538509368896484
2022-05-24,60.30195999145508
2022-05-25,60.207340240478516
2022-05-26,62.241695404052734
2022-05-27,64.33280944824219
2022-05-31,63.944862365722656
2022-06-01,62.98921203613281
2022-06-02,64.44635772705078
2022-06-03,64.50312805175781
2022-06-06,65.26956939697266
2022-06-07,65.33580017089844
2022-06-08,64.59774017333984
2022-06-09,63.793460845947266
2022-06-10,62.99866485595703
2022-06-13,61.64558410644531
2022-06-14,60.69937515258789
2022-06-15,61.6171875
2022-06-16,60.28303909301758
2022-06-17,61.93890380859375
2022-06-21,63.481231689453125
2022-06-22,64.55044555664062
2022-06-23,65.47771453857422
2022-06-24,68.04195404052734
2022-06-27,68.7610855102539
2022-06-28,67.85271453857422
2022-06-29,68.15550231933594
2022-06-30,67.61615753173828
2022-07-01,67.8053970336914
2022-07-05,69.45182037353516
2022-07-06,69.57481384277344
2022-07-07,70.757568359375
2022-07-08,70.9089584350586
2022-07-11,70.61563873291016
2022-07-12,70.18037414550781
2022-07-13,69.24363708496094
2022-07-14,69.97222137451172
2022-07-15,69.64104461669922
2022-07-18,69.21526336669922
2022-07-19,70.65349578857422
2022-07-20,70.59671020507812
2022-07-21,71.12659454345703
2022-07-22,70.9184341430664
2022-07-25,70.8332748413086
2022-07-26,71.107666015625
2022-07-27,72.9906234741211
2022-07-28,75.83872985839844
2022-07-29,75.37509155273438
2022-08-01,76.26451110839844
2022-08-02,76.98362731933594
2022-08-03,77.35266876220703
2022-08-04,76.52223205566406
2022-08-05,77.1201400756836
2022-08-08,75.9243392944336
2022-08-09,75.35489654541016
2022-08-10,76.54121398925781
2022-08-11,76.21855163574219
2022-08-12,77.50926208496094
2022-08-15,79.00874328613281
2022-08-16,78.43932342529297
2022-08-17,78.01224517822266
2022-08-18,77.88886260986328
2022-08-19,77.7655029296875
2022-08-22,77.1201400756836
2022-08-23,77.43331909179688
2022-08-24,78.20206451416016
2022-08-25,78.37288665771484
2022-08-26,76.6076431274414
2022-08-29,76.32293701171875
2022-08-30,75.7155532836914
2022-08-31,75.47827911376953
2022-09-01,75.46878051757812
2022-09-02,74.2445068359375
2022-09-06,74.01673126220703
2022-09-07,76.02872467041016
2022-09-08,75.40235137939453
2022-09-09,75.4498062133789
2022-09-12,75.98127746582031
2022-09-13,73.21952056884766
2022-09-14,71.8908462524414
2022-09-15,73.66559600830078
2022-09-16,72.65959167480469
2022-09-19,74.05470275878906
2022-09-20,73.60863494873047
2022-09-21,73.96927642822266
2022-09-22,73.86487579345703
2022-09-23,73.59915161132812
2022-09-26,73.71302795410156
2022-09-27,73.23851013183594
2022-09-28,74.97526550292969
2022-09-29,74.1021499633789
2022-09-30,73.43780517578125
2022-10-03,72.72601318359375
2022-10-04,74.83292388916016
2022-10-05,77.96479034423828
2022-10-06,78.51525115966797
2022-10-07,78.57219696044922
2022-10-10,78.70506286621094
2022-10-11,77.20555877685547
2022-10-12,78.65760040283203
2022-10-13,80.5272445678711
2022-10-14,79.71106719970703
2022-10-17,80.2425308227539
2022-10-18,80.93533325195312
2022-10-19,79.59716796875
2022-10-20,78.4677963256836
2022-10-21,77.55670928955078
2022-10-24,78.51525115966797
2022-10-25,80.31845092773438
2022-10-26,79.7395248413086
2022-10-27,80.5272445678711
2022-10-28,81.11565399169922
2022-10-31,81.82745361328125
2022-11-01,81.78948211669922
2022-11-02,81.77999877929688
2022-11-03,80.7663803100586
2022-11-04,81.33741760253906
2022-11-07,80.96624755859375
2022-11-08,81.0709457397461
2022-11-09,79.23404693603516
2022-11-10,80.54747772216797
2022-11-11,77.89203643798828
2022-11-14,76.2455062866211
2022-11-15,77.36859130859375
2022-11-16,78.72006225585938
2022-11-17,78.82476806640625
2022-11-18,79.9668960571289
2022-11-21,82.0131607055664
2022-11-22,82.02268981933594
2022-11-23,82.23209381103516
2022-11-25,81.994140625
2022-11-28,81.3469467163086
2022-11-29,80.94721984863281
2022-11-30,82.70796203613281
2022-12-01,82.33677673339844
2022-12-02,83.49793243408203
2022-12-05,83.45033264160156
2022-12-06,82.12738037109375
2022-12-07,82.86975860595703
2022-12-08,82.32726287841797
2022-12-09,81.45164489746094
2022-12-12,81.86089324951172
2022-12-13,81.98462677001953
2022-12-14,82.87928009033203
2022-12-15,81.994140625
2022-12-16,82.79359436035156
2022-12-19,82.9078369140625
2022-12-20,83.49793243408203
2022-12-21,84.37354278564453
2022-12-22,84.30692291259766
2022-12-23,85.30625915527344
2022-12-27,85.66793060302734
2022-12-28,84.64002990722656
2022-12-29,84.64955139160156
2022-12-30,85.04930114746094
2023-01-03,83.04106140136719
2023-01-04,83.260009765625
2023-01-05,91.39752960205078
2023-01-06,94.8048324584961
2023-01-09,93.9006576538086
2023-01-10,93.3200912475586
2023-01-11,92.5491714477539
2023-01-12,92.37785339355469
2023-01-13,93.4247817993164
2023-01-17,95.16650390625
2023-01-18,92.40640258789062
2023-01-19,91.02635955810547
2023-01-20,91.90196990966797
2023-01-23,91.49270629882812
2023-01-24,92.30170440673828
2023-01-25,93.04407501220703
2023-01-26,93.98634338378906
2023-01-27,93.56754302978516
2023-01-30,93.79596710205078
2023-01-31,95.07133483886719
2023-02-01,94.79531860351562
2023-02-02,92.65737915039062
2023-02-03,93.64999389648438
2023-02-06,94.62351989746094
2023-02-07,94.54714965820312
2023-02-08,94.48033905029297
2023-02-09,93.64999389648438
2023-02-10,94.74760437011719
2023-02-13,95.05303192138672
2023-02-14,94.74760437011719
2023-02-15,95.54932403564453
2023-02-16,95.45388793945312
2023-02-17,95.90247344970703
2023-02-21,95.75931549072266
2023-02-22,96.68511199951172
2023-02-23,95.75931549072266
2023-02-24,95.42525482177734
2023-02-27,96.42741394042969
2023-02-28,96.05517578125
2023-03-01,96.29379272460938
2023-03-02,97.63956451416016
2023-03-03,97.33413696289062
2023-03-06,97.34368133544922
2023-03-07,96.37014770507812
2023-03-08,95.37753295898438
2023-03-09,94.6807861328125
2023-03-10,93.18231201171875
2023-03-13,91.92244720458984
2023-03-14,94.12720489501953
2023-03-15,93.5259017944336
2023-03-16,93.81224060058594
2023-03-17,92.87687683105469
2023-03-20,94.5662612915039
2023-03-21,95.11028289794922
2023-03-22,95.16755676269531
2023-03-23,94.2799072265625
2023-03-24,95.62570190429688
2023-03-27,97.04779815673828
2023-03-28,97.04779815673828
2023-03-29,97.89726257324219
2023-03-30,98.17405700683594
2023-03-31,99.7584228515625
2023-04-03,99.47207641601562
2023-04-04,98.86125183105469
2023-04-05,99.42436218261719
2023-04-06,101.9918212890625
2023-04-10,102.40222930908203
2023-04-11,103.11807250976562
2023-04-12,103.24214172363281
2023-04-13,104.48291778564453
2023-04-14,103.75755310058594
2023-04-17,104.48291778564453
2023-04-18,104.65472412109375
2023-04-19,103.98661041259766
2023-04-20,105.16056823730469
2023-04-21,105.32282257080078
2023-04-24,104.82652282714844
2023-04-25,104.78833770751953
2023-04-26,105.2273941040039
2023-04-27,106.51587677001953
2023-04-28,106.71630859375
2023-05-01,107.07901000976562
2023-05-02,106.34407806396484
2023-05-03,106.47770690917969
2023-05-04,106.36288452148438
2023-05-05,107.25273895263672
2023-05-08,107.31973266601562
2023-05-09,107.33887481689453
2023-05-10,106.80302429199219
2023-05-11,108.18089294433594
2023-05-12,109.34823608398438
2023-05-15,108.97506713867188
2023-05-16,108.7358627319336
2023-05-17,108.71672821044922
2023-05-18,108.92720794677734
2023-05-19,109.53959655761719
2023-05-22,106.92742156982422
2023-05-23,105.12854766845703
2023-05-24,104.59271240234375
2023-05-25,104.23870086669922
2023-05-26,104.72666931152344
2023-05-30,104.56401824951172
2023-05-31,106.40115356445312
2023-06-01,107.23359680175781
2023-06-02,108.38182067871094
2023-06-05,109.53004455566406
2023-06-06,108.59232330322266
2023-06-07,106.98482513427734
2023-06-08,108.50621795654297
2023-06-09,108.71672821044922
2023-06-12,108.57319641113281
2023-06-13,110.08499908447266
2023-06-14,110.03716278076172
2023-06-15,109.78837585449219
2023-06-16,109.4056396484375
2023-06-20,108.4105224609375
2023-06-21,108.46793365478516
2023-06-22,110.03716278076172
2023-06-23,109.74055480957031
2023-06-26,109.71185302734375
2023-06-27,109.36738586425781
2023-06-28,108.22872924804688
2023-06-29,108.97506713867188
2023-06-30,109.98931121826172
2023-07-03,110.1519775390625
2023-07-05,109.36738586425781
2023-07-06,109.47262573242188
2023-07-07,107.75988006591797
2023-07-10,107.3962631225586
2023-07-11,105.74093627929688
2023-07-12,107.53981018066406
2023-07-13,107.19532775878906
2023-07-14,107.84599304199219
2023-07-17,108.12347412109375
2023-07-18,107.20490264892578
2023-07-19,107.52066802978516
2023-07-20,108.39140319824219
2023-07-21,108.085205078125
2023-07-24,107.82685089111328
2023-07-25,100.46871185302734
2023-07-26,97.3685302734375
2023-07-27,97.78955841064453
2023-07-28,97.67473602294922
2023-07-31,99.1578369140625
2023-08-01,98.71768188476562
2023-08-02,97.99049377441406
2023-08-03,98.06724548339844
2023-08-04,97.80819702148438
2023-08-07,98.92118072509766
2023-08-08,96.34980010986328
2023-08-09,95.3039779663086
2023-08-10,94.01829528808594
2023-08-11,92.8573226928711
2023-08-14,93.26029968261719
2023-08-15,92.09935760498047
2023-08-16,90.8040771484375
2023-08-17,89.50878143310547
2023-08-18,90.90961456298828
2023-08-21,90.66014862060547
2023-08-22,92.36801147460938
2023-08-23,92.73259735107422
2023-08-24,91.83070373535156
2023-08-25,92.44476318359375
2023-08-28,92.50233459472656
2023-08-29,92.78057098388672
2023-08-30,93.64409637451172
2023-08-31,93.46179962158203
2023-09-01,93.33706665039062
2023-09-05,92.93409729003906
2023-09-06,92.80936431884766
2023-09-07,94.39248657226562
2023-09-08,94.41166687011719
2023-09-11,94.91059112548828
2023-09-12,93.66328430175781
2023-09-13,95.07369232177734
2023-09-14,95.76451873779297
2023-09-15,95.5534439086914
2023-09-18,95.08329772949219
2023-09-19,93.29869079589844
2023-09-20,94.15261840820312
2023-09-21,91.84990692138672
2023-09-22,90.23798370361328
2023-09-25,90.29556274414062
2023-09-26,88.60689544677734
2023-09-27,87.67620086669922
2023-09-28,88.45337677001953
2023-09-29,88.7124252319336
2023-10-02,88.49174499511719
2023-10-03,85.97794342041016
2023-10-04,86.82228088378906
2023-10-05,93.78802490234375
2023-10-06,89.6814956665039
2023-10-09,88.94270324707031
2023-10-10,92.46395874023438
2023-10-11,88.11754608154297
2023-10-12,80.69127655029297
2023-10-13,79.80856323242188
2023-10-16,81.20940399169922
2023-10-17,83.38738250732422
2023-10-18,83.02278900146484
2023-10-19,83.94387817382812
2023-10-20,83.9534683227539
2023-10-23,83.63684844970703
2023-10-24,85.19117736816406
2023-10-25,85.21037292480469
2023-10-26,85.18158721923828
2023-10-27,85.27753448486328
2023-10-30,85.8916015625
2023-10-31,86.16024017333984
2023-11-01,87.27323150634766
2023-11-02,90.18939971923828
2023-11-03,90.55512237548828
2023-11-06,90.64173889160156
2023-11-07,89.91029357910156
2023-11-08,90.82459259033203
2023-11-09,90.81497955322266
2023-11-10,90.5358657836914
2023-11-13,92.50885772705078
2023-11-14,92.27787017822266
2023-11-15,91.26731872558594
2023-11-16,92.1046371459961
2023-11-17,92.20088195800781
2023-11-20,93.67339324951172
2023-11-21,94.45296478271484
2023-11-22,95.17478942871094
2023-11-24,95.4827651977539
2023-11-27,95.93511199951172
2023-11-28,94.74169921875
2023-11-29,93.86587524414062
2023-11-30,96.27196502685547
2023-12-01,97.1285171508789
2023-12-04,98.61066436767578
2023-12-05,96.83979797363281
2023-12-06,97.20552062988281
2023-12-07,97.20552062988281
2023-12-08,97.1670150756836
2023-12-11,98.75502014160156
2023-12-12,99.65010070800781
2023-12-13,102.08504486083984
2023-12-14,100.44890594482422
2023-12-15,100.410400390625
2023-12-18,103.22071075439453
2023-12-19,101.94066619873047
2023-12-20,99.52497100830078
2023-12-21,100.05430603027344
2023-12-22,100.76651000976562
2023-12-26,102.50850677490234
2023-12-27,103.47093963623047
2023-12-28,104.06765747070312
2023-12-29,104.02914428710938
2024-01-02,102.55662536621094
2024-01-03,100.98787689208984
2024-01-04,101.30546569824219
2024-01-05,102.03691864013672
2024-01-08,103.3458251953125
2024-01-09,103.37470245361328
2024-01-10,103.15333557128906
2024-01-11,103.14372253417969
2024-01-12,103.12446594238281
2024-01-16,104.25050354003906
2024-01-17,105.85777282714844
2024-01-18,105.61715698242188
2024-01-19,105.13594818115234
2024-01-22,105.57865905761719
2024-01-23,105.44391632080078
2024-01-24,101.87329864501953
2024-01-25,101.09373474121094
2024-01-26,100.27568054199219
2024-01-29,100.98787689208984
2024-01-30,99.6212158203125
2024-01-31,98.5914306640625
2024-02-01,101.83657836914062
2024-02-02,102.4740219116211
2024-02-05,100.57135009765625
2024-02-06,97.60626983642578
2024-02-07,96.76600646972656
2024-02-08,97.43243408203125
2024-02-09,97.3841323852539
2024-02-12,97.68354034423828
2024-02-13,100.05946350097656
2024-02-14,99.33509826660156
2024-02-15,99.98220825195312
2024-02-16,97.77046203613281
2024-02-20,98.6686782836914
2024-02-21,98.35961151123047
2024-02-22,100.21400451660156
2024-02-23,99.16124725341797
2024-02-26,98.56244659423828
2024-02-27,97.37447357177734
2024-02-28,97.52900695800781
2024-02-29,98.71696472167969
2024-03-01,98.56244659423828
2024-03-04,98.7459487915039
2024-03-05,99.62484741210938
2024-03-06,98.93912506103516
2024-03-07,96.32173919677734
2024-03-08,97.7318344116211
2024-03-11,98.70731353759766
2024-03-12,99.57655334472656
2024-03-13,99.42202758789062
2024-03-14,97.86705017089844
2024-03-15,98.57209777832031
2024-03-18,99.34476470947266
2024-03-19,100.24298095703125
2024-03-20,99.65382385253906
2024-03-21,99.2288589477539
2024-03-22,99.6441650390625
2024-03-25,99.14193725585938
2024-03-26,101.99113464355469
2024-03-27,102.66719818115234
2024-03-28,102.88934326171875
2024-04-01,101.39230346679688
2024-04-02,100.26228332519531
2024-04-03,97.66423034667969
2024-04-04,78.74371337890625
2024-04-05,77.05352020263672
2024-04-08,75.14118194580078
2024-04-09,77.69096374511719
2024-04-10,77.13079071044922
2024-04-11,78.57952880859375
2024-04-12,77.04386138916016
2024-04-15,77.21769714355469
2024-04-16,79.2555923461914
2024-04-17,77.61370086669922
2024-04-18,77.54608154296875
2024-04-19,78.23182678222656
2024-04-22,79.31356048583984
2024-04-23,80.85887145996094
2024-04-24,81.63152313232422
2024-04-25,80.64639282226562
2024-04-26,80.98442840576172
2024-04-29,81.77639770507812
2024-04-30,80.49185180664062
2024-05-01,79.41011810302734
2024-05-02,81.95172882080078
2024-05-03,82.53376770019531
2024-05-06,81.88381958007812
2024-05-07,82.55315399169922
2024-05-08,80.67123413085938
2024-05-09,81.32117462158203
2024-05-10,82.61138153076172
2024-05-13,82.55315399169922
2024-05-14,83.018798828125
2024-05-15,83.49413299560547
2024-05-16,84.35749053955078
2024-05-17,84.17318725585938
2024-05-20,84.076171875
2024-05-21,84.61943054199219
2024-05-22,86.11332702636719
2024-05-23,85.1141586303711
2024-05-24,86.54016876220703
2024-05-28,85.75440979003906
2024-05-29,82.80538940429688
2024-05-30,83.06730651855469
2024-05-31,85.64769744873047
2024-06-03,84.73582458496094
2024-06-04,83.64935302734375
2024-06-05,82.75687408447266
2024-06-06,83.4747314453125
2024-06-07,83.27101135253906
2024-06-10,82.9314956665039
2024-06-11,84.31868743896484
2024-06-12,83.85306549072266
2024-06-13,83.59114837646484
2024-06-14,84.16348266601562
2024-06-17,84.50302124023438
2024-06-18,82.14573669433594
2024-06-20,80.02127838134766
2024-06-21,82.31065368652344
2024-06-24,82.40765380859375
2024-06-25,82.61138153076172
2024-06-26,81.55398559570312
2024-06-27,80.95254516601562
2024-06-28,81.5636978149414
2024-07-01,80.2637939453125
2024-07-02,80.2637939453125
2024-07-03,80.20559692382812
2024-07-05,79.93397521972656
2024-07-08,78.0714340209961
2024-07-09,74.55976867675781
2024-07-10,75.63655853271484
2024-07-11,76.56781768798828
2024-07-12,76.58721923828125
2024-07-15,74.59857940673828
2024-07-16,75.57835388183594
2024-07-17,76.63572692871094
2024-07-18,76.7036361694336
2024-07-19,75.16121673583984
2024-07-22,76.97525024414062
2024-07-23,76.26709747314453
2024-07-24,54.73148727416992
2024-07-25,51.42353820800781
2024-07-26,55.0128059387207
2024-07-29,54.54717254638672
2024-07-30,57.73871612548828
2024-07-31,58.223751068115234
2024-08-01,57.53499984741211
2024-08-02,55.5732421875
2024-08-05,55.02668762207031
2024-08-06,56.002681732177734
2024-08-07,56.70539474487305
2024-08-08,57.798519134521484
2024-08-09,58.69643020629883
2024-08-12,56.91035842895508
2024-08-13,57.71067428588867
2024-08-14,57.71067428588867
2024-08-15,59.62363052368164
2024-08-16,59.46746826171875
2024-08-19,61.419464111328125
2024-08-20,60.365386962890625
2024-08-21,60.70698547363281
2024-08-22,60.91194152832031
2024-08-23,61.18522262573242
2024-08-26,60.74602508544922
2024-08-27,60.74602508544922
2024-08-28,59.66267013549805
2024-08-29,59.82858657836914
2024-08-30,60.43370819091797
2024-09-03,60.23851013183594
2024-09-04,60.199466705322266
2024-09-05,60.59962844848633
2024-09-06,61.507301330566406
2024-09-09,61.6536979675293
2024-09-10,61.16569900512695
2024-09-11,61.0681037902832
2024-09-12,62.3369026184082
2024-09-13,62.629695892333984
2024-09-16,63.20553207397461
2024-09-17,64.11322021484375
2024-09-18,64.19129180908203
2024-09-19,64.0351333618164
2024-09-20,63.86921310424805
2024-09-23,63.3421745300293
2024-09-24,63.28361129760742
2024-09-25,63.37145233154297
2024-09-26,64.90376281738281
2024-09-27,65.19657135009766
2024-09-30,63.186012268066406
2024-10-01,63.351932525634766
2024-10-02,64.98184967041016
2024-10-03,66.65080261230469
2024-10-04,67.19735717773438
2024-10-07,67.56824493408203
2024-10-08,69.40311431884766
2024-10-09,69.24695587158203
2024-10-10,69.2664794921875
2024-10-11,69.6373519897461
2024-10-14,70.5645523071289
2024-10-15,69.59830474853516
2024-10-16,68.07575988769531
2024-10-17,69.29574584960938
2024-10-18,76.34245300292969
2024-10-21,75.45429229736328
2024-10-22,75.40550231933594
2024-10-23,75.29814147949219
2024-10-24,75.52261352539062
2024-10-25,75.07365417480469
2024-10-28,75.7861328125
2024-10-29,75.55189514160156
2024-10-30,75.39573669433594
2024-10-31,75.8251724243164
2024-11-01,75.58983612060547
2024-11-04,75.95264434814453
2024-11-05,77.62935638427734
2024-11-06,78.43340301513672
2024-11-07,78.73738098144531
2024-11-08,79.61985778808594
2024-11-11,79.4139404296875
2024-11-12,78.8354263305664
2024-11-13,78.51184844970703
2024-11-14,78.84523010253906
2024-11-15,74.00137329101562
2024-11-18,75.32508850097656
2024-11-19,73.60914611816406
2024-11-20,74.62890625
2024-11-21,75.25645446777344
2024-11-22,75.42314910888672
2024-11-25,75.28587341308594
2024-11-26,75.33490753173828
2024-11-27,75.21723175048828
2024-11-29,75.73692321777344
2024-12-02,76.81550598144531
2024-12-03,77.86470031738281
2024-12-04,76.43309783935547
2024-12-05,76.17816162109375
2024-12-06,76.02127838134766
2024-12-09,76.49193572998047
2024-12-10,74.32494354248047
2024-12-11,73.50128173828125
2024-12-12,72.7854995727539
2024-12-13,77.7274169921875
2024-12-16,80.6102066040039
2024-12-17,80.71807098388672
2024-12-18,76.6978530883789
2024-12-19,61.28376007080078
2024-12-20,60.88174057006836
2024-12-23,62.656517028808594
2024-12-24,62.45060348510742
2024-12-26,64.00965881347656
2024-12-27,65.6961898803711
2024-12-30,63.70569610595703
2024-12-31,65.52950286865234
