Date,NWS
2010-01-04,
2010-01-05,
2010-01-06,
2010-01-07,
2010-01-08,
2010-01-11,
2010-01-12,
2010-01-13,
2010-01-14,
2010-01-15,
2010-01-19,
2010-01-20,
2010-01-21,
2010-01-22,
2010-01-25,
2010-01-26,
2010-01-27,
2010-01-28,
2010-01-29,
2010-02-01,
2010-02-02,
2010-02-03,
2010-02-04,
2010-02-05,
2010-02-08,
2010-02-09,
2010-02-10,
2010-02-11,
2010-02-12,
2010-02-16,
2010-02-17,
2010-02-18,
2010-02-19,
2010-02-22,
2010-02-23,
2010-02-24,
2010-02-25,
2010-02-26,
2010-03-01,
2010-03-02,
2010-03-03,
2010-03-04,
2010-03-05,
2010-03-08,
2010-03-09,
2010-03-10,
2010-03-11,
2010-03-12,
2010-03-15,
2010-03-16,
2010-03-17,
2010-03-18,
2010-03-19,
2010-03-22,
2010-03-23,
2010-03-24,
2010-03-25,
2010-03-26,
2010-03-29,
2010-03-30,
2010-03-31,
2010-04-01,
2010-04-05,
2010-04-06,
2010-04-07,
2010-04-08,
2010-04-09,
2010-04-12,
2010-04-13,
2010-04-14,
2010-04-15,
2010-04-16,
2010-04-19,
2010-04-20,
2010-04-21,
2010-04-22,
2010-04-23,
2010-04-26,
2010-04-27,
2010-04-28,
2010-04-29,
2010-04-30,
2010-05-03,
2010-05-04,
2010-05-05,
2010-05-06,
2010-05-07,
2010-05-10,
2010-05-11,
2010-05-12,
2010-05-13,
2010-05-14,
2010-05-17,
2010-05-18,
2010-05-19,
2010-05-20,
2010-05-21,
2010-05-24,
2010-05-25,
2010-05-26,
2010-05-27,
2010-05-28,
2010-06-01,
2010-06-02,
2010-06-03,
2010-06-04,
2010-06-07,
2010-06-08,
2010-06-09,
2010-06-10,
2010-06-11,
2010-06-14,
2010-06-15,
2010-06-16,
2010-06-17,
2010-06-18,
2010-06-21,
2010-06-22,
2010-06-23,
2010-06-24,
2010-06-25,
2010-06-28,
2010-06-29,
2010-06-30,
2010-07-01,
2010-07-02,
2010-07-06,
2010-07-07,
2010-07-08,
2010-07-09,
2010-07-12,
2010-07-13,
2010-07-14,
2010-07-15,
2010-07-16,
2010-07-19,
2010-07-20,
2010-07-21,
2010-07-22,
2010-07-23,
2010-07-26,
2010-07-27,
2010-07-28,
2010-07-29,
2010-07-30,
2010-08-02,
2010-08-03,
2010-08-04,
2010-08-05,
2010-08-06,
2010-08-09,
2010-08-10,
2010-08-11,
2010-08-12,
2010-08-13,
2010-08-16,
2010-08-17,
2010-08-18,
2010-08-19,
2010-08-20,
2010-08-23,
2010-08-24,
2010-08-25,
2010-08-26,
2010-08-27,
2010-08-30,
2010-08-31,
2010-09-01,
2010-09-02,
2010-09-03,
2010-09-07,
2010-09-08,
2010-09-09,
2010-09-10,
2010-09-13,
2010-09-14,
2010-09-15,
2010-09-16,
2010-09-17,
2010-09-20,
2010-09-21,
2010-09-22,
2010-09-23,
2010-09-24,
2010-09-27,
2010-09-28,
2010-09-29,
2010-09-30,
2010-10-01,
2010-10-04,
2010-10-05,
2010-10-06,
2010-10-07,
2010-10-08,
2010-10-11,
2010-10-12,
2010-10-13,
2010-10-14,
2010-10-15,
2010-10-18,
2010-10-19,
2010-10-20,
2010-10-21,
2010-10-22,
2010-10-25,
2010-10-26,
2010-10-27,
2010-10-28,
2010-10-29,
2010-11-01,
2010-11-02,
2010-11-03,
2010-11-04,
2010-11-05,
2010-11-08,
2010-11-09,
2010-11-10,
2010-11-11,
2010-11-12,
2010-11-15,
2010-11-16,
2010-11-17,
2010-11-18,
2010-11-19,
2010-11-22,
2010-11-23,
2010-11-24,
2010-11-26,
2010-11-29,
2010-11-30,
2010-12-01,
2010-12-02,
2010-12-03,
2010-12-06,
2010-12-07,
2010-12-08,
2010-12-09,
2010-12-10,
2010-12-13,
2010-12-14,
2010-12-15,
2010-12-16,
2010-12-17,
2010-12-20,
2010-12-21,
2010-12-22,
2010-12-23,
2010-12-27,
2010-12-28,
2010-12-29,
2010-12-30,
2010-12-31,
2011-01-03,
2011-01-04,
2011-01-05,
2011-01-06,
2011-01-07,
2011-01-10,
2011-01-11,
2011-01-12,
2011-01-13,
2011-01-14,
2011-01-18,
2011-01-19,
2011-01-20,
2011-01-21,
2011-01-24,
2011-01-25,
2011-01-26,
2011-01-27,
2011-01-28,
2011-01-31,
2011-02-01,
2011-02-02,
2011-02-03,
2011-02-04,
2011-02-07,
2011-02-08,
2011-02-09,
2011-02-10,
2011-02-11,
2011-02-14,
2011-02-15,
2011-02-16,
2011-02-17,
2011-02-18,
2011-02-22,
2011-02-23,
2011-02-24,
2011-02-25,
2011-02-28,
2011-03-01,
2011-03-02,
2011-03-03,
2011-03-04,
2011-03-07,
2011-03-08,
2011-03-09,
2011-03-10,
2011-03-11,
2011-03-14,
2011-03-15,
2011-03-16,
2011-03-17,
2011-03-18,
2011-03-21,
2011-03-22,
2011-03-23,
2011-03-24,
2011-03-25,
2011-03-28,
2011-03-29,
2011-03-30,
2011-03-31,
2011-04-01,
2011-04-04,
2011-04-05,
2011-04-06,
2011-04-07,
2011-04-08,
2011-04-11,
2011-04-12,
2011-04-13,
2011-04-14,
2011-04-15,
2011-04-18,
2011-04-19,
2011-04-20,
2011-04-21,
2011-04-25,
2011-04-26,
2011-04-27,
2011-04-28,
2011-04-29,
2011-05-02,
2011-05-03,
2011-05-04,
2011-05-05,
2011-05-06,
2011-05-09,
2011-05-10,
2011-05-11,
2011-05-12,
2011-05-13,
2011-05-16,
2011-05-17,
2011-05-18,
2011-05-19,
2011-05-20,
2011-05-23,
2011-05-24,
2011-05-25,
2011-05-26,
2011-05-27,
2011-05-31,
2011-06-01,
2011-06-02,
2011-06-03,
2011-06-06,
2011-06-07,
2011-06-08,
2011-06-09,
2011-06-10,
2011-06-13,
2011-06-14,
2011-06-15,
2011-06-16,
2011-06-17,
2011-06-20,
2011-06-21,
2011-06-22,
2011-06-23,
2011-06-24,
2011-06-27,
2011-06-28,
2011-06-29,
2011-06-30,
2011-07-01,
2011-07-05,
2011-07-06,
2011-07-07,
2011-07-08,
2011-07-11,
2011-07-12,
2011-07-13,
2011-07-14,
2011-07-15,
2011-07-18,
2011-07-19,
2011-07-20,
2011-07-21,
2011-07-22,
2011-07-25,
2011-07-26,
2011-07-27,
2011-07-28,
2011-07-29,
2011-08-01,
2011-08-02,
2011-08-03,
2011-08-04,
2011-08-05,
2011-08-08,
2011-08-09,
2011-08-10,
2011-08-11,
2011-08-12,
2011-08-15,
2011-08-16,
2011-08-17,
2011-08-18,
2011-08-19,
2011-08-22,
2011-08-23,
2011-08-24,
2011-08-25,
2011-08-26,
2011-08-29,
2011-08-30,
2011-08-31,
2011-09-01,
2011-09-02,
2011-09-06,
2011-09-07,
2011-09-08,
2011-09-09,
2011-09-12,
2011-09-13,
2011-09-14,
2011-09-15,
2011-09-16,
2011-09-19,
2011-09-20,
2011-09-21,
2011-09-22,
2011-09-23,
2011-09-26,
2011-09-27,
2011-09-28,
2011-09-29,
2011-09-30,
2011-10-03,
2011-10-04,
2011-10-05,
2011-10-06,
2011-10-07,
2011-10-10,
2011-10-11,
2011-10-12,
2011-10-13,
2011-10-14,
2011-10-17,
2011-10-18,
2011-10-19,
2011-10-20,
2011-10-21,
2011-10-24,
2011-10-25,
2011-10-26,
2011-10-27,
2011-10-28,
2011-10-31,
2011-11-01,
2011-11-02,
2011-11-03,
2011-11-04,
2011-11-07,
2011-11-08,
2011-11-09,
2011-11-10,
2011-11-11,
2011-11-14,
2011-11-15,
2011-11-16,
2011-11-17,
2011-11-18,
2011-11-21,
2011-11-22,
2011-11-23,
2011-11-25,
2011-11-28,
2011-11-29,
2011-11-30,
2011-12-01,
2011-12-02,
2011-12-05,
2011-12-06,
2011-12-07,
2011-12-08,
2011-12-09,
2011-12-12,
2011-12-13,
2011-12-14,
2011-12-15,
2011-12-16,
2011-12-19,
2011-12-20,
2011-12-21,
2011-12-22,
2011-12-23,
2011-12-27,
2011-12-28,
2011-12-29,
2011-12-30,
2012-01-03,
2012-01-04,
2012-01-05,
2012-01-06,
2012-01-09,
2012-01-10,
2012-01-11,
2012-01-12,
2012-01-13,
2012-01-17,
2012-01-18,
2012-01-19,
2012-01-20,
2012-01-23,
2012-01-24,
2012-01-25,
2012-01-26,
2012-01-27,
2012-01-30,
2012-01-31,
2012-02-01,
2012-02-02,
2012-02-03,
2012-02-06,
2012-02-07,
2012-02-08,
2012-02-09,
2012-02-10,
2012-02-13,
2012-02-14,
2012-02-15,
2012-02-16,
2012-02-17,
2012-02-21,
2012-02-22,
2012-02-23,
2012-02-24,
2012-02-27,
2012-02-28,
2012-02-29,
2012-03-01,
2012-03-02,
2012-03-05,
2012-03-06,
2012-03-07,
2012-03-08,
2012-03-09,
2012-03-12,
2012-03-13,
2012-03-14,
2012-03-15,
2012-03-16,
2012-03-19,
2012-03-20,
2012-03-21,
2012-03-22,
2012-03-23,
2012-03-26,
2012-03-27,
2012-03-28,
2012-03-29,
2012-03-30,
2012-04-02,
2012-04-03,
2012-04-04,
2012-04-05,
2012-04-09,
2012-04-10,
2012-04-11,
2012-04-12,
2012-04-13,
2012-04-16,
2012-04-17,
2012-04-18,
2012-04-19,
2012-04-20,
2012-04-23,
2012-04-24,
2012-04-25,
2012-04-26,
2012-04-27,
2012-04-30,
2012-05-01,
2012-05-02,
2012-05-03,
2012-05-04,
2012-05-07,
2012-05-08,
2012-05-09,
2012-05-10,
2012-05-11,
2012-05-14,
2012-05-15,
2012-05-16,
2012-05-17,
2012-05-18,
2012-05-21,
2012-05-22,
2012-05-23,
2012-05-24,
2012-05-25,
2012-05-29,
2012-05-30,
2012-05-31,
2012-06-01,
2012-06-04,
2012-06-05,
2012-06-06,
2012-06-07,
2012-06-08,
2012-06-11,
2012-06-12,
2012-06-13,
2012-06-14,
2012-06-15,
2012-06-18,
2012-06-19,
2012-06-20,
2012-06-21,
2012-06-22,
2012-06-25,
2012-06-26,
2012-06-27,
2012-06-28,
2012-06-29,
2012-07-02,
2012-07-03,
2012-07-05,
2012-07-06,
2012-07-09,
2012-07-10,
2012-07-11,
2012-07-12,
2012-07-13,
2012-07-16,
2012-07-17,
2012-07-18,
2012-07-19,
2012-07-20,
2012-07-23,
2012-07-24,
2012-07-25,
2012-07-26,
2012-07-27,
2012-07-30,
2012-07-31,
2012-08-01,
2012-08-02,
2012-08-03,
2012-08-06,
2012-08-07,
2012-08-08,
2012-08-09,
2012-08-10,
2012-08-13,
2012-08-14,
2012-08-15,
2012-08-16,
2012-08-17,
2012-08-20,
2012-08-21,
2012-08-22,
2012-08-23,
2012-08-24,
2012-08-27,
2012-08-28,
2012-08-29,
2012-08-30,
2012-08-31,
2012-09-04,
2012-09-05,
2012-09-06,
2012-09-07,
2012-09-10,
2012-09-11,
2012-09-12,
2012-09-13,
2012-09-14,
2012-09-17,
2012-09-18,
2012-09-19,
2012-09-20,
2012-09-21,
2012-09-24,
2012-09-25,
2012-09-26,
2012-09-27,
2012-09-28,
2012-10-01,
2012-10-02,
2012-10-03,
2012-10-04,
2012-10-05,
2012-10-08,
2012-10-09,
2012-10-10,
2012-10-11,
2012-10-12,
2012-10-15,
2012-10-16,
2012-10-17,
2012-10-18,
2012-10-19,
2012-10-22,
2012-10-23,
2012-10-24,
2012-10-25,
2012-10-26,
2012-10-31,
2012-11-01,
2012-11-02,
2012-11-05,
2012-11-06,
2012-11-07,
2012-11-08,
2012-11-09,
2012-11-12,
2012-11-13,
2012-11-14,
2012-11-15,
2012-11-16,
2012-11-19,
2012-11-20,
2012-11-21,
2012-11-23,
2012-11-26,
2012-11-27,
2012-11-28,
2012-11-29,
2012-11-30,
2012-12-03,
2012-12-04,
2012-12-05,
2012-12-06,
2012-12-07,
2012-12-10,
2012-12-11,
2012-12-12,
2012-12-13,
2012-12-14,
2012-12-17,
2012-12-18,
2012-12-19,
2012-12-20,
2012-12-21,
2012-12-24,
2012-12-26,
2012-12-27,
2012-12-28,
2012-12-31,
2013-01-02,
2013-01-03,
2013-01-04,
2013-01-07,
2013-01-08,
2013-01-09,
2013-01-10,
2013-01-11,
2013-01-14,
2013-01-15,
2013-01-16,
2013-01-17,
2013-01-18,
2013-01-22,
2013-01-23,
2013-01-24,
2013-01-25,
2013-01-28,
2013-01-29,
2013-01-30,
2013-01-31,
2013-02-01,
2013-02-04,
2013-02-05,
2013-02-06,
2013-02-07,
2013-02-08,
2013-02-11,
2013-02-12,
2013-02-13,
2013-02-14,
2013-02-15,
2013-02-19,
2013-02-20,
2013-02-21,
2013-02-22,
2013-02-25,
2013-02-26,
2013-02-27,
2013-02-28,
2013-03-01,
2013-03-04,
2013-03-05,
2013-03-06,
2013-03-07,
2013-03-08,
2013-03-11,
2013-03-12,
2013-03-13,
2013-03-14,
2013-03-15,
2013-03-18,
2013-03-19,
2013-03-20,
2013-03-21,
2013-03-22,
2013-03-25,
2013-03-26,
2013-03-27,
2013-03-28,
2013-04-01,
2013-04-02,
2013-04-03,
2013-04-04,
2013-04-05,
2013-04-08,
2013-04-09,
2013-04-10,
2013-04-11,
2013-04-12,
2013-04-15,
2013-04-16,
2013-04-17,
2013-04-18,
2013-04-19,
2013-04-22,
2013-04-23,
2013-04-24,
2013-04-25,
2013-04-26,
2013-04-29,
2013-04-30,
2013-05-01,
2013-05-02,
2013-05-03,
2013-05-06,
2013-05-07,
2013-05-08,
2013-05-09,
2013-05-10,
2013-05-13,
2013-05-14,
2013-05-15,
2013-05-16,
2013-05-17,
2013-05-20,
2013-05-21,
2013-05-22,
2013-05-23,
2013-05-24,
2013-05-28,
2013-05-29,
2013-05-30,
2013-05-31,
2013-06-03,
2013-06-04,
2013-06-05,
2013-06-06,
2013-06-07,
2013-06-10,
2013-06-11,
2013-06-12,
2013-06-13,
2013-06-14,
2013-06-17,
2013-06-18,
2013-06-19,13.684677124023438
2013-06-20,13.605371475219727
2013-06-21,13.92259693145752
2013-06-24,13.675868034362793
2013-06-25,13.799229621887207
2013-06-26,13.631808280944824
2013-06-27,13.54369068145752
2013-06-28,13.552499771118164
2013-07-01,13.10310173034668
2013-07-02,13.208843231201172
2013-07-03,13.191217422485352
2013-07-05,13.755168914794922
2013-07-08,14.116454124450684
2013-07-09,13.860913276672363
2013-07-10,13.61418342590332
2013-07-11,13.402701377868652
2013-07-12,13.208843231201172
2013-07-15,13.041419982910156
2013-07-16,13.56131362915039
2013-07-17,14.116454124450684
2013-07-18,13.74636173248291
2013-07-19,14.204574584960938
2013-07-22,14.010711669921875
2013-07-23,13.966652870178223
2013-07-24,14.028337478637695
2013-07-25,13.887349128723145
2013-07-26,14.17813777923584
2013-07-29,13.843289375305176
2013-07-30,14.222195625305176
2013-07-31,14.17813777923584
2013-08-01,14.442488670349121
2013-08-02,14.539421081542969
2013-08-05,14.283878326416016
2013-08-06,14.442488670349121
2013-08-07,14.23982048034668
2013-08-08,14.433674812316895
2013-08-09,14.310314178466797
2013-08-12,14.195759773254395
2013-08-13,14.142888069152832
2013-08-14,14.257442474365234
2013-08-15,14.380806922912598
2013-08-16,14.266253471374512
2013-08-19,14.001900672912598
2013-08-20,13.99308967590332
2013-08-21,14.045960426330566
2013-08-22,13.99308967590332
2013-08-23,14.028337478637695
2013-08-26,14.151702880859375
2013-08-27,14.045960426330566
2013-08-28,14.072395324707031
2013-08-29,14.063584327697754
2013-08-30,13.957841873168945
2013-09-03,14.098830223083496
2013-09-04,14.283878326416016
2013-09-05,14.442488670349121
2013-09-06,14.398427963256836
2013-09-09,14.53060531616211
2013-09-10,14.733274459838867
2013-09-11,15.156244277954102
2013-09-12,15.24435806274414
2013-09-13,15.076936721801758
2013-09-16,15.129804611206055
2013-09-17,15.17386531829834
2013-09-18,15.200299263000488
2013-09-19,15.094558715820312
2013-09-20,14.900697708129883
2013-09-23,14.794960021972656
2013-09-24,15.270792961120605
2013-09-25,15.059314727783203
2013-09-26,14.689217567443848
2013-09-27,14.592288970947266
2013-09-30,14.477734565734863
2013-10-01,14.354372024536133
2013-10-02,14.53060531616211
2013-10-03,14.336748123168945
2013-10-04,14.336748123168945
2013-10-07,14.336748123168945
2013-10-08,14.301501274108887
2013-10-09,14.398427963256836
2013-10-10,14.67159652709961
2013-10-11,14.909512519836426
2013-10-14,15.032877922058105
2013-10-15,15.120996475219727
2013-10-16,15.209113121032715
2013-10-17,15.209113121032715
2013-10-18,15.261984825134277
2013-10-21,15.24435806274414
2013-10-22,15.376537322998047
2013-10-23,15.411785125732422
2013-10-24,15.61445426940918
2013-10-25,15.473465919494629
2013-10-28,15.579206466674805
2013-10-29,15.746633529663086
2013-10-30,15.640892028808594
2013-10-31,15.799501419067383
2013-11-01,15.958113670349121
2013-11-04,15.975739479064941
2013-11-05,15.949297904968262
2013-11-06,15.658512115478516
2013-11-07,15.517526626586914
2013-11-08,15.80831241607666
2013-11-11,15.667328834533691
2013-11-12,15.411785125732422
2013-11-13,15.447033882141113
2013-11-14,15.429408073425293
2013-11-15,15.878807067871094
2013-11-18,15.588018417358398
2013-11-19,15.623266220092773
2013-11-20,15.729002952575684
2013-11-21,15.684945106506348
2013-11-22,15.605640411376953
2013-11-25,15.517526626586914
2013-11-26,15.649694442749023
2013-11-27,15.764252662658691
2013-11-29,15.83475112915039
2013-12-02,15.561582565307617
2013-12-03,15.447033882141113
2013-12-04,15.420594215393066
2013-12-05,15.30604076385498
2013-12-06,15.297231674194336
2013-12-09,15.297231674194336
2013-12-10,15.420594215393066
2013-12-11,15.394158363342285
2013-12-12,15.288421630859375
2013-12-13,15.420594215393066
2013-12-16,15.535147666931152
2013-12-17,15.16505241394043
2013-12-18,15.288421630859375
2013-12-19,15.16505241394043
2013-12-20,15.49109172821045
2013-12-23,15.667328834533691
2013-12-24,15.702571868896484
2013-12-26,15.596831321716309
2013-12-27,15.579206466674805
2013-12-30,15.640892028808594
2013-12-31,15.711381912231445
2014-01-02,15.764252662658691
2014-01-03,15.623266220092773
2014-01-06,15.464653015136719
2014-01-07,15.261984825134277
2014-01-08,15.191488265991211
2014-01-09,15.24435806274414
2014-01-10,15.279601097106934
2014-01-13,15.050500869750977
2014-01-14,15.191488265991211
2014-01-15,15.112183570861816
2014-01-16,15.015256881713867
2014-01-17,14.99763011932373
2014-01-21,14.768526077270508
2014-01-22,14.689217567443848
2014-01-23,14.583480834960938
2014-01-24,14.231006622314453
2014-01-27,14.231006622314453
2014-01-28,14.10764217376709
2014-01-29,14.028337478637695
2014-01-30,13.92259693145752
2014-01-31,13.755168914794922
2014-02-03,13.279335021972656
2014-02-04,13.279335021972656
2014-02-05,13.490817070007324
2014-02-06,13.799229621887207
2014-02-07,14.980009078979492
2014-02-10,15.112183570861816
2014-02-11,15.420594215393066
2014-02-12,15.24435806274414
2014-02-13,15.209113121032715
2014-02-14,15.17386531829834
2014-02-18,15.235549926757812
2014-02-19,15.200299263000488
2014-02-20,15.076936721801758
2014-02-21,15.17386531829834
2014-02-24,15.420594215393066
2014-02-25,15.526337623596191
2014-02-26,15.499900817871094
2014-02-27,15.561582565307617
2014-02-28,15.764252662658691
2014-03-03,15.596831321716309
2014-03-04,15.764252662658691
2014-03-05,15.764252662658691
2014-03-06,15.737812995910645
2014-03-07,15.455843925476074
2014-03-10,15.402974128723145
2014-03-11,15.30604076385498
2014-03-12,15.420594215393066
2014-03-13,15.04168701171875
2014-03-14,15.024065017700195
2014-03-17,15.050500869750977
2014-03-18,15.288421630859375
2014-03-19,15.191488265991211
2014-03-20,15.076936721801758
2014-03-21,14.98881721496582
2014-03-24,14.944757461547852
2014-03-25,14.839019775390625
2014-03-26,14.557043075561523
2014-03-27,14.539421081542969
2014-03-28,14.574666023254395
2014-03-31,14.715657234191895
2014-04-01,14.918325424194336
2014-04-02,14.935949325561523
2014-04-03,14.706840515136719
2014-04-04,14.72446346282959
2014-04-07,14.74208927154541
2014-04-08,14.67159652709961
2014-04-09,14.821394920349121
2014-04-10,14.521790504455566
2014-04-11,14.327935218811035
2014-04-14,14.451300621032715
2014-04-15,14.354372024536133
2014-04-16,14.460112571716309
2014-04-17,14.512982368469238
2014-04-21,14.680405616760254
2014-04-22,14.768526077270508
2014-04-23,14.909512519836426
2014-04-24,14.935949325561523
2014-04-25,14.786149024963379
2014-04-28,14.786149024963379
2014-04-29,14.812582969665527
2014-04-30,14.574666023254395
2014-05-01,14.768526077270508
2014-05-02,14.830204963684082
2014-05-05,14.839019775390625
2014-05-06,14.67159652709961
2014-05-07,14.574666023254395
2014-05-08,14.60110092163086
2014-05-09,15.332473754882812
2014-05-12,15.376537322998047
2014-05-13,15.253171920776367
2014-05-14,14.812582969665527
2014-05-15,14.592288970947266
2014-05-16,14.715657234191895
2014-05-19,14.689217567443848
2014-05-20,14.477734565734863
2014-05-21,14.539421081542969
2014-05-22,14.777336120605469
2014-05-23,14.750901222229004
2014-05-27,14.856642723083496
2014-05-28,14.72446346282959
2014-05-29,14.662779808044434
2014-05-30,14.618721961975098
2014-06-02,14.786149024963379
2014-06-03,14.909512519836426
2014-06-04,14.98881721496582
2014-06-05,15.217926025390625
2014-06-06,15.217926025390625
2014-06-09,15.200299263000488
2014-06-10,15.138618469238281
2014-06-11,15.129804611206055
2014-06-12,14.847829818725586
2014-06-13,14.74208927154541
2014-06-16,14.74208927154541
2014-06-17,14.812582969665527
2014-06-18,15.04168701171875
2014-06-19,15.120996475219727
2014-06-20,15.076936721801758
2014-06-23,14.839019775390625
2014-06-24,14.980009078979492
2014-06-25,15.156244277954102
2014-06-26,15.455843925476074
2014-06-27,15.464653015136719
2014-06-30,15.376537322998047
2014-07-01,15.508709907531738
2014-07-02,15.61445426940918
2014-07-03,15.658512115478516
2014-07-07,15.535147666931152
2014-07-08,15.49109172821045
2014-07-09,15.570394515991211
2014-07-10,15.429408073425293
2014-07-11,15.473465919494629
2014-07-14,15.499900817871094
2014-07-15,15.561582565307617
2014-07-16,15.535147666931152
2014-07-17,15.420594215393066
2014-07-18,15.552774429321289
2014-07-21,15.455843925476074
2014-07-22,15.429408073425293
2014-07-23,15.464653015136719
2014-07-24,15.623266220092773
2014-07-25,15.517526626586914
2014-07-28,15.411785125732422
2014-07-29,15.323665618896484
2014-07-30,15.314854621887207
2014-07-31,15.16505241394043
2014-08-01,15.297231674194336
2014-08-04,15.323665618896484
2014-08-05,15.17386531829834
2014-08-06,15.112183570861816
2014-08-07,14.980009078979492
2014-08-08,14.759713172912598
2014-08-11,14.927135467529297
2014-08-12,14.830204963684082
2014-08-13,14.768526077270508
2014-08-14,14.953571319580078
2014-08-15,14.812582969665527
2014-08-18,14.839019775390625
2014-08-19,14.759713172912598
2014-08-20,15.059314727783203
2014-08-21,15.147431373596191
2014-08-22,15.103373527526855
2014-08-25,15.253171920776367
2014-08-26,15.200299263000488
2014-08-27,15.235549926757812
2014-08-28,15.235549926757812
2014-08-29,15.209113121032715
2014-09-02,15.032877922058105
2014-09-03,15.200299263000488
2014-09-04,15.24435806274414
2014-09-05,15.323665618896484
2014-09-08,15.209113121032715
2014-09-09,14.953571319580078
2014-09-10,15.085749626159668
2014-09-11,14.935949325561523
2014-09-12,14.794960021972656
2014-09-15,14.733274459838867
2014-09-16,14.72446346282959
2014-09-17,14.689217567443848
2014-09-18,14.706840515136719
2014-09-19,14.839019775390625
2014-09-22,14.698029518127441
2014-09-23,14.680405616760254
2014-09-24,14.653972625732422
2014-09-25,14.46892261505127
2014-09-26,14.653972625732422
2014-09-29,14.539421081542969
2014-09-30,14.213383674621582
2014-10-01,13.940218925476074
2014-10-02,13.79041862487793
2014-10-03,13.887349128723145
2014-10-06,13.887349128723145
2014-10-07,13.508440971374512
2014-10-08,13.869722366333008
2014-10-09,13.446763038635254
2014-10-10,13.191217422485352
2014-10-13,12.803499221801758
2014-10-14,12.84755802154541
2014-10-15,12.759441375732422
2014-10-16,12.547959327697754
2014-10-17,12.565582275390625
2014-10-20,12.715383529663086
2014-10-21,13.226465225219727
2014-10-22,13.094286918640137
2014-10-23,13.305770874023438
2014-10-24,13.49963092803955
2014-10-27,13.279335021972656
2014-10-28,13.279335021972656
2014-10-29,13.341020584106445
2014-10-30,13.270524024963379
2014-10-31,13.261711120605469
2014-11-03,13.305770874023438
2014-11-04,12.988545417785645
2014-11-05,13.094286918640137
2014-11-06,13.208843231201172
2014-11-07,13.076664924621582
2014-11-10,13.16478157043457
2014-11-11,13.147157669067383
2014-11-12,13.217652320861816
2014-11-13,13.059040069580078
2014-11-14,13.200030326843262
2014-11-17,13.16478157043457
2014-11-18,13.138347625732422
2014-11-19,13.200030326843262
2014-11-20,13.006174087524414
2014-11-21,13.067854881286621
2014-11-24,13.261711120605469
2014-11-25,13.235278129577637
2014-11-26,13.393889427185059
2014-11-28,13.261711120605469
2014-12-01,13.261711120605469
2014-12-02,13.42032241821289
2014-12-03,13.437946319580078
2014-12-04,13.358643531799316
2014-12-05,13.42032241821289
2014-12-08,13.208843231201172
2014-12-09,13.314583778381348
2014-12-10,13.10310173034668
2014-12-11,13.023794174194336
2014-12-12,12.90924072265625
2014-12-15,12.556770324707031
2014-12-16,12.547959327697754
2014-12-17,12.66251277923584
2014-12-18,12.759441375732422
2014-12-19,12.856371879577637
2014-12-22,12.997358322143555
2014-12-23,13.208843231201172
2014-12-24,13.147157669067383
2014-12-26,13.252900123596191
2014-12-29,13.332205772399902
2014-12-30,13.376264572143555
2014-12-31,13.288147926330566
2015-01-02,13.200030326843262
2015-01-05,12.900430679321289
2015-01-06,12.750630378723145
2015-01-07,12.697758674621582
2015-01-08,12.988545417785645
2015-01-09,13.111913681030273
2015-01-12,12.970926284790039
2015-01-13,12.953300476074219
2015-01-14,12.891618728637695
2015-01-15,12.8123140335083
2015-01-16,12.8123140335083
2015-01-20,12.724193572998047
2015-01-21,12.733006477355957
2015-01-22,12.953300476074219
2015-01-23,12.91805362701416
2015-01-26,13.200030326843262
2015-01-27,13.138347625732422
2015-01-28,12.997358322143555
2015-01-29,12.741819381713867
2015-01-30,12.724193572998047
2015-02-02,12.759441375732422
2015-02-03,13.332205772399902
2015-02-04,13.314583778381348
2015-02-05,13.411514282226562
2015-02-06,13.896157264709473
2015-02-09,14.248631477355957
2015-02-10,14.363182067871094
2015-02-11,14.363182067871094
2015-02-12,14.416054725646973
2015-02-13,14.460112571716309
2015-02-17,14.592288970947266
2015-02-18,14.548229217529297
2015-02-19,14.583480834960938
2015-02-20,14.689217567443848
2015-02-23,14.891886711120605
2015-02-24,14.900697708129883
2015-02-25,14.98881721496582
2015-02-26,14.856642723083496
2015-02-27,14.821394920349121
2015-03-02,14.980009078979492
2015-03-03,14.733274459838867
2015-03-04,14.645161628723145
2015-03-05,14.67159652709961
2015-03-06,14.460112571716309
2015-03-09,14.354372024536133
2015-03-10,14.037148475646973
2015-03-11,14.151702880859375
2015-03-12,14.486546516418457
2015-03-13,14.442488670349121
2015-03-16,14.60991096496582
2015-03-17,14.504169464111328
2015-03-18,14.618721961975098
2015-03-19,14.451300621032715
2015-03-20,14.574666023254395
2015-03-23,14.636346817016602
2015-03-24,14.592288970947266
2015-03-25,14.310314178466797
2015-03-26,14.116454124450684
2015-03-27,14.054771423339844
2015-03-30,14.134078025817871
2015-03-31,13.98427677154541
2015-04-01,14.037148475646973
2015-04-02,14.090019226074219
2015-04-06,14.17813777923584
2015-04-07,14.054771423339844
2015-04-08,14.001900672912598
2015-04-09,13.852100372314453
2015-04-10,13.860913276672363
2015-04-13,14.045960426330566
2015-04-14,13.966652870178223
2015-04-15,13.957841873168945
2015-04-16,13.834477424621582
2015-04-17,13.649429321289062
2015-04-20,13.640618324279785
2015-04-21,13.526065826416016
2015-04-22,13.578936576843262
2015-04-23,13.622993469238281
2015-04-24,13.596559524536133
2015-04-27,13.631808280944824
2015-04-28,13.975465774536133
2015-04-29,13.799229621887207
2015-04-30,13.719922065734863
2015-05-01,14.037148475646973
2015-05-04,14.160511016845703
2015-05-05,14.028337478637695
2015-05-06,13.138347625732422
2015-05-07,13.138347625732422
2015-05-08,13.296957969665527
2015-05-11,13.737548828125
2015-05-12,13.376264572143555
2015-05-13,13.305770874023438
2015-05-14,13.341020584106445
2015-05-15,13.482007026672363
2015-05-18,13.526065826416016
2015-05-19,13.56131362915039
2015-05-20,13.508440971374512
2015-05-21,13.534875869750977
2015-05-22,13.437946319580078
2015-05-26,13.252900123596191
2015-05-27,13.332205772399902
2015-05-28,13.305770874023438
2015-05-29,13.173596382141113
2015-06-01,13.217652320861816
2015-06-02,13.138347625732422
2015-06-03,13.16478157043457
2015-06-04,12.970926284790039
2015-06-05,12.900430679321289
2015-06-08,12.838746070861816
2015-06-09,12.600831031799316
2015-06-10,12.592019081115723
2015-06-11,12.565582275390625
2015-06-12,12.495088577270508
2015-06-15,12.380537033081055
2015-06-16,12.327665328979492
2015-06-17,12.292418479919434
2015-06-18,12.539146423339844
2015-06-19,12.84755802154541
2015-06-22,12.935676574707031
2015-06-23,12.91805362701416
2015-06-24,12.750630378723145
2015-06-25,12.636076927185059
2015-06-26,12.882806777954102
2015-06-29,12.362913131713867
2015-06-30,12.547959327697754
2015-07-01,12.600831031799316
2015-07-02,12.521524429321289
2015-07-06,12.186675071716309
2015-07-07,12.362913131713867
2015-07-08,12.16905403137207
2015-07-09,12.116182327270508
2015-07-10,12.186675071716309
2015-07-13,12.33647632598877
2015-07-14,12.354100227355957
2015-07-15,12.424591064453125
2015-07-16,12.592019081115723
2015-07-17,12.64488697052002
2015-07-20,12.759441375732422
2015-07-21,12.547959327697754
2015-07-22,12.565582275390625
2015-07-23,12.697758674621582
2015-07-24,12.715383529663086
2015-07-27,12.64488697052002
2015-07-28,12.592019081115723
2015-07-29,12.636076927185059
2015-07-30,12.592019081115723
2015-07-31,12.574395179748535
2015-08-03,12.389345169067383
2015-08-04,12.451030731201172
2015-08-05,12.512711524963379
2015-08-06,12.080933570861816
2015-08-07,12.186675071716309
2015-08-10,12.354100227355957
2015-08-11,12.107370376586914
2015-08-12,12.204299926757812
2015-08-13,13.12072467803955
2015-08-14,13.138347625732422
2015-08-17,13.270524024963379
2015-08-18,13.200030326843262
2015-08-19,13.12072467803955
2015-08-20,12.48627758026123
2015-08-21,12.221922874450684
2015-08-24,11.490549087524414
2015-08-25,11.605100631713867
2015-08-26,11.83420467376709
2015-08-27,12.16905403137207
2015-08-28,12.354100227355957
2015-08-31,12.186675071716309
2015-09-01,11.728466033935547
2015-09-02,11.746088981628418
2015-09-03,11.966381072998047
2015-09-04,11.534605979919434
2015-09-08,11.860641479492188
2015-09-09,11.746088981628418
2015-09-10,11.58747673034668
2015-09-11,11.58747673034668
2015-09-14,11.454285621643066
2015-09-15,11.525321006774902
2015-09-16,11.543079376220703
2015-09-17,11.676270484924316
2015-09-18,11.392130851745605
2015-09-21,11.454285621643066
2015-09-22,11.463165283203125
2015-09-23,11.392130851745605
2015-09-24,11.436529159545898
2015-09-25,11.418768882751465
2015-09-28,11.045838356018066
2015-09-29,11.028079986572266
2015-09-30,11.38325309753418
2015-10-01,11.427648544311523
2015-10-02,11.667390823364258
2015-10-05,11.969283103942871
2015-10-06,12.031441688537598
2015-10-07,12.155753135681152
2015-10-08,12.519800186157227
2015-10-09,12.528679847717285
2015-10-12,12.510923385620117
2015-10-13,12.457647323608398
2015-10-14,12.599714279174805
2015-10-15,12.830574989318848
2015-10-16,13.025923728942871
2015-10-19,13.105835914611816
2015-10-20,13.13247013092041
2015-10-21,12.803939819335938
2015-10-22,13.17686653137207
2015-10-23,13.452128410339355
2015-10-26,13.185750007629395
2015-10-27,13.079195022583008
2015-10-28,13.336697578430176
2015-10-29,13.469884872436523
2015-10-30,13.74514389038086
2015-11-02,13.931607246398926
2015-11-03,13.825056076049805
2015-11-04,13.86057186126709
2015-11-05,13.665231704711914
2015-11-06,13.443249702453613
2015-11-09,13.03480052947998
2015-11-10,12.999281883239746
2015-11-11,12.954888343811035
2015-11-12,12.6796293258667
2015-11-13,12.395490646362305
2015-11-16,12.661870956420898
2015-11-17,12.63523006439209
2015-11-18,12.750662803649902
2015-11-19,12.661870956420898
2015-11-20,12.803939819335938
2015-11-23,12.839454650878906
2015-11-24,12.963766098022461
2015-11-25,12.963766098022461
2015-11-27,12.759540557861328
2015-11-30,12.839454650878906
2015-12-01,13.123592376708984
2015-12-02,12.97264289855957
2015-12-03,12.466524124145508
2015-12-04,12.706265449523926
2015-12-07,12.581958770751953
2015-12-08,12.244543075561523
2015-12-09,12.271181106567383
2015-12-10,12.528679847717285
2015-12-11,12.129109382629395
2015-12-14,12.11135482788086
2015-12-15,12.262301445007324
2015-12-16,12.502042770385742
2015-12-17,12.209025382995605
2015-12-18,12.093595504760742
2015-12-21,12.280059814453125
2015-12-22,12.297819137573242
2015-12-23,12.652990341186523
2015-12-24,12.63523006439209
2015-12-28,12.484281539916992
2015-12-29,12.688508987426758
2015-12-30,12.519800186157227
2015-12-31,12.395490646362305
2016-01-04,12.137992858886719
2016-01-05,11.64074993133545
2016-01-06,11.747303009033203
2016-01-07,11.551959991455078
2016-01-08,11.551959991455078
2016-01-11,11.241182327270508
2016-01-12,11.392130851745605
2016-01-13,11.125751495361328
2016-01-14,11.622993469238281
2016-01-15,11.374372482299805
2016-01-19,11.303338050842285
2016-01-20,11.081355094909668
2016-01-21,11.29446029663086
2016-01-22,11.578597068786621
2016-01-25,11.392130851745605
2016-01-26,11.685147285461426
2016-01-27,11.596355438232422
2016-01-28,11.702905654907227
2016-01-29,11.853853225708008
2016-02-01,11.649630546569824
2016-02-02,11.161269187927246
2016-02-03,11.267823219299316
2016-02-04,11.347733497619629
2016-02-05,10.584115028381348
2016-02-08,9.998083114624023
2016-02-09,9.847134590148926
2016-02-10,9.882652282714844
2016-02-11,9.669548988342285
2016-02-12,10.006962776184082
2016-02-16,10.246703147888184
2016-02-17,10.29997730255127
2016-02-18,10.166787147521973
2016-02-19,10.29110050201416
2016-02-22,10.433167457580566
2016-02-23,10.317737579345703
2016-02-24,10.25558090209961
2016-02-25,10.202305793762207
2016-02-26,10.282219886779785
2016-02-29,10.131271362304688
2016-03-01,10.122390747070312
2016-03-02,10.273340225219727
2016-03-03,10.282219886779785
2016-03-04,10.415409088134766
2016-03-07,10.701991081237793
2016-03-08,10.379587173461914
2016-03-09,10.603477478027344
2016-03-10,10.504964828491211
2016-03-11,11.104992866516113
2016-03-14,10.881103515625
2016-03-15,11.006481170654297
2016-03-16,11.445305824279785
2016-03-17,11.731888771057129
2016-03-18,11.56173038482666
2016-03-21,11.651288032531738
2016-03-22,11.821444511413574
2016-03-23,11.660243034362793
2016-03-24,11.687110900878906
2016-03-28,11.964734077453613
2016-03-29,12.000555992126465
2016-03-30,11.86622428894043
2016-03-31,11.86622428894043
2016-04-01,12.11698055267334
2016-04-04,11.830402374267578
2016-04-05,11.687110900878906
2016-04-06,11.86622428894043
2016-04-07,11.633376121520996
2016-04-08,11.43635368347168
2016-04-11,11.39157485961914
2016-04-12,11.56173038482666
2016-04-13,11.722932815551758
2016-04-14,11.803533554077148
2016-04-15,11.731888771057129
2016-04-18,11.570687294006348
2016-04-19,11.624420166015625
2016-04-20,11.61546516418457
2016-04-21,11.830402374267578
2016-04-22,11.910999298095703
2016-04-25,11.71397876739502
2016-04-26,11.884133338928223
2016-04-27,11.812488555908203
2016-04-28,11.7050199508667
2016-04-29,11.606511116027832
2016-05-02,11.803533554077148
2016-05-03,11.490082740783691
2016-05-04,11.36470890045166
2016-05-05,11.400530815124512
2016-05-06,11.785622596740723
2016-05-09,11.39157485961914
2016-05-10,11.43635368347168
2016-05-11,11.31097412109375
2016-05-12,11.060214042663574
2016-05-13,10.791544914245605
2016-05-16,10.907968521118164
2016-05-17,10.82736873626709
2016-05-18,10.746768951416016
2016-05-19,10.693033218383789
2016-05-20,10.970658302307129
2016-05-23,10.85423469543457
2016-05-24,10.943791389465332
2016-05-25,11.1139497756958
2016-05-26,10.961702346801758
2016-05-27,11.015437126159668
2016-05-31,11.051260948181152
2016-06-01,11.096038818359375
2016-06-02,11.149771690368652
2016-06-03,11.042304992675781
2016-06-06,11.2124605178833
2016-06-07,10.952746391296387
2016-06-08,10.952746391296387
2016-06-09,10.863191604614258
2016-06-10,10.603477478027344
2016-06-13,10.657210350036621
2016-06-14,10.54974365234375
2016-06-15,10.737812042236328
2016-06-16,10.496010780334473
2016-06-17,10.406453132629395
2016-06-20,10.540789604187012
2016-06-21,10.621386528015137
2016-06-22,10.80049991607666
2016-06-23,10.925881385803223
2016-06-24,10.298986434936523
2016-06-27,9.797469139099121
2016-06-28,9.869117736816406
2016-06-29,10.31689739227295
2016-06-30,10.451231956481934
2016-07-01,10.540789604187012
2016-07-05,10.433319091796875
2016-07-06,10.460187911987305
2016-07-07,10.54974365234375
2016-07-08,10.78258991241455
2016-07-11,10.970658302307129
2016-07-12,11.28410530090332
2016-07-13,11.409483909606934
2016-07-14,11.490082740783691
2016-07-15,11.463220596313477
2016-07-18,11.579641342163086
2016-07-19,11.624420166015625
2016-07-20,11.669198036193848
2016-07-21,11.552773475646973
2016-07-22,11.669198036193848
2016-07-25,11.696065902709961
2016-07-26,11.857266426086426
2016-07-27,11.785622596740723
2016-07-28,11.785622596740723
2016-07-29,12.03637981414795
2016-08-01,11.919958114624023
2016-08-02,11.76771068572998
2016-08-03,11.74084186553955
2016-08-04,11.821444511413574
2016-08-05,11.89309024810791
2016-08-08,11.857266426086426
2016-08-09,12.331917762756348
2016-08-10,12.296092987060547
2016-08-11,12.439382553100586
2016-08-12,12.57371711730957
2016-08-15,12.690143585205078
2016-08-16,12.68118667602539
2016-08-17,12.699098587036133
2016-08-18,12.672228813171387
2016-08-19,12.636407852172852
2016-08-22,12.743873596191406
2016-08-23,12.734920501708984
2016-08-24,12.725964546203613
2016-08-25,12.743873596191406
2016-08-26,12.842387199401855
2016-08-29,12.878209114074707
2016-08-30,12.85134220123291
2016-08-31,12.922989845275879
2016-09-01,12.815518379211426
2016-09-02,12.761786460876465
2016-09-06,12.57371711730957
2016-09-07,12.618497848510742
2016-09-08,12.690143585205078
2016-09-09,12.305049896240234
2016-09-12,13.080880165100098
2016-09-13,12.855348587036133
2016-09-14,12.936538696289062
2016-09-15,12.783181190490723
2016-09-16,12.629815101623535
2016-09-19,12.629815101623535
2016-09-20,12.692963600158691
2016-09-21,12.882412910461426
2016-09-22,13.107943534851074
2016-09-23,13.053817749023438
2016-09-26,12.801220893859863
2016-09-27,12.918497085571289
2016-09-28,12.873392105102539
2016-09-29,12.747092247009277
2016-09-30,12.82828426361084
2016-10-03,13.46879768371582
2016-10-04,13.25228500366211
2016-10-05,13.68530559539795
2016-10-06,13.60411548614502
2016-10-07,13.098923683166504
2016-10-10,12.855348587036133
2016-10-11,12.629815101623535
2016-10-12,12.404284477233887
2016-10-13,12.494498252868652
2016-10-14,12.404284477233887
2016-10-17,12.449390411376953
2016-10-18,12.53960132598877
2016-10-19,12.629815101623535
2016-10-20,12.449390411376953
2016-10-21,12.359176635742188
2016-10-24,11.908112525939941
2016-10-25,11.727685928344727
2016-10-26,11.863005638122559
2016-10-27,11.36683464050293
2016-10-28,11.27662181854248
2016-10-31,11.186408042907715
2016-11-01,11.186408042907715
2016-11-02,10.91576862335205
2016-11-03,10.960877418518066
2016-11-04,10.960877418518066
2016-11-07,11.27662181854248
2016-11-08,10.91576862335205
2016-11-09,11.141302108764648
2016-11-10,11.141302108764648
2016-11-11,11.141302108764648
2016-11-14,11.27662181854248
2016-11-15,11.141302108764648
2016-11-16,11.141302108764648
2016-11-17,11.141302108764648
2016-11-18,11.005982398986816
2016-11-21,10.870662689208984
2016-11-22,10.825556755065918
2016-11-23,10.91576862335205
2016-11-25,10.91576862335205
2016-11-28,10.91576862335205
2016-11-29,10.735342025756836
2016-11-30,10.780449867248535
2016-12-01,10.825556755065918
2016-12-02,10.870662689208984
2016-12-05,10.870662689208984
2016-12-06,10.870662689208984
2016-12-07,10.960877418518066
2016-12-08,11.005982398986816
2016-12-09,11.186408042907715
2016-12-12,11.096196174621582
2016-12-13,11.051087379455566
2016-12-14,11.005982398986816
2016-12-15,10.870662689208984
2016-12-16,10.825556755065918
2016-12-19,10.960877418518066
2016-12-20,10.780449867248535
2016-12-21,10.870662689208984
2016-12-22,10.870662689208984
2016-12-23,10.870662689208984
2016-12-27,11.051087379455566
2016-12-28,10.870662689208984
2016-12-29,10.870662689208984
2016-12-30,10.645129203796387
2017-01-03,10.870662689208984
2017-01-04,11.051087379455566
2017-01-05,11.051087379455566
2017-01-06,11.051087379455566
2017-01-09,11.186408042907715
2017-01-10,11.27662181854248
2017-01-11,11.321727752685547
2017-01-12,11.231514930725098
2017-01-13,11.231514930725098
2017-01-17,11.45704460144043
2017-01-18,11.321727752685547
2017-01-19,11.231514930725098
2017-01-20,11.141302108764648
2017-01-23,11.186408042907715
2017-01-24,11.36683464050293
2017-01-25,11.45704460144043
2017-01-26,11.321727752685547
2017-01-27,11.411940574645996
2017-01-30,11.45704460144043
2017-01-31,11.411940574645996
2017-02-01,11.45704460144043
2017-02-02,11.36683464050293
2017-02-03,11.36683464050293
2017-02-06,11.321727752685547
2017-02-07,11.321727752685547
2017-02-08,11.231514930725098
2017-02-09,11.502155303955078
2017-02-10,12.268965721130371
2017-02-13,12.043432235717773
2017-02-14,12.043432235717773
2017-02-15,12.133646965026855
2017-02-16,12.088537216186523
2017-02-17,12.178750038146973
2017-02-21,12.314068794250488
2017-02-22,12.268965721130371
2017-02-23,12.178750038146973
2017-02-24,12.088537216186523
2017-02-27,12.088537216186523
2017-02-28,11.908112525939941
2017-03-01,12.088537216186523
2017-03-02,11.95322036743164
2017-03-03,11.95322036743164
2017-03-06,11.95322036743164
2017-03-07,11.727685928344727
2017-03-08,11.547260284423828
2017-03-09,11.547260284423828
2017-03-10,11.547260284423828
2017-03-13,11.41087532043457
2017-03-14,11.547259330749512
2017-03-15,11.729105949401855
2017-03-16,11.729105949401855
2017-03-17,11.774567604064941
2017-03-20,11.729105949401855
2017-03-21,11.683643341064453
2017-03-22,11.774567604064941
2017-03-23,11.774567604064941
2017-03-24,11.774567604064941
2017-03-27,11.774567604064941
2017-03-28,12.04733943939209
2017-03-29,12.229186058044434
2017-03-30,12.456493377685547
2017-03-31,12.274646759033203
2017-04-03,12.04733943939209
2017-04-04,11.956415176391602
2017-04-05,11.865492820739746
2017-04-06,11.774567604064941
2017-04-07,11.729105949401855
2017-04-10,11.729105949401855
2017-04-11,11.683643341064453
2017-04-12,11.774567604064941
2017-04-13,11.547259330749512
2017-04-17,11.683643341064453
2017-04-18,11.547259330749512
2017-04-19,11.683643341064453
2017-04-20,12.138260841369629
2017-04-21,12.09280014038086
2017-04-24,12.138260841369629
2017-04-25,12.229186058044434
2017-04-26,12.04733943939209
2017-04-27,12.001875877380371
2017-04-28,11.820029258728027
2017-05-01,11.820029258728027
2017-05-02,11.729105949401855
2017-05-03,11.683643341064453
2017-05-04,11.683643341064453
2017-05-05,11.820029258728027
2017-05-08,11.9109525680542
2017-05-09,12.183720588684082
2017-05-10,11.865492820739746
2017-05-11,11.820029258728027
2017-05-12,11.865492820739746
2017-05-15,12.09280014038086
2017-05-16,12.09280014038086
2017-05-17,11.865492820739746
2017-05-18,11.865492820739746
2017-05-19,12.001875877380371
2017-05-22,12.320108413696289
2017-05-23,12.274646759033203
2017-05-24,12.411030769348145
2017-05-25,12.365571975708008
2017-05-26,12.547415733337402
2017-05-30,12.411030769348145
2017-05-31,12.456493377685547
2017-06-01,12.729263305664062
2017-06-02,12.683801651000977
2017-06-05,12.547415733337402
2017-06-06,12.638338088989258
2017-06-07,12.547415733337402
2017-06-08,12.683801651000977
2017-06-09,12.820186614990234
2017-06-12,12.774724960327148
2017-06-13,12.683801651000977
2017-06-14,12.729263305664062
2017-06-15,12.774724960327148
2017-06-16,12.865645408630371
2017-06-19,12.956571578979492
2017-06-20,12.729263305664062
2017-06-21,12.683801651000977
2017-06-22,12.683801651000977
2017-06-23,12.774724960327148
2017-06-26,12.820186614990234
2017-06-27,12.820186614990234
2017-06-28,13.002031326293945
2017-06-29,12.774724960327148
2017-06-30,12.865645408630371
2017-07-03,13.002031326293945
2017-07-05,12.865645408630371
2017-07-06,12.411030769348145
2017-07-07,12.501953125
2017-07-10,12.320108413696289
2017-07-11,12.501953125
2017-07-12,12.365571975708008
2017-07-13,12.456493377685547
2017-07-14,12.729263305664062
2017-07-17,12.820186614990234
2017-07-18,12.774724960327148
2017-07-19,13.04749584197998
2017-07-20,13.04749584197998
2017-07-21,13.138415336608887
2017-07-24,13.138415336608887
2017-07-25,13.22934341430664
2017-07-26,13.27480411529541
2017-07-27,13.36572551727295
2017-07-28,13.456649780273438
2017-07-31,13.36572551727295
2017-08-01,13.502110481262207
2017-08-02,13.411186218261719
2017-08-03,13.320265769958496
2017-08-04,13.27480411529541
2017-08-07,13.456649780273438
2017-08-08,13.27480411529541
2017-08-09,13.22934341430664
2017-08-10,12.729263305664062
2017-08-11,12.547415733337402
2017-08-14,12.547415733337402
2017-08-15,12.456493377685547
2017-08-16,12.411030769348145
2017-08-17,12.411030769348145
2017-08-18,12.501953125
2017-08-21,12.501953125
2017-08-22,12.547415733337402
2017-08-23,12.274646759033203
2017-08-24,12.365571975708008
2017-08-25,12.501953125
2017-08-28,12.547415733337402
2017-08-29,12.456493377685547
2017-08-30,12.365571975708008
2017-08-31,12.456493377685547
2017-09-01,12.547415733337402
2017-09-05,12.320108413696289
2017-09-06,12.411030769348145
2017-09-07,12.547415733337402
2017-09-08,12.183720588684082
2017-09-11,12.411030769348145
2017-09-12,12.365232467651367
2017-09-13,12.182045936584473
2017-09-14,12.227843284606934
2017-09-15,12.319436073303223
2017-09-18,12.319436073303223
2017-09-19,12.365232467651367
2017-09-20,12.456830024719238
2017-09-21,12.319436073303223
2017-09-22,12.273640632629395
2017-09-25,12.456830024719238
2017-09-26,12.273640632629395
2017-09-27,12.411031723022461
2017-09-28,12.502623558044434
2017-09-29,12.502623558044434
2017-10-02,12.548423767089844
2017-10-03,12.548423767089844
2017-10-04,12.548423767089844
2017-10-05,12.548423767089844
2017-10-06,12.502623558044434
2017-10-09,12.411031723022461
2017-10-10,12.68581485748291
2017-10-11,12.594220161437988
2017-10-12,12.68581485748291
2017-10-13,12.869001388549805
2017-10-16,12.869001388549805
2017-10-17,12.777409553527832
2017-10-18,12.914799690246582
2017-10-19,12.731610298156738
2017-10-20,12.914799690246582
2017-10-23,12.82320499420166
2017-10-24,12.777409553527832
2017-10-25,12.82320499420166
2017-10-26,12.82320499420166
2017-10-27,12.777409553527832
2017-10-30,12.96059799194336
2017-10-31,12.731610298156738
2017-11-01,12.869001388549805
2017-11-02,12.869001388549805
2017-11-03,13.00639533996582
2017-11-06,13.326974868774414
2017-11-07,13.189583778381348
2017-11-08,13.235379219055176
2017-11-09,13.510163307189941
2017-11-10,14.242916107177734
2017-11-13,14.288717269897461
2017-11-14,14.242916107177734
2017-11-15,14.242916107177734
2017-11-16,14.655091285705566
2017-11-17,14.838282585144043
2017-11-20,14.609296798706055
2017-11-21,14.609296798706055
2017-11-22,14.563498497009277
2017-11-24,14.563498497009277
2017-11-27,14.609296798706055
2017-11-28,14.975674629211426
2017-11-29,15.067266464233398
2017-11-30,15.021470069885254
2017-12-01,15.067266464233398
2017-12-04,15.342052459716797
2017-12-05,15.15886116027832
2017-12-06,15.15886116027832
2017-12-07,15.15886116027832
2017-12-08,15.387848854064941
2017-12-11,15.47944164276123
2017-12-12,15.15886116027832
2017-12-13,15.113065719604492
2017-12-14,15.067266464233398
2017-12-15,14.975674629211426
2017-12-18,15.204658508300781
2017-12-19,15.250452995300293
2017-12-20,15.204658508300781
2017-12-21,15.250452995300293
2017-12-22,15.387848854064941
2017-12-26,15.204658508300781
2017-12-27,15.250452995300293
2017-12-28,15.250452995300293
2017-12-29,15.204658508300781
2018-01-02,15.387848854064941
2018-01-03,15.47944164276123
2018-01-04,15.506918907165527
2018-01-05,15.754225730895996
2018-01-08,15.754225730895996
2018-01-09,15.800021171569824
2018-01-10,15.708431243896484
2018-01-11,16.029010772705078
2018-01-12,16.074806213378906
2018-01-16,15.845817565917969
2018-01-17,16.074806213378906
2018-01-18,15.937413215637207
2018-01-19,16.074806213378906
2018-01-22,16.074806213378906
2018-01-23,15.89161491394043
2018-01-24,15.937413215637207
2018-01-25,15.845817565917969
2018-01-26,16.029010772705078
2018-01-29,15.89161491394043
2018-01-30,15.845817565917969
2018-01-31,15.983211517333984
2018-02-01,15.708431243896484
2018-02-02,15.342052459716797
2018-02-05,14.746686935424805
2018-02-06,15.113065719604492
2018-02-07,14.929874420166016
2018-02-08,14.517701148986816
2018-02-09,14.655091285705566
2018-02-12,14.792486190795898
2018-02-13,15.15886116027832
2018-02-14,15.296256065368652
2018-02-15,15.204658508300781
2018-02-16,15.067266464233398
2018-02-20,14.746686935424805
2018-02-21,14.792486190795898
2018-02-22,15.113065719604492
2018-02-23,15.342052459716797
2018-02-26,15.47944164276123
2018-02-27,15.296256065368652
2018-02-28,15.021470069885254
2018-03-01,14.746686935424805
2018-03-02,14.792486190795898
2018-03-05,15.021470069885254
2018-03-06,15.204658508300781
2018-03-07,15.113065719604492
2018-03-08,15.021470069885254
2018-03-09,15.387848854064941
2018-03-12,15.433643341064453
2018-03-13,15.341504096984863
2018-03-14,15.341504096984863
2018-03-15,15.433645248413086
2018-03-16,15.663994789123535
2018-03-19,15.433645248413086
2018-03-20,15.433645248413086
2018-03-21,15.571856498718262
2018-03-22,15.387574195861816
2018-03-23,14.742586135864258
2018-03-26,14.834728240966797
2018-03-27,14.696516036987305
2018-03-28,14.558303833007812
2018-03-29,14.834728240966797
2018-04-02,14.420093536376953
2018-04-03,14.742586135864258
2018-04-04,14.742586135864258
2018-04-05,14.742586135864258
2018-04-06,14.558303833007812
2018-04-09,14.604374885559082
2018-04-10,14.92686939239502
2018-04-11,14.742586135864258
2018-04-12,14.834728240966797
2018-04-13,14.650444984436035
2018-04-16,14.92686939239502
2018-04-17,14.972936630249023
2018-04-18,14.972936630249023
2018-04-19,15.111148834228516
2018-04-20,15.065078735351562
2018-04-23,15.065078735351562
2018-04-24,14.880799293518066
2018-04-25,14.880799293518066
2018-04-26,14.92686939239502
2018-04-27,14.972936630249023
2018-04-30,14.972936630249023
2018-05-01,14.92686939239502
2018-05-02,14.604374885559082
2018-05-03,14.92686939239502
2018-05-04,15.065078735351562
2018-05-07,15.295432090759277
2018-05-08,15.295432090759277
2018-05-09,15.341504096984863
2018-05-10,15.369146347045898
2018-05-11,14.281879425048828
2018-05-14,14.972936630249023
2018-05-15,14.972936630249023
2018-05-16,14.972936630249023
2018-05-17,14.92686939239502
2018-05-18,14.834728240966797
2018-05-21,14.92686939239502
2018-05-22,14.788656234741211
2018-05-23,14.742586135864258
2018-05-24,14.742586135864258
2018-05-25,14.788656234741211
2018-05-29,14.327949523925781
2018-05-30,14.632017135620117
2018-05-31,14.235810279846191
2018-06-01,14.374022483825684
2018-06-04,14.420093536376953
2018-06-05,14.788656234741211
2018-06-06,14.834728240966797
2018-06-07,14.834728240966797
2018-06-08,14.880799293518066
2018-06-11,14.92686939239502
2018-06-12,15.111148834228516
2018-06-13,14.834728240966797
2018-06-14,14.880799293518066
2018-06-15,14.972936630249023
2018-06-18,15.019009590148926
2018-06-19,14.834728240966797
2018-06-20,14.880799293518066
2018-06-21,14.742586135864258
2018-06-22,14.788656234741211
2018-06-25,14.512232780456543
2018-06-26,14.466163635253906
2018-06-27,14.512232780456543
2018-06-28,14.558303833007812
2018-06-29,14.604374885559082
2018-07-02,14.235810279846191
2018-07-03,14.327949523925781
2018-07-05,14.281879425048828
2018-07-06,14.374022483825684
2018-07-09,14.466163635253906
2018-07-10,14.788656234741211
2018-07-11,14.558303833007812
2018-07-12,14.512232780456543
2018-07-13,14.558303833007812
2018-07-16,14.420093536376953
2018-07-17,14.327949523925781
2018-07-18,14.420093536376953
2018-07-19,14.374022483825684
2018-07-20,14.281879425048828
2018-07-23,14.281879425048828
2018-07-24,14.051527976989746
2018-07-25,14.189738273620605
2018-07-26,14.051527976989746
2018-07-27,13.913315773010254
2018-07-30,13.959386825561523
2018-07-31,14.0975980758667
2018-08-01,14.051527976989746
2018-08-02,14.005454063415527
2018-08-03,14.0975980758667
2018-08-06,14.14366626739502
2018-08-07,14.0975980758667
2018-08-08,14.0975980758667
2018-08-09,14.189738273620605
2018-08-10,12.392986297607422
2018-08-13,12.853691101074219
2018-08-14,13.037972450256348
2018-08-15,12.991903305053711
2018-08-16,13.176185607910156
2018-08-17,13.314397811889648
2018-08-20,12.945834159851074
2018-08-21,12.945834159851074
2018-08-22,13.084046363830566
2018-08-23,12.76154899597168
2018-08-24,12.76154899597168
2018-08-27,12.715479850769043
2018-08-28,12.66940975189209
2018-08-29,12.76154899597168
2018-08-30,12.623339653015137
2018-08-31,12.53119945526123
2018-09-04,12.346915245056152
2018-09-05,12.346915245056152
2018-09-06,12.116560935974121
2018-09-07,12.070491790771484
2018-09-10,12.024421691894531
2018-09-11,12.070847511291504
2018-09-12,11.977993965148926
2018-09-13,12.117274284362793
2018-09-14,11.931568145751953
2018-09-17,11.838716506958008
2018-09-18,11.977993965148926
2018-09-19,12.024421691894531
2018-09-20,12.163700103759766
2018-09-21,12.256553649902344
2018-09-24,12.30298137664795
2018-09-25,12.395833015441895
2018-09-26,12.44225788116455
2018-09-27,12.395833015441895
2018-09-28,12.627964973449707
2018-10-01,12.562966346740723
2018-10-02,12.43297290802002
2018-10-03,12.748672485351562
2018-10-04,12.683674812316895
2018-10-05,12.665104866027832
2018-10-08,12.655818939208984
2018-10-09,12.748672485351562
2018-10-10,12.219411849975586
2018-10-11,12.089418411254883
2018-10-12,12.256553649902344
2018-10-15,12.340118408203125
2018-10-16,12.48868465423584
2018-10-17,12.54439640045166
2018-10-18,12.460829734802246
2018-10-19,12.423688888549805
2018-10-22,12.44225788116455
2018-10-23,12.28441047668457
2018-10-24,12.089418411254883
2018-10-25,12.09870433807373
2018-10-26,11.922284126281738
2018-10-29,11.783003807067871
2018-10-30,12.09870433807373
2018-10-31,12.38654613494873
2018-11-01,12.358691215515137
2018-11-02,12.40511703491211
2018-11-05,12.40511703491211
2018-11-06,12.507255554199219
2018-11-07,12.627964973449707
2018-11-08,13.287217140197754
2018-11-09,13.3707857131958
2018-11-12,12.897235870361328
2018-11-13,12.915807723999023
2018-11-14,13.055087089538574
2018-11-15,12.86009407043457
2018-11-16,12.887951850891113
2018-11-19,12.674389839172363
2018-11-20,12.024421691894531
2018-11-21,12.061563491821289
2018-11-23,12.033707618713379
2018-11-26,12.460829734802246
2018-11-27,12.321551322937012
2018-11-28,12.553681373596191
2018-11-29,12.627964973449707
2018-11-30,12.44225788116455
2018-12-03,12.711529731750488
2018-12-04,12.321551322937012
2018-12-06,11.9408540725708
2018-12-07,11.801576614379883
2018-12-10,11.875856399536133
2018-12-11,11.755148887634277
2018-12-12,12.042991638183594
2018-12-13,11.894430160522461
2018-12-14,11.569442749023438
2018-12-17,11.393023490905762
2018-12-18,11.290884017944336
2018-12-19,11.151606559753418
2018-12-20,10.743053436279297
2018-12-21,10.445924758911133
2018-12-24,10.269506454467773
2018-12-26,10.548064231872559
2018-12-27,10.566633224487305
2018-12-28,10.640917778015137
2018-12-31,10.72448444366455
2019-01-02,10.780196189880371
2019-01-03,10.640917778015137
2019-01-04,11.105180740356445
2019-01-07,11.328025817871094
2019-01-08,11.439449310302734
2019-01-09,11.485876083374023
2019-01-10,11.485876083374023
2019-01-11,11.5880126953125
2019-01-14,11.560157775878906
2019-01-15,11.61587142944336
2019-01-16,11.643725395202637
2019-01-17,11.69943618774414
2019-01-18,11.773720741271973
2019-01-22,11.606584548950195
2019-01-23,11.476590156555176
2019-01-24,11.662297248840332
2019-01-25,11.88514232635498
2019-01-28,11.866572380065918
2019-01-29,11.9408540725708
2019-01-30,11.912997245788574
2019-01-31,12.005852699279785
2019-02-01,11.9408540725708
2019-02-04,12.061563491821289
2019-02-05,12.182270050048828
2019-02-06,12.135843276977539
2019-02-07,11.90371036529541
2019-02-08,11.764432907104492
2019-02-11,11.523017883300781
2019-02-12,11.727293014526367
2019-02-13,11.755148887634277
2019-02-14,11.783003807067871
2019-02-15,12.005852699279785
2019-02-19,12.089418411254883
2019-02-20,12.210124969482422
2019-02-21,12.117274284362793
2019-02-22,12.265840530395508
2019-02-25,12.321551322937012
2019-02-26,12.367976188659668
2019-02-27,12.367976188659668
2019-02-28,12.358691215515137
2019-03-01,12.59082317352295
2019-03-04,12.59082317352295
2019-03-05,12.460829734802246
2019-03-06,12.40511703491211
2019-03-07,12.210124969482422
2019-03-08,12.117274284362793
2019-03-11,12.340118408203125
2019-03-12,12.218497276306152
2019-03-13,12.124940872192383
2019-03-14,11.956538200378418
2019-03-15,11.91911506652832
2019-03-18,11.909758567810059
2019-03-19,11.806846618652344
2019-03-20,11.797490119934082
2019-03-21,12.022027015686035
2019-03-22,11.82555866241455
2019-03-25,11.778779983520508
2019-03-26,11.694580078125
2019-03-27,11.591667175292969
2019-03-28,11.64780044555664
2019-03-29,11.685223579406738
2019-04-01,11.797490119934082
2019-04-02,11.675867080688477
2019-04-03,11.741357803344727
2019-04-04,11.769424438476562
2019-04-05,11.82555866241455
2019-04-08,11.816203117370605
2019-04-09,11.816203117370605
2019-04-10,11.937825202941895
2019-04-11,11.82555866241455
2019-04-12,11.928471565246582
2019-04-15,11.834914207458496
2019-04-16,11.928471565246582
2019-04-17,11.891050338745117
2019-04-18,11.816203117370605
2019-04-22,11.713290214538574
2019-04-23,11.788135528564453
2019-04-24,11.806846618652344
2019-04-25,11.657155990600586
2019-04-26,11.760069847106934
2019-04-29,11.713290214538574
2019-04-30,11.685223579406738
2019-05-01,11.638445854187012
2019-05-02,11.572956085205078
2019-05-03,11.62908935546875
2019-05-06,11.385842323303223
2019-05-07,10.983546257019043
2019-05-08,10.861926078796387
2019-05-09,10.908702850341797
2019-05-10,11.254864692687988
2019-05-13,10.833858489990234
2019-05-14,10.899346351623535
2019-05-15,10.974193572998047
2019-05-16,10.927414894104004
2019-05-17,10.81514835357666
2019-05-20,11.049038887023926
2019-05-21,11.236152648925781
2019-05-22,11.217438697814941
2019-05-23,11.226798057556152
2019-05-24,11.282930374145508
2019-05-28,11.217438697814941
2019-05-29,11.105173110961914
2019-05-30,11.011615753173828
2019-05-31,10.899346351623535
2019-06-03,10.964838981628418
2019-06-04,11.123883247375488
2019-06-05,11.198728561401367
2019-06-06,11.16130542755127
2019-06-07,11.292285919189453
2019-06-10,11.33906364440918
2019-06-11,11.348420143127441
2019-06-12,11.292285919189453
2019-06-13,11.376485824584961
2019-06-14,11.42326545715332
2019-06-17,11.797490119934082
2019-06-18,12.34947681427002
2019-06-19,12.835969924926758
2019-06-20,13.05115032196045
2019-06-21,13.023083686828613
2019-06-24,12.84532642364502
2019-06-25,12.77983570098877
2019-06-26,12.817259788513184
2019-06-27,12.966950416564941
2019-06-28,13.060507774353027
2019-07-01,13.08857250213623
2019-07-02,13.013729095458984
2019-07-03,13.004372596740723
2019-07-05,13.013729095458984
2019-07-08,12.826615333557129
2019-07-09,12.817259788513184
2019-07-10,12.807902336120605
2019-07-11,12.761124610900879
2019-07-12,12.84532642364502
2019-07-15,12.86403751373291
2019-07-16,12.985661506652832
2019-07-17,12.658211708068848
2019-07-18,12.77983570098877
2019-07-19,12.639501571655273
2019-07-22,12.714347839355469
2019-07-23,12.77983570098877
2019-07-24,12.938882827758789
2019-07-25,12.77983570098877
2019-07-26,12.817259788513184
2019-07-29,12.770480155944824
2019-07-30,12.798547744750977
2019-07-31,12.592723846435547
2019-08-01,12.480454444885254
2019-08-02,12.443031311035156
2019-08-05,12.246562004089355
2019-08-06,12.34947681427002
2019-08-07,12.274629592895508
2019-08-08,12.499166488647461
2019-08-09,13.163418769836426
2019-08-12,13.472155570983887
2019-08-13,13.528289794921875
2019-08-14,12.86403751373291
2019-08-15,13.08857250213623
2019-08-16,13.22890853881836
2019-08-19,13.434731483459473
2019-08-20,13.369243621826172
2019-08-21,13.528289794921875
2019-08-22,13.53764533996582
2019-08-23,13.05115032196045
2019-08-26,13.13535213470459
2019-08-27,13.023083686828613
2019-08-28,13.21955394744873
2019-08-29,13.275686264038086
2019-08-30,13.247620582580566
2019-09-03,13.032439231872559
2019-09-04,13.285043716430664
2019-09-05,13.416021347045898
2019-09-06,13.575067520141602
2019-09-09,13.799604415893555
2019-09-10,13.978571891784668
2019-09-11,14.006834030151367
2019-09-12,13.959734916687012
2019-09-13,14.0350923538208
2019-09-16,13.639472007751465
2019-09-17,13.771346092224121
2019-09-18,13.752507209777832
2019-09-19,13.517019271850586
2019-09-20,13.488758087158203
2019-09-23,13.554696083068848
2019-09-24,13.432242393493652
2019-09-25,13.535856246948242
2019-09-26,13.403984069824219
2019-09-27,13.347466468811035
2019-09-30,13.46992015838623
2019-10-01,13.422822952270508
2019-10-02,13.243852615356445
2019-10-03,13.159076690673828
2019-10-04,13.300368309020996
2019-10-07,13.130818367004395
2019-10-08,12.4337739944458
2019-10-09,12.584485054016113
2019-10-10,12.68809986114502
2019-10-11,12.96126651763916
2019-10-14,12.998945236206055
2019-10-15,12.848231315612793
2019-10-16,13.064881324768066
2019-10-17,13.102560043334961
2019-10-18,12.989523887634277
2019-10-21,13.187335014343262
2019-10-22,13.366304397583008
2019-10-23,13.422822952270508
2019-10-24,13.403984069824219
2019-10-25,13.385144233703613
2019-10-28,13.46992015838623
2019-10-29,13.498177528381348
2019-10-30,13.20617389678955
2019-10-31,13.300368309020996
2019-11-01,13.356887817382812
2019-11-04,13.403984069824219
2019-11-05,13.366304397583008
2019-11-06,13.168495178222656
2019-11-07,12.989523887634277
2019-11-08,12.462032318115234
2019-11-11,12.584485054016113
2019-11-12,12.537388801574707
2019-11-13,12.537388801574707
2019-11-14,12.4337739944458
2019-11-15,12.546806335449219
2019-11-18,12.490288734436035
2019-11-19,12.499710083007812
2019-11-20,12.3772554397583
2019-11-21,12.151185989379883
2019-11-22,12.226541519165039
2019-11-25,12.405512809753418
2019-11-26,12.546806335449219
2019-11-27,12.603324890136719
2019-11-29,12.405512809753418
2019-12-02,12.405512809753418
2019-12-03,12.16060733795166
2019-12-04,12.311318397521973
2019-12-05,12.509127616882324
2019-12-06,12.69752025604248
2019-12-09,12.706937789916992
2019-12-10,12.66926097869873
2019-12-11,12.754036903381348
2019-12-12,13.215592384338379
2019-12-13,13.102560043334961
2019-12-16,13.272109985351562
2019-12-17,13.33804702758789
2019-12-18,13.545276641845703
2019-12-19,13.479339599609375
2019-12-20,13.479339599609375
2019-12-23,13.479339599609375
2019-12-24,13.460501670837402
2019-12-26,13.686569213867188
2019-12-27,13.63005256652832
2019-12-30,13.620633125305176
2019-12-31,13.667730331420898
2020-01-02,13.950315475463867
2020-01-03,13.959734916687012
2020-01-06,13.912639617919922
2020-01-07,14.06335163116455
2020-01-08,14.101029396057129
2020-01-09,13.950315475463867
2020-01-10,13.8655424118042
2020-01-13,14.0350923538208
2020-01-14,14.176384925842285
2020-01-15,14.261160850524902
2020-01-16,14.364776611328125
2020-01-17,14.345935821533203
2020-01-21,13.978571891784668
2020-01-22,13.931476593017578
2020-01-23,13.856119155883789
2020-01-24,13.517019271850586
2020-01-27,13.281529426574707
2020-01-28,13.111980438232422
2020-01-29,12.989523887634277
2020-01-30,13.196756362915039
2020-01-31,13.159076690673828
2020-02-03,13.20617389678955
2020-02-04,13.32862663269043
2020-02-05,13.564115524291992
2020-02-06,13.884379386901855
2020-02-07,13.60179328918457
2020-02-10,13.262690544128418
2020-02-11,13.639472007751465
2020-02-12,13.940896034240723
2020-02-13,13.950315475463867
2020-02-14,14.110448837280273
2020-02-18,14.053930282592773
2020-02-19,14.176384925842285
2020-02-20,14.110448837280273
2020-02-21,13.931476593017578
2020-02-24,13.215592384338379
2020-02-25,12.471450805664062
2020-02-26,11.991055488586426
2020-02-27,11.567176818847656
2020-02-28,11.717887878417969
2020-03-02,11.925117492675781
2020-03-03,11.388205528259277
2020-03-04,11.397624015808105
2020-03-05,10.672321319580078
2020-03-06,10.606385231018066
2020-03-09,9.881084442138672
2020-03-10,10.51826286315918
2020-03-11,9.84304141998291
2020-03-12,8.95859432220459
2020-03-13,10.090304374694824
2020-03-16,9.776468276977539
2020-03-17,10.194917678833008
2020-03-18,8.71132755279541
2020-03-19,8.863492012023926
2020-03-20,8.283371925354004
2020-03-23,7.74129056930542
2020-03-24,8.226310729980469
2020-03-25,8.188267707824707
2020-03-26,8.71132755279541
2020-03-27,8.007575035095215
2020-03-30,8.42602252960205
2020-03-31,8.549653053283691
2020-04-01,8.1692476272583
2020-04-02,7.769820690155029
2020-04-03,7.836391925811768
2020-04-06,8.540143013000488
2020-04-07,8.559165954589844
2020-04-08,8.69230842590332
2020-04-09,9.215370178222656
2020-04-13,9.11075496673584
2020-04-14,9.196348190307617
2020-04-15,8.673288345336914
2020-04-16,8.273860931396484
2020-04-17,8.72083854675293
2020-04-20,8.57818603515625
2020-04-21,8.19777774810791
2020-04-22,8.226310729980469
2020-04-23,8.387982368469238
2020-04-24,8.549653053283691
2020-04-27,9.129777908325195
2020-04-28,9.424592018127441
2020-04-29,10.280508041381836
2020-04-30,9.71940803527832
2020-05-01,9.224878311157227
2020-05-04,9.424592018127441
2020-05-05,9.329490661621094
2020-05-06,9.500673294067383
2020-05-07,9.443613052368164
2020-05-08,10.698957443237305
2020-05-11,10.442181587219238
2020-05-12,10.270999908447266
2020-05-13,10.394631385803223
2020-05-14,10.461203575134277
2020-05-15,10.470714569091797
2020-05-18,10.727486610412598
2020-05-19,10.727486610412598
2020-05-20,11.079364776611328
2020-05-21,10.984262466430664
2020-05-22,11.060342788696289
2020-05-26,11.41222095489502
2020-05-27,11.697525024414062
2020-05-28,11.43124008178711
2020-05-29,11.65948486328125
2020-06-01,11.64046573638916
2020-06-02,11.716545104980469
2020-06-03,12.334709167480469
2020-06-04,12.211076736450195
2020-06-05,12.40127944946289
2020-06-08,12.762667655944824
2020-06-09,12.28715705871582
2020-06-10,11.830668449401855
2020-06-11,10.879651069641113
2020-06-12,11.174466133117676
2020-06-15,11.260058403015137
2020-06-16,11.526342391967773
2020-06-17,11.773609161376953
2020-06-18,11.393200874328613
2020-06-19,11.298100471496582
2020-06-22,11.402710914611816
2020-06-23,11.478791236877441
2020-06-24,11.11740493774414
2020-06-25,11.193486213684082
2020-06-26,10.974753379821777
2020-06-29,11.155444145202637
2020-06-30,11.364670753479004
2020-07-01,11.526342391967773
2020-07-02,11.50732421875
2020-07-06,11.61193561553955
2020-07-07,11.440751075744629
2020-07-08,11.298100471496582
2020-07-09,11.155444145202637
2020-07-10,11.393200874328613
2020-07-13,11.37417984008789
2020-07-14,11.773609161376953
2020-07-15,12.096955299377441
2020-07-16,12.163525581359863
2020-07-17,12.173035621643066
2020-07-20,12.106465339660645
2020-07-21,12.134994506835938
2020-07-22,12.220588684082031
2020-07-23,12.106465339660645
2020-07-24,12.087444305419922
2020-07-27,12.277647018432617
2020-07-28,12.106465339660645
2020-07-29,12.230096817016602
2020-07-30,12.28715705871582
2020-07-31,12.134994506835938
2020-08-03,12.344220161437988
2020-08-04,12.724627494812012
2020-08-05,12.658055305480957
2020-08-06,12.838748931884766
2020-08-07,13.618581771850586
2020-08-10,14.21772575378418
2020-08-11,14.20821475982666
2020-08-12,14.512541770935059
2020-08-13,14.674215316772461
2020-08-14,14.674215316772461
2020-08-17,14.445968627929688
2020-08-18,14.541071891784668
2020-08-19,14.503030776977539
2020-08-20,14.445968627929688
2020-08-21,13.913399696350098
2020-08-24,14.1226224899292
2020-08-25,14.227234840393066
2020-08-26,14.246255874633789
2020-08-27,14.284297943115234
2020-08-28,14.493521690368652
2020-08-31,14.331846237182617
2020-09-01,14.360379219055176
2020-09-02,14.455479621887207
2020-09-03,14.417438507080078
2020-09-04,14.19870662689209
2020-09-08,13.894377708435059
2020-09-09,14.407928466796875
2020-09-10,14.132132530212402
2020-09-11,14.312827110290527
2020-09-14,14.455479621887207
2020-09-15,14.579930305480957
2020-09-16,14.340600967407227
2020-09-17,14.512917518615723
2020-09-18,14.819257736206055
2020-09-21,13.85236930847168
2020-09-22,14.043834686279297
2020-09-23,13.555601119995117
2020-09-24,13.373711585998535
2020-09-25,13.392858505249023
2020-09-28,13.670480728149414
2020-09-29,13.18224811553955
2020-09-30,13.383284568786621
2020-10-01,13.546027183532715
2020-10-02,13.565174102783203
2020-10-05,13.708771705627441
2020-10-06,13.613040924072266
2020-10-07,13.555601119995117
2020-10-08,13.727919578552246
2020-10-09,13.555601119995117
2020-10-12,13.546027183532715
2020-10-13,13.622613906860352
2020-10-14,13.517308235168457
2020-10-15,13.297127723693848
2020-10-16,13.344992637634277
2020-10-19,13.096090316772461
2020-10-20,13.210968017578125
2020-10-21,13.268406867980957
2020-10-22,13.27797794342041
2020-10-23,13.316271781921387
2020-10-26,13.009932518005371
2020-10-27,12.78017520904541
2020-10-28,12.330236434936523
2020-10-29,12.40682315826416
2020-10-30,12.46426010131836
2020-11-02,12.627004623413086
2020-11-03,12.808895111083984
2020-11-04,12.799322128295898
2020-11-05,13.306699752807617
2020-11-06,14.493772506713867
2020-11-09,15.15432071685791
2020-11-10,15.776575088500977
2020-11-11,16.50413703918457
2020-11-12,15.881884574890137
2020-11-13,16.446697235107422
2020-11-16,16.848772048950195
2020-11-17,17.049806594848633
2020-11-18,16.877490997314453
2020-11-19,16.877490997314453
2020-11-20,16.81047821044922
2020-11-23,17.174259185791016
2020-11-24,17.404014587402344
2020-11-25,17.24127197265625
2020-11-27,17.049806594848633
2020-11-30,17.049806594848633
2020-12-01,17.471027374267578
2020-12-02,17.652917861938477
2020-12-03,17.777366638183594
2020-12-04,17.873096466064453
2020-12-07,17.68163299560547
2020-12-08,17.652917861938477
2020-12-09,17.499746322631836
2020-12-10,17.471027374267578
2020-12-11,17.097671508789062
2020-12-14,16.877490997314453
2020-12-15,17.250844955444336
2020-12-16,16.887060165405273
2020-12-17,16.83919906616211
2020-12-18,16.552003860473633
2020-12-21,16.762615203857422
2020-12-22,16.772186279296875
2020-12-23,16.753040313720703
2020-12-24,16.925357818603516
2020-12-28,17.317855834960938
2020-12-29,17.08810043334961
2020-12-30,17.14554214477539
2020-12-31,17.011516571044922
2021-01-04,17.193405151367188
2021-01-05,17.289134979248047
2021-01-06,18.007122039794922
2021-01-07,17.499746322631836
2021-01-08,17.384870529174805
2021-01-11,17.490169525146484
2021-01-12,17.298709869384766
2021-01-13,17.193405151367188
2021-01-14,17.547611236572266
2021-01-15,17.538036346435547
2021-01-19,17.547611236572266
2021-01-20,17.83480453491211
2021-01-21,17.940114974975586
2021-01-22,17.461454391479492
2021-01-25,17.566757202148438
2021-01-26,17.949684143066406
2021-01-27,18.208162307739258
2021-01-28,18.093286514282227
2021-01-29,18.07413673400879
2021-02-01,17.987977981567383
2021-02-02,18.409196853637695
2021-02-03,18.437915802001953
2021-02-04,18.78255271911621
2021-02-05,19.931331634521484
2021-02-08,20.486576080322266
2021-02-09,21.032243728637695
2021-02-10,21.644927978515625
2021-02-11,21.98956298828125
2021-02-12,22.496938705444336
2021-02-16,22.20974349975586
2021-02-17,21.922550201416016
2021-02-18,21.62578010559082
2021-02-19,21.453466415405273
2021-02-22,22.123586654663086
2021-02-23,22.094865798950195
2021-02-24,22.248035430908203
2021-02-25,21.68321990966797
2021-02-26,21.941692352294922
2021-03-01,22.717121124267578
2021-03-02,22.114009857177734
2021-03-03,22.066144943237305
2021-03-04,21.798097610473633
2021-03-05,22.496938705444336
2021-03-08,22.238466262817383
2021-03-09,22.784130096435547
2021-03-10,23.329805374145508
2021-03-11,23.463829040527344
2021-03-12,23.865901947021484
2021-03-15,23.664865493774414
2021-03-16,24.24158477783203
2021-03-17,23.95322608947754
2021-03-18,24.22236442565918
2021-03-19,24.155075073242188
2021-03-22,23.77059555053711
2021-03-23,23.232322692871094
2021-03-24,22.770946502685547
2021-03-25,23.47262191772461
2021-03-26,23.07853126525879
2021-03-29,22.482582092285156
2021-03-30,22.905513763427734
2021-03-31,22.54986572265625
2021-04-01,23.068918228149414
2021-04-05,23.568744659423828
2021-04-06,23.587970733642578
2021-04-07,23.414953231811523
2021-04-08,23.74176025390625
2021-04-09,23.674474716186523
2021-04-12,23.81865692138672
2021-04-13,23.318832397460938
2021-04-14,23.62641716003418
2021-04-15,23.83788299560547
2021-04-16,23.934001922607422
2021-04-19,23.914775848388672
2021-04-20,23.751371383666992
2021-04-21,24.42421531677246
2021-04-22,24.11663055419922
2021-04-23,23.92439079284668
2021-04-26,23.857105255126953
2021-04-27,23.645639419555664
2021-04-28,23.366891860961914
2021-04-29,23.511070251464844
2021-04-30,23.366891860961914
2021-05-03,23.424562454223633
2021-05-04,22.655597686767578
2021-05-05,23.126588821411133
2021-05-06,23.011247634887695
2021-05-07,24.385766983032227
2021-05-10,24.2800350189209
2021-05-11,24.645296096801758
2021-05-12,23.299604415893555
2021-05-13,23.414953231811523
2021-05-14,23.95322608947754
2021-05-17,24.135854721069336
2021-05-18,23.943613052368164
2021-05-19,23.664865493774414
2021-05-20,24.6933536529541
2021-05-21,24.270421981811523
2021-05-24,24.597232818603516
2021-05-25,24.481891632080078
2021-05-26,24.702964782714844
2021-05-27,24.943267822265625
2021-05-28,24.6933536529541
2021-06-01,24.107019424438477
2021-06-02,23.587970733642578
2021-06-03,23.530298233032227
2021-06-04,23.81865692138672
2021-06-07,23.414953231811523
2021-06-08,24.29926300048828
2021-06-09,24.2800350189209
2021-06-10,24.135854721069336
2021-06-11,24.558786392211914
2021-06-14,24.107019424438477
2021-06-15,23.77059555053711
2021-06-16,23.655254364013672
2021-06-17,23.261159896850586
2021-06-18,22.895898818969727
2021-06-21,23.35727882385254
2021-06-22,23.213096618652344
2021-06-23,23.04969596862793
2021-06-24,23.22270965576172
2021-06-25,23.251548767089844
2021-06-28,23.24193572998047
2021-06-29,23.155426025390625
2021-06-30,23.405338287353516
2021-07-01,23.799434661865234
2021-07-02,23.511070251464844
2021-07-06,23.155426025390625
2021-07-07,22.93435287475586
2021-07-08,22.530643463134766
2021-07-09,23.22270965576172
2021-07-12,23.414953231811523
2021-07-13,22.93435287475586
2021-07-14,22.780555725097656
2021-07-15,22.73249626159668
2021-07-16,22.098098754882812
2021-07-19,21.771291732788086
2021-07-20,22.165386199951172
2021-07-21,22.47296905517578
2021-07-22,22.290342330932617
2021-07-23,22.617151260375977
2021-07-26,22.751720428466797
2021-07-27,22.597930908203125
2021-07-28,22.684438705444336
2021-07-29,22.521028518676758
2021-07-30,22.597930908203125
2021-08-02,22.73249626159668
2021-08-03,22.165386199951172
2021-08-04,22.501806259155273
2021-08-05,22.8670654296875
2021-08-06,22.838228225708008
2021-08-09,22.70366096496582
2021-08-10,22.521028518676758
2021-08-11,22.415300369262695
2021-08-12,22.290342330932617
2021-08-13,21.896249771118164
2021-08-16,22.02120590209961
2021-08-17,21.454092025756836
2021-08-18,20.742801666259766
2021-08-19,20.464052200317383
2021-08-20,20.656293869018555
2021-08-23,20.97348976135254
2021-08-24,20.944656372070312
2021-08-25,21.13689613342285
2021-08-26,21.09844970703125
2021-08-27,21.300304412841797
2021-08-30,21.127283096313477
2021-08-31,21.17534637451172
2021-09-01,21.521379470825195
2021-09-02,21.386810302734375
2021-09-03,21.271465301513672
2021-09-07,20.90620994567871
2021-09-08,20.838924407958984
2021-09-09,20.69474220275879
2021-09-10,20.608234405517578
2021-09-13,20.598621368408203
2021-09-14,20.675878524780273
2021-09-15,20.83039093017578
2021-09-16,21.245649337768555
2021-09-17,20.98490333557129
2021-09-20,20.59861946105957
2021-09-21,20.965591430664062
2021-09-22,21.75747299194336
2021-09-23,22.906667709350586
2021-09-24,23.312267303466797
2021-09-27,23.18672752380371
2021-09-28,22.94529914855957
2021-09-29,22.761816024780273
2021-09-30,22.4334716796875
2021-10-01,22.771472930908203
2021-10-04,22.50107192993164
2021-10-05,22.7811279296875
2021-10-06,22.53969955444336
2021-10-07,22.97426986694336
2021-10-08,23.10947036743164
2021-10-11,23.05152702331543
2021-10-12,23.167409896850586
2021-10-13,23.03221321105957
2021-10-14,23.33158302307129
2021-10-15,23.292957305908203
2021-10-18,23.05152702331543
2021-10-19,23.148096084594727
2021-10-20,23.360553741455078
2021-10-21,23.24466896057129
2021-10-22,23.52472686767578
2021-10-25,23.611637115478516
2021-10-26,23.177066802978516
2021-10-27,21.68987464904785
2021-10-28,22.027870178222656
2021-10-29,21.78644371032715
2021-11-01,22.549358367919922
2021-11-02,22.346555709838867
2021-11-03,22.13409996032715
2021-11-04,22.58798599243164
2021-11-05,23.42815399169922
2021-11-08,23.1287841796875
2021-11-09,22.88735580444336
2021-11-10,22.684560775756836
2021-11-11,22.761816024780273
2021-11-12,22.96461296081543
2021-11-15,22.6072998046875
2021-11-16,22.858383178710938
2021-11-17,22.703872680664062
2021-11-18,22.55901336669922
2021-11-19,21.554672241210938
2021-11-22,21.892675399780273
2021-11-23,21.60295867919922
2021-11-24,21.52570343017578
2021-11-26,20.869022369384766
2021-11-29,21.1297607421875
2021-11-30,20.811077117919922
2021-12-01,20.47307777404785
2021-12-02,21.120107650756836
2021-12-03,21.120107650756836
2021-12-06,21.26495933532715
2021-12-07,21.4774169921875
2021-12-08,21.60295867919922
2021-12-09,21.197362899780273
2021-12-10,20.83039093017578
2021-12-13,20.72416114807129
2021-12-14,20.386167526245117
2021-12-15,20.72416114807129
2021-12-16,20.869022369384766
2021-12-17,20.762788772583008
2021-12-20,20.386167526245117
2021-12-21,21.207019805908203
2021-12-22,21.32290267944336
2021-12-23,21.77678680419922
2021-12-27,22.095470428466797
2021-12-28,22.143760681152344
2021-12-29,21.989242553710938
2021-12-30,21.950613021850586
2021-12-31,21.728504180908203
2022-01-03,22.095470428466797
2022-01-04,21.998903274536133
2022-01-05,21.284273147583008
2022-01-06,21.979589462280273
2022-01-07,21.911989212036133
2022-01-10,21.66090202331543
2022-01-11,21.93130111694336
2022-01-12,22.076160430908203
2022-01-13,22.39484405517578
2022-01-14,22.153417587280273
2022-01-18,21.64158821105957
2022-01-19,21.535358428955078
2022-01-20,21.158733367919922
2022-01-21,20.91730499267578
2022-01-24,21.438791275024414
2022-01-25,21.0428466796875
2022-01-26,20.820735931396484
2022-01-27,20.31856346130371
2022-01-28,21.01387596130371
2022-01-31,21.4774169921875
2022-02-01,21.48707389831543
2022-02-02,21.651247024536133
2022-02-03,21.76712989807129
2022-02-04,21.950613021850586
2022-02-07,22.01821517944336
2022-02-08,22.48175811767578
2022-02-09,23.080495834350586
2022-02-10,22.79078483581543
2022-02-11,22.18238639831543
2022-02-14,21.8250732421875
2022-02-15,22.6072998046875
2022-02-16,23.13844108581543
2022-02-17,22.269302368164062
2022-02-18,21.60295867919922
2022-02-22,21.26495933532715
2022-02-23,20.869022369384766
2022-02-24,20.946277618408203
2022-02-25,21.573989868164062
2022-02-28,21.66090202331543
2022-03-01,20.801422119140625
2022-03-02,21.86370277404785
2022-03-03,21.149076461791992
2022-03-04,20.617935180664062
2022-03-07,19.816394805908203
2022-03-08,19.85502052307129
2022-03-09,20.7821102142334
2022-03-10,20.59861946105957
2022-03-11,20.675878524780273
2022-03-14,20.74347496032715
2022-03-15,20.80169105529785
2022-03-16,21.442041397094727
2022-03-17,22.072689056396484
2022-03-18,21.76221466064453
2022-03-21,21.626384735107422
2022-03-22,21.810726165771484
2022-03-23,21.587574005126953
2022-03-24,22.16971206665039
2022-03-25,22.266738891601562
2022-03-28,22.179414749145508
2022-03-29,22.51899528503418
2022-03-30,22.37346076965332
2022-03-31,21.849536895751953
2022-04-01,21.645788192749023
2022-04-04,21.7816219329834
2022-04-05,21.684600830078125
2022-04-06,21.383827209472656
2022-04-07,21.0345458984375
2022-04-08,21.0345458984375
2022-04-11,20.840499877929688
2022-04-12,20.743473052978516
2022-04-13,21.422636032104492
2022-04-14,20.840499877929688
2022-04-18,20.83079719543457
2022-04-19,21.471145629882812
2022-04-20,21.529361724853516
2022-04-21,21.06365394592285
2022-04-22,20.481517791748047
2022-04-25,20.500919342041016
2022-04-26,19.685930252075195
2022-04-27,19.831464767456055
2022-04-28,19.86056900024414
2022-04-29,19.317241668701172
2022-05-02,19.705331802368164
2022-05-03,19.64712142944336
2022-05-04,20.161340713500977
2022-05-05,19.00676918029785
2022-05-06,16.406557083129883
2022-05-09,17.066312789916992
2022-05-10,17.095420837402344
2022-05-11,16.50358009338379
2022-05-12,17.076013565063477
2022-05-13,17.41559600830078
2022-05-16,17.318571090698242
2022-05-17,18.075349807739258
2022-05-18,17.21184730529785
2022-05-19,17.250654220581055
2022-05-20,17.357379913330078
2022-05-23,17.240955352783203
2022-05-24,16.367748260498047
2022-05-25,16.6394100189209
2022-05-26,16.881969451904297
2022-05-27,17.318571090698242
2022-05-31,17.056610107421875
2022-06-01,16.862564086914062
2022-06-02,17.483510971069336
2022-06-03,16.94988441467285
2022-06-06,17.1633358001709
2022-06-07,17.308870315551758
2022-06-08,16.98869514465332
2022-06-09,16.620006561279297
2022-06-10,16.309534072875977
2022-06-13,15.416925430297852
2022-06-14,15.329605102539062
2022-06-15,15.329605102539062
2022-06-16,15.184070587158203
2022-06-17,15.261686325073242
2022-06-21,15.038536071777344
2022-06-22,14.922107696533203
2022-06-23,15.057941436767578
2022-06-24,15.60126781463623
2022-06-27,15.572159767150879
2022-06-28,15.339306831359863
2022-06-29,15.174367904663086
2022-06-30,15.416925430297852
2022-07-01,15.620673179626465
2022-07-05,15.475137710571289
2022-07-06,15.426626205444336
2022-07-07,15.649778366088867
2022-07-08,15.552755355834961
2022-07-11,15.193772315979004
2022-07-12,15.44603157043457
2022-07-13,15.310199737548828
2022-07-14,15.048237800598145
2022-07-15,15.54305362701416
2022-07-18,15.504243850708008
2022-07-19,16.057273864746094
2022-07-20,16.435665130615234
2022-07-21,16.620006561279297
2022-07-22,16.629711151123047
2022-07-25,16.610305786132812
2022-07-26,16.416259765625
2022-07-27,16.707324981689453
2022-07-28,16.72673225402832
2022-07-29,16.765541076660156
2022-08-01,16.775245666503906
2022-08-02,16.687923431396484
2022-08-03,17.19244384765625
2022-08-04,17.027503967285156
2022-08-05,16.678220748901367
2022-08-08,17.056610107421875
2022-08-09,17.9880313873291
2022-08-10,18.10445785522461
2022-08-11,18.337312698364258
2022-08-12,18.50225067138672
2022-08-15,18.1917781829834
2022-08-16,18.337312698364258
2022-08-17,18.085052490234375
2022-08-18,18.026838302612305
2022-08-19,17.677555084228516
2022-08-22,17.250654220581055
2022-08-23,17.134227752685547
2022-08-24,17.28946304321289
2022-08-25,17.570831298828125
2022-08-26,17.182737350463867
2022-08-29,17.095420837402344
2022-08-30,16.930479049682617
2022-08-31,16.72673225402832
2022-09-01,16.755836486816406
2022-09-02,16.784942626953125
2022-09-06,16.290130615234375
2022-09-07,16.59090232849121
2022-09-08,16.53268814086914
2022-09-09,17.19244384765625
2022-09-12,17.41559600830078
2022-09-13,16.693603515625
2022-09-14,16.713115692138672
2022-09-15,17.025327682495117
2022-09-16,16.498470306396484
2022-09-19,16.50822639465332
2022-09-20,16.449687957763672
2022-09-21,15.932584762573242
2022-09-22,15.639884948730469
2022-09-23,15.28864860534668
2022-09-26,14.976436614990234
2022-09-27,14.898382186889648
2022-09-28,15.298404693603516
2022-09-29,14.947163581848145
2022-09-30,15.044731140136719
2022-10-03,15.513050079345703
2022-10-04,16.27406883239746
2022-10-05,16.0301513671875
2022-10-06,15.795992851257324
2022-10-07,15.46426773071289
2022-10-10,15.434998512268066
2022-10-11,15.376458168029785
2022-10-12,15.47402286529541
2022-10-13,15.883804321289062
2022-10-14,15.571589469909668
2022-10-17,15.961854934692383
2022-10-18,16.069175720214844
2022-10-19,16.342363357543945
2022-10-20,16.498470306396484
2022-10-21,16.91800308227539
2022-10-24,16.596036911010742
2022-10-25,16.947275161743164
2022-10-26,16.781414031982422
2022-10-27,16.527742385864258
2022-10-28,16.72287368774414
2022-10-31,16.713115692138672
2022-11-01,16.800922393798828
2022-11-02,16.313095092773438
2022-11-03,16.27406883239746
2022-11-04,16.50822639465332
2022-11-07,16.537498474121094
2022-11-08,16.91800308227539
2022-11-09,16.05942153930664
2022-11-10,17.05459976196289
2022-11-11,17.844886779785156
2022-11-14,17.952207565307617
2022-11-15,17.961965560913086
2022-11-16,17.766834259033203
2022-11-17,17.864398956298828
2022-11-18,17.727806091308594
2022-11-21,17.28875732421875
2022-11-22,17.688777923583984
2022-11-23,18.030263900756836
2022-11-25,18.127830505371094
2022-11-28,18.0107479095459
2022-11-29,18.361988067626953
2022-11-30,18.97665786743164
2022-12-01,18.957141876220703
2022-12-02,18.957141876220703
2022-12-05,18.498579025268555
2022-12-06,18.2741756439209
2022-12-07,18.020505905151367
2022-12-08,17.94245147705078
2022-12-09,17.83513069152832
2022-12-12,17.932695388793945
2022-12-13,18.50833511352539
2022-12-14,18.518091201782227
2022-12-15,17.600971221923828
2022-12-16,17.63024139404297
2022-12-19,17.269245147705078
2022-12-20,17.31802749633789
2022-12-21,17.532672882080078
2022-12-22,17.63024139404297
2022-12-23,18.10831642150879
2022-12-27,18.10831642150879
2022-12-28,17.757076263427734
2022-12-29,18.0107479095459
2022-12-30,17.991235733032227
2023-01-03,18.040019989013672
2023-01-04,18.771764755249023
2023-01-05,18.430280685424805
2023-01-06,18.73274040222168
2023-01-09,18.801036834716797
2023-01-10,19.113250732421875
2023-01-11,19.142518997192383
2023-01-12,19.240083694458008
2023-01-13,19.337650299072266
2023-01-17,19.142518997192383
2023-01-18,18.762008666992188
2023-01-19,18.596147537231445
2023-01-20,19.162031173706055
2023-01-23,19.444976806640625
2023-01-24,19.42546272277832
2023-01-25,20.352338790893555
2023-01-26,20.498689651489258
2023-01-27,20.205989837646484
2023-01-30,19.864511489868164
2023-01-31,19.942564010620117
2023-02-01,20.401121139526367
2023-02-02,21.14263153076172
2023-02-03,20.87919807434082
2023-02-06,20.420637130737305
2023-02-07,20.625526428222656
2023-02-08,20.58650016784668
2023-02-09,20.34258460998535
2023-02-10,18.352230072021484
2023-02-13,18.566877365112305
2023-02-14,18.55712127685547
2023-02-15,18.849817276000977
2023-02-16,18.381498336791992
2023-02-17,18.644929885864258
2023-02-21,17.961965560913086
2023-02-22,17.41559410095215
2023-02-23,17.269245147705078
2023-02-24,17.181432723999023
2023-02-27,17.025327682495117
2023-02-28,16.839950561523438
2023-03-01,16.683849334716797
2023-03-02,16.96678924560547
2023-03-03,17.005817413330078
2023-03-06,16.77165412902832
2023-03-07,16.605792999267578
2023-03-08,16.498470306396484
2023-03-09,16.0301513671875
2023-03-10,15.786235809326172
2023-03-13,15.376458168029785
2023-03-14,15.779032707214355
2023-03-15,15.700481414794922
2023-03-16,16.083419799804688
2023-03-17,15.76921272277832
2023-03-20,15.896862983703613
2023-03-21,16.004867553710938
2023-03-22,15.621930122375488
2023-03-23,15.965593338012695
2023-03-24,16.044145584106445
2023-03-27,16.279802322387695
2023-03-28,16.43690299987793
2023-03-29,16.75110626220703
2023-03-30,16.780563354492188
2023-03-31,17.114410400390625
2023-04-03,17.281330108642578
2023-04-04,17.143863677978516
2023-04-05,17.134048461914062
2023-04-06,17.124229431152344
2023-04-10,17.2224178314209
2023-04-11,17.39915657043457
2023-04-12,17.153682708740234
2023-04-13,17.467891693115234
2023-04-14,17.232234954833984
2023-04-17,17.173322677612305
2023-04-18,17.134048461914062
2023-04-19,17.2224178314209
2023-04-20,17.134048461914062
2023-04-21,17.124229431152344
2023-04-24,17.104591369628906
2023-04-25,16.77074432373047
2023-04-26,16.51545524597168
2023-04-27,17.035858154296875
2023-04-28,17.42861557006836
2023-05-01,17.21259880065918
2023-05-02,16.80020523071289
2023-05-03,16.878755569458008
2023-05-04,16.544910430908203
2023-05-05,16.94748878479004
2023-05-08,16.967126846313477
2023-05-09,16.77074432373047
2023-05-10,16.525272369384766
2023-05-11,16.525272369384766
2023-05-12,17.958837509155273
2023-05-15,18.53815460205078
2023-05-16,18.13558006286621
2023-05-17,18.47924041748047
2023-05-18,18.518516540527344
2023-05-19,18.36141586303711
2023-05-22,18.30249786376953
2023-05-23,18.13558006286621
2023-05-24,17.99811363220215
2023-05-25,17.98829460144043
2023-05-26,18.30249786376953
2023-05-30,18.57743263244629
2023-05-31,18.145397186279297
2023-06-01,18.53815460205078
2023-06-02,18.665803909301758
2023-06-05,18.47924041748047
2023-06-06,18.76399040222168
2023-06-07,19.196022033691406
2023-06-08,18.98000717163086
2023-06-09,19.068376541137695
2023-06-12,18.862178802490234
2023-06-13,19.29421043395996
2023-06-14,19.13711166381836
2023-06-15,19.4022216796875
2023-06-16,19.441495895385742
2023-06-20,18.999645233154297
2023-06-21,19.146928787231445
2023-06-22,18.734535217285156
2023-06-23,18.65598487854004
2023-06-26,18.803266525268555
2023-06-27,19.127290725708008
2023-06-28,19.39240264892578
2023-06-29,19.382583618164062
2023-06-30,19.362945556640625
2023-07-03,19.41204071044922
2023-07-05,19.353126525878906
2023-07-06,19.3334903717041
2023-07-07,19.54950523376465
2023-07-10,19.4022216796875
2023-07-11,19.716426849365234
2023-07-12,19.96190071105957
2023-07-13,20.138641357421875
2023-07-14,20.03063201904297
2023-07-17,20.26629066467285
2023-07-18,20.433210372924805
2023-07-19,20.02081298828125
2023-07-20,19.745885848999023
2023-07-21,19.52004623413086
2023-07-24,19.215660095214844
2023-07-25,19.1763858795166
2023-07-26,19.11747169494629
2023-07-27,19.18620491027832
2023-07-28,19.304031372070312
2023-07-31,19.745885848999023
2023-08-01,19.755704879760742
2023-08-02,19.677154541015625
2023-08-03,19.775339126586914
2023-08-04,19.93244171142578
2023-08-07,20.26629066467285
2023-08-08,20.41357421875
2023-08-09,20.40375328063965
2023-08-10,20.335018157958984
2023-08-11,21.297277450561523
2023-08-14,21.690034866333008
2023-08-15,20.992887496948242
2023-08-16,21.199087142944336
2023-08-17,20.806331634521484
2023-08-18,20.806331634521484
2023-08-21,20.659046173095703
2023-08-22,20.74741554260254
2023-08-23,20.94379425048828
2023-08-24,20.727779388427734
2023-08-25,20.816150665283203
2023-08-28,20.933977127075195
2023-08-29,21.248180389404297
2023-08-30,21.464197158813477
2023-08-31,21.601667404174805
2023-09-01,21.39546775817871
2023-09-05,21.307096481323242
2023-09-06,21.36600685119629
2023-09-07,21.149993896484375
2023-09-08,21.267820358276367
2023-09-11,21.267820358276367
2023-09-12,21.169174194335938
2023-09-13,20.616764068603516
2023-09-14,20.892969131469727
2023-09-15,20.6956787109375
2023-09-18,20.350421905517578
2023-09-19,20.360286712646484
2023-09-20,20.123538970947266
2023-09-21,20.380016326904297
2023-09-22,20.084081649780273
2023-09-25,20.182723999023438
2023-09-26,20.07421875
2023-09-27,20.11367416381836
2023-09-28,20.49839210510254
2023-09-29,20.58717155456543
2023-10-02,20.51811981201172
2023-10-03,19.867063522338867
2023-10-04,20.291236877441406
2023-10-05,20.182723999023438
2023-10-06,20.6956787109375
2023-10-09,20.774595260620117
2023-10-10,21.21849822998047
2023-10-11,21.40592384338379
2023-10-12,21.32700538635254
2023-10-13,21.435516357421875
2023-10-16,22.37264060974121
2023-10-17,22.67844009399414
2023-10-18,22.32331657409668
2023-10-19,22.05698013305664
2023-10-20,21.662397384643555
2023-10-23,21.593347549438477
2023-10-24,21.95833396911621
2023-10-25,21.031070709228516
2023-10-26,20.95215606689453
2023-10-27,20.666086196899414
2023-10-30,21.07052993774414
2023-10-31,21.149446487426758
2023-11-01,21.198768615722656
2023-11-02,21.800500869750977
2023-11-03,22.3529109954834
2023-11-06,22.155622482299805
2023-11-07,21.928739547729492
2023-11-08,21.997791290283203
2023-11-09,21.82023048400879
2023-11-10,21.484838485717773
2023-11-13,21.011341094970703
2023-11-14,21.573619842529297
2023-11-15,21.593347549438477
2023-11-16,21.67226219177246
2023-11-17,21.622941970825195
2023-11-20,21.87941551208496
2023-11-21,22.066844940185547
2023-11-22,22.530473709106445
2023-11-24,22.629117965698242
2023-11-27,23.151935577392578
2023-11-28,22.964509963989258
2023-11-29,23.0828857421875
2023-11-30,22.727764129638672
2023-12-01,22.836271286010742
2023-12-04,22.767221450805664
2023-12-05,22.41209602355957
2023-12-06,22.530473709106445
2023-12-07,22.629117965698242
2023-12-08,22.629117965698242
2023-12-11,22.786949157714844
2023-12-12,22.727764129638672
2023-12-13,23.457733154296875
2023-12-14,24.089059829711914
2023-12-15,24.19757080078125
2023-12-18,24.118654251098633
2023-12-19,24.513233184814453
2023-12-20,24.138381958007812
2023-12-21,24.47377586364746
2023-12-22,24.602014541625977
2023-12-26,24.95713233947754
2023-12-27,25.262935638427734
2023-12-28,25.470088958740234
2023-12-29,25.371442794799805
2024-01-02,25.262935638427734
2024-01-03,25.134695053100586
2024-01-04,25.03605079650879
2024-01-05,25.233341217041016
2024-01-08,25.440494537353516
2024-01-09,25.026187896728516
2024-01-10,24.97686195373535
2024-01-11,25.026187896728516
2024-01-12,24.996591567993164
2024-01-16,24.463911056518555
2024-01-17,24.177841186523438
2024-01-18,24.256757736206055
2024-01-19,24.671066284179688
2024-01-22,24.858491897583008
2024-01-23,24.9472713470459
2024-01-24,25.282663345336914
2024-01-25,25.331987380981445
2024-01-26,25.401037216186523
2024-01-29,25.795618057250977
2024-01-30,25.440494537353516
2024-01-31,25.22347640991211
2024-02-01,25.351715087890625
2024-02-02,25.351715087890625
2024-02-05,24.838762283325195
2024-02-06,25.351715087890625
2024-02-07,24.95713233947754
2024-02-08,26.643962860107422
2024-02-09,26.841249465942383
2024-02-12,26.88071060180664
2024-02-13,26.584775924682617
2024-02-14,26.841249465942383
2024-02-15,27.295015335083008
2024-02-16,27.038541793823242
2024-02-20,27.028676986694336
2024-02-21,26.860979080200195
2024-02-22,27.255558013916016
2024-02-23,27.206235885620117
2024-02-26,27.147048950195312
2024-02-27,27.196369171142578
2024-02-28,27.10759162902832
2024-02-29,27.610679626464844
2024-03-01,27.028676986694336
2024-03-04,26.673555374145508
2024-03-05,26.5551815032959
2024-03-06,26.722877502441406
2024-03-07,26.841249465942383
2024-03-08,26.979352951049805
2024-03-11,27.038541793823242
2024-03-12,26.998937606811523
2024-03-13,27.02863883972168
2024-03-14,26.761322021484375
2024-03-15,26.177188873291016
2024-03-18,26.09798240661621
2024-03-19,26.375198364257812
2024-03-20,26.543508529663086
2024-03-21,26.949434280395508
2024-03-22,26.533607482910156
2024-03-25,26.63261604309082
2024-03-26,26.62271499633789
2024-03-27,26.860328674316406
2024-03-28,26.79102325439453
2024-04-01,26.41480255126953
2024-04-02,26.068281173706055
2024-04-03,26.266294479370117
2024-04-04,26.117782592773438
2024-04-05,26.196989059448242
2024-04-08,26.256393432617188
2024-04-09,26.078182220458984
2024-04-10,25.3752384185791
2024-04-11,25.464344024658203
2024-04-12,24.860408782958984
2024-04-15,24.751501083374023
2024-04-16,24.573291778564453
2024-04-17,24.701997756958008
2024-04-18,24.563390731811523
2024-04-19,24.533689498901367
2024-04-22,24.939613342285156
2024-04-23,25.177227020263672
2024-04-24,25.07822036743164
2024-04-25,24.692096710205078
2024-04-26,24.711896896362305
2024-04-29,24.741600036621094
2024-04-30,24.29607391357422
2024-05-01,24.29607391357422
2024-05-02,24.533689498901367
2024-05-03,25.0089168548584
2024-05-06,25.117822647094727
2024-05-07,24.9990177154541
2024-05-08,24.68219566345215
2024-05-09,25.3752384185791
2024-05-10,25.60295295715332
2024-05-13,26.02867889404297
2024-05-14,26.137584686279297
2024-05-15,26.523710250854492
2024-05-16,26.85042953491211
2024-05-17,26.81082534790039
2024-05-20,26.959333419799805
2024-05-21,26.82072639465332
2024-05-22,26.464303970336914
2024-05-23,26.42470359802246
2024-05-24,27.24645233154297
2024-05-28,27.21674919128418
2024-05-29,27.13754653930664
2024-05-30,27.404861450195312
2024-05-31,27.602872848510742
2024-06-03,27.76128578186035
2024-06-04,27.484067916870117
2024-06-05,28.216712951660156
2024-06-06,28.02859878540039
2024-06-07,27.513771057128906
2024-06-10,27.553373336791992
2024-06-11,27.61277198791504
2024-06-12,27.870189666748047
2024-06-13,27.503870010375977
2024-06-14,27.394960403442383
2024-06-17,27.177146911621094
2024-06-18,27.375160217285156
2024-06-20,27.23655128479004
2024-06-21,27.929594039916992
2024-06-24,28.02859878540039
2024-06-25,28.424623489379883
2024-06-26,28.434524536132812
2024-06-27,28.34541893005371
2024-06-28,28.107803344726562
2024-07-01,27.870189666748047
2024-07-02,28.13750648498535
2024-07-03,28.226612091064453
2024-07-05,28.048398971557617
2024-07-08,27.820688247680664
2024-07-09,28.276113510131836
2024-07-10,28.34541893005371
2024-07-11,28.35531997680664
2024-07-12,28.088003158569336
2024-07-15,28.058300018310547
2024-07-16,28.998859405517578
2024-07-17,28.58303451538086
2024-07-18,28.38502311706543
2024-07-19,27.909793853759766
2024-07-22,28.35531997680664
2024-07-23,28.77114486694336
2024-07-24,27.929594039916992
2024-07-25,27.731582641601562
2024-07-26,28.078102111816406
2024-07-29,28.276113510131836
2024-07-30,28.078102111816406
2024-07-31,28.206811904907227
2024-08-01,27.711780548095703
2024-08-02,26.870229721069336
2024-08-05,26.068281173706055
2024-08-06,26.64251708984375
2024-08-07,26.711820602416992
2024-08-08,27.484067916870117
2024-08-09,28.46422576904297
2024-08-12,27.820688247680664
2024-08-13,28.236513137817383
2024-08-14,28.048398971557617
2024-08-15,28.236513137817383
2024-08-16,28.16720962524414
2024-08-19,28.612735748291016
2024-08-20,28.226612091064453
2024-08-21,28.55333137512207
2024-08-22,28.612735748291016
2024-08-23,28.909751892089844
2024-08-26,28.810747146606445
2024-08-27,28.751344680786133
2024-08-28,28.87015151977539
2024-08-29,28.652339935302734
2024-08-30,29.137466430664062
2024-09-03,27.701879501342773
2024-09-04,27.94939613342285
2024-09-05,27.77118492126465
2024-09-06,27.375160217285156
2024-09-09,27.365259170532227
2024-09-10,27.19694709777832
2024-09-11,26.87897300720215
2024-09-12,26.998212814331055
2024-09-13,27.206886291503906
2024-09-16,27.177078247070312
2024-09-17,27.475177764892578
2024-09-18,27.604358673095703
2024-09-19,27.703723907470703
2024-09-20,27.504989624023438
2024-09-23,27.654043197631836
2024-09-24,27.922334671020508
2024-09-25,27.455305099487305
2024-09-26,27.574546813964844
2024-09-27,27.693788528442383
2024-09-30,27.773283004760742
2024-10-01,27.59442138671875
2024-10-02,27.375812530517578
2024-10-03,27.187013626098633
2024-10-04,27.3360652923584
2024-10-07,27.216821670532227
2024-10-08,27.028024673461914
2024-10-09,27.504989624023438
2024-10-10,26.859100341796875
2024-10-11,27.22675895690918
2024-10-14,27.30625343322754
2024-10-15,27.743473052978516
2024-10-16,27.693788528442383
2024-10-17,27.76334571838379
2024-10-18,27.72359848022461
2024-10-21,27.75341033935547
2024-10-22,27.673913955688477
2024-10-23,27.475177764892578
2024-10-24,27.524864196777344
2024-10-25,27.574546813964844
2024-10-28,28.06144905090332
2024-10-29,28.965696334838867
2024-10-30,28.965696334838867
2024-10-31,28.85639190673828
2024-11-01,28.89613914489746
2024-11-04,29.10481071472168
2024-11-05,29.60165023803711
2024-11-06,30.78412628173828
2024-11-07,31.12197494506836
2024-11-08,32.01628875732422
2024-11-11,31.61881446838379
2024-11-12,32.01628875732422
2024-11-13,31.489635467529297
2024-11-14,31.628751754760742
2024-11-15,31.489635467529297
2024-11-18,31.25115394592285
2024-11-19,31.57906723022461
2024-11-20,31.489635467529297
2024-11-21,31.906980514526367
2024-11-22,31.857297897338867
2024-11-25,31.91691780090332
2024-11-26,31.8076114654541
2024-11-27,31.519445419311523
2024-11-29,31.887107849121094
2024-12-02,32.03615951538086
2024-12-03,32.58268356323242
2024-12-04,32.27464294433594
2024-12-05,32.20508575439453
2024-12-06,32.09577560424805
2024-12-09,32.16533660888672
2024-12-10,31.986473083496094
2024-12-11,31.936792373657227
2024-12-12,31.64862632751465
2024-12-13,31.231281280517578
2024-12-16,31.15178680419922
2024-12-17,30.91330337524414
2024-12-18,30.416465759277344
2024-12-19,30.267412185668945
2024-12-20,30.505897521972656
2024-12-23,30.823871612548828
2024-12-24,31.102100372314453
2024-12-26,30.903366088867188
2024-12-27,30.585390090942383
2024-12-30,30.138235092163086
2024-12-31,30.23760223388672
