Date,NWSA
2010-01-04,
2010-01-05,
2010-01-06,
2010-01-07,
2010-01-08,
2010-01-11,
2010-01-12,
2010-01-13,
2010-01-14,
2010-01-15,
2010-01-19,
2010-01-20,
2010-01-21,
2010-01-22,
2010-01-25,
2010-01-26,
2010-01-27,
2010-01-28,
2010-01-29,
2010-02-01,
2010-02-02,
2010-02-03,
2010-02-04,
2010-02-05,
2010-02-08,
2010-02-09,
2010-02-10,
2010-02-11,
2010-02-12,
2010-02-16,
2010-02-17,
2010-02-18,
2010-02-19,
2010-02-22,
2010-02-23,
2010-02-24,
2010-02-25,
2010-02-26,
2010-03-01,
2010-03-02,
2010-03-03,
2010-03-04,
2010-03-05,
2010-03-08,
2010-03-09,
2010-03-10,
2010-03-11,
2010-03-12,
2010-03-15,
2010-03-16,
2010-03-17,
2010-03-18,
2010-03-19,
2010-03-22,
2010-03-23,
2010-03-24,
2010-03-25,
2010-03-26,
2010-03-29,
2010-03-30,
2010-03-31,
2010-04-01,
2010-04-05,
2010-04-06,
2010-04-07,
2010-04-08,
2010-04-09,
2010-04-12,
2010-04-13,
2010-04-14,
2010-04-15,
2010-04-16,
2010-04-19,
2010-04-20,
2010-04-21,
2010-04-22,
2010-04-23,
2010-04-26,
2010-04-27,
2010-04-28,
2010-04-29,
2010-04-30,
2010-05-03,
2010-05-04,
2010-05-05,
2010-05-06,
2010-05-07,
2010-05-10,
2010-05-11,
2010-05-12,
2010-05-13,
2010-05-14,
2010-05-17,
2010-05-18,
2010-05-19,
2010-05-20,
2010-05-21,
2010-05-24,
2010-05-25,
2010-05-26,
2010-05-27,
2010-05-28,
2010-06-01,
2010-06-02,
2010-06-03,
2010-06-04,
2010-06-07,
2010-06-08,
2010-06-09,
2010-06-10,
2010-06-11,
2010-06-14,
2010-06-15,
2010-06-16,
2010-06-17,
2010-06-18,
2010-06-21,
2010-06-22,
2010-06-23,
2010-06-24,
2010-06-25,
2010-06-28,
2010-06-29,
2010-06-30,
2010-07-01,
2010-07-02,
2010-07-06,
2010-07-07,
2010-07-08,
2010-07-09,
2010-07-12,
2010-07-13,
2010-07-14,
2010-07-15,
2010-07-16,
2010-07-19,
2010-07-20,
2010-07-21,
2010-07-22,
2010-07-23,
2010-07-26,
2010-07-27,
2010-07-28,
2010-07-29,
2010-07-30,
2010-08-02,
2010-08-03,
2010-08-04,
2010-08-05,
2010-08-06,
2010-08-09,
2010-08-10,
2010-08-11,
2010-08-12,
2010-08-13,
2010-08-16,
2010-08-17,
2010-08-18,
2010-08-19,
2010-08-20,
2010-08-23,
2010-08-24,
2010-08-25,
2010-08-26,
2010-08-27,
2010-08-30,
2010-08-31,
2010-09-01,
2010-09-02,
2010-09-03,
2010-09-07,
2010-09-08,
2010-09-09,
2010-09-10,
2010-09-13,
2010-09-14,
2010-09-15,
2010-09-16,
2010-09-17,
2010-09-20,
2010-09-21,
2010-09-22,
2010-09-23,
2010-09-24,
2010-09-27,
2010-09-28,
2010-09-29,
2010-09-30,
2010-10-01,
2010-10-04,
2010-10-05,
2010-10-06,
2010-10-07,
2010-10-08,
2010-10-11,
2010-10-12,
2010-10-13,
2010-10-14,
2010-10-15,
2010-10-18,
2010-10-19,
2010-10-20,
2010-10-21,
2010-10-22,
2010-10-25,
2010-10-26,
2010-10-27,
2010-10-28,
2010-10-29,
2010-11-01,
2010-11-02,
2010-11-03,
2010-11-04,
2010-11-05,
2010-11-08,
2010-11-09,
2010-11-10,
2010-11-11,
2010-11-12,
2010-11-15,
2010-11-16,
2010-11-17,
2010-11-18,
2010-11-19,
2010-11-22,
2010-11-23,
2010-11-24,
2010-11-26,
2010-11-29,
2010-11-30,
2010-12-01,
2010-12-02,
2010-12-03,
2010-12-06,
2010-12-07,
2010-12-08,
2010-12-09,
2010-12-10,
2010-12-13,
2010-12-14,
2010-12-15,
2010-12-16,
2010-12-17,
2010-12-20,
2010-12-21,
2010-12-22,
2010-12-23,
2010-12-27,
2010-12-28,
2010-12-29,
2010-12-30,
2010-12-31,
2011-01-03,
2011-01-04,
2011-01-05,
2011-01-06,
2011-01-07,
2011-01-10,
2011-01-11,
2011-01-12,
2011-01-13,
2011-01-14,
2011-01-18,
2011-01-19,
2011-01-20,
2011-01-21,
2011-01-24,
2011-01-25,
2011-01-26,
2011-01-27,
2011-01-28,
2011-01-31,
2011-02-01,
2011-02-02,
2011-02-03,
2011-02-04,
2011-02-07,
2011-02-08,
2011-02-09,
2011-02-10,
2011-02-11,
2011-02-14,
2011-02-15,
2011-02-16,
2011-02-17,
2011-02-18,
2011-02-22,
2011-02-23,
2011-02-24,
2011-02-25,
2011-02-28,
2011-03-01,
2011-03-02,
2011-03-03,
2011-03-04,
2011-03-07,
2011-03-08,
2011-03-09,
2011-03-10,
2011-03-11,
2011-03-14,
2011-03-15,
2011-03-16,
2011-03-17,
2011-03-18,
2011-03-21,
2011-03-22,
2011-03-23,
2011-03-24,
2011-03-25,
2011-03-28,
2011-03-29,
2011-03-30,
2011-03-31,
2011-04-01,
2011-04-04,
2011-04-05,
2011-04-06,
2011-04-07,
2011-04-08,
2011-04-11,
2011-04-12,
2011-04-13,
2011-04-14,
2011-04-15,
2011-04-18,
2011-04-19,
2011-04-20,
2011-04-21,
2011-04-25,
2011-04-26,
2011-04-27,
2011-04-28,
2011-04-29,
2011-05-02,
2011-05-03,
2011-05-04,
2011-05-05,
2011-05-06,
2011-05-09,
2011-05-10,
2011-05-11,
2011-05-12,
2011-05-13,
2011-05-16,
2011-05-17,
2011-05-18,
2011-05-19,
2011-05-20,
2011-05-23,
2011-05-24,
2011-05-25,
2011-05-26,
2011-05-27,
2011-05-31,
2011-06-01,
2011-06-02,
2011-06-03,
2011-06-06,
2011-06-07,
2011-06-08,
2011-06-09,
2011-06-10,
2011-06-13,
2011-06-14,
2011-06-15,
2011-06-16,
2011-06-17,
2011-06-20,
2011-06-21,
2011-06-22,
2011-06-23,
2011-06-24,
2011-06-27,
2011-06-28,
2011-06-29,
2011-06-30,
2011-07-01,
2011-07-05,
2011-07-06,
2011-07-07,
2011-07-08,
2011-07-11,
2011-07-12,
2011-07-13,
2011-07-14,
2011-07-15,
2011-07-18,
2011-07-19,
2011-07-20,
2011-07-21,
2011-07-22,
2011-07-25,
2011-07-26,
2011-07-27,
2011-07-28,
2011-07-29,
2011-08-01,
2011-08-02,
2011-08-03,
2011-08-04,
2011-08-05,
2011-08-08,
2011-08-09,
2011-08-10,
2011-08-11,
2011-08-12,
2011-08-15,
2011-08-16,
2011-08-17,
2011-08-18,
2011-08-19,
2011-08-22,
2011-08-23,
2011-08-24,
2011-08-25,
2011-08-26,
2011-08-29,
2011-08-30,
2011-08-31,
2011-09-01,
2011-09-02,
2011-09-06,
2011-09-07,
2011-09-08,
2011-09-09,
2011-09-12,
2011-09-13,
2011-09-14,
2011-09-15,
2011-09-16,
2011-09-19,
2011-09-20,
2011-09-21,
2011-09-22,
2011-09-23,
2011-09-26,
2011-09-27,
2011-09-28,
2011-09-29,
2011-09-30,
2011-10-03,
2011-10-04,
2011-10-05,
2011-10-06,
2011-10-07,
2011-10-10,
2011-10-11,
2011-10-12,
2011-10-13,
2011-10-14,
2011-10-17,
2011-10-18,
2011-10-19,
2011-10-20,
2011-10-21,
2011-10-24,
2011-10-25,
2011-10-26,
2011-10-27,
2011-10-28,
2011-10-31,
2011-11-01,
2011-11-02,
2011-11-03,
2011-11-04,
2011-11-07,
2011-11-08,
2011-11-09,
2011-11-10,
2011-11-11,
2011-11-14,
2011-11-15,
2011-11-16,
2011-11-17,
2011-11-18,
2011-11-21,
2011-11-22,
2011-11-23,
2011-11-25,
2011-11-28,
2011-11-29,
2011-11-30,
2011-12-01,
2011-12-02,
2011-12-05,
2011-12-06,
2011-12-07,
2011-12-08,
2011-12-09,
2011-12-12,
2011-12-13,
2011-12-14,
2011-12-15,
2011-12-16,
2011-12-19,
2011-12-20,
2011-12-21,
2011-12-22,
2011-12-23,
2011-12-27,
2011-12-28,
2011-12-29,
2011-12-30,
2012-01-03,
2012-01-04,
2012-01-05,
2012-01-06,
2012-01-09,
2012-01-10,
2012-01-11,
2012-01-12,
2012-01-13,
2012-01-17,
2012-01-18,
2012-01-19,
2012-01-20,
2012-01-23,
2012-01-24,
2012-01-25,
2012-01-26,
2012-01-27,
2012-01-30,
2012-01-31,
2012-02-01,
2012-02-02,
2012-02-03,
2012-02-06,
2012-02-07,
2012-02-08,
2012-02-09,
2012-02-10,
2012-02-13,
2012-02-14,
2012-02-15,
2012-02-16,
2012-02-17,
2012-02-21,
2012-02-22,
2012-02-23,
2012-02-24,
2012-02-27,
2012-02-28,
2012-02-29,
2012-03-01,
2012-03-02,
2012-03-05,
2012-03-06,
2012-03-07,
2012-03-08,
2012-03-09,
2012-03-12,
2012-03-13,
2012-03-14,
2012-03-15,
2012-03-16,
2012-03-19,
2012-03-20,
2012-03-21,
2012-03-22,
2012-03-23,
2012-03-26,
2012-03-27,
2012-03-28,
2012-03-29,
2012-03-30,
2012-04-02,
2012-04-03,
2012-04-04,
2012-04-05,
2012-04-09,
2012-04-10,
2012-04-11,
2012-04-12,
2012-04-13,
2012-04-16,
2012-04-17,
2012-04-18,
2012-04-19,
2012-04-20,
2012-04-23,
2012-04-24,
2012-04-25,
2012-04-26,
2012-04-27,
2012-04-30,
2012-05-01,
2012-05-02,
2012-05-03,
2012-05-04,
2012-05-07,
2012-05-08,
2012-05-09,
2012-05-10,
2012-05-11,
2012-05-14,
2012-05-15,
2012-05-16,
2012-05-17,
2012-05-18,
2012-05-21,
2012-05-22,
2012-05-23,
2012-05-24,
2012-05-25,
2012-05-29,
2012-05-30,
2012-05-31,
2012-06-01,
2012-06-04,
2012-06-05,
2012-06-06,
2012-06-07,
2012-06-08,
2012-06-11,
2012-06-12,
2012-06-13,
2012-06-14,
2012-06-15,
2012-06-18,
2012-06-19,
2012-06-20,
2012-06-21,
2012-06-22,
2012-06-25,
2012-06-26,
2012-06-27,
2012-06-28,
2012-06-29,
2012-07-02,
2012-07-03,
2012-07-05,
2012-07-06,
2012-07-09,
2012-07-10,
2012-07-11,
2012-07-12,
2012-07-13,
2012-07-16,
2012-07-17,
2012-07-18,
2012-07-19,
2012-07-20,
2012-07-23,
2012-07-24,
2012-07-25,
2012-07-26,
2012-07-27,
2012-07-30,
2012-07-31,
2012-08-01,
2012-08-02,
2012-08-03,
2012-08-06,
2012-08-07,
2012-08-08,
2012-08-09,
2012-08-10,
2012-08-13,
2012-08-14,
2012-08-15,
2012-08-16,
2012-08-17,
2012-08-20,
2012-08-21,
2012-08-22,
2012-08-23,
2012-08-24,
2012-08-27,
2012-08-28,
2012-08-29,
2012-08-30,
2012-08-31,
2012-09-04,
2012-09-05,
2012-09-06,
2012-09-07,
2012-09-10,
2012-09-11,
2012-09-12,
2012-09-13,
2012-09-14,
2012-09-17,
2012-09-18,
2012-09-19,
2012-09-20,
2012-09-21,
2012-09-24,
2012-09-25,
2012-09-26,
2012-09-27,
2012-09-28,
2012-10-01,
2012-10-02,
2012-10-03,
2012-10-04,
2012-10-05,
2012-10-08,
2012-10-09,
2012-10-10,
2012-10-11,
2012-10-12,
2012-10-15,
2012-10-16,
2012-10-17,
2012-10-18,
2012-10-19,
2012-10-22,
2012-10-23,
2012-10-24,
2012-10-25,
2012-10-26,
2012-10-31,
2012-11-01,
2012-11-02,
2012-11-05,
2012-11-06,
2012-11-07,
2012-11-08,
2012-11-09,
2012-11-12,
2012-11-13,
2012-11-14,
2012-11-15,
2012-11-16,
2012-11-19,
2012-11-20,
2012-11-21,
2012-11-23,
2012-11-26,
2012-11-27,
2012-11-28,
2012-11-29,
2012-11-30,
2012-12-03,
2012-12-04,
2012-12-05,
2012-12-06,
2012-12-07,
2012-12-10,
2012-12-11,
2012-12-12,
2012-12-13,
2012-12-14,
2012-12-17,
2012-12-18,
2012-12-19,
2012-12-20,
2012-12-21,
2012-12-24,
2012-12-26,
2012-12-27,
2012-12-28,
2012-12-31,
2013-01-02,
2013-01-03,
2013-01-04,
2013-01-07,
2013-01-08,
2013-01-09,
2013-01-10,
2013-01-11,
2013-01-14,
2013-01-15,
2013-01-16,
2013-01-17,
2013-01-18,
2013-01-22,
2013-01-23,
2013-01-24,
2013-01-25,
2013-01-28,
2013-01-29,
2013-01-30,
2013-01-31,
2013-02-01,
2013-02-04,
2013-02-05,
2013-02-06,
2013-02-07,
2013-02-08,
2013-02-11,
2013-02-12,
2013-02-13,
2013-02-14,
2013-02-15,
2013-02-19,
2013-02-20,
2013-02-21,
2013-02-22,
2013-02-25,
2013-02-26,
2013-02-27,
2013-02-28,
2013-03-01,
2013-03-04,
2013-03-05,
2013-03-06,
2013-03-07,
2013-03-08,
2013-03-11,
2013-03-12,
2013-03-13,
2013-03-14,
2013-03-15,
2013-03-18,
2013-03-19,
2013-03-20,
2013-03-21,
2013-03-22,
2013-03-25,
2013-03-26,
2013-03-27,
2013-03-28,
2013-04-01,
2013-04-02,
2013-04-03,
2013-04-04,
2013-04-05,
2013-04-08,
2013-04-09,
2013-04-10,
2013-04-11,
2013-04-12,
2013-04-15,
2013-04-16,
2013-04-17,
2013-04-18,
2013-04-19,
2013-04-22,
2013-04-23,
2013-04-24,
2013-04-25,
2013-04-26,
2013-04-29,
2013-04-30,
2013-05-01,
2013-05-02,
2013-05-03,
2013-05-06,
2013-05-07,
2013-05-08,
2013-05-09,
2013-05-10,
2013-05-13,
2013-05-14,
2013-05-15,
2013-05-16,
2013-05-17,
2013-05-20,
2013-05-21,
2013-05-22,
2013-05-23,
2013-05-24,
2013-05-28,
2013-05-29,
2013-05-30,
2013-05-31,
2013-06-03,
2013-06-04,
2013-06-05,
2013-06-06,
2013-06-07,
2013-06-10,
2013-06-11,
2013-06-12,
2013-06-13,
2013-06-14,
2013-06-17,
2013-06-18,
2013-06-19,13.875349044799805
2013-06-20,13.436256408691406
2013-06-21,13.717273712158203
2013-06-24,13.638238906860352
2013-06-25,13.805094718933105
2013-06-26,13.524072647094727
2013-06-27,13.611891746520996
2013-06-28,13.392345428466797
2013-07-01,12.98837947845459
2013-07-02,13.172799110412598
2013-07-03,13.058634757995605
2013-07-05,13.752402305603027
2013-07-08,14.015859603881836
2013-07-09,13.796314239501953
2013-07-10,13.515294075012207
2013-07-11,13.286964416503906
2013-07-12,13.111328125
2013-07-15,12.882999420166016
2013-07-16,13.418693542480469
2013-07-17,13.954385757446289
2013-07-18,13.58554744720459
2013-07-19,14.024642944335938
2013-07-22,13.813875198364258
2013-07-23,13.743619918823242
2013-07-24,13.796314239501953
2013-07-25,13.673365592956543
2013-07-26,13.954385757446289
2013-07-29,13.620676040649414
2013-07-30,14.007075309753418
2013-07-31,13.989513397216797
2013-08-01,14.235405921936035
2013-08-02,14.349570274353027
2013-08-05,14.050986289978027
2013-08-06,14.209060668945312
2013-08-07,14.007075309753418
2013-08-08,14.165149688720703
2013-08-09,14.033421516418457
2013-08-12,13.980731964111328
2013-08-13,13.901694297790527
2013-08-14,13.96316909790039
2013-08-15,14.138806343078613
2013-08-16,14.033421516418457
2013-08-19,13.787529945373535
2013-08-20,13.787529945373535
2013-08-21,13.840222358703613
2013-08-22,13.796314239501953
2013-08-23,13.831440925598145
2013-08-26,13.928041458129883
2013-08-27,13.813875198364258
2013-08-28,13.840222358703613
2013-08-29,13.849003791809082
2013-08-30,13.787529945373535
2013-09-03,13.857784271240234
2013-09-04,14.07733154296875
2013-09-05,14.261748313903809
2013-09-06,14.217842102050781
2013-09-09,14.349570274353027
2013-09-10,14.533988952636719
2013-09-11,14.9730806350708
2013-09-12,15.025772094726562
2013-09-13,14.832569122314453
2013-09-16,14.894044876098633
2013-09-17,14.92917251586914
2013-09-18,14.9730806350708
2013-09-19,14.815009117126465
2013-09-20,14.613022804260254
2013-09-23,14.516427993774414
2013-09-24,14.96430492401123
2013-09-25,14.753534317016602
2013-09-26,14.305659294128418
2013-09-27,14.200279235839844
2013-09-30,14.103675842285156
2013-10-01,13.971948623657227
2013-10-02,14.173928260803223
2013-10-03,13.936820983886719
2013-10-04,13.91047477722168
2013-10-07,13.971948623657227
2013-10-08,13.875349044799805
2013-10-09,13.945605278015137
2013-10-10,14.244186401367188
2013-10-11,14.411042213439941
2013-10-14,14.542771339416504
2013-10-15,14.560334205627441
2013-10-16,14.735973358154297
2013-10-17,14.753534317016602
2013-10-18,14.797445297241211
2013-10-21,14.797445297241211
2013-10-22,14.92917251586914
2013-10-23,15.025772094726562
2013-10-24,15.183850288391113
2013-10-25,15.060898780822754
2013-10-28,15.183850288391113
2013-10-29,15.33314037322998
2013-10-30,15.236540794372559
2013-10-31,15.456085205078125
2013-11-01,15.605376243591309
2013-11-04,15.59659481048584
2013-11-05,15.52634048461914
2013-11-06,15.289229393005371
2013-11-07,15.157501220703125
2013-11-08,15.456085205078125
2013-11-11,15.298014640808105
2013-11-12,15.060898780822754
2013-11-13,15.122370719909668
2013-11-14,15.148721694946289
2013-11-15,15.59659481048584
2013-11-18,15.298014640808105
2013-11-19,15.350702285766602
2013-11-20,15.517556190490723
2013-11-21,15.420958518981934
2013-11-22,15.412175178527832
2013-11-25,15.350702285766602
2013-11-26,15.535123825073242
2013-11-27,15.684414863586426
2013-11-29,15.772229194641113
2013-12-02,15.499993324279785
2013-12-03,15.368267059326172
2013-12-04,15.438522338867188
2013-12-05,15.33314037322998
2013-12-06,15.61416244506836
2013-12-09,15.385831832885742
2013-12-10,15.491215705871582
2013-12-11,15.456085205078125
2013-12-12,15.359482765197754
2013-12-13,15.508776664733887
2013-12-16,15.605376243591309
2013-12-17,15.236540794372559
2013-12-18,15.368267059326172
2013-12-19,15.245319366455078
2013-12-20,15.587812423706055
2013-12-23,15.7195405960083
2013-12-24,15.7195405960083
2013-12-26,15.605376243591309
2013-12-27,15.5702486038208
2013-12-30,15.72832202911377
2013-12-31,15.824926376342773
2014-01-02,15.763452529907227
2014-01-03,15.649284362792969
2014-01-06,15.438522338867188
2014-01-07,15.280447959899902
2014-01-08,15.183850288391113
2014-01-09,15.22775936126709
2014-01-10,15.280447959899902
2014-01-13,15.060898780822754
2014-01-14,15.192628860473633
2014-01-15,15.113593101501465
2014-01-16,14.999428749084473
2014-01-17,14.999428749084473
2014-01-21,14.718406677246094
2014-01-22,14.621808052062988
2014-01-23,14.516427993774414
2014-01-24,14.200279235839844
2014-01-27,14.393476486206055
2014-01-28,14.261748313903809
2014-01-29,14.244186401367188
2014-01-30,14.22662353515625
2014-01-31,14.015859603881836
2014-02-03,13.629456520080566
2014-02-04,13.629456520080566
2014-02-05,13.708494186401367
2014-02-06,14.068549156188965
2014-02-07,15.289229393005371
2014-02-10,15.37705135345459
2014-02-11,15.745888710021973
2014-02-12,15.499993324279785
2014-02-13,15.508776664733887
2014-02-14,15.52634048461914
2014-02-18,15.587812423706055
2014-02-19,15.447300910949707
2014-02-20,15.368267059326172
2014-02-21,15.52634048461914
2014-02-24,15.754669189453125
2014-02-25,15.772229194641113
2014-02-26,15.833707809448242
2014-02-27,15.824926376342773
2014-02-28,16.097158432006836
2014-03-03,15.912741661071777
2014-03-04,16.158634185791016
2014-03-05,16.070812225341797
2014-03-06,16.053253173828125
2014-03-07,15.72832202911377
2014-03-10,15.59659481048584
2014-03-11,15.55268669128418
2014-03-12,15.658066749572754
2014-03-13,15.22775936126709
2014-03-14,15.306793212890625
2014-03-17,15.271661758422852
2014-03-18,15.55268669128418
2014-03-19,15.412175178527832
2014-03-20,15.37705135345459
2014-03-21,15.438522338867188
2014-03-24,15.3419189453125
2014-03-25,15.245319366455078
2014-03-26,14.955519676208496
2014-03-27,14.94674015045166
2014-03-28,14.955519676208496
2014-03-31,15.122370719909668
2014-04-01,15.315574645996094
2014-04-02,15.315574645996094
2014-04-03,15.025772094726562
2014-04-04,15.03455924987793
2014-04-07,14.999428749084473
2014-04-08,14.9730806350708
2014-04-09,15.104814529418945
2014-04-10,14.779882431030273
2014-04-11,14.525208473205566
2014-04-14,14.727190017700195
2014-04-15,14.604243278503418
2014-04-16,14.744755744934082
2014-04-17,14.823786735534668
2014-04-21,14.885262489318848
2014-04-22,14.937954902648926
2014-04-23,15.131155967712402
2014-04-24,15.175063133239746
2014-04-25,15.04333782196045
2014-04-28,15.04333782196045
2014-04-29,15.113593101501465
2014-04-30,14.94674015045166
2014-05-01,15.192628860473633
2014-05-02,15.201410293579102
2014-05-05,15.280447959899902
2014-05-06,15.052122116088867
2014-05-07,14.999428749084473
2014-05-08,15.025772094726562
2014-05-09,15.80735969543457
2014-05-12,15.675633430480957
2014-05-13,15.5614652633667
2014-05-14,15.096031188964844
2014-05-15,14.815009117126465
2014-05-16,14.9730806350708
2014-05-19,14.955519676208496
2014-05-20,14.70962905883789
2014-05-21,14.850137710571289
2014-05-22,15.078463554382324
2014-05-23,15.00821304321289
2014-05-27,15.122370719909668
2014-05-28,15.025772094726562
2014-05-29,15.03455924987793
2014-05-30,14.981864929199219
2014-06-02,15.157501220703125
2014-06-03,15.254104614257812
2014-06-04,15.3419189453125
2014-06-05,15.5614652633667
2014-06-06,15.535123825073242
2014-06-09,15.508776664733887
2014-06-10,15.46486759185791
2014-06-11,15.482426643371582
2014-06-12,15.192628860473633
2014-06-13,15.131155967712402
2014-06-16,15.03455924987793
2014-06-17,15.148721694946289
2014-06-18,15.438522338867188
2014-06-19,15.517556190490723
2014-06-20,15.482426643371582
2014-06-23,15.254104614257812
2014-06-24,15.359482765197754
2014-06-25,15.55268669128418
2014-06-26,15.824926376342773
2014-06-27,15.789795875549316
2014-06-30,15.754669189453125
2014-07-01,15.89517879486084
2014-07-02,16.035690307617188
2014-07-03,16.053253173828125
2014-07-07,15.912741661071777
2014-07-08,15.930304527282715
2014-07-09,16.000560760498047
2014-07-10,15.798577308654785
2014-07-11,15.886397361755371
2014-07-14,15.965434074401855
2014-07-15,16.044475555419922
2014-07-16,16.00934410095215
2014-07-17,15.85127067565918
2014-07-18,16.000560760498047
2014-07-21,15.921517372131348
2014-07-22,15.89517879486084
2014-07-23,15.903962135314941
2014-07-24,16.06203842163086
2014-07-25,15.930304527282715
2014-07-28,15.860053062438965
2014-07-29,15.693193435668945
2014-07-30,15.675633430480957
2014-07-31,15.499993324279785
2014-08-01,15.605376243591309
2014-08-04,15.666851043701172
2014-08-05,15.499993324279785
2014-08-06,15.482426643371582
2014-08-07,15.298014640808105
2014-08-08,15.060898780822754
2014-08-11,15.22775936126709
2014-08-12,15.148721694946289
2014-08-13,15.025772094726562
2014-08-14,15.201410293579102
2014-08-15,15.148721694946289
2014-08-18,15.104814529418945
2014-08-19,15.060898780822754
2014-08-20,15.324361801147461
2014-08-21,15.438522338867188
2014-08-22,15.359482765197754
2014-08-25,15.508776664733887
2014-08-26,15.473655700683594
2014-08-27,15.52634048461914
2014-08-28,15.517556190490723
2014-08-29,15.482426643371582
2014-09-02,15.306793212890625
2014-09-03,15.456085205078125
2014-09-04,15.456085205078125
2014-09-05,15.587812423706055
2014-09-08,15.473655700683594
2014-09-09,15.183850288391113
2014-09-10,15.3419189453125
2014-09-11,15.175063133239746
2014-09-12,15.03455924987793
2014-09-15,14.9730806350708
2014-09-16,14.96430492401123
2014-09-17,14.96430492401123
2014-09-18,14.955519676208496
2014-09-19,15.122370719909668
2014-09-22,14.9730806350708
2014-09-23,14.858916282653809
2014-09-24,14.850137710571289
2014-09-25,14.67449951171875
2014-09-26,14.911609649658203
2014-09-29,14.753534317016602
2014-09-30,14.358352661132812
2014-10-01,14.033421516418457
2014-10-02,13.88413143157959
2014-10-03,13.971948623657227
2014-10-06,13.989513397216797
2014-10-07,13.58554744720459
2014-10-08,14.033421516418457
2014-10-09,13.594327926635742
2014-10-10,13.26939868927002
2014-10-13,12.85665225982666
2014-10-14,12.98837947845459
2014-10-15,12.909343719482422
2014-10-16,12.821523666381836
2014-10-17,12.918127059936523
2014-10-20,13.084978103637695
2014-10-21,13.532855987548828
2014-10-22,13.401127815246582
2014-10-23,13.620676040649414
2014-10-24,13.813875198364258
2014-10-27,13.576766014099121
2014-10-28,13.638238906860352
2014-10-29,13.638238906860352
2014-10-30,13.603113174438477
2014-10-31,13.594327926635742
2014-11-03,13.664583206176758
2014-11-04,13.304526329040527
2014-11-05,13.436256408691406
2014-11-06,13.462601661682129
2014-11-07,13.304526329040527
2014-11-10,13.383563995361328
2014-11-11,13.383563995361328
2014-11-12,13.40990924835205
2014-11-13,13.164018630981445
2014-11-14,13.34843635559082
2014-11-17,13.207925796508789
2014-11-18,13.181580543518066
2014-11-19,13.3396577835083
2014-11-20,13.295747756958008
2014-11-21,13.32209300994873
2014-11-24,13.576766014099121
2014-11-25,13.567984580993652
2014-11-26,13.769967079162598
2014-11-28,13.629456520080566
2014-12-01,13.664583206176758
2014-12-02,13.822657585144043
2014-12-03,13.86656665802002
2014-12-04,13.796314239501953
2014-12-05,13.892913818359375
2014-12-08,13.611891746520996
2014-12-09,13.7787504196167
2014-12-10,13.471384048461914
2014-12-11,13.462601661682129
2014-12-12,13.216708183288574
2014-12-15,12.962037086486816
2014-12-16,12.847869873046875
2014-12-17,13.076199531555176
2014-12-18,13.190363883972168
2014-12-19,13.36600112915039
2014-12-22,13.506512641906738
2014-12-23,13.708494186401367
2014-12-24,13.594327926635742
2014-12-26,13.673365592956543
2014-12-29,13.822657585144043
2014-12-30,13.849003791809082
2014-12-31,13.7787504196167
2015-01-02,13.690932273864746
2015-01-05,13.278182983398438
2015-01-06,13.093761444091797
2015-01-07,13.058634757995605
2015-01-08,13.471384048461914
2015-01-09,13.532855987548828
2015-01-12,13.418693542480469
2015-01-13,13.374785423278809
2015-01-14,13.260618209838867
2015-01-15,13.181580543518066
2015-01-16,13.225491523742676
2015-01-20,13.111328125
2015-01-21,13.128890991210938
2015-01-22,13.34843635559082
2015-01-23,13.330875396728516
2015-01-26,13.647019386291504
2015-01-27,13.567984580993652
2015-01-28,13.295747756958008
2015-01-29,13.111328125
2015-01-30,13.076199531555176
2015-02-02,13.120108604431152
2015-02-03,13.708494186401367
2015-02-04,13.690932273864746
2015-02-05,13.813875198364258
2015-02-06,14.279314994812012
2015-02-09,14.683276176452637
2015-02-10,14.727190017700195
2015-02-11,14.718406677246094
2015-02-12,14.788661003112793
2015-02-13,14.832569122314453
2015-02-17,15.025772094726562
2015-02-18,14.894044876098633
2015-02-19,14.96430492401123
2015-02-20,15.052122116088867
2015-02-23,15.210193634033203
2015-02-24,15.183850288391113
2015-02-25,15.315574645996094
2015-02-26,15.218972206115723
2015-02-27,15.166284561157227
2015-03-02,15.315574645996094
2015-03-03,15.113593101501465
2015-03-04,15.00821304321289
2015-03-05,15.01699447631836
2015-03-06,14.779882431030273
2015-03-09,14.648153305053711
2015-03-10,14.252971649169922
2015-03-11,14.402259826660156
2015-03-12,14.70962905883789
2015-03-13,14.665716171264648
2015-03-16,14.858916282653809
2015-03-17,14.70962905883789
2015-03-18,14.832569122314453
2015-03-19,14.656935691833496
2015-03-20,14.788661003112793
2015-03-23,14.823786735534668
2015-03-24,14.727190017700195
2015-03-25,14.419822692871094
2015-03-26,14.209060668945312
2015-03-27,14.182714462280273
2015-03-30,14.244186401367188
2015-03-31,14.059770584106445
2015-04-01,14.147588729858398
2015-04-02,14.209060668945312
2015-04-06,14.270532608032227
2015-04-07,14.156371116638184
2015-04-08,14.103675842285156
2015-04-09,13.998294830322266
2015-04-10,13.980731964111328
2015-04-13,14.112459182739258
2015-04-14,14.033421516418457
2015-04-15,14.007075309753418
2015-04-16,13.954385757446289
2015-04-17,13.690932273864746
2015-04-20,13.743619918823242
2015-04-21,13.629456520080566
2015-04-22,13.664583206176758
2015-04-23,13.664583206176758
2015-04-24,13.638238906860352
2015-04-27,13.673365592956543
2015-04-28,14.024642944335938
2015-04-29,13.86656665802002
2015-04-30,13.857784271240234
2015-05-01,14.09489631652832
2015-05-04,14.200279235839844
2015-05-05,14.068549156188965
2015-05-06,13.164018630981445
2015-05-07,13.146454811096191
2015-05-08,13.295747756958008
2015-05-11,13.796314239501953
2015-05-12,13.480165481567383
2015-05-13,13.401127815246582
2015-05-14,13.515294075012207
2015-05-15,13.655802726745605
2015-05-18,13.769967079162598
2015-05-19,13.769967079162598
2015-05-20,13.726058006286621
2015-05-21,13.726058006286621
2015-05-22,13.647019386291504
2015-05-26,13.471384048461914
2015-05-27,13.559202194213867
2015-05-28,13.480165481567383
2015-05-29,13.304526329040527
2015-06-01,13.374785423278809
2015-06-02,13.313307762145996
2015-06-03,13.36600112915039
2015-06-04,13.172799110412598
2015-06-05,13.172799110412598
2015-06-08,13.032292366027832
2015-06-09,12.786399841308594
2015-06-10,12.865431785583496
2015-06-11,12.803961753845215
2015-06-12,12.654669761657715
2015-06-15,12.470250129699707
2015-06-16,12.470250129699707
2015-06-17,12.487814903259277
2015-06-18,12.768835067749023
2015-06-19,13.146454811096191
2015-06-22,13.216708183288574
2015-06-23,13.164018630981445
2015-06-24,13.023507118225098
2015-06-25,12.953250885009766
2015-06-26,13.34843635559082
2015-06-29,12.689796447753906
2015-06-30,12.812743186950684
2015-07-01,12.85665225982666
2015-07-02,12.821523666381836
2015-07-06,12.558069229125977
2015-07-07,12.601980209350586
2015-07-08,12.4351224899292
2015-07-09,12.452686309814453
2015-07-10,12.514161109924316
2015-07-13,12.672235488891602
2015-07-14,12.672235488891602
2015-07-15,12.672235488891602
2015-07-16,12.874217987060547
2015-07-17,13.005946159362793
2015-07-20,13.084978103637695
2015-07-21,12.803961753845215
2015-07-22,12.830305099487305
2015-07-23,12.926909446716309
2015-07-24,13.049853324890137
2015-07-27,13.023507118225098
2015-07-28,12.98837947845459
2015-07-29,13.023507118225098
2015-07-30,12.997162818908691
2015-07-31,12.935690879821777
2015-08-03,12.768835067749023
2015-08-04,12.786399841308594
2015-08-05,12.821523666381836
2015-08-06,12.312176704406738
2015-08-07,12.391212463378906
2015-08-10,12.601980209350586
2015-08-11,12.25948715209961
2015-08-12,12.399994850158691
2015-08-13,13.3396577835083
2015-08-14,13.330875396728516
2015-08-17,13.392345428466797
2015-08-18,13.286964416503906
2015-08-19,13.19914436340332
2015-08-20,12.522943496704102
2015-08-21,12.215577125549316
2015-08-24,11.451552391052246
2015-08-25,11.363734245300293
2015-08-26,11.609625816345215
2015-08-27,11.960901260375977
2015-08-28,12.118975639343262
2015-08-31,11.969682693481445
2015-09-01,11.477897644042969
2015-09-02,11.530591011047363
2015-09-03,11.6974458694458
2015-09-04,11.258353233337402
2015-09-08,11.723790168762207
2015-09-09,11.609625816345215
2015-09-10,11.425209045410156
2015-09-11,11.460334777832031
2015-09-14,11.336441993713379
2015-09-15,11.451484680175781
2015-09-16,11.5399808883667
2015-09-17,11.69042682647705
2015-09-18,11.433786392211914
2015-09-21,11.44263744354248
2015-09-22,11.318740844726562
2015-09-23,11.283342361450195
2015-09-24,11.35413932800293
2015-09-25,11.283342361450195
2015-09-28,10.876258850097656
2015-09-29,10.849708557128906
2015-09-30,11.168295860290527
2015-10-01,11.265641212463379
2015-10-02,11.5399808883667
2015-10-05,11.867420196533203
2015-10-06,11.947067260742188
2015-10-07,12.062112808227539
2015-10-08,12.433799743652344
2015-10-09,12.354155540466309
2015-10-12,12.309906005859375
2015-10-13,12.309906005859375
2015-10-14,12.371850967407227
2015-10-15,12.64619255065918
2015-10-16,12.911684036254883
2015-10-19,12.902833938598633
2015-10-20,12.893982887268066
2015-10-21,12.601943969726562
2015-10-22,13.0001802444458
2015-10-23,13.274519920349121
2015-10-26,13.0178804397583
2015-10-27,13.0001802444458
2015-10-28,13.274519920349121
2015-10-29,13.380716323852539
2015-10-30,13.628504753112793
2015-11-02,13.832050323486328
2015-11-03,13.637356758117676
2015-11-04,13.66390609741211
2015-11-05,13.584259033203125
2015-11-06,13.16832447052002
2015-11-09,12.761240005493164
2015-11-10,12.778939247131348
2015-11-11,12.725838661193848
2015-11-12,12.486897468566895
2015-11-13,12.194857597351074
2015-11-16,12.513447761535645
2015-11-17,12.513447761535645
2015-11-18,12.628493309020996
2015-11-19,12.557695388793945
2015-11-20,12.619644165039062
2015-11-23,12.67274284362793
2015-11-24,12.770090103149414
2015-11-25,12.770090103149414
2015-11-27,12.610795021057129
2015-11-30,12.699292182922363
2015-12-01,12.947081565856934
2015-12-02,12.752388954162598
2015-12-03,12.194857597351074
2015-12-04,12.44265079498291
2015-12-07,12.27450180053711
2015-12-08,11.947067260742188
2015-12-09,11.947067260742188
2015-12-10,12.168309211730957
2015-12-11,11.787773132324219
2015-12-14,11.734676361083984
2015-12-15,11.91166877746582
2015-12-16,12.097511291503906
2015-12-17,11.823171615600586
2015-12-18,11.6638765335083
2015-12-21,11.823171615600586
2015-12-22,11.778923988342285
2015-12-23,12.124058723449707
2015-12-24,12.053263664245605
2015-12-28,11.96476936340332
2015-12-29,12.141759872436523
2015-12-30,11.96476936340332
2015-12-31,11.823171615600586
2016-01-04,11.69042682647705
2016-01-05,11.301041603088379
2016-01-06,11.247943878173828
2016-01-07,10.991302490234375
2016-01-08,11.13289737701416
2016-01-11,10.805458068847656
2016-01-12,11.000152587890625
2016-01-13,10.787760734558105
2016-01-14,11.247943878173828
2016-01-15,11.070951461791992
2016-01-19,10.929356575012207
2016-01-20,10.752360343933105
2016-01-21,10.94705581665039
2016-01-22,11.239091873168945
2016-01-25,11.062100410461426
2016-01-26,11.327591896057129
2016-01-27,11.239091873168945
2016-01-28,11.362988471984863
2016-01-29,11.478036880493164
2016-02-01,11.239091873168945
2016-02-02,10.725812911987305
2016-02-03,10.832009315490723
2016-02-04,10.805458068847656
2016-02-05,9.823145866394043
2016-02-08,9.34526252746582
2016-02-09,9.283313751220703
2016-02-10,9.380661010742188
2016-02-11,9.203667640686035
2016-02-12,9.513404846191406
2016-02-16,9.681550025939941
2016-02-17,9.734648704528809
2016-02-18,9.601902961730957
2016-02-19,9.663850784301758
2016-02-22,9.823145866394043
2016-02-23,9.63730525970459
2016-02-24,9.548805236816406
2016-02-25,9.61960220336914
2016-02-26,9.663850784301758
2016-02-29,9.575353622436523
2016-03-01,9.531105995178223
2016-03-02,9.63730525970459
2016-03-03,9.654999732971191
2016-03-04,9.734648704528809
2016-03-07,10.100812911987305
2016-03-08,9.752511024475098
2016-03-09,9.904335975646973
2016-03-10,9.904335975646973
2016-03-11,10.49377155303955
2016-03-14,10.324085235595703
2016-03-15,10.333014488220215
2016-03-16,10.770628929138184
2016-03-17,11.110001564025879
2016-03-18,10.993901252746582
2016-03-21,11.056417465209961
2016-03-22,11.288619995117188
2016-03-23,11.199310302734375
2016-03-24,11.16358757019043
2016-03-28,11.476166725158691
2016-03-29,11.485098838806152
2016-03-30,11.386858940124512
2016-03-31,11.404722213745117
2016-04-01,11.636921882629395
2016-04-04,11.395791053771973
2016-04-05,11.261824607849121
2016-04-06,11.404722213745117
2016-04-07,11.243964195251465
2016-04-08,11.083209991455078
2016-04-11,10.976041793823242
2016-04-12,11.136795997619629
2016-04-13,11.342202186584473
2016-04-14,11.368995666503906
2016-04-15,11.342202186584473
2016-04-18,11.127864837646484
2016-04-19,11.199310302734375
2016-04-20,11.199310302734375
2016-04-21,11.377924919128418
2016-04-22,11.431513786315918
2016-04-25,11.270756721496582
2016-04-26,11.422582626342773
2016-04-27,11.315412521362305
2016-04-28,11.199310302734375
2016-04-29,11.092140197753906
2016-05-02,11.261824607849121
2016-05-03,10.922453880310059
2016-05-04,10.851005554199219
2016-05-05,10.86886978149414
2016-05-06,11.342202186584473
2016-05-09,10.967107772827148
2016-05-10,11.002830505371094
2016-05-11,10.895660400390625
2016-05-12,10.663459777832031
2016-05-13,10.404462814331055
2016-05-16,10.49377155303955
2016-05-17,10.44018840789795
2016-05-18,10.368739128112793
2016-05-19,10.288363456726074
2016-05-20,10.583083152770996
2016-05-23,10.449118614196777
2016-05-24,10.547358512878418
2016-05-25,10.743834495544434
2016-05-26,10.592011451721191
2016-05-27,10.636665344238281
2016-05-31,10.681320190429688
2016-06-01,10.734905242919922
2016-06-02,10.842076301574707
2016-06-03,10.690252304077148
2016-06-06,10.85993766784668
2016-06-07,10.60094165802002
2016-06-08,10.538427352905273
2016-06-09,10.44018840789795
2016-06-10,10.27943229675293
2016-06-13,10.315155982971191
2016-06-14,10.225845336914062
2016-06-15,10.42232608795166
2016-06-16,10.181190490722656
2016-06-17,10.074020385742188
2016-06-20,10.190123558044434
2016-06-21,10.315155982971191
2016-06-22,10.413394927978516
2016-06-23,10.592011451721191
2016-06-24,9.940057754516602
2016-06-27,9.484583854675293
2016-06-28,9.58282470703125
2016-06-29,10.029367446899414
2016-06-30,10.13653564453125
2016-07-01,10.252639770507812
2016-07-05,10.038297653198242
2016-07-06,10.029367446899414
2016-07-07,10.145466804504395
2016-07-08,10.42232608795166
2016-07-11,10.583083152770996
2016-07-12,10.833145141601562
2016-07-13,10.949247360229492
2016-07-14,11.011759757995605
2016-07-15,10.984970092773438
2016-07-18,11.110001564025879
2016-07-19,11.16358757019043
2016-07-20,11.14572525024414
2016-07-21,11.07427978515625
2016-07-22,11.270756721496582
2016-07-25,11.261824607849121
2016-07-26,11.431513786315918
2016-07-27,11.377924919128418
2016-07-28,11.413652420043945
2016-07-29,11.58333969116211
2016-08-01,11.485098838806152
2016-08-02,11.324344635009766
2016-08-03,11.306480407714844
2016-08-04,11.377924919128418
2016-08-05,11.458305358886719
2016-08-08,11.46723461151123
2016-08-09,11.895917892456055
2016-08-10,11.74409294128418
2016-08-11,11.958434104919434
2016-08-12,12.065605163574219
2016-08-15,12.19063663482666
2016-08-16,12.217429161071777
2016-08-17,12.288877487182617
2016-08-18,12.279946327209473
2016-08-19,12.271016120910645
2016-08-22,12.342461585998535
2016-08-23,12.369253158569336
2016-08-24,12.36032485961914
2016-08-25,12.404976844787598
2016-08-26,12.485353469848633
2016-08-29,12.538941383361816
2016-08-30,12.512147903442383
2016-08-31,12.556802749633789
2016-09-01,12.476423263549805
2016-09-02,12.44963264465332
2016-09-06,12.288877487182617
2016-09-07,12.306736946105957
2016-09-08,12.333531379699707
2016-09-09,11.931641578674316
2016-09-12,12.507526397705078
2016-09-13,12.273574829101562
2016-09-14,12.336563110351562
2016-09-15,12.273574829101562
2016-09-16,12.273574829101562
2016-09-19,12.255576133728027
2016-09-20,12.336563110351562
2016-09-21,12.534523963928223
2016-09-22,12.723484992980957
2016-09-23,12.642502784729004
2016-09-26,12.435542106628418
2016-09-27,12.561517715454102
2016-09-28,12.615507125854492
2016-09-29,12.498529434204102
2016-09-30,12.579512596130371
2016-10-03,12.984435081481934
2016-10-04,12.849459648132324
2016-10-05,13.155399322509766
2016-10-06,13.065418243408203
2016-10-07,12.696489334106445
2016-10-10,12.525522232055664
2016-10-11,12.300569534301758
2016-10-12,12.120604515075684
2016-10-13,12.183591842651367
2016-10-14,12.030621528625488
2016-10-17,12.039621353149414
2016-10-18,12.156596183776855
2016-10-19,12.282571792602539
2016-10-20,12.156596183776855
2016-10-21,12.066614151000977
2016-10-24,11.670693397521973
2016-10-25,11.382750511169434
2016-10-26,11.616704940795898
2016-10-27,10.995827674865723
2016-10-28,10.950837135314941
2016-10-31,10.905845642089844
2016-11-01,10.842857360839844
2016-11-02,10.653894424438477
2016-11-03,10.644895553588867
2016-11-04,10.698887825012207
2016-11-07,10.995827674865723
2016-11-08,10.482928276062012
2016-11-09,10.779871940612793
2016-11-10,10.752874374389648
2016-11-11,10.905845642089844
2016-11-14,10.950837135314941
2016-11-15,10.806864738464355
2016-11-16,10.815863609313965
2016-11-17,10.79786491394043
2016-11-18,10.680890083312988
2016-11-21,10.554914474487305
2016-11-22,10.509922981262207
2016-11-23,10.617900848388672
2016-11-25,10.617900848388672
2016-11-28,10.653894424438477
2016-11-29,10.383946418762207
2016-11-30,10.401944160461426
2016-12-01,10.5819091796875
2016-12-02,10.491926193237305
2016-12-05,10.626901626586914
2016-12-06,10.608902931213379
2016-12-07,10.644895553588867
2016-12-08,10.72588062286377
2016-12-09,10.842857360839844
2016-12-12,10.806864738464355
2016-12-13,10.689888954162598
2016-12-14,10.689888954162598
2016-12-15,10.518921852111816
2016-12-16,10.446934700012207
2016-12-19,10.554914474487305
2016-12-20,10.482928276062012
2016-12-21,10.545917510986328
2016-12-22,10.563912391662598
2016-12-23,10.554914474487305
2016-12-27,10.71688175201416
2016-12-28,10.518921852111816
2016-12-29,10.491926193237305
2016-12-30,10.31196117401123
2017-01-03,10.518921852111816
2017-01-04,10.680890083312988
2017-01-05,10.698887825012207
2017-01-06,10.734878540039062
2017-01-09,10.79786491394043
2017-01-10,10.79786491394043
2017-01-11,10.83385944366455
2017-01-12,10.815863609313965
2017-01-13,10.842857360839844
2017-01-17,11.004826545715332
2017-01-18,10.92384147644043
2017-01-19,10.83385944366455
2017-01-20,10.77087116241455
2017-01-23,10.761873245239258
2017-01-24,10.896846771240234
2017-01-25,11.076810836791992
2017-01-26,10.995827674865723
2017-01-27,11.12180233001709
2017-01-30,11.094804763793945
2017-01-31,11.058815002441406
2017-02-01,11.12180233001709
2017-02-02,10.995827674865723
2017-02-03,11.040820121765137
2017-02-06,10.995827674865723
2017-02-07,10.977829933166504
2017-02-08,10.941835403442383
2017-02-09,11.148798942565918
2017-02-10,11.958636283874512
2017-02-13,11.769672393798828
2017-02-14,11.769672393798828
2017-02-15,11.787670135498047
2017-02-16,11.74267864227295
2017-02-17,11.769672393798828
2017-02-21,11.994627952575684
2017-02-22,11.958636283874512
2017-02-23,11.91364574432373
2017-02-24,11.787670135498047
2017-02-27,11.751677513122559
2017-02-28,11.53571891784668
2017-03-01,11.778672218322754
2017-03-02,11.553714752197266
2017-03-03,11.607705116271973
2017-03-06,11.65269660949707
2017-03-07,11.39174747467041
2017-03-08,11.238779067993164
2017-03-09,11.166792869567871
2017-03-10,11.139799118041992
2017-03-13,11.139798164367676
2017-03-14,11.248655319213867
2017-03-15,11.430088996887207
2017-03-16,11.4663724899292
2017-03-17,11.475443840026855
2017-03-20,11.457301139831543
2017-03-21,11.357514381408691
2017-03-22,11.357514381408691
2017-03-23,11.38472843170166
2017-03-24,11.38472843170166
2017-03-27,11.411944389343262
2017-03-28,11.647801399230957
2017-03-29,11.792947769165039
2017-03-30,12.010662078857422
2017-03-31,11.792947769165039
2017-04-03,11.602445602416992
2017-04-04,11.58430290222168
2017-04-05,11.457301139831543
2017-04-06,11.402870178222656
2017-04-07,11.348443031311035
2017-04-10,11.366586685180664
2017-04-11,11.339372634887695
2017-04-12,11.330300331115723
2017-04-13,11.185154914855957
2017-04-17,11.257728576660156
2017-04-18,11.185154914855957
2017-04-19,11.275870323181152
2017-04-20,11.738517761230469
2017-04-21,11.693161010742188
2017-04-24,11.829232215881348
2017-04-25,11.8564453125
2017-04-26,11.738517761230469
2017-04-27,11.756658554077148
2017-04-28,11.538945198059082
2017-05-01,11.557085037231445
2017-05-02,11.44822883605957
2017-05-03,11.402870178222656
2017-05-04,11.402870178222656
2017-05-05,11.51172924041748
2017-05-08,11.602445602416992
2017-05-09,11.892731666564941
2017-05-10,11.52987289428711
2017-05-11,11.502659797668457
2017-05-12,11.52987289428711
2017-05-15,11.693161010742188
2017-05-16,11.729446411132812
2017-05-17,11.484516143798828
2017-05-18,11.520801544189453
2017-05-19,11.629659652709961
2017-05-22,11.901803016662598
2017-05-23,11.929019927978516
2017-05-24,11.99251937866211
2017-05-25,11.983448028564453
2017-05-26,12.173949241638184
2017-05-30,12.05601978302002
2017-05-31,12.137661933898926
2017-06-01,12.310019493103027
2017-06-02,12.319092750549316
2017-06-05,12.192091941833496
2017-06-06,12.228376388549805
2017-06-07,12.119519233703613
2017-06-08,12.25559139251709
2017-06-09,12.382594108581543
2017-06-12,12.400734901428223
2017-06-13,12.300952911376953
2017-06-14,12.319092750549316
2017-06-15,12.346306800842285
2017-06-16,12.455164909362793
2017-06-19,12.50052261352539
2017-06-20,12.237449645996094
2017-06-21,12.273735046386719
2017-06-22,12.201163291931152
2017-06-23,12.328164100646973
2017-06-26,12.391666412353516
2017-06-27,12.391666412353516
2017-06-28,12.564023971557617
2017-06-29,12.337236404418945
2017-06-30,12.427949905395508
2017-07-03,12.600308418273926
2017-07-05,12.455164909362793
2017-07-06,12.010662078857422
2017-07-07,12.083233833312988
2017-07-10,11.929019927978516
2017-07-11,12.037878036499023
2017-07-12,11.974376678466797
2017-07-13,12.001590728759766
2017-07-14,12.310019493103027
2017-07-17,12.409807205200195
2017-07-18,12.36445140838623
2017-07-19,12.6365966796875
2017-07-20,12.663809776306152
2017-07-21,12.6365966796875
2017-07-24,12.681952476501465
2017-07-25,12.808954238891602
2017-07-26,12.908740997314453
2017-07-27,12.945027351379395
2017-07-28,13.053884506225586
2017-07-31,12.981314659118652
2017-08-01,13.09017276763916
2017-08-02,12.945027351379395
2017-08-03,12.926884651184082
2017-08-04,12.808954238891602
2017-08-07,13.008528709411621
2017-08-08,12.917814254760742
2017-08-09,12.854310989379883
2017-08-10,12.409807205200195
2017-08-11,12.183023452758789
2017-08-14,12.128591537475586
2017-08-15,12.074163436889648
2017-08-16,12.019731521606445
2017-08-17,12.001590728759766
2017-08-18,12.037878036499023
2017-08-21,12.074163436889648
2017-08-22,12.146734237670898
2017-08-23,11.956233024597168
2017-08-24,11.974376678466797
2017-08-25,12.173949241638184
2017-08-28,12.183023452758789
2017-08-29,12.119519233703613
2017-08-30,12.065091133117676
2017-08-31,12.128591537475586
2017-09-01,12.201163291931152
2017-09-05,12.04694652557373
2017-09-06,12.146734237670898
2017-09-07,12.273735046386719
2017-09-08,11.919949531555176
2017-09-11,12.101377487182617
2017-09-12,12.119656562805176
2017-09-13,11.882017135620117
2017-09-14,11.927717208862305
2017-09-15,11.964276313781738
2017-09-18,11.964276313781738
2017-09-19,11.927717208862305
2017-09-20,12.037397384643555
2017-09-21,11.955135345458984
2017-09-22,11.909435272216797
2017-09-25,12.064817428588867
2017-09-26,11.982556343078613
2017-09-27,12.119656562805176
2017-09-28,12.119656562805176
2017-09-29,12.119656562805176
2017-10-02,12.137935638427734
2017-10-03,12.220197677612305
2017-10-04,12.21105670928955
2017-10-05,12.275038719177246
2017-10-06,12.147078514099121
2017-10-09,12.046536445617676
2017-10-10,12.339015007019043
2017-10-11,12.320734977722168
2017-10-12,12.375576972961426
2017-10-13,12.503536224365234
2017-10-16,12.503536224365234
2017-10-17,12.448698043823242
2017-10-18,12.549238204956055
2017-10-19,12.448698043823242
2017-10-20,12.53095817565918
2017-10-23,12.567519187927246
2017-10-24,12.457837104797363
2017-10-25,12.485257148742676
2017-10-26,12.503536224365234
2017-10-27,12.512677192687988
2017-10-30,12.622358322143555
2017-10-31,12.485257148742676
2017-11-01,12.53095817565918
2017-11-02,12.613218307495117
2017-11-03,12.677196502685547
2017-11-06,13.051937103271484
2017-11-07,12.933116912841797
2017-11-08,12.923977851867676
2017-11-09,13.1250581741333
2017-11-10,13.801420211791992
2017-11-13,13.920239448547363
2017-11-14,13.956802368164062
2017-11-15,13.88368034362793
2017-11-16,14.368101119995117
2017-11-17,14.477782249450684
2017-11-20,14.322402954101562
2017-11-21,14.432080268859863
2017-11-22,14.413802146911621
2017-11-24,14.413802146911621
2017-11-27,14.38637924194336
2017-11-28,14.76111888885498
2017-11-29,14.943922996520996
2017-11-30,14.770259857177734
2017-12-01,14.806821823120117
2017-12-04,15.117584228515625
2017-12-05,14.989620208740234
2017-12-06,14.980481147766113
2017-12-07,14.953060150146484
2017-12-08,15.126721382141113
2017-12-11,15.16327953338623
2017-12-12,14.825101852416992
2017-12-13,14.879940032958984
2017-12-14,14.825101852416992
2017-12-15,14.642300605773926
2017-12-18,14.925641059875488
2017-12-19,14.870802879333496
2017-12-20,14.84338092803955
2017-12-21,14.934782028198242
2017-12-22,15.007899284362793
2017-12-26,14.90735912322998
2017-12-27,14.852520942687988
2017-12-28,14.925641059875488
2017-12-29,14.815959930419922
2018-01-02,15.01704216003418
2018-01-03,15.071880340576172
2018-01-04,15.16327953338623
2018-01-05,15.355218887329102
2018-01-08,15.382644653320312
2018-01-09,15.428339004516602
2018-01-10,15.400923728942871
2018-01-11,15.6111421585083
2018-01-12,15.67512321472168
2018-01-16,15.510601043701172
2018-01-17,15.729960441589355
2018-01-18,15.547164916992188
2018-01-19,15.73910140991211
2018-01-22,15.702546119689941
2018-01-23,15.602001190185547
2018-01-24,15.620282173156738
2018-01-25,15.574584007263184
2018-01-26,15.665982246398926
2018-01-29,15.592860221862793
2018-01-30,15.583719253540039
2018-01-31,15.638561248779297
2018-02-01,15.373498916625977
2018-02-02,14.998760223388672
2018-02-05,14.46864128112793
2018-02-06,14.889080047607422
2018-02-07,14.678861618041992
2018-02-08,14.304120063781738
2018-02-09,14.413802146911621
2018-02-12,14.395519256591797
2018-02-13,14.825101852416992
2018-02-14,14.934782028198242
2018-02-15,14.962202072143555
2018-02-16,14.861660957336426
2018-02-20,14.57831859588623
2018-02-21,14.633159637451172
2018-02-22,14.825101852416992
2018-02-23,15.08102035522461
2018-02-26,15.208979606628418
2018-02-27,14.97134017944336
2018-02-28,14.742839813232422
2018-03-01,14.395519256591797
2018-03-02,14.50520133972168
2018-03-05,14.76111888885498
2018-03-06,15.007899284362793
2018-03-07,14.89822006225586
2018-03-08,14.825101852416992
2018-03-09,15.053598403930664
2018-03-12,15.126721382141113
2018-03-13,15.053157806396484
2018-03-14,15.016374588012695
2018-03-15,15.099132537841797
2018-03-16,15.264657020568848
2018-03-19,15.0255708694458
2018-03-20,15.043960571289062
2018-03-21,15.181893348693848
2018-03-22,14.961202621459961
2018-03-23,14.308316230773926
2018-03-26,14.418663024902344
2018-03-27,14.326706886291504
2018-03-28,14.188772201538086
2018-03-29,14.529008865356445
2018-04-02,14.170382499694824
2018-04-03,14.381882667541504
2018-04-04,14.510618209838867
2018-04-05,14.483030319213867
2018-04-06,14.253142356872559
2018-04-09,14.391075134277344
2018-04-10,14.666940689086914
2018-04-11,14.529008865356445
2018-04-12,14.630160331726074
2018-04-13,14.455445289611816
2018-04-16,14.666940689086914
2018-04-17,14.804878234863281
2018-04-18,14.740507125854492
2018-04-19,14.887638092041016
2018-04-20,14.869248390197754
2018-04-23,14.87844181060791
2018-04-24,14.620965003967285
2018-04-25,14.602574348449707
2018-04-26,14.685336112976074
2018-04-27,14.722115516662598
2018-04-30,14.69452953338623
2018-05-01,14.722115516662598
2018-05-02,14.446247100830078
2018-05-03,14.602574348449707
2018-05-04,14.841656684875488
2018-05-07,15.071547508239746
2018-05-08,15.053157806396484
2018-05-09,15.181893348693848
2018-05-10,15.255457878112793
2018-05-11,13.95888614654541
2018-05-14,14.54740047454834
2018-05-15,14.519813537597656
2018-05-16,14.611769676208496
2018-05-17,14.473834991455078
2018-05-18,14.372682571411133
2018-05-21,14.437052726745605
2018-05-22,14.354292869567871
2018-05-23,14.234750747680664
2018-05-24,14.271533966064453
2018-05-25,14.326706886291504
2018-05-29,13.866927146911621
2018-05-30,14.161186218261719
2018-05-31,13.820950508117676
2018-06-01,13.986470222473145
2018-06-04,14.06003475189209
2018-06-05,14.36348819732666
2018-06-06,14.437052726745605
2018-06-07,14.40027141571045
2018-06-08,14.54740047454834
2018-06-11,14.593379020690918
2018-06-12,14.712921142578125
2018-06-13,14.574986457824707
2018-06-14,14.731311798095703
2018-06-15,14.69452953338623
2018-06-18,14.768095016479492
2018-06-19,14.666940689086914
2018-06-20,14.722115516662598
2018-06-21,14.519813537597656
2018-06-22,14.54740047454834
2018-06-25,14.289924621582031
2018-06-26,14.271533966064453
2018-06-27,14.197968482971191
2018-06-28,14.28072738647461
2018-06-29,14.253142356872559
2018-07-02,13.931296348571777
2018-07-03,14.050838470458984
2018-07-05,14.050838470458984
2018-07-06,14.161186218261719
2018-07-09,14.253142356872559
2018-07-10,14.501423835754395
2018-07-11,14.299120903015137
2018-07-12,14.308316230773926
2018-07-13,14.335901260375977
2018-07-16,14.170382499694824
2018-07-17,14.14279556274414
2018-07-18,14.299120903015137
2018-07-19,14.243946075439453
2018-07-20,14.050838470458984
2018-07-23,14.041646003723145
2018-07-24,13.83934211730957
2018-07-25,13.949688911437988
2018-07-26,13.876124382019043
2018-07-27,13.692212104797363
2018-07-30,13.74738597869873
2018-07-31,13.857732772827148
2018-08-01,13.857732772827148
2018-08-02,13.802557945251465
2018-08-03,13.866927146911621
2018-08-06,13.90371036529541
2018-08-07,13.922102928161621
2018-08-08,13.922102928161621
2018-08-09,14.032448768615723
2018-08-10,12.13815975189209
2018-08-13,12.487588882446289
2018-08-14,12.58874225616455
2018-08-15,12.570350646972656
2018-08-16,12.78184700012207
2018-08-17,12.78184700012207
2018-08-20,12.4783935546875
2018-08-21,12.4783935546875
2018-08-22,12.551959037780762
2018-08-23,12.331265449523926
2018-08-24,12.322070121765137
2018-08-27,12.184136390686035
2018-08-28,12.147353172302246
2018-08-29,12.266899108886719
2018-08-30,12.1565523147583
2018-08-31,12.018614768981934
2018-09-04,11.880683898925781
2018-09-05,11.843900680541992
2018-09-06,11.67837905883789
2018-09-07,11.641596794128418
2018-09-10,11.604815483093262
2018-09-11,11.61408519744873
2018-09-12,11.456513404846191
2018-09-13,11.586278915405273
2018-09-14,11.530664443969727
2018-09-17,11.373091697692871
2018-09-18,11.512126922607422
2018-09-19,11.604816436767578
2018-09-20,11.697507858276367
2018-09-21,11.873617172241211
2018-09-24,11.81800365447998
2018-09-25,11.966307640075684
2018-09-26,11.91069507598877
2018-09-27,11.93850040435791
2018-09-28,12.225841522216797
2018-10-01,12.14242172241211
2018-10-02,12.114611625671387
2018-10-03,12.401952743530273
2018-10-04,12.355607986450195
2018-10-05,12.31853199005127
2018-10-08,12.346338272094727
2018-10-09,12.494644165039062
2018-10-10,11.836541175842285
2018-10-11,11.77165699005127
2018-10-12,11.882887840270996
2018-10-15,12.040462493896484
2018-10-16,12.179497718811035
2018-10-17,12.244379997253418
2018-10-18,12.179497718811035
2018-10-19,12.17022705078125
2018-10-22,12.225841522216797
2018-10-23,12.133151054382324
2018-10-24,11.91069507598877
2018-10-25,11.919963836669922
2018-10-26,11.743852615356445
2018-10-29,11.558472633361816
2018-10-30,11.882887840270996
2018-10-31,12.225841522216797
2018-11-01,12.17022705078125
2018-11-02,12.207303047180176
2018-11-05,12.198033332824707
2018-11-06,12.299994468688965
2018-11-07,12.448298454284668
2018-11-08,13.106400489807129
2018-11-09,13.199088096618652
2018-11-12,12.689291954040527
2018-11-13,12.66148567199707
2018-11-14,12.800520896911621
2018-11-15,12.578062057495117
2018-11-16,12.578062057495117
2018-11-19,12.327800750732422
2018-11-20,11.678970336914062
2018-11-21,11.669698715209961
2018-11-23,11.688237190246582
2018-11-26,12.077535629272461
2018-11-27,11.929232597351074
2018-11-28,12.17022705078125
2018-11-29,12.244379997253418
2018-11-30,12.03118896484375
2018-12-03,12.327800750732422
2018-12-04,11.947772026062012
2018-12-06,11.558472633361816
2018-12-07,11.456513404846191
2018-12-10,11.61408519744873
2018-12-11,11.549202919006348
2018-12-12,11.79946517944336
2018-12-13,11.678970336914062
2018-12-14,11.354554176330566
2018-12-17,11.18770980834961
2018-12-18,11.09502124786377
2018-12-19,10.974522590637207
2018-12-20,10.511073112487793
2018-12-21,10.232999801635742
2018-12-24,10.075429916381836
2018-12-26,10.362767219543457
2018-12-27,10.390576362609863
2018-12-28,10.427651405334473
2018-12-31,10.520342826843262
2019-01-02,10.557416915893555
2019-01-03,10.45545768737793
2019-01-04,10.90964126586914
2019-01-07,11.104289054870605
2019-01-08,11.271130561828613
2019-01-09,11.317476272583008
2019-01-10,11.2896728515625
2019-01-11,11.345283508300781
2019-01-14,11.391631126403809
2019-01-15,11.47504997253418
2019-01-16,11.47504997253418
2019-01-17,11.530664443969727
2019-01-18,11.604816436767578
2019-01-22,11.447242736816406
2019-01-23,11.280402183532715
2019-01-24,11.530664443969727
2019-01-25,11.762389183044434
2019-01-28,11.706775665283203
2019-01-29,11.79019832611084
2019-01-30,11.743852615356445
2019-01-31,11.892157554626465
2019-02-01,11.808734893798828
2019-02-04,11.929232597351074
2019-02-05,12.03118896484375
2019-02-06,11.975578308105469
2019-02-07,11.780928611755371
2019-02-08,11.549202919006348
2019-02-11,11.326745986938477
2019-02-12,11.4935884475708
2019-02-13,11.530664443969727
2019-02-14,11.586278915405273
2019-02-15,11.81800365447998
2019-02-19,11.827272415161133
2019-02-20,11.93850040435791
2019-02-21,11.864348411560059
2019-02-22,12.03118896484375
2019-02-25,12.068267822265625
2019-02-26,12.068267822265625
2019-02-27,12.086806297302246
2019-02-28,12.068267822265625
2019-03-01,12.281455039978027
2019-03-04,12.272186279296875
2019-03-05,12.216572761535645
2019-03-06,12.160958290100098
2019-03-07,11.957039833068848
2019-03-08,11.864348411560059
2019-03-11,12.086806297302246
2019-03-12,12.021421432495117
2019-03-13,11.899991989135742
2019-03-14,11.806587219238281
2019-03-15,11.806587219238281
2019-03-18,11.787904739379883
2019-03-19,11.713181495666504
2019-03-20,11.769224166870117
2019-03-21,12.002739906311035
2019-03-22,11.797245979309082
2019-03-25,11.731861114501953
2019-03-26,11.601091384887695
2019-03-27,11.498346328735352
2019-03-28,11.563729286193848
2019-03-29,11.619771003723145
2019-04-01,11.694498062133789
2019-04-02,11.619771003723145
2019-04-03,11.66647720336914
2019-04-04,11.675817489624023
2019-04-05,11.722521781921387
2019-04-08,11.694498062133789
2019-04-09,11.694498062133789
2019-04-10,11.815927505493164
2019-04-11,11.713181495666504
2019-04-12,11.815927505493164
2019-04-15,11.713181495666504
2019-04-16,11.834607124328613
2019-04-17,11.759882926940918
2019-04-18,11.694498062133789
2019-04-22,11.619771003723145
2019-04-23,11.675817489624023
2019-04-24,11.685158729553223
2019-04-25,11.535709381103516
2019-04-26,11.638455390930176
2019-04-29,11.619771003723145
2019-04-30,11.601091384887695
2019-05-01,11.554388046264648
2019-05-02,11.451641082763672
2019-05-03,11.526366233825684
2019-05-06,11.23680591583252
2019-05-07,10.807136535644531
2019-05-08,10.66702651977539
2019-05-09,10.67636775970459
2019-05-10,11.115376472473145
2019-05-13,10.704391479492188
2019-05-14,10.7604341506958
2019-05-15,10.807136535644531
2019-05-16,10.769775390625
2019-05-17,10.657684326171875
2019-05-20,10.82581901550293
2019-05-21,11.021971702575684
2019-05-22,10.984607696533203
2019-05-23,11.012630462646484
2019-05-24,11.003291130065918
2019-05-28,11.003291130065918
2019-05-29,10.844497680664062
2019-05-30,10.695049285888672
2019-05-31,10.639006614685059
2019-06-03,10.66702651977539
2019-06-04,10.816476821899414
2019-06-05,10.853838920593262
2019-06-06,10.835159301757812
2019-06-07,10.947246551513672
2019-06-10,10.993948936462402
2019-06-11,11.021971702575684
2019-06-12,10.965927124023438
2019-06-13,11.012630462646484
2019-06-14,11.049993515014648
2019-06-17,11.43295955657959
2019-06-18,12.040103912353516
2019-06-19,12.488455772399902
2019-06-20,12.665925979614258
2019-06-21,12.637904167175293
2019-06-24,12.441751480102539
2019-06-25,12.37636661529541
2019-06-26,12.423069953918457
2019-06-27,12.544498443603516
2019-06-28,12.600540161132812
2019-07-01,12.703289985656738
2019-07-02,12.61922550201416
2019-07-03,12.563179016113281
2019-07-05,12.572519302368164
2019-07-08,12.413728713989258
2019-07-09,12.423069953918457
2019-07-10,12.423069953918457
2019-07-11,12.348345756530762
2019-07-12,12.432411193847656
2019-07-15,12.47911262512207
2019-07-16,12.68460750579834
2019-07-17,12.348345756530762
2019-07-18,12.404387474060059
2019-07-19,12.273618698120117
2019-07-22,12.38570785522461
2019-07-23,12.497795104980469
2019-07-24,12.675268173217773
2019-07-25,12.488455772399902
2019-07-26,12.544498443603516
2019-07-29,12.497795104980469
2019-07-30,12.497795104980469
2019-07-31,12.2923002243042
2019-08-01,12.170872688293457
2019-08-02,12.124167442321777
2019-08-05,11.91867446899414
2019-08-06,12.049445152282715
2019-08-07,11.946696281433105
2019-08-08,12.170872688293457
2019-08-09,12.7966947555542
2019-08-12,13.104936599731445
2019-08-13,13.114277839660645
2019-08-14,12.497795104980469
2019-08-15,12.749992370605469
2019-08-16,12.852738380432129
2019-08-19,13.067574501037598
2019-08-20,13.002191543579102
2019-08-21,13.170320510864258
2019-08-22,13.217024803161621
2019-08-23,12.647245407104492
2019-08-26,12.759333610534668
2019-08-27,12.61922550201416
2019-08-28,12.815378189086914
2019-08-29,12.890103340148926
2019-08-30,12.843400001525879
2019-09-03,12.656586647033691
2019-09-04,12.97416877746582
2019-09-05,13.076913833618164
2019-09-06,13.179661750793457
2019-09-09,13.422520637512207
2019-09-10,13.64826774597168
2019-09-11,13.685891151428223
2019-09-12,13.563611030578613
2019-09-13,13.685891151428223
2019-09-16,13.243803977966309
2019-09-17,13.403709411621094
2019-09-18,13.39430046081543
2019-09-19,13.121521949768066
2019-09-20,13.1121187210083
2019-09-23,13.177962303161621
2019-09-24,13.102713584899902
2019-09-25,13.206180572509766
2019-09-26,13.102713584899902
2019-09-27,13.036869049072266
2019-09-30,13.093305587768555
2019-10-01,13.055681228637695
2019-10-02,12.933401107788086
2019-10-03,12.87696361541748
2019-10-04,13.036869049072266
2019-10-07,12.89577865600586
2019-10-08,12.199725151062012
2019-10-09,12.303193092346191
2019-10-10,12.397254943847656
2019-10-11,12.698250770568848
2019-10-14,12.72646713256836
2019-10-15,12.623000144958496
2019-10-16,12.848748207092285
2019-10-17,12.858152389526367
2019-10-18,12.670031547546387
2019-10-21,12.839341163635254
2019-10-22,13.018058776855469
2019-10-23,13.02746295928955
2019-10-24,12.989838600158691
2019-10-25,12.980433464050293
2019-10-28,13.065089225769043
2019-10-29,13.13093090057373
2019-10-30,12.829935073852539
2019-10-31,12.89577865600586
2019-11-01,12.942808151245117
2019-11-04,12.989838600158691
2019-11-05,12.933401107788086
2019-11-06,12.745280265808105
2019-11-07,12.528940200805664
2019-11-08,12.133881568908691
2019-11-11,12.369035720825195
2019-11-12,12.34081745147705
2019-11-13,12.331411361694336
2019-11-14,12.143288612365723
2019-11-15,12.218537330627441
2019-11-18,12.124478340148926
2019-11-19,12.115069389343262
2019-11-20,11.973978042602539
2019-11-21,11.823480606079102
2019-11-22,11.95516586303711
2019-11-25,12.096257209777832
2019-11-26,12.265568733215332
2019-11-27,12.29378604888916
2019-11-29,12.115069389343262
2019-12-02,12.115069389343262
2019-12-03,11.91754150390625
2019-12-04,12.077444076538086
2019-12-05,12.227943420410156
2019-12-06,12.425472259521484
2019-12-09,12.444284439086914
2019-12-10,12.425472259521484
2019-12-11,12.519533157348633
2019-12-12,12.971025466918945
2019-12-13,12.782903671264648
2019-12-16,12.914589881896973
2019-12-17,12.971025466918945
2019-12-18,13.224990844726562
2019-12-19,13.093305587768555
2019-12-20,13.121521949768066
2019-12-23,13.168554306030273
2019-12-24,13.149742126464844
2019-12-26,13.328458786010742
2019-12-27,13.309647560119629
2019-12-30,13.234396934509277
2019-12-31,13.300241470336914
2020-01-02,13.582423210144043
2020-01-03,13.5447998046875
2020-01-06,13.507174491882324
2020-01-07,13.6388578414917
2020-01-08,13.676484107971191
2020-01-09,13.573018074035645
2020-01-10,13.497770309448242
2020-01-13,13.70470142364502
2020-01-14,13.7987642288208
2020-01-15,13.911638259887695
2020-01-16,14.024511337280273
2020-01-17,14.024511337280273
2020-01-21,13.629454612731934
2020-01-22,13.59183120727539
2020-01-23,13.497770309448242
2020-01-24,13.1121187210083
2020-01-27,12.848748207092285
2020-01-28,12.70765495300293
2020-01-29,12.575970649719238
2020-01-30,12.839341163635254
2020-01-31,12.811120986938477
2020-02-03,12.829935073852539
2020-02-04,12.989838600158691
2020-02-05,13.253210067749023
2020-02-06,13.610642433166504
2020-02-07,13.347270011901855
2020-02-10,12.942808151245117
2020-02-11,13.290834426879883
2020-02-12,13.582423210144043
2020-02-13,13.5447998046875
2020-02-14,13.732919692993164
2020-02-18,13.6388578414917
2020-02-19,13.742326736450195
2020-02-20,13.685891151428223
2020-02-21,13.488362312316895
2020-02-24,12.801717758178711
2020-02-25,12.096257209777832
2020-02-26,11.597734451293945
2020-02-27,11.221490859985352
2020-02-28,11.362581253051758
2020-03-02,11.691795349121094
2020-03-03,11.136834144592285
2020-03-04,11.070990562438965
2020-03-05,10.412565231323242
2020-03-06,10.365532875061035
2020-03-09,9.537796020507812
2020-03-10,10.259781837463379
2020-03-11,9.585295677185059
2020-03-12,8.758813858032227
2020-03-13,9.946288108825684
2020-03-16,9.632795333862305
2020-03-17,10.335780143737793
2020-03-18,9.385799407958984
2020-03-19,9.18630313873291
2020-03-20,8.568817138671875
2020-03-23,7.818331718444824
2020-03-24,8.245824813842773
2020-03-25,8.283823013305664
2020-03-26,8.701813697814941
2020-03-27,8.103326797485352
2020-03-30,8.37882137298584
2020-03-31,8.530816078186035
2020-04-01,8.207823753356934
2020-04-02,7.7898335456848145
2020-04-03,7.770834922790527
2020-04-06,8.483319282531738
2020-04-07,8.350321769714355
2020-04-08,8.502317428588867
2020-04-09,9.015305519104004
2020-04-13,8.920309066772461
2020-04-14,8.939309120178223
2020-04-15,8.483319282531738
2020-04-16,8.017828941345215
2020-04-17,8.454818725585938
2020-04-20,8.331321716308594
2020-04-21,8.017828941345215
2020-04-22,8.017828941345215
2020-04-23,8.245824813842773
2020-04-24,8.388319969177246
2020-04-27,8.986807823181152
2020-04-28,9.319302558898926
2020-04-29,9.974786758422852
2020-04-30,9.414299011230469
2020-05-01,9.005806922912598
2020-05-04,9.157806396484375
2020-05-05,9.072305679321289
2020-05-06,9.18630313873291
2020-05-07,9.167304992675781
2020-05-08,10.383278846740723
2020-05-11,10.164782524108887
2020-05-12,10.060285568237305
2020-05-13,10.07928466796875
2020-05-14,10.193283081054688
2020-05-15,10.32628059387207
2020-05-18,10.601774215698242
2020-05-19,10.544775009155273
2020-05-20,10.877266883850098
2020-05-21,10.810769081115723
2020-05-22,10.943766593933105
2020-05-26,11.285758972167969
2020-05-27,11.485255241394043
2020-05-28,11.285758972167969
2020-05-29,11.637249946594238
2020-06-01,11.58025074005127
2020-06-02,11.637249946594238
2020-06-03,12.264237403869629
2020-06-04,12.15024185180664
2020-06-05,12.311737060546875
2020-06-08,12.691728591918945
2020-06-09,12.235737800598145
2020-06-10,11.770249366760254
2020-06-11,10.83926773071289
2020-06-12,11.13376235961914
2020-06-15,11.200261116027832
2020-06-16,11.342758178710938
2020-06-17,11.684752464294434
2020-06-18,11.333260536193848
2020-06-19,11.26676082611084
2020-06-22,11.361756324768066
2020-06-23,11.399757385253906
2020-06-24,11.086263656616211
2020-06-25,11.171761512756348
2020-06-26,10.905766487121582
2020-06-29,11.06726360321045
2020-06-30,11.26676082611084
2020-07-01,11.47575569152832
2020-07-02,11.428256034851074
2020-07-06,11.561253547668457
2020-07-07,11.399757385253906
2020-07-08,11.257259368896484
2020-07-09,11.143260955810547
2020-07-10,11.361756324768066
2020-07-13,11.333260536193848
2020-07-14,11.808248519897461
2020-07-15,12.017242431640625
2020-07-16,12.121740341186523
2020-07-17,12.178741455078125
2020-07-20,12.026741027832031
2020-07-21,12.112241744995117
2020-07-22,12.207239151000977
2020-07-23,12.083744049072266
2020-07-24,12.07424259185791
2020-07-27,12.235737800598145
2020-07-28,12.07424259185791
2020-07-29,12.226239204406738
2020-07-30,12.254737854003906
2020-07-31,12.083744049072266
2020-08-03,12.349737167358398
2020-08-04,12.720226287841797
2020-08-05,12.62523078918457
2020-08-06,12.834227561950684
2020-08-07,13.622708320617676
2020-08-10,14.097700119018555
2020-08-11,14.145197868347168
2020-08-12,14.41119384765625
2020-08-13,14.525190353393555
2020-08-14,14.563187599182129
2020-08-17,14.363692283630371
2020-08-18,14.420692443847656
2020-08-19,14.458690643310547
2020-08-20,14.382694244384766
2020-08-21,13.879202842712402
2020-08-24,14.12619686126709
2020-08-25,14.240195274353027
2020-08-26,14.249696731567383
2020-08-27,14.306694030761719
2020-08-28,14.49669075012207
2020-08-31,14.363692283630371
2020-09-01,14.420692443847656
2020-09-02,14.477690696716309
2020-09-03,14.449191093444824
2020-09-04,14.202198028564453
2020-09-08,13.907703399658203
2020-09-09,14.363692283630371
2020-09-10,14.097700119018555
2020-09-11,14.306694030761719
2020-09-14,14.544188499450684
2020-09-15,14.649373054504395
2020-09-16,14.448565483093262
2020-09-17,14.544188499450684
2020-09-18,14.955365180969238
2020-09-21,13.93220329284668
2020-09-22,14.09476375579834
2020-09-23,13.616649627685547
2020-09-24,13.406282424926758
2020-09-25,13.48277759552002
2020-09-28,13.712273597717285
2020-09-29,13.281972885131836
2020-09-30,13.406282424926758
2020-10-01,13.559276580810547
2020-10-02,13.597526550292969
2020-10-05,13.712273597717285
2020-10-06,13.693148612976074
2020-10-07,13.607087135314941
2020-10-08,13.807894706726074
2020-10-09,13.626214027404785
2020-10-12,13.58796215057373
2020-10-13,13.683587074279785
2020-10-14,13.559276580810547
2020-10-15,13.358470916748047
2020-10-16,13.44452953338623
2020-10-19,13.167224884033203
2020-10-20,13.243722915649414
2020-10-21,13.339343070983887
2020-10-22,13.31065845489502
2020-10-23,13.368030548095703
2020-10-26,13.05247688293457
2020-10-27,12.842106819152832
2020-10-28,12.402244567871094
2020-10-29,12.516990661621094
2020-10-30,12.555240631103516
2020-11-02,12.708235740661621
2020-11-03,12.909045219421387
2020-11-04,12.94729232788086
2020-11-05,13.387155532836914
2020-11-06,14.496377944946289
2020-11-09,14.984053611755371
2020-11-10,15.557790756225586
2020-11-11,16.447078704833984
2020-11-12,15.672533988952637
2020-11-13,16.236709594726562
2020-11-16,16.628761291503906
2020-11-17,16.906063079833984
2020-11-18,16.781755447387695
2020-11-19,16.781755447387695
2020-11-20,16.753070831298828
2020-11-23,17.116432189941406
2020-11-24,17.374618530273438
2020-11-25,17.21205711364746
2020-11-27,16.934749603271484
2020-11-30,16.87738037109375
2020-12-01,17.278995513916016
2020-12-02,17.584985733032227
2020-12-03,17.75710678100586
2020-12-04,17.862293243408203
2020-12-07,17.690170288085938
2020-12-08,17.575424194335938
2020-12-09,17.470239639282227
2020-12-10,17.546735763549805
2020-12-11,17.17380714416504
2020-12-14,16.97300148010254
2020-12-15,17.298118591308594
2020-12-16,16.99212646484375
2020-12-17,16.934749603271484
2020-12-18,16.590511322021484
2020-12-21,16.87738037109375
2020-12-22,16.86781883239746
2020-12-23,16.906063079833984
2020-12-24,17.039939880371094
2020-12-28,17.384178161621094
2020-12-29,17.231184005737305
2020-12-30,17.240745544433594
2020-12-31,17.18337059020996
2021-01-04,17.365053176879883
2021-01-05,17.479801177978516
2021-01-06,18.407339096069336
2021-01-07,17.91966438293457
2021-01-08,17.814481735229492
2021-01-11,17.843170166015625
2021-01-12,17.59454917907715
2021-01-13,17.479801177978516
2021-01-14,17.87185287475586
2021-01-15,17.88141632080078
2021-01-19,17.929227828979492
2021-01-20,18.273468017578125
2021-01-21,18.369091033935547
2021-01-22,17.75710678100586
2021-01-25,17.929227828979492
2021-01-26,18.302154541015625
2021-01-27,18.72289276123047
2021-01-28,18.655961990356445
2021-01-29,18.55077362060547
2021-02-01,18.522085189819336
2021-02-02,18.923704147338867
2021-02-03,18.971511840820312
2021-02-04,19.411375045776367
2021-02-05,20.29110336303711
2021-02-08,20.750091552734375
2021-02-09,21.209081649780273
2021-02-10,21.629819869995117
2021-02-11,22.03143310546875
2021-02-12,22.681669235229492
2021-02-16,22.74860382080078
2021-02-17,22.165306091308594
2021-02-18,21.65850830078125
2021-02-19,21.515073776245117
2021-02-22,22.337430953979492
2021-02-23,22.404361724853516
2021-02-24,22.76772689819336
2021-02-25,22.193992614746094
2021-02-26,22.42348861694336
2021-03-01,23.29365348815918
2021-03-02,22.60516929626465
2021-03-03,22.74860382080078
2021-03-04,22.499988555908203
2021-03-05,23.3032169342041
2021-03-08,23.178905487060547
2021-03-09,23.7622013092041
2021-03-10,24.402873992919922
2021-03-11,24.603679656982422
2021-03-12,25.062667846679688
2021-03-15,24.96704864501953
2021-03-16,25.418203353881836
2021-03-17,25.293415069580078
2021-03-18,26.06133460998535
2021-03-19,26.205318450927734
2021-03-22,25.638975143432617
2021-03-23,25.06303596496582
2021-03-24,24.429502487182617
2021-03-25,25.159027099609375
2021-03-26,24.698274612426758
2021-03-29,24.026344299316406
2021-03-30,24.65987777709961
2021-03-31,24.41030502319336
2021-04-01,25.015037536621094
2021-04-05,25.360607147216797
2021-04-06,25.494993209838867
2021-04-07,25.360607147216797
2021-04-08,25.648574829101562
2021-04-09,25.610183715820312
2021-04-12,25.686975479125977
2021-04-13,25.091833114624023
2021-04-14,25.351009368896484
2021-04-15,25.542987823486328
2021-04-16,25.629377365112305
2021-04-19,25.667776107788086
2021-04-20,25.427799224853516
2021-04-21,26.224517822265625
2021-04-22,25.8117618560791
2021-04-23,25.658174514770508
2021-04-26,25.59098243713379
2021-04-27,25.485393524169922
2021-04-28,25.120634078979492
2021-04-29,25.456594467163086
2021-04-30,25.14942741394043
2021-05-03,25.30301284790039
2021-05-04,24.487096786499023
2021-05-05,25.07263946533203
2021-05-06,24.957448959350586
2021-05-07,26.339706420898438
2021-05-10,26.339706420898438
2021-05-11,26.53168487548828
2021-05-12,25.091833114624023
2021-05-13,25.19742202758789
2021-05-14,25.629377365112305
2021-05-17,25.830957412719727
2021-05-18,25.418203353881836
2021-05-19,24.96704864501953
2021-05-20,25.965343475341797
2021-05-21,25.427799224853516
2021-05-24,25.763765335083008
2021-05-25,25.5717830657959
2021-05-26,25.70616912841797
2021-05-27,26.013341903686523
2021-05-28,25.907751083374023
2021-06-01,25.44700050354004
2021-06-02,24.87105369567871
2021-06-03,24.85186004638672
2021-06-04,25.168622970581055
2021-06-07,24.813461303710938
2021-06-08,25.40859603881836
2021-06-09,25.466196060180664
2021-06-10,25.39900016784668
2021-06-11,25.763765335083008
2021-06-14,25.255014419555664
2021-06-15,24.957448959350586
2021-06-16,24.890254974365234
2021-06-17,24.477497100830078
2021-06-18,24.122331619262695
2021-06-21,24.698274612426758
2021-06-22,24.496692657470703
2021-06-23,24.429502487182617
2021-06-24,24.544692993164062
2021-06-25,24.698274612426758
2021-06-28,24.59268569946289
2021-06-29,24.535091400146484
2021-06-30,24.736671447753906
2021-07-01,25.091833114624023
2021-07-02,24.717470169067383
2021-07-06,24.515892028808594
2021-07-07,24.333513259887695
2021-07-08,23.80556297302246
2021-07-09,24.496692657470703
2021-07-12,24.79426383972168
2021-07-13,24.218324661254883
2021-07-14,23.99754524230957
2021-07-15,23.91115379333496
2021-07-16,23.24881935119629
2021-07-19,22.922454833984375
2021-07-20,23.344812393188477
2021-07-21,23.62318229675293
2021-07-22,23.431201934814453
2021-07-23,23.757570266723633
2021-07-26,23.80556297302246
2021-07-27,23.72877311706543
2021-07-28,23.757570266723633
2021-07-29,23.594385147094727
2021-07-30,23.64238166809082
2021-08-02,23.747968673706055
2021-08-03,23.104839324951172
2021-08-04,23.354412078857422
2021-08-05,23.853559494018555
2021-08-06,23.72877311706543
2021-08-09,23.431201934814453
2021-08-10,23.306415557861328
2021-08-11,23.210426330566406
2021-08-12,23.00884437561035
2021-08-13,22.576892852783203
2021-08-16,22.653684616088867
2021-08-17,22.068143844604492
2021-08-18,21.290624618530273
2021-08-19,20.993053436279297
2021-08-20,21.213829040527344
2021-08-23,21.482601165771484
2021-08-24,21.42500877380371
2021-08-25,21.67458152770996
2021-08-26,21.46340560913086
2021-08-27,21.82816505432129
2021-08-30,21.473005294799805
2021-08-31,21.568994522094727
2021-09-01,21.904956817626953
2021-09-02,21.741775512695312
2021-09-03,21.655385971069336
2021-09-07,21.30982208251953
2021-09-08,21.194631576538086
2021-09-09,21.165834426879883
2021-09-10,21.012248992919922
2021-09-13,21.00265121459961
2021-09-14,21.22444725036621
2021-09-15,21.16658592224121
2021-09-16,21.66802406311035
2021-09-17,21.552309036254883
2021-09-20,21.079797744750977
2021-09-21,21.417301177978516
2021-09-22,22.29482650756836
2021-09-23,23.153059005737305
2021-09-24,23.500213623046875
2021-09-27,23.326635360717773
2021-09-28,23.066272735595703
2021-09-29,22.96019744873047
2021-09-30,22.6901912689209
2021-10-01,22.863765716552734
2021-10-04,22.613048553466797
2021-10-05,22.931270599365234
2021-10-06,22.786623001098633
2021-10-07,23.201274871826172
2021-10-08,23.220561981201172
2021-10-11,23.114486694335938
2021-10-12,23.027700424194336
2021-10-13,22.844480514526367
2021-10-14,23.201274871826172
2021-10-15,23.046987533569336
2021-10-18,22.709476470947266
2021-10-19,22.8541259765625
2021-10-20,22.9505558013916
2021-10-21,22.9698429107666
2021-10-22,23.210918426513672
2021-10-25,23.297710418701172
2021-10-26,22.998775482177734
2021-10-27,22.140533447265625
2021-10-28,22.323753356933594
2021-10-29,22.08267593383789
2021-11-01,22.68054962158203
2021-11-02,22.68054962158203
2021-11-03,22.506975173950195
2021-11-04,22.632333755493164
2021-11-05,23.500213623046875
2021-11-08,23.191631317138672
2021-11-09,22.883056640625
2021-11-10,22.66126251220703
2021-11-11,22.7576961517334
2021-11-12,22.96019744873047
2021-11-15,22.6226863861084
2021-11-16,22.786623001098633
2021-11-17,22.564830780029297
2021-11-18,22.391254425048828
2021-11-19,21.340160369873047
2021-11-22,21.639095306396484
2021-11-23,21.359445571899414
2021-11-24,21.195510864257812
2021-11-26,20.684432983398438
2021-11-29,21.04122543334961
2021-11-30,20.84836196899414
2021-12-01,20.337278366088867
2021-12-02,20.925508499145508
2021-12-03,20.983367919921875
2021-12-06,21.10872459411621
2021-12-07,21.205156326293945
2021-12-08,21.378732681274414
2021-12-09,20.993009567260742
2021-12-10,21.079797744750977
2021-12-13,20.684432983398438
2021-12-14,20.260133743286133
2021-12-15,20.491565704345703
2021-12-16,20.597639083862305
2021-12-17,20.520498275756836
2021-12-20,20.134769439697266
2021-12-21,20.925508499145508
2021-12-22,21.012296676635742
2021-12-23,21.533021926879883
2021-12-27,21.774099349975586
2021-12-28,21.851242065429688
2021-12-29,21.764455795288086
2021-12-30,21.69695472717285
2021-12-31,21.513734817504883
2022-01-03,21.957317352294922
2022-01-04,21.783742904663086
2022-01-05,21.050867080688477
2022-01-06,21.72588348388672
2022-01-07,21.69695472717285
2022-01-10,21.43659019470215
2022-01-11,21.648738861083984
2022-01-12,21.803030014038086
2022-01-13,22.140533447265625
2022-01-14,21.909099578857422
2022-01-18,21.398019790649414
2022-01-19,21.243728637695312
2022-01-20,20.97372055053711
2022-01-21,20.674785614013672
2022-01-24,21.214799880981445
2022-01-25,20.906221389770508
2022-01-26,20.597639083862305
2022-01-27,20.327634811401367
2022-01-28,20.983367919921875
2022-01-31,21.44623374938965
2022-02-01,21.46552085876465
2022-02-02,21.571596145629883
2022-02-03,21.648738861083984
2022-02-04,21.69695472717285
2022-02-07,21.648738861083984
2022-02-08,22.034461975097656
2022-02-09,22.6226863861084
2022-02-10,22.362327575683594
2022-02-11,21.84160041809082
2022-02-14,21.484804153442383
2022-02-15,22.314111709594727
2022-02-16,22.834840774536133
2022-02-17,21.947675704956055
2022-02-18,21.359445571899414
2022-02-22,21.09908103942871
2022-02-23,20.607284545898438
2022-02-24,20.800146102905273
2022-02-25,21.484804153442383
2022-02-28,21.523378372192383
2022-03-01,20.780858993530273
2022-03-02,21.72588348388672
2022-03-03,20.993009567260742
2022-03-04,20.462636947631836
2022-03-07,19.556188583374023
2022-03-08,19.604402542114258
2022-03-09,20.375850677490234
2022-03-10,20.231203079223633
2022-03-11,20.2119197845459
2022-03-14,20.356563568115234
2022-03-15,20.443767547607422
2022-03-16,20.9572811126709
2022-03-17,21.722713470458984
2022-03-18,21.451417922973633
2022-03-21,21.315771102905273
2022-03-22,21.548309326171875
2022-03-23,21.238264083862305
2022-03-24,21.84866714477539
2022-03-25,21.877735137939453
2022-03-28,21.809911727905273
2022-03-29,22.245914459228516
2022-03-30,22.061826705932617
2022-03-31,21.46110725402832
2022-04-01,21.24795150756836
2022-04-04,21.422353744506836
2022-04-05,21.315771102905273
2022-04-06,20.99603843688965
2022-04-07,20.637544631958008
2022-04-08,20.676298141479492
2022-04-11,20.443767547607422
2022-04-12,20.30811882019043
2022-04-13,20.9572811126709
2022-04-14,20.51158905029297
2022-04-18,20.521276473999023
2022-04-19,21.054170608520508
2022-04-20,21.189817428588867
2022-04-21,20.685991287231445
2022-04-22,20.21122932434082
2022-04-25,20.23060417175293
2022-04-26,19.426420211791992
2022-04-27,19.62989044189453
2022-04-28,19.784915924072266
2022-04-29,19.242328643798828
2022-05-02,19.59113121032715
2022-05-03,19.581443786621094
2022-05-04,20.2015438079834
2022-05-05,19.116374969482422
2022-05-06,16.577857971191406
2022-05-09,16.955730438232422
2022-05-10,17.0235538482666
2022-05-11,16.374391555786133
2022-05-12,16.839460372924805
2022-05-13,17.28515625
2022-05-16,17.081684112548828
2022-05-17,17.692096710205078
2022-05-18,16.93635368347168
2022-05-19,16.955730438232422
2022-05-20,17.062307357788086
2022-05-23,16.878217697143555
2022-05-24,16.035274505615234
2022-05-25,16.32594108581543
2022-05-26,16.69412612915039
2022-05-27,17.130130767822266
2022-05-31,16.85883903503418
2022-06-01,16.674747467041016
2022-06-02,17.159196853637695
2022-06-03,16.66506004333496
2022-06-06,16.839460372924805
2022-06-07,17.0235538482666
2022-06-08,16.674747467041016
2022-06-09,16.335636138916016
2022-06-10,16.05465316772461
2022-06-13,15.18264389038086
2022-06-14,15.066376686096191
2022-06-15,15.056687355041504
2022-06-16,14.940420150756836
2022-06-17,15.017931938171387
2022-06-21,14.746641159057617
2022-06-22,14.630372047424316
2022-06-23,14.76601791381836
2022-06-24,15.289222717285156
2022-06-27,15.250467300415039
2022-06-28,15.008243560791016
2022-06-29,14.843530654907227
2022-06-30,15.095444679260254
2022-07-01,15.26015567779541
2022-07-05,15.143889427185059
2022-07-06,15.095444679260254
2022-07-07,15.347356796264648
2022-07-08,15.26015567779541
2022-07-11,14.921041488647461
2022-07-12,15.1632661819458
2022-07-13,15.008243560791016
2022-07-14,14.76601791381836
2022-07-15,15.240777969360352
2022-07-18,15.221400260925293
2022-07-19,15.802739143371582
2022-07-20,16.103097915649414
2022-07-21,16.306570053100586
2022-07-22,16.355010986328125
2022-07-25,16.374391555786133
2022-07-26,16.18061065673828
2022-07-27,16.519723892211914
2022-07-28,16.56816864013672
2022-07-29,16.6069278717041
2022-08-01,16.597232818603516
2022-08-02,16.471281051635742
2022-08-03,16.96541976928711
2022-08-04,16.839460372924805
2022-08-05,16.480968475341797
2022-08-08,16.829771041870117
2022-08-09,17.7017822265625
2022-08-10,17.876182556152344
2022-08-11,18.089344024658203
2022-08-12,18.24436378479004
2022-08-15,17.91493797302246
2022-08-16,18.01182746887207
2022-08-17,17.75991439819336
2022-08-18,17.711469650268555
2022-08-19,17.343286514282227
2022-08-22,16.90728759765625
2022-08-23,16.771638870239258
2022-08-24,16.93635368347168
2022-08-25,17.178577423095703
2022-08-26,16.810392379760742
2022-08-29,16.75226402282715
2022-08-30,16.56816864013672
2022-08-31,16.393768310546875
2022-09-01,16.393768310546875
2022-09-02,16.43252182006836
2022-09-06,15.938387870788574
2022-09-07,16.296876907348633
2022-09-08,16.277498245239258
2022-09-09,16.926660537719727
2022-09-12,17.062307357788086
2022-09-13,16.399696350097656
2022-09-14,16.428930282592773
2022-09-15,16.701770782470703
2022-09-16,16.107364654541016
2022-09-19,16.117109298706055
2022-09-20,16.039154052734375
2022-09-21,15.60066032409668
2022-09-22,15.288841247558594
2022-09-23,14.9380464553833
2022-09-26,14.655460357666016
2022-09-27,14.567761421203613
2022-09-28,14.986766815185547
2022-09-29,14.665205955505371
2022-09-30,14.723669052124023
2022-10-03,15.230376243591309
2022-10-04,15.961198806762695
2022-10-05,15.727334976196289
2022-10-06,15.47398567199707
2022-10-07,15.152420997619629
2022-10-10,15.113445281982422
2022-10-11,15.064723014831543
2022-10-12,15.123188018798828
2022-10-13,15.532449722290039
2022-10-14,15.201143264770508
2022-10-17,15.717591285705566
2022-10-18,15.834524154663086
2022-10-19,16.16583251953125
2022-10-20,16.263275146484375
2022-10-21,16.760234832763672
2022-10-24,16.48739242553711
2022-10-25,16.731002807617188
2022-10-26,16.565349578857422
2022-10-27,16.311996459960938
2022-10-28,16.477649688720703
2022-10-31,16.438671112060547
2022-11-01,16.55560302734375
2022-11-02,16.04889678955078
2022-11-03,16.039154052734375
2022-11-04,16.253530502319336
2022-11-07,16.292505264282227
2022-11-08,16.653047561645508
2022-11-09,15.746824264526367
2022-11-10,16.857677459716797
2022-11-11,17.59824562072754
2022-11-14,17.715177536010742
2022-11-15,17.685943603515625
2022-11-16,17.45208168029785
2022-11-17,17.481311798095703
2022-11-18,17.374128341674805
2022-11-21,17.033077239990234
2022-11-22,17.374128341674805
2022-11-23,17.763898849487305
2022-11-25,17.832109451293945
2022-11-28,17.724924087524414
2022-11-29,18.085458755493164
2022-11-30,18.660375595092773
2022-12-01,18.670120239257812
2022-12-02,18.631145477294922
2022-12-05,18.241371154785156
2022-12-06,18.007509231567383
2022-12-07,17.734668731689453
2022-12-08,17.685943603515625
2022-12-09,17.5885009765625
2022-12-12,17.724924087524414
2022-12-13,18.22188377380371
2022-12-14,18.202394485473633
2022-12-15,17.325403213500977
2022-12-16,17.374128341674805
2022-12-19,16.98435401916504
2022-12-20,17.06230926513672
2022-12-21,17.276683807373047
2022-12-22,17.354637145996094
2022-12-23,17.841854095458984
2022-12-27,17.812620162963867
2022-12-28,17.491058349609375
2022-12-29,17.754152297973633
2022-12-30,17.734668731689453
2023-01-03,17.832109451293945
2023-01-04,18.494726181030273
2023-01-05,18.202394485473633
2023-01-06,18.514211654663086
2023-01-09,18.582422256469727
2023-01-10,18.894241333007812
2023-01-11,18.8162841796875
2023-01-12,18.85526466369629
2023-01-13,18.962451934814453
2023-01-17,18.77730941772461
2023-01-18,18.387535095214844
2023-01-19,18.231626510620117
2023-01-20,18.767566680908203
2023-01-23,19.05014991760254
2023-01-24,19.030662536621094
2023-01-25,20.112279891967773
2023-01-26,20.190237045288086
2023-01-27,19.995349884033203
2023-01-30,19.654298782348633
2023-01-31,19.74199676513672
2023-02-01,20.190237045288086
2023-02-02,20.921058654785156
2023-02-03,20.62873077392578
2023-02-06,20.23895835876465
2023-02-07,20.37537384033203
2023-02-08,20.346141815185547
2023-02-09,20.06355857849121
2023-02-10,18.182903289794922
2023-02-13,18.387535095214844
2023-02-14,18.338815689086914
2023-02-15,18.650630950927734
2023-02-16,18.22188377380371
2023-02-17,18.514211654663086
2023-02-21,17.793134689331055
2023-02-22,17.227962493896484
2023-02-23,17.05256462097168
2023-02-24,16.994096755981445
2023-02-27,16.828447341918945
2023-02-28,16.711511611938477
2023-03-01,16.48739242553711
2023-03-02,16.818700790405273
2023-03-03,16.818700790405273
2023-03-06,16.594579696655273
2023-03-07,16.428930282592773
2023-03-08,16.341228485107422
2023-03-09,15.873502731323242
2023-03-10,15.60066032409668
2023-03-13,15.201143264770508
2023-03-14,15.603238105773926
2023-03-15,15.613044738769531
2023-03-16,15.926875114440918
2023-03-17,15.603238105773926
2023-03-20,15.760152816772461
2023-03-21,15.897452354431152
2023-03-22,15.5247802734375
2023-03-23,15.868033409118652
2023-03-24,15.907258033752441
2023-03-27,16.172054290771484
2023-03-28,16.27993392944336
2023-03-29,16.60356903076172
2023-03-30,16.642797470092773
2023-03-31,16.937015533447266
2023-04-03,17.084123611450195
2023-04-04,16.98604965209961
2023-04-05,16.98604965209961
2023-04-06,16.937015533447266
2023-04-10,17.064510345458984
2023-04-11,17.260652542114258
2023-04-12,16.9664363861084
2023-04-13,17.28026580810547
2023-04-14,17.064510345458984
2023-04-17,16.98604965209961
2023-04-18,16.937015533447266
2023-04-19,17.064510345458984
2023-04-20,16.937015533447266
2023-04-21,16.946821212768555
2023-04-24,16.917400360107422
2023-04-25,16.574148178100586
2023-04-26,16.328968048095703
2023-04-27,16.81932830810547
2023-04-28,17.270458221435547
2023-05-01,17.03508949279785
2023-05-02,16.652606964111328
2023-05-03,16.701642990112305
2023-05-04,16.39761734008789
2023-05-05,16.78990936279297
2023-05-08,16.80952262878418
2023-05-09,16.60356903076172
2023-05-10,16.338775634765625
2023-05-11,16.417232513427734
2023-05-12,17.80985450744629
2023-05-15,18.40809440612793
2023-05-16,18.015806198120117
2023-05-17,18.35905647277832
2023-05-18,18.40809440612793
2023-05-19,18.221755981445312
2023-05-22,18.17272186279297
2023-05-23,18.015806198120117
2023-05-24,17.868698120117188
2023-05-25,17.878503799438477
2023-05-26,18.18252944946289
2023-05-30,18.41790008544922
2023-05-31,17.95696258544922
2023-06-01,18.329635620117188
2023-06-02,18.437515258789062
2023-06-05,18.270793914794922
2023-06-06,18.584623336791992
2023-06-07,19.05536651611328
2023-06-08,18.829801559448242
2023-06-09,18.839609146118164
2023-06-12,18.633657455444336
2023-06-13,19.035755157470703
2023-06-14,18.88864517211914
2023-06-15,19.13382339477539
2023-06-16,19.192668914794922
2023-06-20,18.721925735473633
2023-06-21,18.89845085144043
2023-06-22,18.476743698120117
2023-06-23,18.398284912109375
2023-06-26,18.57481575012207
2023-06-27,18.859222412109375
2023-06-28,19.153440475463867
2023-06-29,19.153440475463867
2023-06-30,19.1240177154541
2023-07-03,19.173053741455078
2023-07-05,19.1240177154541
2023-07-06,19.114212036132812
2023-07-07,19.32996940612793
2023-07-10,19.192668914794922
2023-07-11,19.535921096801758
2023-07-12,19.771289825439453
2023-07-13,19.938016891479492
2023-07-14,19.82032585144043
2023-07-17,20.006664276123047
2023-07-18,20.193002700805664
2023-07-19,19.761484146118164
2023-07-20,19.49669075012207
2023-07-21,19.27112579345703
2023-07-24,18.967103958129883
2023-07-25,18.918067932128906
2023-07-26,18.829801559448242
2023-07-27,18.89845085144043
2023-07-28,19.006328582763672
2023-07-31,19.437847137451172
2023-08-01,19.428041458129883
2023-08-02,19.28093147277832
2023-08-03,19.32996940612793
2023-08-04,19.49669075012207
2023-08-07,19.82032585144043
2023-08-08,19.987051010131836
2023-08-09,19.94782066345215
2023-08-10,19.918399810791016
2023-08-11,20.83046531677246
2023-08-14,21.203142166137695
2023-08-15,20.5068302154541
2023-08-16,20.70297622680664
2023-08-17,20.379335403442383
2023-08-18,20.359724044799805
2023-08-21,20.193002700805664
2023-08-22,20.26165008544922
2023-08-23,20.46760368347168
2023-08-24,20.24203872680664
2023-08-25,20.34010887145996
2023-08-28,20.48721694946289
2023-08-29,20.810855865478516
2023-08-30,20.918733596801758
2023-08-31,21.075647354125977
2023-09-01,20.86969757080078
2023-09-05,20.781431198120117
2023-09-06,20.801048278808594
2023-09-07,20.595096588134766
2023-09-08,20.653940200805664
2023-09-11,20.63432502746582
2023-09-12,20.516077041625977
2023-09-13,19.99381446838379
2023-09-14,20.210601806640625
2023-09-15,19.98396110534668
2023-09-18,19.62921714782715
2023-09-19,19.658777236938477
2023-09-20,19.382863998413086
2023-09-21,19.62921714782715
2023-09-22,19.392717361450195
2023-09-25,19.50111198425293
2023-09-26,19.304031372070312
2023-09-27,19.363155364990234
2023-09-28,19.688339233398438
2023-09-29,19.76717185974121
2023-10-02,19.708045959472656
2023-10-03,19.1463680267334
2023-10-04,19.53067398071289
2023-10-05,19.41242790222168
2023-10-06,19.865711212158203
2023-10-09,19.934688568115234
2023-10-10,20.33870506286621
2023-10-11,20.594907760620117
2023-10-12,20.506223678588867
2023-10-13,20.60476303100586
2023-10-16,21.570457458496094
2023-10-17,21.905492782592773
2023-10-18,21.570457458496094
2023-10-19,21.304399490356445
2023-10-20,20.9003849029541
2023-10-23,20.791990280151367
2023-10-24,21.146732330322266
2023-10-25,20.250017166137695
2023-10-26,20.200748443603516
2023-10-27,19.924835205078125
2023-10-30,20.31899642944336
2023-10-31,20.37812042236328
2023-11-01,20.476659774780273
2023-11-02,20.939802169799805
2023-11-03,21.60987663269043
2023-11-06,21.343814849853516
2023-11-07,21.117172241210938
2023-11-08,21.09746551513672
2023-11-09,20.979217529296875
2023-11-10,20.6146183013916
2023-11-13,20.151479721069336
2023-11-14,20.65403175354004
2023-11-15,20.5752010345459
2023-11-16,20.762426376342773
2023-11-17,20.723012924194336
2023-11-20,20.969362258911133
2023-11-21,21.13688087463379
2023-11-22,21.629581451416016
2023-11-24,21.688705444335938
2023-11-27,22.06315803527832
2023-11-28,22.0040340423584
2023-11-29,22.013891220092773
2023-11-30,21.71826934814453
2023-12-01,21.826662063598633
2023-12-04,21.73797607421875
2023-12-05,21.452211380004883
2023-12-06,21.4719181060791
2023-12-07,21.629581451416016
2023-12-08,21.61972999572754
2023-12-11,21.747827529907227
2023-12-12,21.678852081298828
2023-12-13,22.34892463684082
2023-12-14,22.959875106811523
2023-12-15,23.058414459228516
2023-12-18,23.009143829345703
2023-12-19,23.39345359802246
2023-12-20,23.078123092651367
2023-12-21,23.354036331176758
2023-12-22,23.45257568359375
2023-12-26,23.77775764465332
2023-12-27,24.063526153564453
2023-12-28,24.27046012878418
2023-12-29,24.191627502441406
2024-01-02,24.063526153564453
2024-01-03,23.945276260375977
2024-01-04,23.886152267456055
2024-01-05,24.073379516601562
2024-01-08,24.280311584472656
2024-01-09,23.896005630493164
2024-01-10,23.836883544921875
2024-01-11,23.866445541381836
2024-01-12,23.886152267456055
2024-01-16,23.40330696105957
2024-01-17,23.13724708557129
2024-01-18,23.235788345336914
2024-01-19,23.67922019958496
2024-01-22,23.896005630493164
2024-01-23,23.95513153076172
2024-01-24,24.27046012878418
2024-01-25,24.339439392089844
2024-01-26,24.378854751586914
2024-01-29,24.723745346069336
2024-01-30,24.437976837158203
2024-01-31,24.280311584472656
2024-02-01,24.408418655395508
2024-02-02,24.339439392089844
2024-02-05,23.797468185424805
2024-02-06,24.319730758666992
2024-02-07,23.91571807861328
2024-02-08,25.462799072265625
2024-02-09,25.65987777709961
2024-02-12,25.68943977355957
2024-02-13,25.38396644592285
2024-02-14,25.630313873291016
2024-02-15,26.113162994384766
2024-02-16,25.856958389282227
2024-02-20,25.866811752319336
2024-02-21,25.699295043945312
2024-02-22,26.123018264770508
2024-02-23,26.044185638427734
2024-02-26,25.97520637512207
2024-02-27,26.044185638427734
2024-02-28,25.945642471313477
2024-02-29,26.487613677978516
2024-03-01,25.945642471313477
2024-03-04,25.551483154296875
2024-03-05,25.492361068725586
2024-03-06,25.6500244140625
2024-03-07,25.7584171295166
2024-03-08,25.95549964904785
2024-03-11,26.093456268310547
2024-03-12,26.043996810913086
2024-03-13,26.06378173828125
2024-03-14,25.806604385375977
2024-03-15,25.232906341552734
2024-03-18,25.173559188842773
2024-03-19,25.460405349731445
2024-03-20,25.62856101989746
2024-03-21,25.9252986907959
2024-03-22,25.618667602539062
2024-03-25,25.747257232666016
2024-03-26,25.786823272705078
2024-03-27,26.00443458557129
2024-03-28,25.895627975463867
2024-04-01,25.529645919799805
2024-04-02,25.232906341552734
2024-04-03,25.47029685974121
2024-04-04,25.272470474243164
2024-04-05,25.381275177001953
2024-04-08,25.460405349731445
2024-04-09,25.232906341552734
2024-04-10,24.560293197631836
2024-04-11,24.64931297302246
2024-04-12,24.09539794921875
2024-04-15,24.016265869140625
2024-04-16,23.83822250366211
2024-04-17,23.887676239013672
2024-04-18,23.768980026245117
2024-04-19,23.759090423583984
2024-04-22,24.164634704589844
2024-04-23,24.342681884765625
2024-04-24,24.293222427368164
2024-04-25,23.947025299072266
2024-04-26,23.95691680908203
2024-04-29,23.91735076904297
2024-04-30,23.541479110717773
2024-05-01,23.581045150756836
2024-05-02,23.739307403564453
2024-05-03,24.204200744628906
2024-05-06,24.293222427368164
2024-05-07,24.15474510192871
2024-05-08,23.877784729003906
2024-05-09,24.510835647583008
2024-05-10,24.758119583129883
2024-05-13,25.183446884155273
2024-05-14,25.292253494262695
2024-05-15,25.70768928527832
2024-05-16,26.01432228088379
2024-05-17,26.00443458557129
2024-05-20,26.133018493652344
2024-05-21,26.00443458557129
2024-05-22,25.668127059936523
2024-05-23,25.59888458251953
2024-05-24,26.44954490661621
2024-05-28,26.34073829650879
2024-05-29,26.34073829650879
2024-05-30,26.627588272094727
2024-05-31,26.894657135009766
2024-06-03,26.99357032775879
2024-06-04,26.934221267700195
2024-06-05,27.587051391601562
2024-06-06,27.409006118774414
2024-06-07,26.894657135009766
2024-06-10,26.914438247680664
2024-06-11,27.05291748046875
2024-06-12,27.250743865966797
2024-06-13,26.894657135009766
2024-06-14,26.785850524902344
2024-06-17,26.568241119384766
2024-06-18,26.716611862182617
2024-06-20,26.607807159423828
2024-06-21,26.558351516723633
2024-06-24,27.211179733276367
2024-06-25,27.567270278930664
2024-06-26,27.567270278930664
2024-06-27,27.38922691345215
2024-06-28,27.27052879333496
2024-07-01,26.99357032775879
2024-07-02,27.329875946044922
2024-07-03,27.35955047607422
2024-07-05,27.18150520324707
2024-07-08,26.954004287719727
2024-07-09,27.41889762878418
2024-07-10,27.488140106201172
2024-07-11,27.53759765625
2024-07-12,27.438682556152344
2024-07-15,27.39911651611328
2024-07-16,28.13107681274414
2024-07-17,27.68596649169922
2024-07-18,27.478248596191406
2024-07-19,27.072702407836914
2024-07-22,27.428791046142578
2024-07-23,27.794771194458008
2024-07-24,27.01335334777832
2024-07-25,26.85508918762207
2024-07-26,27.191396713256836
2024-07-29,27.38922691345215
2024-07-30,27.12215805053711
2024-07-31,27.280420303344727
2024-08-01,26.874874114990234
2024-08-02,26.01432228088379
2024-08-05,25.133991241455078
2024-08-06,25.77692985534668
2024-08-07,25.75714874267578
2024-08-08,26.489110946655273
2024-08-09,27.438682556152344
2024-08-12,26.81552505493164
2024-08-13,27.240854263305664
2024-08-14,27.023242950439453
2024-08-15,27.280420303344727
2024-08-16,27.102375030517578
2024-08-19,27.517810821533203
2024-08-20,27.09248161315918
2024-08-21,27.468355178833008
2024-08-22,27.53759765625
2024-08-23,27.83433723449707
2024-08-26,27.715641021728516
2024-08-27,27.676074981689453
2024-08-28,27.774988174438477
2024-08-29,27.547487258911133
2024-08-30,28.02227210998535
2024-09-03,26.677045822143555
2024-09-04,26.845197677612305
2024-09-05,26.637479782104492
2024-09-06,26.281391143798828
2024-09-09,26.311065673828125
2024-09-10,26.093454360961914
2024-09-11,25.765798568725586
2024-09-12,25.775724411010742
2024-09-13,25.95444679260254
2024-09-16,25.904802322387695
2024-09-17,26.15302848815918
2024-09-18,26.262248992919922
2024-09-19,26.351608276367188
2024-09-20,26.15302848815918
2024-09-23,26.30196189880371
2024-09-24,26.520401000976562
2024-09-25,26.06366729736328
2024-09-26,26.1927433013916
2024-09-27,26.311893463134766
2024-09-30,26.440969467163086
2024-10-01,26.222532272338867
2024-10-02,26.004093170166016
2024-10-03,25.83530044555664
2024-10-04,25.95444679260254
2024-10-07,25.805511474609375
2024-10-08,25.7260799407959
2024-10-09,26.093456268310547
2024-10-10,25.497713088989258
2024-10-11,25.745939254760742
2024-10-14,25.85515785217285
2024-10-15,26.2821044921875
2024-10-16,26.182815551757812
2024-10-17,26.252317428588867
2024-10-18,26.143098831176758
2024-10-21,26.143098831176758
2024-10-22,25.92466163635254
2024-10-23,25.696290969848633
2024-10-24,25.765798568725586
2024-10-25,25.805511474609375
2024-10-28,26.321823120117188
2024-10-29,27.13599967956543
2024-10-30,27.086355209350586
2024-10-31,27.056568145751953
2024-11-01,27.12607192993164
2024-11-04,27.22536277770996
2024-11-05,27.652311325073242
2024-11-06,28.7445011138916
2024-11-07,28.95301055908203
2024-11-08,29.310457229614258
2024-11-11,29.022512435913086
2024-11-12,29.121803283691406
2024-11-13,28.645212173461914
2024-11-14,28.903366088867188
2024-11-15,28.41684341430664
2024-11-18,28.40691566467285
2024-11-19,28.595565795898438
2024-11-20,28.94308090209961
2024-11-21,29.33031463623047
2024-11-22,29.280668258666992
2024-11-25,29.25088119506836
2024-11-26,29.072158813476562
2024-11-27,28.84379005432129
2024-11-29,29.14166259765625
2024-12-02,29.240951538085938
2024-12-03,29.648042678833008
2024-12-04,29.439533233642578
2024-12-05,29.310457229614258
2024-12-06,29.14166259765625
2024-12-09,29.17144775390625
2024-12-10,28.85371971130371
2024-12-11,28.863649368286133
2024-12-12,28.774288177490234
2024-12-13,28.40691566467285
2024-12-16,28.446630477905273
2024-12-17,28.049470901489258
2024-12-18,27.483516693115234
2024-12-19,27.414012908935547
2024-12-20,27.66223907470703
2024-12-23,27.850889205932617
2024-12-24,28.049470901489258
2024-12-26,27.950180053710938
2024-12-27,27.592737197875977
2024-12-30,27.284934997558594
2024-12-31,27.344511032104492
