Date,PAYC
2010-01-04,
2010-01-05,
2010-01-06,
2010-01-07,
2010-01-08,
2010-01-11,
2010-01-12,
2010-01-13,
2010-01-14,
2010-01-15,
2010-01-19,
2010-01-20,
2010-01-21,
2010-01-22,
2010-01-25,
2010-01-26,
2010-01-27,
2010-01-28,
2010-01-29,
2010-02-01,
2010-02-02,
2010-02-03,
2010-02-04,
2010-02-05,
2010-02-08,
2010-02-09,
2010-02-10,
2010-02-11,
2010-02-12,
2010-02-16,
2010-02-17,
2010-02-18,
2010-02-19,
2010-02-22,
2010-02-23,
2010-02-24,
2010-02-25,
2010-02-26,
2010-03-01,
2010-03-02,
2010-03-03,
2010-03-04,
2010-03-05,
2010-03-08,
2010-03-09,
2010-03-10,
2010-03-11,
2010-03-12,
2010-03-15,
2010-03-16,
2010-03-17,
2010-03-18,
2010-03-19,
2010-03-22,
2010-03-23,
2010-03-24,
2010-03-25,
2010-03-26,
2010-03-29,
2010-03-30,
2010-03-31,
2010-04-01,
2010-04-05,
2010-04-06,
2010-04-07,
2010-04-08,
2010-04-09,
2010-04-12,
2010-04-13,
2010-04-14,
2010-04-15,
2010-04-16,
2010-04-19,
2010-04-20,
2010-04-21,
2010-04-22,
2010-04-23,
2010-04-26,
2010-04-27,
2010-04-28,
2010-04-29,
2010-04-30,
2010-05-03,
2010-05-04,
2010-05-05,
2010-05-06,
2010-05-07,
2010-05-10,
2010-05-11,
2010-05-12,
2010-05-13,
2010-05-14,
2010-05-17,
2010-05-18,
2010-05-19,
2010-05-20,
2010-05-21,
2010-05-24,
2010-05-25,
2010-05-26,
2010-05-27,
2010-05-28,
2010-06-01,
2010-06-02,
2010-06-03,
2010-06-04,
2010-06-07,
2010-06-08,
2010-06-09,
2010-06-10,
2010-06-11,
2010-06-14,
2010-06-15,
2010-06-16,
2010-06-17,
2010-06-18,
2010-06-21,
2010-06-22,
2010-06-23,
2010-06-24,
2010-06-25,
2010-06-28,
2010-06-29,
2010-06-30,
2010-07-01,
2010-07-02,
2010-07-06,
2010-07-07,
2010-07-08,
2010-07-09,
2010-07-12,
2010-07-13,
2010-07-14,
2010-07-15,
2010-07-16,
2010-07-19,
2010-07-20,
2010-07-21,
2010-07-22,
2010-07-23,
2010-07-26,
2010-07-27,
2010-07-28,
2010-07-29,
2010-07-30,
2010-08-02,
2010-08-03,
2010-08-04,
2010-08-05,
2010-08-06,
2010-08-09,
2010-08-10,
2010-08-11,
2010-08-12,
2010-08-13,
2010-08-16,
2010-08-17,
2010-08-18,
2010-08-19,
2010-08-20,
2010-08-23,
2010-08-24,
2010-08-25,
2010-08-26,
2010-08-27,
2010-08-30,
2010-08-31,
2010-09-01,
2010-09-02,
2010-09-03,
2010-09-07,
2010-09-08,
2010-09-09,
2010-09-10,
2010-09-13,
2010-09-14,
2010-09-15,
2010-09-16,
2010-09-17,
2010-09-20,
2010-09-21,
2010-09-22,
2010-09-23,
2010-09-24,
2010-09-27,
2010-09-28,
2010-09-29,
2010-09-30,
2010-10-01,
2010-10-04,
2010-10-05,
2010-10-06,
2010-10-07,
2010-10-08,
2010-10-11,
2010-10-12,
2010-10-13,
2010-10-14,
2010-10-15,
2010-10-18,
2010-10-19,
2010-10-20,
2010-10-21,
2010-10-22,
2010-10-25,
2010-10-26,
2010-10-27,
2010-10-28,
2010-10-29,
2010-11-01,
2010-11-02,
2010-11-03,
2010-11-04,
2010-11-05,
2010-11-08,
2010-11-09,
2010-11-10,
2010-11-11,
2010-11-12,
2010-11-15,
2010-11-16,
2010-11-17,
2010-11-18,
2010-11-19,
2010-11-22,
2010-11-23,
2010-11-24,
2010-11-26,
2010-11-29,
2010-11-30,
2010-12-01,
2010-12-02,
2010-12-03,
2010-12-06,
2010-12-07,
2010-12-08,
2010-12-09,
2010-12-10,
2010-12-13,
2010-12-14,
2010-12-15,
2010-12-16,
2010-12-17,
2010-12-20,
2010-12-21,
2010-12-22,
2010-12-23,
2010-12-27,
2010-12-28,
2010-12-29,
2010-12-30,
2010-12-31,
2011-01-03,
2011-01-04,
2011-01-05,
2011-01-06,
2011-01-07,
2011-01-10,
2011-01-11,
2011-01-12,
2011-01-13,
2011-01-14,
2011-01-18,
2011-01-19,
2011-01-20,
2011-01-21,
2011-01-24,
2011-01-25,
2011-01-26,
2011-01-27,
2011-01-28,
2011-01-31,
2011-02-01,
2011-02-02,
2011-02-03,
2011-02-04,
2011-02-07,
2011-02-08,
2011-02-09,
2011-02-10,
2011-02-11,
2011-02-14,
2011-02-15,
2011-02-16,
2011-02-17,
2011-02-18,
2011-02-22,
2011-02-23,
2011-02-24,
2011-02-25,
2011-02-28,
2011-03-01,
2011-03-02,
2011-03-03,
2011-03-04,
2011-03-07,
2011-03-08,
2011-03-09,
2011-03-10,
2011-03-11,
2011-03-14,
2011-03-15,
2011-03-16,
2011-03-17,
2011-03-18,
2011-03-21,
2011-03-22,
2011-03-23,
2011-03-24,
2011-03-25,
2011-03-28,
2011-03-29,
2011-03-30,
2011-03-31,
2011-04-01,
2011-04-04,
2011-04-05,
2011-04-06,
2011-04-07,
2011-04-08,
2011-04-11,
2011-04-12,
2011-04-13,
2011-04-14,
2011-04-15,
2011-04-18,
2011-04-19,
2011-04-20,
2011-04-21,
2011-04-25,
2011-04-26,
2011-04-27,
2011-04-28,
2011-04-29,
2011-05-02,
2011-05-03,
2011-05-04,
2011-05-05,
2011-05-06,
2011-05-09,
2011-05-10,
2011-05-11,
2011-05-12,
2011-05-13,
2011-05-16,
2011-05-17,
2011-05-18,
2011-05-19,
2011-05-20,
2011-05-23,
2011-05-24,
2011-05-25,
2011-05-26,
2011-05-27,
2011-05-31,
2011-06-01,
2011-06-02,
2011-06-03,
2011-06-06,
2011-06-07,
2011-06-08,
2011-06-09,
2011-06-10,
2011-06-13,
2011-06-14,
2011-06-15,
2011-06-16,
2011-06-17,
2011-06-20,
2011-06-21,
2011-06-22,
2011-06-23,
2011-06-24,
2011-06-27,
2011-06-28,
2011-06-29,
2011-06-30,
2011-07-01,
2011-07-05,
2011-07-06,
2011-07-07,
2011-07-08,
2011-07-11,
2011-07-12,
2011-07-13,
2011-07-14,
2011-07-15,
2011-07-18,
2011-07-19,
2011-07-20,
2011-07-21,
2011-07-22,
2011-07-25,
2011-07-26,
2011-07-27,
2011-07-28,
2011-07-29,
2011-08-01,
2011-08-02,
2011-08-03,
2011-08-04,
2011-08-05,
2011-08-08,
2011-08-09,
2011-08-10,
2011-08-11,
2011-08-12,
2011-08-15,
2011-08-16,
2011-08-17,
2011-08-18,
2011-08-19,
2011-08-22,
2011-08-23,
2011-08-24,
2011-08-25,
2011-08-26,
2011-08-29,
2011-08-30,
2011-08-31,
2011-09-01,
2011-09-02,
2011-09-06,
2011-09-07,
2011-09-08,
2011-09-09,
2011-09-12,
2011-09-13,
2011-09-14,
2011-09-15,
2011-09-16,
2011-09-19,
2011-09-20,
2011-09-21,
2011-09-22,
2011-09-23,
2011-09-26,
2011-09-27,
2011-09-28,
2011-09-29,
2011-09-30,
2011-10-03,
2011-10-04,
2011-10-05,
2011-10-06,
2011-10-07,
2011-10-10,
2011-10-11,
2011-10-12,
2011-10-13,
2011-10-14,
2011-10-17,
2011-10-18,
2011-10-19,
2011-10-20,
2011-10-21,
2011-10-24,
2011-10-25,
2011-10-26,
2011-10-27,
2011-10-28,
2011-10-31,
2011-11-01,
2011-11-02,
2011-11-03,
2011-11-04,
2011-11-07,
2011-11-08,
2011-11-09,
2011-11-10,
2011-11-11,
2011-11-14,
2011-11-15,
2011-11-16,
2011-11-17,
2011-11-18,
2011-11-21,
2011-11-22,
2011-11-23,
2011-11-25,
2011-11-28,
2011-11-29,
2011-11-30,
2011-12-01,
2011-12-02,
2011-12-05,
2011-12-06,
2011-12-07,
2011-12-08,
2011-12-09,
2011-12-12,
2011-12-13,
2011-12-14,
2011-12-15,
2011-12-16,
2011-12-19,
2011-12-20,
2011-12-21,
2011-12-22,
2011-12-23,
2011-12-27,
2011-12-28,
2011-12-29,
2011-12-30,
2012-01-03,
2012-01-04,
2012-01-05,
2012-01-06,
2012-01-09,
2012-01-10,
2012-01-11,
2012-01-12,
2012-01-13,
2012-01-17,
2012-01-18,
2012-01-19,
2012-01-20,
2012-01-23,
2012-01-24,
2012-01-25,
2012-01-26,
2012-01-27,
2012-01-30,
2012-01-31,
2012-02-01,
2012-02-02,
2012-02-03,
2012-02-06,
2012-02-07,
2012-02-08,
2012-02-09,
2012-02-10,
2012-02-13,
2012-02-14,
2012-02-15,
2012-02-16,
2012-02-17,
2012-02-21,
2012-02-22,
2012-02-23,
2012-02-24,
2012-02-27,
2012-02-28,
2012-02-29,
2012-03-01,
2012-03-02,
2012-03-05,
2012-03-06,
2012-03-07,
2012-03-08,
2012-03-09,
2012-03-12,
2012-03-13,
2012-03-14,
2012-03-15,
2012-03-16,
2012-03-19,
2012-03-20,
2012-03-21,
2012-03-22,
2012-03-23,
2012-03-26,
2012-03-27,
2012-03-28,
2012-03-29,
2012-03-30,
2012-04-02,
2012-04-03,
2012-04-04,
2012-04-05,
2012-04-09,
2012-04-10,
2012-04-11,
2012-04-12,
2012-04-13,
2012-04-16,
2012-04-17,
2012-04-18,
2012-04-19,
2012-04-20,
2012-04-23,
2012-04-24,
2012-04-25,
2012-04-26,
2012-04-27,
2012-04-30,
2012-05-01,
2012-05-02,
2012-05-03,
2012-05-04,
2012-05-07,
2012-05-08,
2012-05-09,
2012-05-10,
2012-05-11,
2012-05-14,
2012-05-15,
2012-05-16,
2012-05-17,
2012-05-18,
2012-05-21,
2012-05-22,
2012-05-23,
2012-05-24,
2012-05-25,
2012-05-29,
2012-05-30,
2012-05-31,
2012-06-01,
2012-06-04,
2012-06-05,
2012-06-06,
2012-06-07,
2012-06-08,
2012-06-11,
2012-06-12,
2012-06-13,
2012-06-14,
2012-06-15,
2012-06-18,
2012-06-19,
2012-06-20,
2012-06-21,
2012-06-22,
2012-06-25,
2012-06-26,
2012-06-27,
2012-06-28,
2012-06-29,
2012-07-02,
2012-07-03,
2012-07-05,
2012-07-06,
2012-07-09,
2012-07-10,
2012-07-11,
2012-07-12,
2012-07-13,
2012-07-16,
2012-07-17,
2012-07-18,
2012-07-19,
2012-07-20,
2012-07-23,
2012-07-24,
2012-07-25,
2012-07-26,
2012-07-27,
2012-07-30,
2012-07-31,
2012-08-01,
2012-08-02,
2012-08-03,
2012-08-06,
2012-08-07,
2012-08-08,
2012-08-09,
2012-08-10,
2012-08-13,
2012-08-14,
2012-08-15,
2012-08-16,
2012-08-17,
2012-08-20,
2012-08-21,
2012-08-22,
2012-08-23,
2012-08-24,
2012-08-27,
2012-08-28,
2012-08-29,
2012-08-30,
2012-08-31,
2012-09-04,
2012-09-05,
2012-09-06,
2012-09-07,
2012-09-10,
2012-09-11,
2012-09-12,
2012-09-13,
2012-09-14,
2012-09-17,
2012-09-18,
2012-09-19,
2012-09-20,
2012-09-21,
2012-09-24,
2012-09-25,
2012-09-26,
2012-09-27,
2012-09-28,
2012-10-01,
2012-10-02,
2012-10-03,
2012-10-04,
2012-10-05,
2012-10-08,
2012-10-09,
2012-10-10,
2012-10-11,
2012-10-12,
2012-10-15,
2012-10-16,
2012-10-17,
2012-10-18,
2012-10-19,
2012-10-22,
2012-10-23,
2012-10-24,
2012-10-25,
2012-10-26,
2012-10-31,
2012-11-01,
2012-11-02,
2012-11-05,
2012-11-06,
2012-11-07,
2012-11-08,
2012-11-09,
2012-11-12,
2012-11-13,
2012-11-14,
2012-11-15,
2012-11-16,
2012-11-19,
2012-11-20,
2012-11-21,
2012-11-23,
2012-11-26,
2012-11-27,
2012-11-28,
2012-11-29,
2012-11-30,
2012-12-03,
2012-12-04,
2012-12-05,
2012-12-06,
2012-12-07,
2012-12-10,
2012-12-11,
2012-12-12,
2012-12-13,
2012-12-14,
2012-12-17,
2012-12-18,
2012-12-19,
2012-12-20,
2012-12-21,
2012-12-24,
2012-12-26,
2012-12-27,
2012-12-28,
2012-12-31,
2013-01-02,
2013-01-03,
2013-01-04,
2013-01-07,
2013-01-08,
2013-01-09,
2013-01-10,
2013-01-11,
2013-01-14,
2013-01-15,
2013-01-16,
2013-01-17,
2013-01-18,
2013-01-22,
2013-01-23,
2013-01-24,
2013-01-25,
2013-01-28,
2013-01-29,
2013-01-30,
2013-01-31,
2013-02-01,
2013-02-04,
2013-02-05,
2013-02-06,
2013-02-07,
2013-02-08,
2013-02-11,
2013-02-12,
2013-02-13,
2013-02-14,
2013-02-15,
2013-02-19,
2013-02-20,
2013-02-21,
2013-02-22,
2013-02-25,
2013-02-26,
2013-02-27,
2013-02-28,
2013-03-01,
2013-03-04,
2013-03-05,
2013-03-06,
2013-03-07,
2013-03-08,
2013-03-11,
2013-03-12,
2013-03-13,
2013-03-14,
2013-03-15,
2013-03-18,
2013-03-19,
2013-03-20,
2013-03-21,
2013-03-22,
2013-03-25,
2013-03-26,
2013-03-27,
2013-03-28,
2013-04-01,
2013-04-02,
2013-04-03,
2013-04-04,
2013-04-05,
2013-04-08,
2013-04-09,
2013-04-10,
2013-04-11,
2013-04-12,
2013-04-15,
2013-04-16,
2013-04-17,
2013-04-18,
2013-04-19,
2013-04-22,
2013-04-23,
2013-04-24,
2013-04-25,
2013-04-26,
2013-04-29,
2013-04-30,
2013-05-01,
2013-05-02,
2013-05-03,
2013-05-06,
2013-05-07,
2013-05-08,
2013-05-09,
2013-05-10,
2013-05-13,
2013-05-14,
2013-05-15,
2013-05-16,
2013-05-17,
2013-05-20,
2013-05-21,
2013-05-22,
2013-05-23,
2013-05-24,
2013-05-28,
2013-05-29,
2013-05-30,
2013-05-31,
2013-06-03,
2013-06-04,
2013-06-05,
2013-06-06,
2013-06-07,
2013-06-10,
2013-06-11,
2013-06-12,
2013-06-13,
2013-06-14,
2013-06-17,
2013-06-18,
2013-06-19,
2013-06-20,
2013-06-21,
2013-06-24,
2013-06-25,
2013-06-26,
2013-06-27,
2013-06-28,
2013-07-01,
2013-07-02,
2013-07-03,
2013-07-05,
2013-07-08,
2013-07-09,
2013-07-10,
2013-07-11,
2013-07-12,
2013-07-15,
2013-07-16,
2013-07-17,
2013-07-18,
2013-07-19,
2013-07-22,
2013-07-23,
2013-07-24,
2013-07-25,
2013-07-26,
2013-07-29,
2013-07-30,
2013-07-31,
2013-08-01,
2013-08-02,
2013-08-05,
2013-08-06,
2013-08-07,
2013-08-08,
2013-08-09,
2013-08-12,
2013-08-13,
2013-08-14,
2013-08-15,
2013-08-16,
2013-08-19,
2013-08-20,
2013-08-21,
2013-08-22,
2013-08-23,
2013-08-26,
2013-08-27,
2013-08-28,
2013-08-29,
2013-08-30,
2013-09-03,
2013-09-04,
2013-09-05,
2013-09-06,
2013-09-09,
2013-09-10,
2013-09-11,
2013-09-12,
2013-09-13,
2013-09-16,
2013-09-17,
2013-09-18,
2013-09-19,
2013-09-20,
2013-09-23,
2013-09-24,
2013-09-25,
2013-09-26,
2013-09-27,
2013-09-30,
2013-10-01,
2013-10-02,
2013-10-03,
2013-10-04,
2013-10-07,
2013-10-08,
2013-10-09,
2013-10-10,
2013-10-11,
2013-10-14,
2013-10-15,
2013-10-16,
2013-10-17,
2013-10-18,
2013-10-21,
2013-10-22,
2013-10-23,
2013-10-24,
2013-10-25,
2013-10-28,
2013-10-29,
2013-10-30,
2013-10-31,
2013-11-01,
2013-11-04,
2013-11-05,
2013-11-06,
2013-11-07,
2013-11-08,
2013-11-11,
2013-11-12,
2013-11-13,
2013-11-14,
2013-11-15,
2013-11-18,
2013-11-19,
2013-11-20,
2013-11-21,
2013-11-22,
2013-11-25,
2013-11-26,
2013-11-27,
2013-11-29,
2013-12-02,
2013-12-03,
2013-12-04,
2013-12-05,
2013-12-06,
2013-12-09,
2013-12-10,
2013-12-11,
2013-12-12,
2013-12-13,
2013-12-16,
2013-12-17,
2013-12-18,
2013-12-19,
2013-12-20,
2013-12-23,
2013-12-24,
2013-12-26,
2013-12-27,
2013-12-30,
2013-12-31,
2014-01-02,
2014-01-03,
2014-01-06,
2014-01-07,
2014-01-08,
2014-01-09,
2014-01-10,
2014-01-13,
2014-01-14,
2014-01-15,
2014-01-16,
2014-01-17,
2014-01-21,
2014-01-22,
2014-01-23,
2014-01-24,
2014-01-27,
2014-01-28,
2014-01-29,
2014-01-30,
2014-01-31,
2014-02-03,
2014-02-04,
2014-02-05,
2014-02-06,
2014-02-07,
2014-02-10,
2014-02-11,
2014-02-12,
2014-02-13,
2014-02-14,
2014-02-18,
2014-02-19,
2014-02-20,
2014-02-21,
2014-02-24,
2014-02-25,
2014-02-26,
2014-02-27,
2014-02-28,
2014-03-03,
2014-03-04,
2014-03-05,
2014-03-06,
2014-03-07,
2014-03-10,
2014-03-11,
2014-03-12,
2014-03-13,
2014-03-14,
2014-03-17,
2014-03-18,
2014-03-19,
2014-03-20,
2014-03-21,
2014-03-24,
2014-03-25,
2014-03-26,
2014-03-27,
2014-03-28,
2014-03-31,
2014-04-01,
2014-04-02,
2014-04-03,
2014-04-04,
2014-04-07,
2014-04-08,
2014-04-09,
2014-04-10,
2014-04-11,
2014-04-14,
2014-04-15,15.080094337463379
2014-04-16,15.34534740447998
2014-04-17,15.964268684387207
2014-04-21,15.816906929016113
2014-04-22,15.699016571044922
2014-04-23,15.787435531616211
2014-04-24,15.473061561584473
2014-04-25,15.030973434448242
2014-04-28,14.706777572631836
2014-04-29,15.01132583618164
2014-04-30,15.139039039611816
2014-05-01,15.3944673538208
2014-05-02,15.52218246459961
2014-05-05,15.404292106628418
2014-05-06,15.040796279907227
2014-05-07,14.785369873046875
2014-05-08,14.913084030151367
2014-05-09,14.254864692687988
2014-05-12,13.842248916625977
2014-05-13,13.626117706298828
2014-05-14,13.822601318359375
2014-05-15,14.038732528686523
2014-05-16,13.56717300415039
2014-05-19,13.007195472717285
2014-05-20,13.753830909729004
2014-05-21,13.753830909729004
2014-05-22,15.109566688537598
2014-05-23,14.27451229095459
2014-05-27,13.783304214477539
2014-05-28,13.01701831817627
2014-05-29,13.242974281311035
2014-05-30,13.115262031555176
2014-06-02,13.301918983459473
2014-06-03,13.783304214477539
2014-06-04,14.048558235168457
2014-06-05,13.920843124389648
2014-06-06,14.19591999053955
2014-06-09,14.382577896118164
2014-06-10,14.17627239227295
2014-06-11,14.205742835998535
2014-06-12,13.724360466003418
2014-06-13,13.753830909729004
2014-06-16,14.186094284057617
2014-06-17,13.753830909729004
2014-06-18,13.920843124389648
2014-06-19,14.038732528686523
2014-06-20,13.871720314025879
2014-06-23,14.382577896118164
2014-06-24,14.441523551940918
2014-06-25,14.461173057556152
2014-06-26,14.461173057556152
2014-06-27,13.734184265136719
2014-06-30,14.333457946777344
2014-07-01,14.343282699584961
2014-07-02,13.999436378479004
2014-07-03,14.421875
2014-07-07,13.773480415344238
2014-07-08,13.193854331970215
2014-07-09,13.184030532836914
2014-07-10,13.066140174865723
2014-07-11,12.800887107849121
2014-07-14,13.056314468383789
2014-07-15,12.741943359375
2014-07-16,12.624051094055176
2014-07-17,12.191790580749512
2014-07-18,12.26055908203125
2014-07-21,12.555283546447754
2014-07-22,12.398096084594727
2014-07-23,12.614228248596191
2014-07-24,12.771414756774902
2014-07-25,12.771414756774902
2014-07-28,12.732118606567383
2014-07-29,12.65352725982666
2014-07-30,12.771414756774902
2014-07-31,12.555283546447754
2014-08-01,12.427569389343262
2014-08-04,12.466864585876465
2014-08-05,12.270381927490234
2014-08-06,13.586820602416992
2014-08-07,13.576996803283691
2014-08-08,13.341216087341309
2014-08-11,13.665414810180664
2014-08-12,13.64576530456543
2014-08-13,14.490644454956055
2014-08-14,14.991677284240723
2014-08-15,16.543893814086914
2014-08-18,16.160751342773438
2014-08-19,15.905324935913086
2014-08-20,15.492708206176758
2014-08-21,16.24917221069336
2014-08-22,17.143169403076172
2014-08-25,16.94668197631836
2014-08-26,17.73261833190918
2014-08-27,17.663848876953125
2014-08-28,17.565603256225586
2014-08-29,17.60490608215332
2014-09-02,17.762088775634766
2014-09-03,17.044925689697266
2014-09-04,16.35723304748535
2014-09-05,16.14110565185547
2014-09-08,16.101808547973633
2014-09-09,15.826729774475098
2014-09-10,16.07233238220215
2014-09-11,16.406360626220703
2014-09-12,17.428070068359375
2014-09-15,16.8582706451416
2014-09-16,17.57543182373047
2014-09-17,17.418245315551758
2014-09-18,17.73261833190918
2014-09-19,18.656091690063477
2014-09-22,17.958574295043945
2014-09-23,17.978221893310547
2014-09-24,18.09610939025879
2014-09-25,16.69125747680664
2014-09-26,16.91720962524414
2014-09-29,16.61266326904297
2014-09-30,16.268815994262695
2014-10-01,15.816906929016113
2014-10-02,16.013391494750977
2014-10-03,16.278640747070312
2014-10-06,15.866025924682617
2014-10-07,15.482885360717773
2014-10-08,15.404292106628418
2014-10-09,14.618356704711914
2014-10-10,14.618356704711914
2014-10-13,14.716598510742188
2014-10-14,14.775545120239258
2014-10-15,15.974093437194824
2014-10-16,16.465299606323242
2014-10-17,16.14110565185547
2014-10-20,16.052684783935547
2014-10-21,16.37688446044922
2014-10-22,16.19022560119629
2014-10-23,16.23934555053711
2014-10-24,16.21969985961914
2014-10-27,16.278640747070312
2014-10-28,16.61266326904297
2014-10-29,16.475128173828125
2014-10-30,17.123517990112305
2014-10-31,17.437894821166992
2014-11-03,17.369125366210938
2014-11-04,17.418245315551758
2014-11-05,20.778108596801758
2014-11-06,21.210372924804688
2014-11-07,21.043359756469727
2014-11-10,21.681934356689453
2014-11-11,22.1043701171875
2014-11-12,21.957014083862305
2014-11-13,22.202613830566406
2014-11-14,23.273448944091797
2014-11-17,24.413053512573242
2014-11-18,24.403226852416992
2014-11-19,25.238279342651367
2014-11-20,25.641071319580078
2014-11-21,26.456478118896484
2014-11-24,26.986982345581055
2014-11-25,27.193288803100586
2014-11-26,27.792564392089844
2014-11-28,28.244474411010742
2014-12-01,27.880979537963867
2014-12-02,27.114696502685547
2014-12-03,26.446651458740234
2014-12-04,26.790498733520508
2014-12-05,26.849449157714844
2014-12-08,25.955448150634766
2014-12-09,26.90838623046875
2014-12-10,26.122455596923828
2014-12-11,25.189157485961914
2014-12-12,24.0299072265625
2014-12-15,23.813777923583984
2014-12-16,26.122455596923828
2014-12-17,26.829797744750977
2014-12-18,27.095046997070312
2014-12-19,26.73155403137207
2014-12-22,27.930105209350586
2014-12-23,26.888742446899414
2014-12-24,26.024211883544922
2014-12-26,26.21087646484375
2014-12-29,25.778608322143555
2014-12-30,25.611600875854492
2014-12-31,25.867027282714844
2015-01-02,25.601774215698242
2015-01-05,24.73724937438965
2015-01-06,24.128149032592773
2015-01-07,24.89443588256836
2015-01-08,25.955448150634766
2015-01-09,24.98285484313965
2015-01-12,24.24604034423828
2015-01-13,23.194856643676758
2015-01-14,22.77241325378418
2015-01-15,23.194856643676758
2015-01-16,23.076961517333984
2015-01-20,22.831363677978516
2015-01-21,24.815841674804688
2015-01-22,25.817907333374023
2015-01-23,26.564546585083008
2015-01-26,26.928041458129883
2015-01-27,27.625553131103516
2015-01-28,28.25429916381836
2015-01-29,26.918210983276367
2015-01-30,25.709842681884766
2015-02-02,25.63124656677246
2015-02-03,27.095046997070312
2015-02-04,26.603837966918945
2015-02-05,27.507661819458008
2015-02-06,27.55678367614746
2015-02-09,29.236713409423828
2015-02-10,31.14260482788086
2015-02-11,30.897003173828125
2015-02-12,32.49834442138672
2015-02-13,31.800823211669922
2015-02-17,32.96990203857422
2015-02-18,32.056251525878906
2015-02-19,32.802886962890625
2015-02-20,33.176204681396484
2015-02-23,32.331329345703125
2015-02-24,32.60639953613281
2015-02-25,32.360801696777344
2015-02-26,32.26255798339844
2015-02-27,31.319440841674805
2015-03-02,31.30961799621582
2015-03-03,31.358736038208008
2015-03-04,31.083660125732422
2015-03-05,31.781177520751953
2015-03-06,31.59451675415039
2015-03-09,30.111066818237305
2015-03-10,30.337024688720703
2015-03-11,30.936298370361328
2015-03-12,31.30961799621582
2015-03-13,30.847881317138672
2015-03-16,31.38821029663086
2015-03-17,32.09554672241211
2015-03-18,33.61830139160156
2015-03-19,34.492645263671875
2015-03-20,33.176204681396484
2015-03-23,32.60639953613281
2015-03-24,31.064010620117188
2015-03-25,29.93423080444336
2015-03-26,31.27031898498535
2015-03-27,31.280141830444336
2015-03-30,31.52574920654297
2015-03-31,31.49627685546875
2015-04-01,31.103309631347656
2015-04-02,30.946123123168945
2015-04-06,31.407859802246094
2015-04-07,31.79100227355957
2015-04-08,31.712404251098633
2015-04-09,31.407859802246094
2015-04-10,31.211374282836914
2015-04-13,30.91664695739746
2015-04-14,29.953882217407227
2015-04-15,30.55315589904785
2015-04-16,30.278078079223633
2015-04-17,29.58056640625
2015-04-20,31.633813858032227
2015-04-21,32.52781295776367
2015-04-22,32.37062454223633
2015-04-23,32.468868255615234
2015-04-24,32.331329345703125
2015-04-27,31.643632888793945
2015-04-28,32.331329345703125
2015-04-29,31.810649871826172
2015-04-30,31.054187774658203
2015-05-01,31.368558883666992
2015-05-04,32.38045120239258
2015-05-05,30.779111862182617
2015-05-06,32.468868255615234
2015-05-07,34.708778381347656
2015-05-08,35.072265625
2015-05-11,37.61673355102539
2015-05-12,38.26512145996094
2015-05-13,37.47918701171875
2015-05-14,38.550025939941406
2015-05-15,34.66948318481445
2015-05-18,34.72842025756836
2015-05-19,35.04279327392578
2015-05-20,35.17050552368164
2015-05-21,35.57331085205078
2015-05-22,35.04279327392578
2015-05-26,34.55158233642578
2015-05-27,34.571231842041016
2015-05-28,34.09967803955078
2015-05-29,34.148799896240234
2015-06-01,34.13897705078125
2015-06-02,34.75790023803711
2015-06-03,34.708778381347656
2015-06-04,34.61053466796875
2015-06-05,34.777549743652344
2015-06-08,35.661720275878906
2015-06-09,35.425941467285156
2015-06-10,35.39646911621094
2015-06-11,35.13120651245117
2015-06-12,35.28840255737305
2015-06-15,35.848384857177734
2015-06-16,37.56760787963867
2015-06-17,37.47918701171875
2015-06-18,37.68549728393555
2015-06-19,37.04692077636719
2015-06-22,37.67567443847656
2015-06-23,37.42024230957031
2015-06-24,36.10380935668945
2015-06-25,36.7129020690918
2015-06-26,35.12139129638672
2015-06-29,33.77548599243164
2015-06-30,33.54952621459961
2015-07-01,33.87371826171875
2015-07-02,33.431636810302734
2015-07-06,33.86389923095703
2015-07-07,32.930599212646484
2015-07-08,32.74394226074219
2015-07-09,33.5986442565918
2015-07-10,33.85407257080078
2015-07-13,33.95231628417969
2015-07-14,34.48281478881836
2015-07-15,34.207740783691406
2015-07-16,34.502464294433594
2015-07-17,34.45334243774414
2015-07-20,35.10174560546875
2015-07-21,34.93473434448242
2015-07-22,35.091915130615234
2015-07-23,35.317874908447266
2015-07-24,33.156558990478516
2015-07-27,31.04436492919922
2015-07-28,30.720165252685547
2015-07-29,31.398033142089844
2015-07-30,31.653459548950195
2015-07-31,31.437332153320312
2015-08-03,30.887178421020508
2015-08-04,31.4864501953125
2015-08-05,37.184471130371094
2015-08-06,36.310115814208984
2015-08-07,36.75220489501953
2015-08-10,37.08622741699219
2015-08-11,37.34165954589844
2015-08-12,36.87992477416992
2015-08-13,37.21393966674805
2015-08-14,37.67567443847656
2015-08-17,40.19065856933594
2015-08-18,39.29666519165039
2015-08-19,39.36543273925781
2015-08-20,37.734622955322266
2015-08-21,37.26306915283203
2015-08-24,36.80131912231445
2015-08-25,36.270816802978516
2015-08-26,37.5283088684082
2015-08-27,37.754268646240234
2015-08-28,37.636375427246094
2015-08-31,37.86233901977539
2015-09-01,36.59502029418945
2015-09-02,37.361305236816406
2015-09-03,36.92903518676758
2015-09-04,36.10380935668945
2015-09-08,37.32200241088867
2015-09-09,37.19428634643555
2015-09-10,37.08622741699219
2015-09-11,37.734622955322266
2015-09-14,38.078460693359375
2015-09-15,39.8861083984375
2015-09-16,37.331825256347656
2015-09-17,37.27288055419922
2015-09-18,37.16482162475586
2015-09-21,37.361305236816406
2015-09-22,37.08622741699219
2015-09-23,37.380950927734375
2015-09-24,35.39646911621094
2015-09-25,33.70671081542969
2015-09-28,33.421810150146484
2015-09-29,33.94248580932617
2015-09-30,35.2785758972168
2015-10-01,35.34735107421875
2015-10-02,36.398536682128906
2015-10-05,37.665855407714844
2015-10-06,37.49884033203125
2015-10-07,38.707210540771484
2015-10-08,38.66791534423828
2015-10-09,39.62086486816406
2015-10-12,39.787872314453125
2015-10-13,38.68756866455078
2015-10-14,39.05105972290039
2015-10-15,39.679805755615234
2015-10-16,41.12395477294922
2015-10-19,40.12189483642578
2015-10-20,37.89180374145508
2015-10-21,37.61673355102539
2015-10-22,37.95075225830078
2015-10-23,37.017452239990234
2015-10-26,36.76202392578125
2015-10-27,35.52417755126953
2015-10-28,38.27494430541992
2015-10-29,38.206180572509766
2015-10-30,37.34165954589844
2015-11-02,38.29459762573242
2015-11-03,38.46160888671875
2015-11-04,44.92591094970703
2015-11-05,43.521053314208984
2015-11-06,44.09085464477539
2015-11-09,42.695823669433594
2015-11-10,42.36179733276367
2015-11-11,42.764591217041016
2015-11-12,43.570167541503906
2015-11-13,40.31837463378906
2015-11-16,40.49521255493164
2015-11-17,40.8488883972168
2015-11-18,41.26149368286133
2015-11-19,41.88041687011719
2015-11-20,41.448158264160156
2015-11-23,40.99624252319336
2015-11-24,42.00813293457031
2015-11-25,42.460044860839844
2015-11-27,42.911956787109375
2015-11-30,42.83335876464844
2015-12-01,43.363868713378906
2015-12-02,40.69169235229492
2015-12-03,39.404727935791016
2015-12-04,39.4538459777832
2015-12-07,38.785804748535156
2015-12-08,38.31424331665039
2015-12-09,37.20411682128906
2015-12-10,37.99987030029297
2015-12-11,37.056758880615234
2015-12-14,36.80131912231445
2015-12-15,37.980224609375
2015-12-16,37.97040557861328
2015-12-17,37.24341583251953
2015-12-18,37.10587692260742
2015-12-21,37.852508544921875
2015-12-22,37.82304382324219
2015-12-23,38.559852600097656
2015-12-24,37.82304382324219
2015-12-28,37.82304382324219
2015-12-29,38.03916549682617
2015-12-30,37.64619827270508
2015-12-31,36.96833038330078
2016-01-04,35.3375244140625
2016-01-05,34.256866455078125
2016-01-06,34.374755859375
2016-01-07,34.91508865356445
2016-01-08,32.6751708984375
2016-01-11,32.38045120239258
2016-01-12,32.64570236206055
2016-01-13,30.356674194335938
2016-01-14,31.25067138671875
2016-01-15,31.456981658935547
2016-01-19,30.494211196899414
2016-01-20,30.278078079223633
2016-01-21,30.867530822753906
2016-01-22,31.732051849365234
2016-01-25,30.69069480895996
2016-01-26,29.963706970214844
2016-01-27,28.273944854736328
2016-01-28,28.70621109008789
2016-01-29,29.619861602783203
2016-02-01,30.7889347076416
2016-02-02,30.356674194335938
2016-02-03,29.737749099731445
2016-02-04,30.42544174194336
2016-02-05,26.043865203857422
2016-02-08,23.813777923583984
2016-02-09,22.1043701171875
2016-02-10,23.165382385253906
2016-02-11,23.93166732788086
2016-02-12,23.90219497680664
2016-02-16,25.582128524780273
2016-02-17,26.780672073364258
2016-02-18,27.32100486755371
2016-02-19,27.458545684814453
2016-02-22,28.755332946777344
2016-02-23,28.794628143310547
2016-02-24,29.678804397583008
2016-02-25,29.727922439575195
2016-02-26,31.280141830444336
2016-02-29,31.319440841674805
2016-03-01,32.557281494140625
2016-03-02,32.6751708984375
2016-03-03,32.056251525878906
2016-03-04,32.134849548339844
2016-03-07,32.47869110107422
2016-03-08,31.319440841674805
2016-03-09,31.741880416870117
2016-03-10,31.024715423583984
2016-03-11,31.4864501953125
2016-03-14,32.16432189941406
2016-03-15,31.073837280273438
2016-03-16,31.810649871826172
2016-03-17,32.8814811706543
2016-03-18,33.30392074584961
2016-03-21,33.45128631591797
2016-03-22,33.34321975708008
2016-03-23,32.99937057495117
2016-03-24,33.10744094848633
2016-03-28,33.480751037597656
2016-03-29,34.40422439575195
2016-03-30,34.620365142822266
2016-03-31,34.97402572631836
2016-04-01,34.80702209472656
2016-04-04,35.17050552368164
2016-04-05,33.82460403442383
2016-04-06,34.89543914794922
2016-04-07,33.54952621459961
2016-04-08,33.6968879699707
2016-04-11,32.557281494140625
2016-04-12,32.96990203857422
2016-04-13,34.207740783691406
2016-04-14,34.43370056152344
2016-04-15,34.08985137939453
2016-04-18,34.90525817871094
2016-04-19,36.01538848876953
2016-04-20,36.211875915527344
2016-04-21,36.81114959716797
2016-04-22,36.75220489501953
2016-04-25,35.946617126464844
2016-04-26,36.457481384277344
2016-04-27,37.28270721435547
2016-04-28,37.58726119995117
2016-04-29,37.53813934326172
2016-05-02,38.26512145996094
2016-05-03,37.60689926147461
2016-05-04,39.345787048339844
2016-05-05,38.00969696044922
2016-05-06,36.80131912231445
2016-05-09,37.86233901977539
2016-05-10,38.952823638916016
2016-05-11,38.87421798706055
2016-05-12,38.15705490112305
2016-05-13,38.58932113647461
2016-05-16,39.25736999511719
2016-05-17,38.707210540771484
2016-05-18,40.023658752441406
2016-05-19,39.404727935791016
2016-05-20,40.16118621826172
2016-05-23,40.07277297973633
2016-05-24,40.91764831542969
2016-05-25,39.110008239746094
2016-05-26,40.52468490600586
2016-05-27,40.12189483642578
2016-05-31,39.728919982910156
2016-06-01,40.34785079956055
2016-06-02,40.3773193359375
2016-06-03,40.22996139526367
2016-06-06,40.08259201049805
2016-06-07,40.59345245361328
2016-06-08,40.878360748291016
2016-06-09,40.6818733215332
2016-06-10,40.34785079956055
2016-06-13,40.45591354370117
2016-06-14,40.67204284667969
2016-06-15,41.36955642700195
2016-06-16,41.24184799194336
2016-06-17,41.12395477294922
2016-06-20,41.68393325805664
2016-06-21,41.8509407043457
2016-06-22,41.01588821411133
2016-06-23,42.40109634399414
2016-06-24,40.151363372802734
2016-06-27,38.62862014770508
2016-06-28,39.679805755615234
2016-06-29,40.91764831542969
2016-06-30,42.45022201538086
2016-07-01,42.81371307373047
2016-07-05,42.63688278198242
2016-07-06,43.265621185302734
2016-07-07,44.06138229370117
2016-07-08,44.6803092956543
2016-07-11,45.24028396606445
2016-07-12,45.67254638671875
2016-07-13,44.847312927246094
2016-07-14,45.436767578125
2016-07-15,45.38764190673828
2016-07-18,45.888671875
2016-07-19,45.4760627746582
2016-07-20,46.55672073364258
2016-07-21,44.5329475402832
2016-07-22,45.98692321777344
2016-07-25,46.22270202636719
2016-07-26,46.46830368041992
2016-07-27,46.44865417480469
2016-07-28,46.84162902832031
2016-07-29,46.379886627197266
2016-08-01,46.97916030883789
2016-08-02,46.50760269165039
2016-08-03,50.09341812133789
2016-08-04,50.388145446777344
2016-08-05,50.59445571899414
2016-08-08,49.84782028198242
2016-08-09,49.52362060546875
2016-08-10,49.22889709472656
2016-08-11,49.494144439697266
2016-08-12,49.88711166381836
2016-08-15,50.31937789916992
2016-08-16,49.81833267211914
2016-08-17,48.52155303955078
2016-08-18,48.560855865478516
2016-08-19,48.11876678466797
2016-08-22,48.2857780456543
2016-08-23,49.09135437011719
2016-08-24,49.58256530761719
2016-08-25,50.21131134033203
2016-08-26,50.37831497192383
2016-08-29,50.28008270263672
2016-08-30,50.55515670776367
2016-08-31,50.43726348876953
2016-09-01,50.44709014892578
2016-09-02,51.18390655517578
2016-09-06,51.08565902709961
2016-09-07,51.4982795715332
2016-09-08,51.115135192871094
2016-09-09,48.62962341308594
2016-09-12,49.18959426879883
2016-09-13,47.28370666503906
2016-09-14,47.22476577758789
2016-09-15,47.98122787475586
2016-09-16,47.70615768432617
2016-09-19,46.33076477050781
2016-09-20,45.70201873779297
2016-09-21,47.07740020751953
2016-09-22,49.35660934448242
2016-09-23,49.11100387573242
2016-09-26,49.54326629638672
2016-09-27,50.18183898925781
2016-09-28,49.58256530761719
2016-09-29,49.11100387573242
2016-09-30,49.2485466003418
2016-10-03,49.03240966796875
2016-10-04,48.47243118286133
2016-10-05,47.97140121459961
2016-10-06,49.03240966796875
2016-10-07,48.76716232299805
2016-10-10,49.621856689453125
2016-10-11,48.46261215209961
2016-10-12,48.77698516845703
2016-10-13,49.05205154418945
2016-10-14,48.826107025146484
2016-10-17,48.944000244140625
2016-10-18,49.13065719604492
2016-10-19,48.27595138549805
2016-10-20,47.89280700683594
2016-10-21,49.09135437011719
2016-10-24,51.517921447753906
2016-10-25,51.04636001586914
2016-10-26,50.82040786743164
2016-10-27,49.759395599365234
2016-10-28,50.73199462890625
2016-10-31,50.82040786743164
2016-11-01,51.08565902709961
2016-11-02,42.93160629272461
2016-11-03,42.37163162231445
2016-11-04,42.22426223754883
2016-11-07,43.82560348510742
2016-11-08,44.87678909301758
2016-11-09,41.56604766845703
2016-11-10,38.66791534423828
2016-11-11,40.78994369506836
2016-11-14,41.03553771972656
2016-11-15,40.8488883972168
2016-11-16,42.460044860839844
2016-11-17,42.62705612182617
2016-11-18,43.020015716552734
2016-11-21,42.94142150878906
2016-11-22,42.381446838378906
2016-11-23,42.518985748291016
2016-11-25,42.55827713012695
2016-11-28,42.01795959472656
2016-11-29,42.95125198364258
2016-11-30,44.08102798461914
2016-12-01,41.86077117919922
2016-12-02,42.77442169189453
2016-12-05,43.619293212890625
2016-12-06,45.13221740722656
2016-12-07,45.888671875
2016-12-08,46.01639175415039
2016-12-09,46.094974517822266
2016-12-12,45.22063446044922
2016-12-13,44.69995880126953
2016-12-14,44.56241226196289
2016-12-15,43.90419387817383
2016-12-16,45.11256790161133
2016-12-19,45.62342071533203
2016-12-20,45.48588562011719
2016-12-21,44.935733795166016
2016-12-22,43.796138763427734
2016-12-23,44.89643859863281
2016-12-27,46.07534408569336
2016-12-28,45.299232482910156
2016-12-29,45.318878173828125
2016-12-30,44.69013214111328
2017-01-03,45.65290451049805
2017-01-04,46.50760269165039
2017-01-05,46.17357635498047
2017-01-06,46.654964447021484
2017-01-09,47.5489616394043
2017-01-10,47.3623046875
2017-01-11,47.932106018066406
2017-01-12,47.24441146850586
2017-01-13,47.86333465576172
2017-01-17,47.05775451660156
2017-01-18,47.22476577758789
2017-01-19,47.03810501098633
2017-01-20,48.3250732421875
2017-01-23,49.012760162353516
2017-01-24,49.43519973754883
2017-01-25,49.13065719604492
2017-01-26,47.76509475708008
2017-01-27,48.344722747802734
2017-01-30,46.232521057128906
2017-01-31,45.426937103271484
2017-02-01,43.15755844116211
2017-02-02,43.54069900512695
2017-02-03,45.181339263916016
2017-02-06,43.81578063964844
2017-02-07,44.60171127319336
2017-02-08,44.46417236328125
2017-02-09,50.41761779785156
2017-02-10,51.40985870361328
2017-02-13,50.92847442626953
2017-02-14,51.282142639160156
2017-02-15,51.86177062988281
2017-02-16,51.4982795715332
2017-02-17,52.4413948059082
2017-02-21,52.176143646240234
2017-02-22,52.60841369628906
2017-02-23,53.109439849853516
2017-02-24,54.32763671875
2017-02-27,53.74801254272461
2017-02-28,52.88348388671875
2017-03-01,54.730430603027344
2017-03-02,54.229393005371094
2017-03-03,55.506534576416016
2017-03-06,55.67354202270508
2017-03-07,55.75214385986328
2017-03-08,55.0447998046875
2017-03-09,54.86796188354492
2017-03-10,55.19216537475586
2017-03-13,55.46723937988281
2017-03-14,55.074275970458984
2017-03-15,55.319881439208984
2017-03-16,55.5949592590332
2017-03-17,55.47706985473633
2017-03-20,55.447593688964844
2017-03-21,53.90519714355469
2017-03-22,54.307987213134766
2017-03-23,53.138912200927734
2017-03-24,53.97396469116211
2017-03-27,54.887611389160156
2017-03-28,55.486881256103516
2017-03-29,55.968265533447266
2017-03-30,56.18440246582031
2017-03-31,56.498775482177734
2017-04-03,56.77385330200195
2017-04-04,56.999813079833984
2017-04-05,56.23352813720703
2017-04-06,56.88192367553711
2017-04-07,56.83279800415039
2017-04-10,56.390708923339844
2017-04-11,56.94086456298828
2017-04-12,56.85244369506836
2017-04-13,56.724735260009766
2017-04-17,57.30436325073242
2017-04-18,58.00188064575195
2017-04-19,58.39483642578125
2017-04-20,58.4439582824707
2017-04-21,58.23765182495117
2017-04-24,58.96464157104492
2017-04-25,59.43620681762695
2017-04-26,58.91551971435547
2017-04-27,59.3870849609375
2017-04-28,59.19059753417969
2017-05-01,59.69162368774414
2017-05-02,59.45584487915039
2017-05-03,62.18696975708008
2017-05-04,62.4620475769043
2017-05-05,63.58200454711914
2017-05-08,63.974971771240234
2017-05-09,63.33639907836914
2017-05-10,63.316741943359375
2017-05-11,62.9532585144043
2017-05-12,63.86690902709961
2017-05-15,64.25987243652344
2017-05-16,64.41705322265625
2017-05-17,62.08872985839844
2017-05-18,63.09079360961914
2017-05-19,63.74900436401367
2017-05-22,63.85707473754883
2017-05-23,63.46410369873047
2017-05-24,63.94548034667969
2017-05-25,64.7510757446289
2017-05-26,64.8001937866211
2017-05-30,64.9180908203125
2017-05-31,64.2893295288086
2017-06-01,65.92997741699219
2017-06-02,66.67660522460938
2017-06-05,67.11869812011719
2017-06-06,66.9516830444336
2017-06-07,67.4330825805664
2017-06-08,67.79656219482422
2017-06-09,64.40723419189453
2017-06-12,65.39946746826172
2017-06-13,66.31311798095703
2017-06-14,65.4093017578125
2017-06-15,66.84362030029297
2017-06-16,68.1404037475586
2017-06-19,69.5943832397461
2017-06-20,69.11299896240234
2017-06-21,70.32138061523438
2017-06-22,70.52769470214844
2017-06-23,71.74588012695312
2017-06-26,70.50804138183594
2017-06-27,68.18953704833984
2017-06-28,68.49407196044922
2017-06-29,66.35240936279297
2017-06-30,67.20712280273438
2017-07-03,64.82965850830078
2017-07-05,65.5468521118164
2017-07-06,65.2520980834961
2017-07-07,66.45065307617188
2017-07-10,65.91032409667969
2017-07-11,67.03028106689453
2017-07-12,68.57267761230469
2017-07-13,67.27588653564453
2017-07-14,67.53131103515625
2017-07-17,67.78672790527344
2017-07-18,68.1502456665039
2017-07-19,68.36637115478516
2017-07-20,68.81827545166016
2017-07-21,68.41548156738281
2017-07-24,70.43927001953125
2017-07-25,69.73192596435547
2017-07-26,69.5256118774414
2017-07-27,68.04217529296875
2017-07-28,69.2210693359375
2017-07-31,68.85758209228516
2017-08-01,69.938232421875
2017-08-02,66.91239929199219
2017-08-03,68.16989135742188
2017-08-04,68.25831604003906
2017-08-07,68.75933074951172
2017-08-08,68.6709213256836
2017-08-09,68.30742645263672
2017-08-10,66.92221069335938
2017-08-11,67.7474365234375
2017-08-14,69.78105163574219
2017-08-15,70.27226257324219
2017-08-16,70.15435791015625
2017-08-17,69.21124267578125
2017-08-18,69.01476287841797
2017-08-21,70.01683044433594
2017-08-22,72.54163360595703
2017-08-23,72.67918395996094
2017-08-24,72.16832733154297
2017-08-25,71.49044799804688
2017-08-28,71.46097564697266
2017-08-29,70.66522979736328
2017-08-30,72.06024932861328
2017-08-31,73.29810333251953
2017-09-01,73.45528411865234
2017-09-05,73.33740234375
2017-09-06,72.00131225585938
2017-09-07,72.56128692626953
2017-09-08,72.33533477783203
2017-09-11,73.94648742675781
2017-09-12,73.4159927368164
2017-09-13,73.6026382446289
2017-09-14,73.64193725585938
2017-09-15,73.47493743896484
2017-09-18,73.75984954833984
2017-09-19,73.4651107788086
2017-09-20,73.50440979003906
2017-09-21,74.45735168457031
2017-09-22,74.74224090576172
2017-09-25,72.91496276855469
2017-09-26,72.15850067138672
2017-09-27,73.69107055664062
2017-09-28,73.43563842773438
2017-09-29,73.64193725585938
2017-10-02,73.50440979003906
2017-10-03,73.73036193847656
2017-10-04,73.15074157714844
2017-10-05,74.6931381225586
2017-10-06,76.42218780517578
2017-10-09,76.83480072021484
2017-10-10,77.03128814697266
2017-10-11,77.41442108154297
2017-10-12,77.85652160644531
2017-10-13,78.48526000976562
2017-10-16,77.60107421875
2017-10-17,77.49301147460938
2017-10-18,78.18070983886719
2017-10-19,77.84668731689453
2017-10-20,78.6620864868164
2017-10-23,78.08247375488281
2017-10-24,78.6620864868164
2017-10-25,78.36737060546875
2017-10-26,79.55609893798828
2017-10-27,80.56798553466797
2017-10-30,78.72105407714844
2017-10-31,80.754638671875
2017-11-01,75.94081115722656
2017-11-02,77.87615966796875
2017-11-03,78.87821960449219
2017-11-06,80.43045806884766
2017-11-07,78.46560668945312
2017-11-08,78.01371002197266
2017-11-09,77.10005187988281
2017-11-10,77.51266479492188
2017-11-13,78.08247375488281
2017-11-14,78.48526000976562
2017-11-15,77.11970520019531
2017-11-16,79.99817657470703
2017-11-17,80.54833221435547
2017-11-20,81.97283935546875
2017-11-21,83.6429443359375
2017-11-22,83.28926849365234
2017-11-24,84.08503723144531
2017-11-27,82.65068817138672
2017-11-28,83.0436782836914
2017-11-29,79.42838287353516
2017-11-30,80.55815124511719
2017-12-01,79.11400604248047
2017-12-04,75.31204986572266
2017-12-05,74.91908264160156
2017-12-06,75.69520568847656
2017-12-07,76.89373779296875
2017-12-08,77.27689361572266
2017-12-11,78.14141845703125
2017-12-12,76.54988861083984
2017-12-13,78.05299377441406
2017-12-14,78.17088317871094
2017-12-15,79.90975189208984
2017-12-18,81.31460571289062
2017-12-19,81.05919647216797
2017-12-20,80.88236236572266
2017-12-21,80.2241439819336
2017-12-22,79.30066680908203
2017-12-26,79.29084014892578
2017-12-27,79.85081481933594
2017-12-28,79.33013916015625
2017-12-29,78.91752624511719
2018-01-02,79.02558898925781
2018-01-03,79.60519409179688
2018-01-04,81.64865112304688
2018-01-05,82.40510559082031
2018-01-08,83.15172576904297
2018-01-09,83.23033142089844
2018-01-10,82.89631652832031
2018-01-11,83.01421356201172
2018-01-12,87.18946838378906
2018-01-16,85.42110443115234
2018-01-17,86.7965087890625
2018-01-18,87.55296325683594
2018-01-19,89.5865707397461
2018-01-22,90.68687438964844
2018-01-23,90.36267852783203
2018-01-24,88.97747039794922
2018-01-25,88.30941772460938
2018-01-26,91.3058090209961
2018-01-29,91.0208969116211
2018-01-30,89.79287719726562
2018-01-31,90.02865600585938
2018-02-01,88.58448791503906
2018-02-02,86.99298095703125
2018-02-05,82.59175872802734
2018-02-06,85.08709716796875
2018-02-07,83.01421356201172
2018-02-08,81.44233703613281
2018-02-09,81.88441467285156
2018-02-12,83.0240249633789
2018-02-13,87.33683013916016
2018-02-14,90.4609146118164
2018-02-15,93.33939361572266
2018-02-16,93.23133850097656
2018-02-20,94.07621002197266
2018-02-21,93.93868255615234
2018-02-22,94.42005157470703
2018-02-23,96.68944549560547
2018-02-26,97.7406234741211
2018-02-27,97.86833953857422
2018-02-28,97.18064880371094
2018-03-01,97.0234603881836
2018-03-02,100.70751953125
2018-03-05,102.4856948852539
2018-03-06,103.99861907958984
2018-03-07,105.60977935791016
2018-03-08,107.41742706298828
2018-03-09,108.02652740478516
2018-03-12,108.2623062133789
2018-03-13,107.5942611694336
2018-03-14,109.2938461303711
2018-03-15,107.88899230957031
2018-03-16,108.0461654663086
2018-03-19,106.14029693603516
2018-03-20,109.14647674560547
2018-03-21,111.02290344238281
2018-03-22,108.78298950195312
2018-03-23,104.91226959228516
2018-03-26,111.85794830322266
2018-03-27,105.7276611328125
2018-03-28,103.33056640625
2018-03-29,105.50172424316406
2018-04-02,102.05343627929688
2018-04-03,102.92778778076172
2018-04-04,105.97329711914062
2018-04-05,106.69043731689453
2018-04-06,105.29541015625
2018-04-09,105.89468383789062
2018-04-10,109.08753204345703
2018-04-11,110.29590606689453
2018-04-12,109.5001449584961
2018-04-13,108.02652740478516
2018-04-16,110.04048156738281
2018-04-17,113.98979949951172
2018-04-18,115.55183410644531
2018-04-19,114.70695495605469
2018-04-20,113.72454071044922
2018-04-23,112.06425476074219
2018-04-24,108.60616302490234
2018-04-25,108.83210754394531
2018-04-26,111.40605163574219
2018-04-27,111.49445343017578
2018-04-30,112.20179748535156
2018-05-01,110.61028289794922
2018-05-02,102.5446548461914
2018-05-03,103.2716293334961
2018-05-04,105.4034652709961
2018-05-07,106.41535186767578
2018-05-08,107.05392456054688
2018-05-09,107.08340454101562
2018-05-10,107.5942611694336
2018-05-11,105.49187469482422
2018-05-14,100.21631622314453
2018-05-15,99.78404998779297
2018-05-16,99.88229370117188
2018-05-17,99.90193939208984
2018-05-18,101.69975280761719
2018-05-21,100.89418029785156
2018-05-22,99.15531158447266
2018-05-23,99.99034881591797
2018-05-24,101.23802185058594
2018-05-25,102.19095611572266
2018-05-29,102.2204360961914
2018-05-30,103.17337799072266
2018-05-31,103.615478515625
2018-06-01,103.7137222290039
2018-06-04,106.02239227294922
2018-06-05,107.92827606201172
2018-06-06,107.51567840576172
2018-06-07,101.22821807861328
2018-06-08,103.615478515625
2018-06-11,104.76490020751953
2018-06-12,108.5079116821289
2018-06-13,109.75558471679688
2018-06-14,111.67127227783203
2018-06-15,110.63976287841797
2018-06-18,112.12319946289062
2018-06-19,111.68112182617188
2018-06-20,110.66921997070312
2018-06-21,107.8988265991211
2018-06-22,105.33470153808594
2018-06-25,98.67391967773438
2018-06-26,99.87247467041016
2018-06-27,95.55965423583984
2018-06-28,98.27113342285156
2018-06-29,97.09222412109375
2018-07-02,99.45984649658203
2018-07-03,98.89988708496094
2018-07-05,99.58757019042969
2018-07-06,101.66046905517578
2018-07-09,103.02601623535156
2018-07-10,103.68424224853516
2018-07-11,105.05962371826172
2018-07-12,108.56686401367188
2018-07-13,108.25248718261719
2018-07-16,107.88899230957031
2018-07-17,108.78298950195312
2018-07-18,109.17594909667969
2018-07-19,109.598388671875
2018-07-20,109.79488372802734
2018-07-23,110.76746368408203
2018-07-24,107.94792938232422
2018-07-25,110.62992095947266
2018-07-26,110.69869232177734
2018-07-27,106.11080932617188
2018-07-30,101.30680084228516
2018-07-31,104.38174438476562
2018-08-01,123.72554016113281
2018-08-02,132.65570068359375
2018-08-03,130.4845733642578
2018-08-06,132.1153564453125
2018-08-07,132.0367889404297
2018-08-08,132.4690399169922
2018-08-09,131.4964599609375
2018-08-10,133.3728790283203
2018-08-13,132.2332763671875
2018-08-14,135.47523498535156
2018-08-15,133.196044921875
2018-08-16,135.8289031982422
2018-08-17,137.41061401367188
2018-08-20,139.1199951171875
2018-08-21,141.51710510253906
2018-08-22,142.7942657470703
2018-08-23,143.67843627929688
2018-08-24,148.2859649658203
2018-08-27,148.80665588378906
2018-08-28,149.66136169433594
2018-08-29,151.22335815429688
2018-08-30,150.10342407226562
2018-08-31,152.39244079589844
2018-09-04,153.4730987548828
2018-09-05,145.81027221679688
2018-09-06,149.36663818359375
2018-09-07,153.15875244140625
2018-09-10,154.21974182128906
2018-09-11,156.20423889160156
2018-09-12,156.0666961669922
2018-09-13,159.23988342285156
2018-09-14,160.4482879638672
2018-09-17,154.63233947753906
2018-09-18,154.91726684570312
2018-09-19,150.92868041992188
2018-09-20,150.7812957763672
2018-09-21,150.94830322265625
2018-09-24,152.24513244628906
2018-09-25,156.22390747070312
2018-09-26,152.04861450195312
2018-09-27,152.25489807128906
2018-09-28,152.6773681640625
2018-10-01,148.1484375
2018-10-02,144.33665466308594
2018-10-03,145.0046844482422
2018-10-04,138.2259979248047
2018-10-05,136.60504150390625
2018-10-08,132.4003143310547
2018-10-09,132.4297637939453
2018-10-10,126.29948425292969
2018-10-11,123.90238189697266
2018-10-12,128.5786590576172
2018-10-15,127.55695343017578
2018-10-16,133.66761779785156
2018-10-17,134.10964965820312
2018-10-18,131.29014587402344
2018-10-19,128.6179962158203
2018-10-22,131.40805053710938
2018-10-23,129.4824981689453
2018-10-24,121.30880737304688
2018-10-25,125.14022064208984
2018-10-26,121.87859344482422
2018-10-29,121.69193267822266
2018-10-30,127.31135559082031
2018-10-31,122.99853515625
2018-11-01,123.28346252441406
2018-11-02,122.91995239257812
2018-11-05,122.04561614990234
2018-11-06,120.99443817138672
2018-11-07,125.97528076171875
2018-11-08,125.09110260009766
2018-11-09,124.73741912841797
2018-11-12,120.43444061279297
2018-11-13,121.52491760253906
2018-11-14,120.75865173339844
2018-11-15,122.5073471069336
2018-11-16,121.44634246826172
2018-11-19,111.1899185180664
2018-11-20,111.99549102783203
2018-11-21,117.92928314208984
2018-11-23,117.054931640625
2018-11-26,120.67022705078125
2018-11-27,119.3537826538086
2018-11-28,127.7632827758789
2018-11-29,129.06005859375
2018-11-30,130.43544006347656
2018-12-03,132.36099243164062
2018-12-04,128.69656372070312
2018-12-06,131.22137451171875
2018-12-07,127.36046600341797
2018-12-10,129.40390014648438
2018-12-11,129.30567932128906
2018-12-12,132.22348022460938
2018-12-13,131.01507568359375
2018-12-14,128.32325744628906
2018-12-17,121.18107604980469
2018-12-18,122.67436981201172
2018-12-19,121.47579956054688
2018-12-20,117.45772552490234
2018-12-21,112.98772430419922
2018-12-24,109.5787353515625
2018-12-26,118.10610961914062
2018-12-27,119.60921478271484
2018-12-28,119.1081771850586
2018-12-31,120.29691314697266
2019-01-02,117.59525299072266
2019-01-03,114.45152282714844
2019-01-04,118.89205169677734
2019-01-07,121.92771911621094
2019-01-08,124.9044418334961
2019-01-09,126.21106719970703
2019-01-10,126.34857177734375
2019-01-11,125.0616226196289
2019-01-14,122.37962341308594
2019-01-15,128.4706268310547
2019-01-16,129.06988525390625
2019-01-17,129.89511108398438
2019-01-18,133.84442138671875
2019-01-22,134.13914489746094
2019-01-23,134.6107177734375
2019-01-24,136.0548858642578
2019-01-25,140.53469848632812
2019-01-28,141.46798706054688
2019-01-29,139.178955078125
2019-01-30,143.0005340576172
2019-01-31,145.63340759277344
2019-02-01,148.19754028320312
2019-02-04,153.2176971435547
2019-02-05,154.20010375976562
2019-02-06,166.16592407226562
2019-02-07,165.21298217773438
2019-02-08,172.8660430908203
2019-02-11,169.1819610595703
2019-02-12,170.29209899902344
2019-02-13,170.0170135498047
2019-02-14,175.2434844970703
2019-02-15,179.2615509033203
2019-02-19,176.40272521972656
2019-02-20,173.92701721191406
2019-02-21,175.78378295898438
2019-02-22,181.03973388671875
2019-02-25,178.1416015625
2019-02-26,177.25741577148438
2019-02-27,179.5071563720703
2019-02-28,178.53457641601562
2019-03-01,178.6033477783203
2019-03-04,174.30032348632812
2019-03-05,175.4301300048828
2019-03-06,172.5516357421875
2019-03-07,173.13125610351562
2019-03-08,174.94874572753906
2019-03-11,177.974609375
2019-03-12,179.08473205566406
2019-03-13,177.84686279296875
2019-03-14,180.12608337402344
2019-03-15,178.74087524414062
2019-03-18,178.4952392578125
2019-03-19,179.90011596679688
2019-03-20,178.7703399658203
2019-03-21,186.70828247070312
2019-03-22,177.974609375
2019-03-25,180.57797241210938
2019-03-26,182.444580078125
2019-03-27,179.7527618408203
2019-03-28,183.40733337402344
2019-03-29,185.804443359375
2019-04-01,186.93421936035156
2019-04-02,187.36651611328125
2019-04-03,186.9636993408203
2019-04-04,180.46009826660156
2019-04-05,180.25376892089844
2019-04-08,181.01026916503906
2019-04-09,181.0986785888672
2019-04-10,184.29153442382812
2019-04-11,185.26412963867188
2019-04-12,185.44094848632812
2019-04-15,186.8163299560547
2019-04-16,185.5686492919922
2019-04-17,183.65298461914062
2019-04-18,185.6276092529297
2019-04-22,186.8457794189453
2019-04-23,191.19789123535156
2019-04-24,189.2134552001953
2019-04-25,193.08416748046875
2019-04-26,196.5520782470703
2019-04-29,194.55775451660156
2019-04-30,198.96884155273438
2019-05-01,197.9176483154297
2019-05-02,197.92745971679688
2019-05-03,203.25213623046875
2019-05-06,203.8121337890625
2019-05-07,198.34988403320312
2019-05-08,201.1497802734375
2019-05-09,204.2345733642578
2019-05-10,204.72579956054688
2019-05-13,193.7816619873047
2019-05-14,199.7056427001953
2019-05-15,200.79611206054688
2019-05-16,208.32144165039062
2019-05-17,207.0443115234375
2019-05-20,203.64511108398438
2019-05-21,209.79505920410156
2019-05-22,209.32350158691406
2019-05-23,203.13427734375
2019-05-24,204.56858825683594
2019-05-28,204.52931213378906
2019-05-29,202.4269561767578
2019-05-30,205.46258544921875
2019-05-31,208.3705596923828
2019-06-03,193.87010192871094
2019-06-04,205.34471130371094
2019-06-05,212.95843505859375
2019-06-06,215.35552978515625
2019-06-07,218.53854370117188
2019-06-10,218.00807189941406
2019-06-11,210.0701446533203
2019-06-12,210.23715209960938
2019-06-13,214.91342163085938
2019-06-14,210.5711669921875
2019-06-17,215.6600799560547
2019-06-18,218.50909423828125
2019-06-19,221.91806030273438
2019-06-20,226.10316467285156
2019-06-21,224.23658752441406
2019-06-24,221.78054809570312
2019-06-25,214.51063537597656
2019-06-26,213.00755310058594
2019-06-27,220.61143493652344
2019-06-28,222.73348999023438
2019-07-01,223.00857543945312
2019-07-02,228.82444763183594
2019-07-03,231.59490966796875
2019-07-05,235.09228515625
2019-07-08,234.8565216064453
2019-07-09,235.7013702392578
2019-07-10,240.17138671875
2019-07-11,239.58192443847656
2019-07-12,239.35598754882812
2019-07-15,239.10055541992188
2019-07-16,235.75050354003906
2019-07-17,238.14759826660156
2019-07-18,237.79393005371094
2019-07-19,228.71641540527344
2019-07-22,229.81668090820312
2019-07-23,227.8125762939453
2019-07-24,230.99562072753906
2019-07-25,230.98577880859375
2019-07-26,231.0643768310547
2019-07-29,225.57266235351562
2019-07-30,224.60008239746094
2019-07-31,236.5167999267578
2019-08-01,233.69725036621094
2019-08-02,232.3611602783203
2019-08-05,217.28106689453125
2019-08-06,221.3482666015625
2019-08-07,227.1347198486328
2019-08-08,236.24169921875
2019-08-09,236.38906860351562
2019-08-12,234.7484130859375
2019-08-13,239.29701232910156
2019-08-14,228.21534729003906
2019-08-15,231.00543212890625
2019-08-16,237.1750030517578
2019-08-19,239.37564086914062
2019-08-20,242.62741088867188
2019-08-21,247.470703125
2019-08-22,244.22877502441406
2019-08-23,244.53329467773438
2019-08-26,248.2369842529297
2019-08-27,250.6144561767578
2019-08-28,248.77734375
2019-08-29,249.63206481933594
2019-08-30,245.72201538085938
2019-09-03,239.9748992919922
2019-09-04,243.52139282226562
2019-09-05,248.246826171875
2019-09-06,245.23080444335938
2019-09-09,224.69833374023438
2019-09-10,207.6042938232422
2019-09-11,203.0655059814453
2019-09-12,208.77334594726562
2019-09-13,205.9734649658203
2019-09-16,207.57479858398438
2019-09-17,211.68130493164062
2019-09-18,212.27073669433594
2019-09-19,215.4635772705078
2019-09-20,212.1627197265625
2019-09-23,213.61663818359375
2019-09-24,205.2562713623047
2019-09-25,207.5453338623047
2019-09-26,208.56704711914062
2019-09-27,202.77078247070312
2019-09-30,205.80645751953125
2019-10-01,204.28370666503906
2019-10-02,200.9729766845703
2019-10-03,205.4527587890625
2019-10-04,210.52206420898438
2019-10-07,210.5318603515625
2019-10-08,203.94969177246094
2019-10-09,211.5241241455078
2019-10-10,210.41395568847656
2019-10-11,216.16111755371094
2019-10-14,216.5246124267578
2019-10-15,216.9961700439453
2019-10-16,208.38038635253906
2019-10-17,206.49412536621094
2019-10-18,199.41090393066406
2019-10-21,202.4072723388672
2019-10-22,187.2485809326172
2019-10-23,191.1881103515625
2019-10-24,199.92176818847656
2019-10-25,205.98329162597656
2019-10-28,205.40367126464844
2019-10-29,205.4822540283203
2019-10-30,209.2547149658203
2019-10-31,207.81056213378906
2019-11-01,210.5416717529297
2019-11-04,208.32144165039062
2019-11-05,209.05824279785156
2019-11-06,209.8048858642578
2019-11-07,209.2547149658203
2019-11-08,214.57943725585938
2019-11-11,216.28883361816406
2019-11-12,218.09649658203125
2019-11-13,222.63523864746094
2019-11-14,226.74176025390625
2019-11-15,228.65745544433594
2019-11-18,231.123291015625
2019-11-19,235.2789764404297
2019-11-20,256.3419189453125
2019-11-21,256.8626403808594
2019-11-22,258.6801452636719
2019-11-25,262.541015625
2019-11-26,269.2803649902344
2019-11-27,274.74267578125
2019-11-29,271.9427490234375
2019-12-02,264.30938720703125
2019-12-03,265.6748962402344
2019-12-04,265.1640319824219
2019-12-05,263.8083190917969
2019-12-06,264.0637512207031
2019-12-09,264.0735778808594
2019-12-10,260.8315734863281
2019-12-11,257.4619445800781
2019-12-12,250.00537109375
2019-12-13,252.47120666503906
2019-12-16,254.91748046875
2019-12-17,251.99969482421875
2019-12-18,254.7799072265625
2019-12-19,257.1573181152344
2019-12-20,258.9060363769531
2019-12-23,260.36004638671875
2019-12-24,259.98675537109375
2019-12-26,263.9949645996094
2019-12-27,264.1619873046875
2019-12-30,257.8057556152344
2019-12-31,260.1046142578125
2020-01-02,267.02081298828125
2020-01-03,267.914794921875
2020-01-06,273.2001953125
2020-01-07,274.5755920410156
2020-01-08,278.1417541503906
2020-01-09,280.2736511230469
2020-01-10,280.5584716796875
2020-01-13,290.2353515625
2020-01-14,281.4721984863281
2020-01-15,284.0067443847656
2020-01-16,289.13507080078125
2020-01-17,291.03106689453125
2020-01-21,294.5088195800781
2020-01-22,297.94732666015625
2020-01-23,309.3138427734375
2020-01-24,309.2745666503906
2020-01-27,307.0346374511719
2020-01-28,312.9881286621094
2020-01-29,316.3872375488281
2020-01-30,319.8945007324219
2020-01-31,312.565673828125
2020-02-03,317.7823181152344
2020-02-04,331.80133056640625
2020-02-05,316.8293151855469
2020-02-06,285.5982971191406
2020-02-07,288.3687744140625
2020-02-10,292.7503356933594
2020-02-11,289.5771179199219
2020-02-12,291.14898681640625
2020-02-13,297.95709228515625
2020-02-14,308.9012451171875
2020-02-18,312.565673828125
2020-02-19,318.7745056152344
2020-02-20,304.873291015625
2020-02-21,295.108154296875
2020-02-24,290.5693664550781
2020-02-25,283.83001708984375
2020-02-26,286.7870788574219
2020-02-27,276.41265869140625
2020-02-28,277.6800231933594
2020-03-02,286.82635498046875
2020-03-03,277.3362121582031
2020-03-04,288.52593994140625
2020-03-05,277.296875
2020-03-06,263.0027160644531
2020-03-09,236.6051788330078
2020-03-10,235.26910400390625
2020-03-11,216.79966735839844
2020-03-12,188.60433959960938
2020-03-13,222.63523864746094
2020-03-16,192.8188934326172
2020-03-17,212.9387969970703
2020-03-18,189.0071563720703
2020-03-19,194.07638549804688
2020-03-20,189.41973876953125
2020-03-23,175.7936248779297
2020-03-24,198.07484436035156
2020-03-25,206.946044921875
2020-03-26,225.17970275878906
2020-03-27,205.26612854003906
2020-03-30,209.37258911132812
2020-03-31,198.4579620361328
2020-04-01,184.14418029785156
2020-04-02,178.0728302001953
2020-04-03,162.1085662841797
2020-04-06,178.65245056152344
2020-04-07,182.7491455078125
2020-04-08,199.01795959472656
2020-04-09,218.08670043945312
2020-04-13,212.5458221435547
2020-04-14,224.49200439453125
2020-04-15,222.41908264160156
2020-04-16,203.0753173828125
2020-04-17,221.0338897705078
2020-04-20,218.45016479492188
2020-04-21,204.53912353515625
2020-04-22,213.911376953125
2020-04-23,207.9481201171875
2020-04-24,208.07582092285156
2020-04-27,222.1243896484375
2020-04-28,232.52816772460938
2020-04-29,265.2524719238281
2020-04-30,256.4303283691406
2020-05-01,237.4107666015625
2020-05-04,243.75718688964844
2020-05-05,252.46141052246094
2020-05-06,250.55552673339844
2020-05-07,264.0932312011719
2020-05-08,267.24676513671875
2020-05-11,269.467041015625
2020-05-12,258.81768798828125
2020-05-13,239.0317840576172
2020-05-14,248.36473083496094
2020-05-15,257.07879638671875
2020-05-18,278.9080505371094
2020-05-19,274.7720947265625
2020-05-20,268.6614990234375
2020-05-21,269.4572448730469
2020-05-22,264.6139221191406
2020-05-26,275.3713684082031
2020-05-27,282.01251220703125
2020-05-28,282.1598815917969
2020-05-29,292.003662109375
2020-06-01,300.236328125
2020-06-02,301.4447021484375
2020-06-03,301.582275390625
2020-06-04,297.8392639160156
2020-06-05,323.9813232421875
2020-06-08,325.1994934082031
2020-06-09,321.8396911621094
2020-06-10,325.6710205078125
2020-06-11,290.4809265136719
2020-06-12,297.47576904296875
2020-06-15,302.3092041015625
2020-06-16,307.1427001953125
2020-06-17,303.5863342285156
2020-06-18,310.7383728027344
2020-06-19,312.565673828125
2020-06-22,316.9865417480469
2020-06-23,323.84381103515625
2020-06-24,307.073974609375
2020-06-25,311.4653625488281
2020-06-26,300.9829406738281
2020-06-29,295.0785827636719
2020-06-30,304.283935546875
2020-07-01,314.62872314453125
2020-07-02,315.8468933105469
2020-07-06,315.75848388671875
2020-07-07,308.21356201171875
2020-07-08,313.5284118652344
2020-07-09,308.48858642578125
2020-07-10,303.5666809082031
2020-07-13,285.14642333984375
2020-07-14,281.4033508300781
2020-07-15,289.0171203613281
2020-07-16,285.1954650878906
2020-07-17,289.88165283203125
2020-07-20,297.47576904296875
2020-07-21,288.7322082519531
2020-07-22,292.8190612792969
2020-07-23,286.0797119140625
2020-07-24,281.924072265625
2020-07-27,285.1856994628906
2020-07-28,281.74725341796875
2020-07-29,289.24310302734375
2020-07-30,281.4917907714844
2020-07-31,279.3697814941406
2020-08-03,283.0145568847656
2020-08-04,280.47998046875
2020-08-05,296.7389221191406
2020-08-06,293.40850830078125
2020-08-07,291.4436950683594
2020-08-10,284.35064697265625
2020-08-11,280.4700622558594
2020-08-12,282.6412658691406
2020-08-13,296.5719299316406
2020-08-14,297.74102783203125
2020-08-17,293.7916259765625
2020-08-18,287.1701965332031
2020-08-19,287.8480529785156
2020-08-20,288.2705383300781
2020-08-21,282.1598815917969
2020-08-24,279.4287414550781
2020-08-25,282.2187805175781
2020-08-26,290.6380920410156
2020-08-27,287.8480529785156
2020-08-28,294.5677490234375
2020-08-31,294.1944885253906
2020-09-01,302.1127624511719
2020-09-02,299.9317321777344
2020-09-03,279.0063171386719
2020-09-04,265.9892578125
2020-09-08,267.7183532714844
2020-09-09,275.2436828613281
2020-09-10,270.6459045410156
2020-09-11,260.82177734375
2020-09-14,267.84600830078125
2020-09-15,275.1650390625
2020-09-16,275.6169738769531
2020-09-17,274.02545166015625
2020-09-18,268.8874816894531
2020-09-21,269.49652099609375
2020-09-22,275.1552429199219
2020-09-23,270.6852111816406
2020-09-24,268.60247802734375
2020-09-25,278.7115478515625
2020-09-28,285.7161865234375
2020-09-29,298.4875793457031
2020-09-30,305.82623291015625
2020-10-01,314.8055419921875
2020-10-02,325.7005920410156
2020-10-05,336.8411865234375
2020-10-06,333.3143005371094
2020-10-07,345.6435852050781
2020-10-08,353.2082214355469
2020-10-09,359.564453125
2020-10-12,360.3897399902344
2020-10-13,367.2076416015625
2020-10-14,366.3824462890625
2020-10-15,369.3001708984375
2020-10-16,375.0866394042969
2020-10-19,376.3834533691406
2020-10-20,377.91595458984375
2020-10-21,369.4573669433594
2020-10-22,370.69525146484375
2020-10-23,381.8161926269531
2020-10-26,371.7660827636719
2020-10-27,375.9707946777344
2020-10-28,365.016845703125
2020-10-29,366.52978515625
2020-10-30,357.6880798339844
2020-11-02,354.2593994140625
2020-11-03,362.64923095703125
2020-11-04,390.4418029785156
2020-11-05,366.69677734375
2020-11-06,381.2955322265625
2020-11-09,397.9277648925781
2020-11-10,371.0390930175781
2020-11-11,374.75262451171875
2020-11-12,373.2986755371094
2020-11-13,375.0080871582031
2020-11-16,372.66009521484375
2020-11-17,374.9490966796875
2020-11-18,373.5835266113281
2020-11-19,385.736083984375
2020-11-20,385.80474853515625
2020-11-23,395.412841796875
2020-11-24,393.4382019042969
2020-11-25,400.01055908203125
2020-11-27,409.4416809082031
2020-11-30,409.746337890625
2020-12-01,408.4004211425781
2020-12-02,412.2219543457031
2020-12-03,420.9458312988281
2020-12-04,429.4634094238281
2020-12-07,429.3160705566406
2020-12-08,432.2730712890625
2020-12-09,414.2457275390625
2020-12-10,419.4820251464844
2020-12-11,416.4365539550781
2020-12-14,418.48980712890625
2020-12-15,417.8217468261719
2020-12-16,415.84710693359375
2020-12-17,434.0316467285156
2020-12-18,432.1061096191406
2020-12-21,437.7549743652344
2020-12-22,456.951416015625
2020-12-23,456.2048034667969
2020-12-24,454.0041809082031
2020-12-28,455.4385070800781
2020-12-29,439.7198181152344
2020-12-30,440.0342102050781
2020-12-31,444.2978820800781
2021-01-04,420.20904541015625
2021-01-05,419.3740234375
2021-01-06,406.6123962402344
2021-01-07,424.14849853515625
2021-01-08,433.3734130859375
2021-01-11,419.6490783691406
2021-01-12,413.4008483886719
2021-01-13,408.2431945800781
2021-01-14,405.72821044921875
2021-01-15,391.98419189453125
2021-01-19,390.3435363769531
2021-01-20,401.5824279785156
2021-01-21,397.4169921875
2021-01-22,402.59429931640625
2021-01-25,403.0069580078125
2021-01-26,385.29388427734375
2021-01-27,369.84051513671875
2021-01-28,379.9888916015625
2021-01-29,373.0628967285156
2021-02-01,389.47906494140625
2021-02-02,404.82440185546875
2021-02-03,408.16461181640625
2021-02-04,420.6314697265625
2021-02-05,426.5849304199219
2021-02-08,421.9282531738281
2021-02-09,425.4059753417969
2021-02-10,418.2147521972656
2021-02-11,400.157958984375
2021-02-12,405.7184143066406
2021-02-16,383.13262939453125
2021-02-17,384.8616638183594
2021-02-18,394.4893493652344
2021-02-19,393.0943298339844
2021-02-22,374.0452575683594
2021-02-23,370.7247009277344
2021-02-24,380.1657409667969
2021-02-25,361.8338928222656
2021-02-26,367.6595764160156
2021-03-01,380.1460876464844
2021-03-02,373.52459716796875
2021-03-03,356.6957702636719
2021-03-04,342.558837890625
2021-03-05,368.9268798828125
2021-03-08,359.7904357910156
2021-03-09,372.59130859375
2021-03-10,371.0980224609375
2021-03-11,382.9852294921875
2021-03-12,377.54266357421875
2021-03-15,386.91497802734375
2021-03-16,373.5147705078125
2021-03-17,377.9356689453125
2021-03-18,358.9356689453125
2021-03-19,365.9796447753906
2021-03-22,372.0902404785156
2021-03-23,367.3157043457031
2021-03-24,357.9631042480469
2021-03-25,356.66632080078125
2021-03-26,366.0581970214844
2021-03-29,358.0220947265625
2021-03-30,353.85662841796875
2021-03-31,363.5531005859375
2021-04-01,370.1253967285156
2021-04-05,371.1177062988281
2021-04-06,371.33380126953125
2021-04-07,365.458984375
2021-04-08,372.37518310546875
2021-04-09,374.5267028808594
2021-04-12,374.310546875
2021-04-13,382.8575744628906
2021-04-14,379.6549072265625
2021-04-15,391.1786193847656
2021-04-16,391.4635314941406
2021-04-19,386.2665100097656
2021-04-20,375.69573974609375
2021-04-21,381.4232482910156
2021-04-22,383.1621398925781
2021-04-23,392.56378173828125
2021-04-26,393.9096984863281
2021-04-27,393.202392578125
2021-04-28,394.0473327636719
2021-04-29,387.3078918457031
2021-04-30,377.6507263183594
2021-05-03,372.23760986328125
2021-05-04,348.0702209472656
2021-05-05,335.0924987792969
2021-05-06,321.3976135253906
2021-05-07,321.8199768066406
2021-05-10,311.6225891113281
2021-05-11,315.6406555175781
2021-05-12,300.1184997558594
2021-05-13,303.4979248046875
2021-05-14,320.5723571777344
2021-05-17,316.5346374511719
2021-05-18,316.28900146484375
2021-05-19,314.32421875
2021-05-20,325.9854431152344
2021-05-21,324.4332275390625
2021-05-24,330.5242004394531
2021-05-25,324.1974792480469
2021-05-26,329.63018798828125
2021-05-27,325.1504211425781
2021-05-28,323.80450439453125
2021-06-01,319.7471008300781
2021-06-02,319.0987243652344
2021-06-03,313.793701171875
2021-06-04,316.61322021484375
2021-06-07,314.60906982421875
2021-06-08,320.5821838378906
2021-06-09,321.918212890625
2021-06-10,329.5123596191406
2021-06-11,334.0216369628906
2021-06-14,335.0237121582031
2021-06-15,329.25689697265625
2021-06-16,326.6436462402344
2021-06-17,342.3721008300781
2021-06-18,346.1446533203125
2021-06-21,350.4280090332031
2021-06-22,355.2025451660156
2021-06-23,358.6999206542969
2021-06-24,360.8907165527344
2021-06-25,362.3152160644531
2021-06-28,366.93255615234375
2021-06-29,367.37469482421875
2021-06-30,357.0789489746094
2021-07-01,367.0209655761719
2021-07-02,377.1103820800781
2021-07-06,381.2562255859375
2021-07-07,380.41131591796875
2021-07-08,375.7644958496094
2021-07-09,376.84521484375
2021-07-12,369.5163879394531
2021-07-13,365.4786071777344
2021-07-14,363.494140625
2021-07-15,363.4253845214844
2021-07-16,366.29400634765625
2021-07-19,360.9398193359375
2021-07-20,371.9330749511719
2021-07-21,376.2851867675781
2021-07-22,378.7608947753906
2021-07-23,388.93865966796875
2021-07-26,384.42938232421875
2021-07-27,381.7277526855469
2021-07-28,388.2903137207031
2021-07-29,392.9862365722656
2021-07-30,392.9665832519531
2021-08-02,392.9076843261719
2021-08-03,393.00592041015625
2021-08-04,435.0729675292969
2021-08-05,449.2296142578125
2021-08-06,458.24822998046875
2021-08-09,460.32110595703125
2021-08-10,450.2807922363281
2021-08-11,455.52691650390625
2021-08-12,464.2409362792969
2021-08-13,455.5760192871094
2021-08-16,465.11529541015625
2021-08-17,454.39715576171875
2021-08-18,451.15521240234375
2021-08-19,449.0429992675781
2021-08-20,461.166015625
2021-08-23,468.43585205078125
2021-08-24,477.0418701171875
2021-08-25,475.61737060546875
2021-08-26,472.6897277832031
2021-08-27,476.1773376464844
2021-08-30,480.25433349609375
2021-08-31,480.303466796875
2021-09-01,483.34893798828125
2021-09-02,491.994140625
2021-09-03,487.5340270996094
2021-09-07,474.8018493652344
2021-09-08,469.7719421386719
2021-09-09,471.658203125
2021-09-10,467.2668151855469
2021-09-13,457.41314697265625
2021-09-14,459.7906188964844
2021-09-15,466.6478271484375
2021-09-16,473.5247802734375
2021-09-17,473.88824462890625
2021-09-20,475.47979736328125
2021-09-21,483.8695983886719
2021-09-22,491.650390625
2021-09-23,502.2703552246094
2021-09-24,506.416015625
2021-09-27,498.1047668457031
2021-09-28,479.82208251953125
2021-09-29,486.2961730957031
2021-09-30,487.03302001953125
2021-10-01,496.7196044921875
2021-10-04,485.9031982421875
2021-10-05,489.33184814453125
2021-10-06,498.56658935546875
2021-10-07,502.6927490234375
2021-10-08,496.1792907714844
2021-10-11,492.87841796875
2021-10-12,500.4527587890625
2021-10-13,507.25115966796875
2021-10-14,514.9828491210938
2021-10-15,509.6482238769531
2021-10-18,512.0060424804688
2021-10-19,509.5697326660156
2021-10-20,503.6162414550781
2021-10-21,524.5416870117188
2021-10-22,526.3983764648438
2021-10-25,529.4537353515625
2021-10-26,527.7443237304688
2021-10-27,521.9873046875
2021-10-28,527.8720092773438
2021-10-29,538.2169189453125
2021-11-01,536.9692993164062
2021-11-02,543.5022583007812
2021-11-03,503.3214416503906
2021-11-04,502.997314453125
2021-11-05,495.5308837890625
2021-11-08,502.427490234375
2021-11-09,498.4093933105469
2021-11-10,482.9559631347656
2021-11-11,479.4291076660156
2021-11-12,481.6198425292969
2021-11-15,475.5682067871094
2021-11-16,477.4544372558594
2021-11-17,468.6814880371094
2021-11-18,461.1463317871094
2021-11-19,462.24658203125
2021-11-22,444.7497863769531
2021-11-23,440.48614501953125
2021-11-24,444.3470153808594
2021-11-26,430.1412353515625
2021-11-29,439.5626525878906
2021-11-30,429.7876281738281
2021-12-01,414.668212890625
2021-12-02,431.359375
2021-12-03,410.4830627441406
2021-12-06,411.2297668457031
2021-12-07,427.7343444824219
2021-12-08,428.0781555175781
2021-12-09,416.8687744140625
2021-12-10,412.3398742675781
2021-12-13,408.1548156738281
2021-12-14,397.9966125488281
2021-12-15,407.5948181152344
2021-12-16,392.3476867675781
2021-12-17,399.66668701171875
2021-12-20,393.4971618652344
2021-12-21,409.422119140625
2021-12-22,414.3341369628906
2021-12-23,416.37762451171875
2021-12-27,418.8631286621094
2021-12-28,413.5875244140625
2021-12-29,409.87396240234375
2021-12-30,410.35540771484375
2021-12-31,407.8895263671875
2022-01-03,397.81976318359375
2022-01-04,384.9795227050781
2022-01-05,354.59344482421875
2022-01-06,350.55572509765625
2022-01-07,349.5437927246094
2022-01-10,357.6192626953125
2022-01-11,360.7433776855469
2022-01-12,351.77392578125
2022-01-13,336.5267333984375
2022-01-14,328.1173095703125
2022-01-18,317.0552978515625
2022-01-19,323.9617004394531
2022-01-20,322.4978942871094
2022-01-21,304.54913330078125
2022-01-24,320.552734375
2022-01-25,299.3128356933594
2022-01-26,296.7487487792969
2022-01-27,295.687744140625
2022-01-28,311.6520080566406
2022-01-31,329.40423583984375
2022-02-01,332.1059265136719
2022-02-02,319.8355712890625
2022-02-03,309.1468200683594
2022-02-04,320.0320129394531
2022-02-07,322.8023986816406
2022-02-08,329.1193542480469
2022-02-09,358.5231018066406
2022-02-10,357.9827880859375
2022-02-11,343.41357421875
2022-02-14,339.64105224609375
2022-02-15,342.0676574707031
2022-02-16,338.4228515625
2022-02-17,321.95758056640625
2022-02-18,312.9684143066406
2022-02-22,315.0413513183594
2022-02-23,309.3531799316406
2022-02-24,318.79412841796875
2022-02-25,329.7383117675781
2022-02-28,333.2455139160156
2022-03-01,328.716552734375
2022-03-02,332.2532958984375
2022-03-03,318.2538757324219
2022-03-04,312.9389953613281
2022-03-07,296.0414123535156
2022-03-08,289.4002685546875
2022-03-09,305.7378234863281
2022-03-10,304.2249755859375
2022-03-11,297.8883361816406
2022-03-14,292.4260559082031
2022-03-15,300.6292724609375
2022-03-16,321.4664001464844
2022-03-17,337.07696533203125
2022-03-18,352.7071228027344
2022-03-21,345.6828918457031
2022-03-22,350.95849609375
2022-03-23,338.2263488769531
2022-03-24,342.7159729003906
2022-03-25,335.25946044921875
2022-03-28,341.94976806640625
2022-03-29,353.3851013183594
2022-03-30,341.15399169921875
2022-03-31,340.28948974609375
2022-04-01,344.8085632324219
2022-04-04,352.3338928222656
2022-04-05,347.9228515625
2022-04-06,329.15863037109375
2022-04-07,322.3014221191406
2022-04-08,317.9983825683594
2022-04-11,311.16082763671875
2022-04-12,311.8681335449219
2022-04-13,319.364013671875
2022-04-14,313.7445373535156
2022-04-18,303.0263977050781
2022-04-19,313.36138916015625
2022-04-20,306.4156799316406
2022-04-21,298.5466003417969
2022-04-22,290.7658386230469
2022-04-25,298.1240539550781
2022-04-26,279.7922058105469
2022-04-27,277.3459777832031
2022-04-28,290.14691162109375
2022-04-29,276.52081298828125
2022-05-02,287.57293701171875
2022-05-03,283.3878173828125
2022-05-04,322.4291076660156
2022-05-05,295.7565002441406
2022-05-06,290.04864501953125
2022-05-09,275.2436828613281
2022-05-10,278.9866638183594
2022-05-11,261.4603576660156
2022-05-12,270.1546936035156
2022-05-13,283.4861145019531
2022-05-16,274.8899230957031
2022-05-17,276.6878662109375
2022-05-18,264.2110900878906
2022-05-19,264.9184875488281
2022-05-20,271.9230651855469
2022-05-23,269.55548095703125
2022-05-24,262.00067138671875
2022-05-25,270.0269775390625
2022-05-26,276.7369079589844
2022-05-27,289.10552978515625
2022-05-31,279.3403015136719
2022-06-01,277.21832275390625
2022-06-02,297.7704772949219
2022-06-03,293.27093505859375
2022-06-06,296.69964599609375
2022-06-07,301.9064025878906
2022-06-08,306.5139465332031
2022-06-09,297.082763671875
2022-06-10,289.213623046875
2022-06-13,263.7789001464844
2022-06-14,265.694580078125
2022-06-15,269.0052795410156
2022-06-16,255.39881896972656
2022-06-17,260.1733703613281
2022-06-21,267.20745849609375
2022-06-22,268.36676025390625
2022-06-23,281.10870361328125
2022-06-24,301.14019775390625
2022-06-27,294.80352783203125
2022-06-28,281.59991455078125
2022-06-29,279.18316650390625
2022-06-30,275.19451904296875
2022-07-01,286.0502624511719
2022-07-05,307.7812805175781
2022-07-06,307.2409362792969
2022-07-07,320.2777099609375
2022-07-08,317.6054382324219
2022-07-11,314.3143310546875
2022-07-12,291.5811767578125
2022-07-13,290.18621826171875
2022-07-14,285.6277770996094
2022-07-15,296.52276611328125
2022-07-18,294.5088195800781
2022-07-19,306.0129089355469
2022-07-20,320.2186584472656
2022-07-21,325.1504211425781
2022-07-22,318.8236083984375
2022-07-25,311.4653625488281
2022-07-26,297.5837707519531
2022-07-27,314.5697326660156
2022-07-28,320.8277587890625
2022-07-29,324.6788635253906
2022-08-01,326.2212219238281
2022-08-02,331.9192199707031
2022-08-03,346.13482666015625
2022-08-04,354.4263916015625
2022-08-05,363.5039367675781
2022-08-08,361.5195007324219
2022-08-09,364.95794677734375
2022-08-10,370.69525146484375
2022-08-11,371.2552185058594
2022-08-12,386.9837341308594
2022-08-15,391.8957824707031
2022-08-16,390.009521484375
2022-08-17,383.8104553222656
2022-08-18,380.1952209472656
2022-08-19,370.38092041015625
2022-08-22,361.4212341308594
2022-08-23,362.2071533203125
2022-08-24,364.9186706542969
2022-08-25,367.56134033203125
2022-08-26,354.2593994140625
2022-08-29,345.0050354003906
2022-08-30,351.0075988769531
2022-08-31,345.02471923828125
2022-09-01,340.4761047363281
2022-09-02,338.4031982421875
2022-09-06,339.8374938964844
2022-09-07,349.8974914550781
2022-09-08,358.1498107910156
2022-09-09,363.6611633300781
2022-09-12,369.0841064453125
2022-09-13,355.015869140625
2022-09-14,357.638916015625
2022-09-15,345.39801025390625
2022-09-16,343.4528503417969
2022-09-19,345.2702941894531
2022-09-20,340.8199768066406
2022-09-21,337.24395751953125
2022-09-22,322.6845703125
2022-09-23,320.022216796875
2022-09-26,315.2869567871094
2022-09-27,322.51751708984375
2022-09-28,335.77032470703125
2022-09-29,328.549560546875
2022-09-30,324.1876220703125
2022-10-03,330.720703125
2022-10-04,343.47247314453125
2022-10-05,345.4864501953125
2022-10-06,347.3824462890625
2022-10-07,332.4497375488281
2022-10-10,318.2832946777344
2022-10-11,313.80352783203125
2022-10-12,305.8950500488281
2022-10-13,307.92864990234375
2022-10-14,293.4772644042969
2022-10-17,310.109619140625
2022-10-18,323.3525695800781
2022-10-19,314.8645324707031
2022-10-20,312.7130432128906
2022-10-21,317.33038330078125
2022-10-24,318.32257080078125
2022-10-25,331.2315979003906
2022-10-26,325.21917724609375
2022-10-27,327.9404602050781
2022-10-28,335.6131286621094
2022-10-31,339.9161376953125
2022-11-01,336.6839904785156
2022-11-02,310.8857727050781
2022-11-03,320.59197998046875
2022-11-04,300.81591796875
2022-11-07,291.0016174316406
2022-11-08,299.49951171875
2022-11-09,294.24359130859375
2022-11-10,323.95184326171875
2022-11-11,334.3655090332031
2022-11-14,324.0206298828125
2022-11-15,341.085205078125
2022-11-16,331.7522277832031
2022-11-17,312.74249267578125
2022-11-18,310.8268127441406
2022-11-21,309.5987854003906
2022-11-22,313.76422119140625
2022-11-23,321.45648193359375
2022-11-25,321.3484802246094
2022-11-28,319.5113525390625
2022-11-29,316.3185119628906
2022-11-30,333.1374206542969
2022-12-01,340.1322326660156
2022-12-02,333.8939208984375
2022-12-05,309.9229431152344
2022-12-06,307.1721496582031
2022-12-07,303.5372314453125
2022-12-08,313.1551208496094
2022-12-09,308.60650634765625
2022-12-12,320.2088928222656
2022-12-13,322.9890441894531
2022-12-14,321.95758056640625
2022-12-15,309.3924255371094
2022-12-16,305.9244689941406
2022-12-19,304.1463317871094
2022-12-20,298.47784423828125
2022-12-21,304.9028015136719
2022-12-22,298.4483337402344
2022-12-23,299.8041076660156
2022-12-27,296.31646728515625
2022-12-28,297.3087158203125
2022-12-29,306.38623046875
2022-12-30,304.85369873046875
2023-01-03,299.2735595703125
2023-01-04,298.55633544921875
2023-01-05,289.4395446777344
2023-01-06,281.60968017578125
2023-01-09,287.44525146484375
2023-01-10,293.09417724609375
2023-01-11,298.90020751953125
2023-01-12,298.9297180175781
2023-01-13,299.1065368652344
2023-01-17,304.8438720703125
2023-01-18,306.2879943847656
2023-01-19,299.4405517578125
2023-01-20,307.9483337402344
2023-01-23,316.4068603515625
2023-01-24,314.29473876953125
2023-01-25,309.06829833984375
2023-01-26,315.8075866699219
2023-01-27,316.5738525390625
2023-01-30,310.2078857421875
2023-01-31,318.2440185546875
2023-02-01,334.7781066894531
2023-02-02,346.2134094238281
2023-02-03,331.5066223144531
2023-02-06,323.89288330078125
2023-02-07,338.4621276855469
2023-02-08,315.56201171875
2023-02-09,316.8096923828125
2023-02-10,311.5144958496094
2023-02-13,317.07489013671875
2023-02-14,318.9808044433594
2023-02-15,314.3733215332031
2023-02-16,302.0439453125
2023-02-17,298.5466003417969
2023-02-21,291.2963562011719
2023-02-22,293.68359375
2023-02-23,294.65618896484375
2023-02-24,288.2606506347656
2023-02-27,288.9483337402344
2023-02-28,283.9773254394531
2023-03-01,279.5073547363281
2023-03-02,282.28753662109375
2023-03-03,286.4137268066406
2023-03-06,287.5828552246094
2023-03-07,282.3465270996094
2023-03-08,283.7513732910156
2023-03-09,280.7255554199219
2023-03-10,268.47479248046875
2023-03-13,269.7126770019531
2023-03-14,275.57769775390625
2023-03-15,272.9939270019531
2023-03-16,275.1356201171875
2023-03-17,272.0704650878906
2023-03-20,265.61590576171875
2023-03-21,272.4732360839844
2023-03-22,262.1578674316406
2023-03-23,267.53167724609375
2023-03-24,266.7850646972656
2023-03-27,267.6888427734375
2023-03-28,268.2291564941406
2023-03-29,280.8433837890625
2023-03-30,291.0802001953125
2023-03-31,298.6645202636719
2023-04-03,293.3692321777344
2023-04-04,287.6318664550781
2023-04-05,280.578125
2023-04-06,284.3604736328125
2023-04-10,289.20379638671875
2023-04-11,290.70684814453125
2023-04-12,289.0367126464844
2023-04-13,297.6034240722656
2023-04-14,297.81964111328125
2023-04-17,301.84747314453125
2023-04-18,299.89251708984375
2023-04-19,299.5977478027344
2023-04-20,294.5481262207031
2023-04-21,295.2652587890625
2023-04-24,293.29058837890625
2023-04-25,283.6334533691406
2023-04-26,280.6763916015625
2023-04-27,283.82012939453125
2023-04-28,285.2642517089844
2023-05-01,292.3180236816406
2023-05-02,283.6728210449219
2023-05-03,288.5357360839844
2023-05-04,275.0668029785156
2023-05-05,267.83624267578125
2023-05-08,269.55548095703125
2023-05-09,264.0146179199219
2023-05-10,268.37646484375
2023-05-11,260.6448669433594
2023-05-12,263.7886962890625
2023-05-15,266.9422912597656
2023-05-16,260.62530517578125
2023-05-17,268.0130615234375
2023-05-18,277.287109375
2023-05-19,280.34234619140625
2023-05-22,284.1148986816406
2023-05-23,278.9768371582031
2023-05-24,275.9018859863281
2023-05-25,274.11383056640625
2023-05-26,276.3813781738281
2023-05-30,275.2697448730469
2023-05-31,275.57470703125
2023-06-01,276.5387878417969
2023-06-02,288.55023193359375
2023-06-05,300.9552001953125
2023-06-06,302.4406433105469
2023-06-07,298.0236511230469
2023-06-08,300.0501708984375
2023-06-09,299.74517822265625
2023-06-12,307.4871826171875
2023-06-13,317.4917907714844
2023-06-14,314.70782470703125
2023-06-15,318.68212890625
2023-06-16,314.7176818847656
2023-06-20,317.21636962890625
2023-06-21,307.3592834472656
2023-06-22,301.7618408203125
2023-06-23,301.2207946777344
2023-06-26,305.7460021972656
2023-06-27,308.8644714355469
2023-06-28,307.1527404785156
2023-06-29,308.5791320800781
2023-06-30,316.01617431640625
2023-07-03,314.42254638671875
2023-07-05,312.720703125
2023-07-06,318.6132507324219
2023-07-07,319.2330627441406
2023-07-10,329.42449951171875
2023-07-11,333.30047607421875
2023-07-12,335.3565368652344
2023-07-13,343.9642028808594
2023-07-14,349.2370910644531
2023-07-17,353.15234375
2023-07-18,357.8349304199219
2023-07-19,359.5269775390625
2023-07-20,351.7947692871094
2023-07-21,344.4855651855469
2023-07-24,345.27264404296875
2023-07-25,348.0664367675781
2023-07-26,352.178466796875
2023-07-27,355.2181396484375
2023-07-28,362.46832275390625
2023-07-31,362.76348876953125
2023-08-01,364.7506408691406
2023-08-02,294.747802734375
2023-08-03,292.1212158203125
2023-08-04,285.6973876953125
2023-08-07,288.3436279296875
2023-08-08,286.8188171386719
2023-08-09,282.2149658203125
2023-08-10,286.7696838378906
2023-08-11,287.251708984375
2023-08-14,289.465087890625
2023-08-15,287.2122802734375
2023-08-16,286.0810241699219
2023-08-17,275.8403015136719
2023-08-18,276.74542236328125
2023-08-21,279.0374450683594
2023-08-22,282.1952819824219
2023-08-23,285.1563415527344
2023-08-24,279.952392578125
2023-08-25,282.10467529296875
2023-08-28,283.3458251953125
2023-08-29,288.6551513671875
2023-08-30,289.2658996582031
2023-08-31,290.4281921386719
2023-09-01,291.364013671875
2023-09-05,289.7189636230469
2023-09-06,288.753662109375
2023-09-07,284.28155517578125
2023-09-08,280.0557556152344
2023-09-11,281.6712646484375
2023-09-12,279.8883361816406
2023-09-13,275.21923828125
2023-09-14,276.14520263671875
2023-09-15,273.76141357421875
2023-09-18,271.9686584472656
2023-09-19,272.76654052734375
2023-09-20,264.4626770019531
2023-09-21,257.7742614746094
2023-09-22,253.3120574951172
2023-09-25,254.45468139648438
2023-09-26,249.80531311035156
2023-09-27,253.2332305908203
2023-09-28,253.60755920410156
2023-09-29,255.39048767089844
2023-10-02,256.1489562988281
2023-10-03,257.6264953613281
2023-10-04,257.2620849609375
2023-10-05,258.6706237792969
2023-10-06,266.2356872558594
2023-10-09,271.5648193359375
2023-10-10,270.88507080078125
2023-10-11,273.9288330078125
2023-10-12,264.5217590332031
2023-10-13,261.00518798828125
2023-10-16,266.08795166015625
2023-10-17,271.11163330078125
2023-10-18,264.2164001464844
2023-10-19,261.5272216796875
2023-10-20,255.2131805419922
2023-10-23,253.7947235107422
2023-10-24,257.537841796875
2023-10-25,244.36793518066406
2023-10-26,241.27491760253906
2023-10-27,236.7436981201172
2023-10-30,236.4678955078125
2023-10-31,241.30445861816406
2023-11-01,148.43519592285156
2023-11-02,160.22607421875
2023-11-03,156.64053344726562
2023-11-06,158.48255920410156
2023-11-07,165.3285369873047
2023-11-08,165.01332092285156
2023-11-09,165.249755859375
2023-11-10,168.59886169433594
2023-11-13,169.42630004882812
2023-11-14,173.64227294921875
2023-11-15,174.45985412597656
2023-11-16,171.05162048339844
2023-11-17,174.843994140625
2023-11-20,179.7100830078125
2023-11-21,175.4547119140625
2023-11-22,174.843994140625
2023-11-24,176.19143676757812
2023-11-27,173.8420867919922
2023-11-28,175.96437072753906
2023-11-29,178.95538330078125
2023-11-30,179.32061767578125
2023-12-01,183.35794067382812
2023-12-04,183.80213928222656
2023-12-05,179.77467346191406
2023-12-06,183.12103271484375
2023-12-07,182.8742218017578
2023-12-08,184.16738891601562
2023-12-11,186.7931365966797
2023-12-12,187.00042724609375
2023-12-13,195.5982666015625
2023-12-14,201.086669921875
2023-12-15,200.15875244140625
2023-12-18,200.99781799316406
2023-12-19,205.30166625976562
2023-12-20,201.4025421142578
2023-12-21,203.93943786621094
2023-12-22,202.9523162841797
2023-12-26,203.6630401611328
2023-12-27,203.04115295410156
2023-12-28,204.88705444335938
2023-12-29,204.05789184570312
2024-01-02,201.9652099609375
2024-01-03,191.94590759277344
2024-01-04,193.96949768066406
2024-01-05,194.61114501953125
2024-01-08,201.51109313964844
2024-01-09,200.40554809570312
2024-01-10,199.398681640625
2024-01-11,197.710693359375
2024-01-12,195.02574157714844
2024-01-16,192.232177734375
2024-01-17,189.7150115966797
2024-01-18,193.12057495117188
2024-01-19,191.0969696044922
2024-01-22,192.6961212158203
2024-01-23,194.70985412597656
2024-01-24,190.9291534423828
2024-01-25,190.2974090576172
2024-01-26,191.3141632080078
2024-01-29,193.39697265625
2024-01-30,193.0021209716797
2024-01-31,187.79013061523438
2024-02-01,190.23817443847656
2024-02-02,192.4789581298828
2024-02-05,191.72872924804688
2024-02-06,195.11456298828125
2024-02-07,196.4669189453125
2024-02-08,193.2291717529297
2024-02-09,187.55320739746094
2024-02-12,189.23129272460938
2024-02-13,184.56224060058594
2024-02-14,186.81288146972656
2024-02-15,191.87681579589844
2024-02-16,188.36265563964844
2024-02-20,187.60256958007812
2024-02-21,179.6759796142578
2024-02-22,179.3699951171875
2024-02-23,182.29185485839844
2024-02-26,177.76095581054688
2024-02-27,180.7420654296875
2024-02-28,181.23562622070312
2024-02-29,180.04122924804688
2024-03-01,182.74656677246094
2024-03-04,176.1192169189453
2024-03-05,172.0043182373047
2024-03-06,173.97274780273438
2024-03-07,179.7098388671875
2024-03-08,179.25482177734375
2024-03-11,182.49928283691406
2024-03-12,184.8138885498047
2024-03-13,186.20863342285156
2024-03-14,187.74179077148438
2024-03-15,187.6428680419922
2024-03-18,189.5321807861328
2024-03-19,187.52418518066406
2024-03-20,189.26507568359375
2024-03-21,191.4313507080078
2024-03-22,190.38284301757812
2024-03-25,189.1859588623047
2024-03-26,188.5331268310547
2024-03-27,195.08132934570312
2024-03-28,196.85191345214844
2024-04-01,196.1298370361328
2024-04-02,195.52645874023438
2024-04-03,196.6540985107422
2024-04-04,195.6055908203125
2024-04-05,196.1397247314453
2024-04-08,199.6710205078125
2024-04-09,205.56637573242188
2024-04-10,201.10528564453125
2024-04-11,202.3021697998047
2024-04-12,195.85284423828125
2024-04-15,190.6400146484375
2024-04-16,188.08798217773438
2024-04-17,184.83367919921875
2024-04-18,182.86524963378906
2024-04-19,181.26283264160156
2024-04-22,184.68531799316406
2024-04-23,186.05035400390625
2024-04-24,185.872314453125
2024-04-25,184.55670166015625
2024-04-26,186.8416748046875
2024-04-29,191.0950469970703
2024-04-30,185.9415283203125
2024-05-01,184.22039794921875
2024-05-02,164.9120635986328
2024-05-03,169.43251037597656
2024-05-06,172.54835510253906
2024-05-07,174.55636596679688
2024-05-08,170.41177368164062
2024-05-09,171.69769287109375
2024-05-10,171.509765625
2024-05-13,172.1922607421875
2024-05-14,172.61758422851562
2024-05-15,175.52572631835938
2024-05-16,179.1064910888672
2024-05-17,180.30332946777344
2024-05-20,178.33489990234375
2024-05-21,177.7216339111328
2024-05-22,178.71080017089844
2024-05-23,172.54835510253906
2024-05-24,169.19285583496094
2024-05-28,165.33676147460938
2024-05-29,162.1646270751953
2024-05-30,157.56503295898438
2024-05-31,144.05384826660156
2024-06-03,143.8852996826172
2024-06-04,145.3524169921875
2024-06-05,143.06256103515625
2024-06-06,143.98443603515625
2024-06-07,144.06373596191406
2024-06-10,145.02529907226562
2024-06-11,142.14060974121094
2024-06-12,142.90394592285156
2024-06-13,139.7615509033203
2024-06-14,141.5359649658203
2024-06-17,141.64500427246094
2024-06-18,140.2274627685547
2024-06-20,144.41067504882812
2024-06-21,146.11570739746094
2024-06-24,143.73658752441406
2024-06-25,140.3067626953125
2024-06-26,139.77146911621094
2024-06-27,140.54466247558594
2024-06-28,141.79367065429688
2024-07-01,141.0601348876953
2024-07-02,140.93128967285156
2024-07-03,141.86309814453125
2024-07-05,140.72311401367188
2024-07-08,139.12713623046875
2024-07-09,138.9387969970703
2024-07-10,139.05772399902344
2024-07-11,143.2211456298828
2024-07-12,147.13671875
2024-07-15,154.74981689453125
2024-07-16,159.626953125
2024-07-17,159.2799835205078
2024-07-18,153.44131469726562
2024-07-19,156.7224884033203
2024-07-22,158.59600830078125
2024-07-23,163.97869873046875
2024-07-24,157.1982879638672
2024-07-25,161.47071838378906
2024-07-26,162.60079956054688
2024-07-29,162.79905700683594
2024-07-30,164.0282440185547
2024-07-31,165.33676147460938
2024-08-01,165.92161560058594
2024-08-02,162.87835693359375
2024-08-05,156.6927490234375
2024-08-06,157.01983642578125
2024-08-07,151.4091796875
2024-08-08,157.90208435058594
2024-08-09,156.66297912597656
2024-08-12,152.37071228027344
2024-08-13,155.28509521484375
2024-08-14,153.81800842285156
2024-08-15,158.29861450195312
2024-08-16,158.60592651367188
2024-08-19,157.5155029296875
2024-08-20,157.16854858398438
2024-08-21,159.39894104003906
2024-08-22,158.74468994140625
2024-08-23,161.80775451660156
2024-08-26,163.55149841308594
2024-08-27,162.0511932373047
2024-08-28,161.99159240722656
2024-08-29,162.49830627441406
2024-08-30,161.73326110839844
2024-09-03,160.2528533935547
2024-09-04,158.97113037109375
2024-09-05,155.2154541015625
2024-09-06,153.91387939453125
2024-09-09,162.76658630371094
2024-09-10,166.54214477539062
2024-09-11,167.41647338867188
2024-09-12,166.47259521484375
2024-09-13,168.29083251953125
2024-09-16,168.00267028808594
2024-09-17,167.9530029296875
2024-09-18,169.84078979492188
2024-09-19,171.8179931640625
2024-09-20,169.14529418945312
2024-09-23,171.47023010253906
2024-09-24,172.60292053222656
2024-09-25,166.76071166992188
2024-09-26,166.3831787109375
2024-09-27,166.7209930419922
2024-09-30,165.49888610839844
2024-10-01,165.2405548095703
2024-10-02,165.65785217285156
2024-10-03,165.48895263671875
2024-10-04,166.88987731933594
2024-10-07,162.55792236328125
2024-10-08,158.91151428222656
2024-10-09,162.54800415039062
2024-10-10,162.92555236816406
2024-10-11,161.45504760742188
2024-10-14,163.6210174560547
2024-10-15,163.8694305419922
2024-10-16,162.5181884765625
2024-10-17,164.18736267089844
2024-10-18,164.82327270507812
2024-10-21,166.7408447265625
2024-10-22,165.32997131347656
2024-10-23,163.33291625976562
2024-10-24,164.11782836914062
2024-10-25,163.57138061523438
2024-10-28,166.2738800048828
2024-10-29,166.462646484375
2024-10-30,171.14236450195312
2024-10-31,207.68585205078125
2024-11-01,209.29544067382812
2024-11-04,210.10023498535156
2024-11-05,217.13467407226562
2024-11-06,229.60398864746094
2024-11-07,225.7290802001953
2024-11-08,227.27903747558594
2024-11-11,226.2357940673828
2024-11-12,227.41815185546875
2024-11-13,226.3351593017578
2024-11-14,223.22528076171875
2024-11-15,218.46607971191406
2024-11-18,217.49237060546875
2024-11-19,215.52511596679688
2024-11-20,218.36672973632812
2024-11-21,225.56016540527344
2024-11-22,228.83895874023438
2024-11-25,233.5014190673828
2024-11-26,235.10366821289062
2024-11-27,233.85968017578125
2024-11-29,230.804443359375
2024-12-02,231.29209899902344
2024-12-03,228.77427673339844
2024-12-04,230.6253204345703
2024-12-05,230.69497680664062
2024-12-06,235.34251403808594
2024-12-09,233.80992126464844
2024-12-10,234.52645874023438
2024-12-11,239.09439086914062
2024-12-12,238.8455810546875
2024-12-13,233.37203979492188
2024-12-16,230.9437713623047
2024-12-17,231.84939575195312
2024-12-18,208.4823455810547
2024-12-19,205.994384765625
2024-12-20,206.2332000732422
2024-12-23,205.9147491455078
2024-12-24,208.7410888671875
2024-12-26,208.09422302246094
2024-12-27,205.7256622314453
2024-12-30,203.45663452148438
2024-12-31,203.98406982421875
