Date,PLTR
2010-01-04,
2010-01-05,
2010-01-06,
2010-01-07,
2010-01-08,
2010-01-11,
2010-01-12,
2010-01-13,
2010-01-14,
2010-01-15,
2010-01-19,
2010-01-20,
2010-01-21,
2010-01-22,
2010-01-25,
2010-01-26,
2010-01-27,
2010-01-28,
2010-01-29,
2010-02-01,
2010-02-02,
2010-02-03,
2010-02-04,
2010-02-05,
2010-02-08,
2010-02-09,
2010-02-10,
2010-02-11,
2010-02-12,
2010-02-16,
2010-02-17,
2010-02-18,
2010-02-19,
2010-02-22,
2010-02-23,
2010-02-24,
2010-02-25,
2010-02-26,
2010-03-01,
2010-03-02,
2010-03-03,
2010-03-04,
2010-03-05,
2010-03-08,
2010-03-09,
2010-03-10,
2010-03-11,
2010-03-12,
2010-03-15,
2010-03-16,
2010-03-17,
2010-03-18,
2010-03-19,
2010-03-22,
2010-03-23,
2010-03-24,
2010-03-25,
2010-03-26,
2010-03-29,
2010-03-30,
2010-03-31,
2010-04-01,
2010-04-05,
2010-04-06,
2010-04-07,
2010-04-08,
2010-04-09,
2010-04-12,
2010-04-13,
2010-04-14,
2010-04-15,
2010-04-16,
2010-04-19,
2010-04-20,
2010-04-21,
2010-04-22,
2010-04-23,
2010-04-26,
2010-04-27,
2010-04-28,
2010-04-29,
2010-04-30,
2010-05-03,
2010-05-04,
2010-05-05,
2010-05-06,
2010-05-07,
2010-05-10,
2010-05-11,
2010-05-12,
2010-05-13,
2010-05-14,
2010-05-17,
2010-05-18,
2010-05-19,
2010-05-20,
2010-05-21,
2010-05-24,
2010-05-25,
2010-05-26,
2010-05-27,
2010-05-28,
2010-06-01,
2010-06-02,
2010-06-03,
2010-06-04,
2010-06-07,
2010-06-08,
2010-06-09,
2010-06-10,
2010-06-11,
2010-06-14,
2010-06-15,
2010-06-16,
2010-06-17,
2010-06-18,
2010-06-21,
2010-06-22,
2010-06-23,
2010-06-24,
2010-06-25,
2010-06-28,
2010-06-29,
2010-06-30,
2010-07-01,
2010-07-02,
2010-07-06,
2010-07-07,
2010-07-08,
2010-07-09,
2010-07-12,
2010-07-13,
2010-07-14,
2010-07-15,
2010-07-16,
2010-07-19,
2010-07-20,
2010-07-21,
2010-07-22,
2010-07-23,
2010-07-26,
2010-07-27,
2010-07-28,
2010-07-29,
2010-07-30,
2010-08-02,
2010-08-03,
2010-08-04,
2010-08-05,
2010-08-06,
2010-08-09,
2010-08-10,
2010-08-11,
2010-08-12,
2010-08-13,
2010-08-16,
2010-08-17,
2010-08-18,
2010-08-19,
2010-08-20,
2010-08-23,
2010-08-24,
2010-08-25,
2010-08-26,
2010-08-27,
2010-08-30,
2010-08-31,
2010-09-01,
2010-09-02,
2010-09-03,
2010-09-07,
2010-09-08,
2010-09-09,
2010-09-10,
2010-09-13,
2010-09-14,
2010-09-15,
2010-09-16,
2010-09-17,
2010-09-20,
2010-09-21,
2010-09-22,
2010-09-23,
2010-09-24,
2010-09-27,
2010-09-28,
2010-09-29,
2010-09-30,
2010-10-01,
2010-10-04,
2010-10-05,
2010-10-06,
2010-10-07,
2010-10-08,
2010-10-11,
2010-10-12,
2010-10-13,
2010-10-14,
2010-10-15,
2010-10-18,
2010-10-19,
2010-10-20,
2010-10-21,
2010-10-22,
2010-10-25,
2010-10-26,
2010-10-27,
2010-10-28,
2010-10-29,
2010-11-01,
2010-11-02,
2010-11-03,
2010-11-04,
2010-11-05,
2010-11-08,
2010-11-09,
2010-11-10,
2010-11-11,
2010-11-12,
2010-11-15,
2010-11-16,
2010-11-17,
2010-11-18,
2010-11-19,
2010-11-22,
2010-11-23,
2010-11-24,
2010-11-26,
2010-11-29,
2010-11-30,
2010-12-01,
2010-12-02,
2010-12-03,
2010-12-06,
2010-12-07,
2010-12-08,
2010-12-09,
2010-12-10,
2010-12-13,
2010-12-14,
2010-12-15,
2010-12-16,
2010-12-17,
2010-12-20,
2010-12-21,
2010-12-22,
2010-12-23,
2010-12-27,
2010-12-28,
2010-12-29,
2010-12-30,
2010-12-31,
2011-01-03,
2011-01-04,
2011-01-05,
2011-01-06,
2011-01-07,
2011-01-10,
2011-01-11,
2011-01-12,
2011-01-13,
2011-01-14,
2011-01-18,
2011-01-19,
2011-01-20,
2011-01-21,
2011-01-24,
2011-01-25,
2011-01-26,
2011-01-27,
2011-01-28,
2011-01-31,
2011-02-01,
2011-02-02,
2011-02-03,
2011-02-04,
2011-02-07,
2011-02-08,
2011-02-09,
2011-02-10,
2011-02-11,
2011-02-14,
2011-02-15,
2011-02-16,
2011-02-17,
2011-02-18,
2011-02-22,
2011-02-23,
2011-02-24,
2011-02-25,
2011-02-28,
2011-03-01,
2011-03-02,
2011-03-03,
2011-03-04,
2011-03-07,
2011-03-08,
2011-03-09,
2011-03-10,
2011-03-11,
2011-03-14,
2011-03-15,
2011-03-16,
2011-03-17,
2011-03-18,
2011-03-21,
2011-03-22,
2011-03-23,
2011-03-24,
2011-03-25,
2011-03-28,
2011-03-29,
2011-03-30,
2011-03-31,
2011-04-01,
2011-04-04,
2011-04-05,
2011-04-06,
2011-04-07,
2011-04-08,
2011-04-11,
2011-04-12,
2011-04-13,
2011-04-14,
2011-04-15,
2011-04-18,
2011-04-19,
2011-04-20,
2011-04-21,
2011-04-25,
2011-04-26,
2011-04-27,
2011-04-28,
2011-04-29,
2011-05-02,
2011-05-03,
2011-05-04,
2011-05-05,
2011-05-06,
2011-05-09,
2011-05-10,
2011-05-11,
2011-05-12,
2011-05-13,
2011-05-16,
2011-05-17,
2011-05-18,
2011-05-19,
2011-05-20,
2011-05-23,
2011-05-24,
2011-05-25,
2011-05-26,
2011-05-27,
2011-05-31,
2011-06-01,
2011-06-02,
2011-06-03,
2011-06-06,
2011-06-07,
2011-06-08,
2011-06-09,
2011-06-10,
2011-06-13,
2011-06-14,
2011-06-15,
2011-06-16,
2011-06-17,
2011-06-20,
2011-06-21,
2011-06-22,
2011-06-23,
2011-06-24,
2011-06-27,
2011-06-28,
2011-06-29,
2011-06-30,
2011-07-01,
2011-07-05,
2011-07-06,
2011-07-07,
2011-07-08,
2011-07-11,
2011-07-12,
2011-07-13,
2011-07-14,
2011-07-15,
2011-07-18,
2011-07-19,
2011-07-20,
2011-07-21,
2011-07-22,
2011-07-25,
2011-07-26,
2011-07-27,
2011-07-28,
2011-07-29,
2011-08-01,
2011-08-02,
2011-08-03,
2011-08-04,
2011-08-05,
2011-08-08,
2011-08-09,
2011-08-10,
2011-08-11,
2011-08-12,
2011-08-15,
2011-08-16,
2011-08-17,
2011-08-18,
2011-08-19,
2011-08-22,
2011-08-23,
2011-08-24,
2011-08-25,
2011-08-26,
2011-08-29,
2011-08-30,
2011-08-31,
2011-09-01,
2011-09-02,
2011-09-06,
2011-09-07,
2011-09-08,
2011-09-09,
2011-09-12,
2011-09-13,
2011-09-14,
2011-09-15,
2011-09-16,
2011-09-19,
2011-09-20,
2011-09-21,
2011-09-22,
2011-09-23,
2011-09-26,
2011-09-27,
2011-09-28,
2011-09-29,
2011-09-30,
2011-10-03,
2011-10-04,
2011-10-05,
2011-10-06,
2011-10-07,
2011-10-10,
2011-10-11,
2011-10-12,
2011-10-13,
2011-10-14,
2011-10-17,
2011-10-18,
2011-10-19,
2011-10-20,
2011-10-21,
2011-10-24,
2011-10-25,
2011-10-26,
2011-10-27,
2011-10-28,
2011-10-31,
2011-11-01,
2011-11-02,
2011-11-03,
2011-11-04,
2011-11-07,
2011-11-08,
2011-11-09,
2011-11-10,
2011-11-11,
2011-11-14,
2011-11-15,
2011-11-16,
2011-11-17,
2011-11-18,
2011-11-21,
2011-11-22,
2011-11-23,
2011-11-25,
2011-11-28,
2011-11-29,
2011-11-30,
2011-12-01,
2011-12-02,
2011-12-05,
2011-12-06,
2011-12-07,
2011-12-08,
2011-12-09,
2011-12-12,
2011-12-13,
2011-12-14,
2011-12-15,
2011-12-16,
2011-12-19,
2011-12-20,
2011-12-21,
2011-12-22,
2011-12-23,
2011-12-27,
2011-12-28,
2011-12-29,
2011-12-30,
2012-01-03,
2012-01-04,
2012-01-05,
2012-01-06,
2012-01-09,
2012-01-10,
2012-01-11,
2012-01-12,
2012-01-13,
2012-01-17,
2012-01-18,
2012-01-19,
2012-01-20,
2012-01-23,
2012-01-24,
2012-01-25,
2012-01-26,
2012-01-27,
2012-01-30,
2012-01-31,
2012-02-01,
2012-02-02,
2012-02-03,
2012-02-06,
2012-02-07,
2012-02-08,
2012-02-09,
2012-02-10,
2012-02-13,
2012-02-14,
2012-02-15,
2012-02-16,
2012-02-17,
2012-02-21,
2012-02-22,
2012-02-23,
2012-02-24,
2012-02-27,
2012-02-28,
2012-02-29,
2012-03-01,
2012-03-02,
2012-03-05,
2012-03-06,
2012-03-07,
2012-03-08,
2012-03-09,
2012-03-12,
2012-03-13,
2012-03-14,
2012-03-15,
2012-03-16,
2012-03-19,
2012-03-20,
2012-03-21,
2012-03-22,
2012-03-23,
2012-03-26,
2012-03-27,
2012-03-28,
2012-03-29,
2012-03-30,
2012-04-02,
2012-04-03,
2012-04-04,
2012-04-05,
2012-04-09,
2012-04-10,
2012-04-11,
2012-04-12,
2012-04-13,
2012-04-16,
2012-04-17,
2012-04-18,
2012-04-19,
2012-04-20,
2012-04-23,
2012-04-24,
2012-04-25,
2012-04-26,
2012-04-27,
2012-04-30,
2012-05-01,
2012-05-02,
2012-05-03,
2012-05-04,
2012-05-07,
2012-05-08,
2012-05-09,
2012-05-10,
2012-05-11,
2012-05-14,
2012-05-15,
2012-05-16,
2012-05-17,
2012-05-18,
2012-05-21,
2012-05-22,
2012-05-23,
2012-05-24,
2012-05-25,
2012-05-29,
2012-05-30,
2012-05-31,
2012-06-01,
2012-06-04,
2012-06-05,
2012-06-06,
2012-06-07,
2012-06-08,
2012-06-11,
2012-06-12,
2012-06-13,
2012-06-14,
2012-06-15,
2012-06-18,
2012-06-19,
2012-06-20,
2012-06-21,
2012-06-22,
2012-06-25,
2012-06-26,
2012-06-27,
2012-06-28,
2012-06-29,
2012-07-02,
2012-07-03,
2012-07-05,
2012-07-06,
2012-07-09,
2012-07-10,
2012-07-11,
2012-07-12,
2012-07-13,
2012-07-16,
2012-07-17,
2012-07-18,
2012-07-19,
2012-07-20,
2012-07-23,
2012-07-24,
2012-07-25,
2012-07-26,
2012-07-27,
2012-07-30,
2012-07-31,
2012-08-01,
2012-08-02,
2012-08-03,
2012-08-06,
2012-08-07,
2012-08-08,
2012-08-09,
2012-08-10,
2012-08-13,
2012-08-14,
2012-08-15,
2012-08-16,
2012-08-17,
2012-08-20,
2012-08-21,
2012-08-22,
2012-08-23,
2012-08-24,
2012-08-27,
2012-08-28,
2012-08-29,
2012-08-30,
2012-08-31,
2012-09-04,
2012-09-05,
2012-09-06,
2012-09-07,
2012-09-10,
2012-09-11,
2012-09-12,
2012-09-13,
2012-09-14,
2012-09-17,
2012-09-18,
2012-09-19,
2012-09-20,
2012-09-21,
2012-09-24,
2012-09-25,
2012-09-26,
2012-09-27,
2012-09-28,
2012-10-01,
2012-10-02,
2012-10-03,
2012-10-04,
2012-10-05,
2012-10-08,
2012-10-09,
2012-10-10,
2012-10-11,
2012-10-12,
2012-10-15,
2012-10-16,
2012-10-17,
2012-10-18,
2012-10-19,
2012-10-22,
2012-10-23,
2012-10-24,
2012-10-25,
2012-10-26,
2012-10-31,
2012-11-01,
2012-11-02,
2012-11-05,
2012-11-06,
2012-11-07,
2012-11-08,
2012-11-09,
2012-11-12,
2012-11-13,
2012-11-14,
2012-11-15,
2012-11-16,
2012-11-19,
2012-11-20,
2012-11-21,
2012-11-23,
2012-11-26,
2012-11-27,
2012-11-28,
2012-11-29,
2012-11-30,
2012-12-03,
2012-12-04,
2012-12-05,
2012-12-06,
2012-12-07,
2012-12-10,
2012-12-11,
2012-12-12,
2012-12-13,
2012-12-14,
2012-12-17,
2012-12-18,
2012-12-19,
2012-12-20,
2012-12-21,
2012-12-24,
2012-12-26,
2012-12-27,
2012-12-28,
2012-12-31,
2013-01-02,
2013-01-03,
2013-01-04,
2013-01-07,
2013-01-08,
2013-01-09,
2013-01-10,
2013-01-11,
2013-01-14,
2013-01-15,
2013-01-16,
2013-01-17,
2013-01-18,
2013-01-22,
2013-01-23,
2013-01-24,
2013-01-25,
2013-01-28,
2013-01-29,
2013-01-30,
2013-01-31,
2013-02-01,
2013-02-04,
2013-02-05,
2013-02-06,
2013-02-07,
2013-02-08,
2013-02-11,
2013-02-12,
2013-02-13,
2013-02-14,
2013-02-15,
2013-02-19,
2013-02-20,
2013-02-21,
2013-02-22,
2013-02-25,
2013-02-26,
2013-02-27,
2013-02-28,
2013-03-01,
2013-03-04,
2013-03-05,
2013-03-06,
2013-03-07,
2013-03-08,
2013-03-11,
2013-03-12,
2013-03-13,
2013-03-14,
2013-03-15,
2013-03-18,
2013-03-19,
2013-03-20,
2013-03-21,
2013-03-22,
2013-03-25,
2013-03-26,
2013-03-27,
2013-03-28,
2013-04-01,
2013-04-02,
2013-04-03,
2013-04-04,
2013-04-05,
2013-04-08,
2013-04-09,
2013-04-10,
2013-04-11,
2013-04-12,
2013-04-15,
2013-04-16,
2013-04-17,
2013-04-18,
2013-04-19,
2013-04-22,
2013-04-23,
2013-04-24,
2013-04-25,
2013-04-26,
2013-04-29,
2013-04-30,
2013-05-01,
2013-05-02,
2013-05-03,
2013-05-06,
2013-05-07,
2013-05-08,
2013-05-09,
2013-05-10,
2013-05-13,
2013-05-14,
2013-05-15,
2013-05-16,
2013-05-17,
2013-05-20,
2013-05-21,
2013-05-22,
2013-05-23,
2013-05-24,
2013-05-28,
2013-05-29,
2013-05-30,
2013-05-31,
2013-06-03,
2013-06-04,
2013-06-05,
2013-06-06,
2013-06-07,
2013-06-10,
2013-06-11,
2013-06-12,
2013-06-13,
2013-06-14,
2013-06-17,
2013-06-18,
2013-06-19,
2013-06-20,
2013-06-21,
2013-06-24,
2013-06-25,
2013-06-26,
2013-06-27,
2013-06-28,
2013-07-01,
2013-07-02,
2013-07-03,
2013-07-05,
2013-07-08,
2013-07-09,
2013-07-10,
2013-07-11,
2013-07-12,
2013-07-15,
2013-07-16,
2013-07-17,
2013-07-18,
2013-07-19,
2013-07-22,
2013-07-23,
2013-07-24,
2013-07-25,
2013-07-26,
2013-07-29,
2013-07-30,
2013-07-31,
2013-08-01,
2013-08-02,
2013-08-05,
2013-08-06,
2013-08-07,
2013-08-08,
2013-08-09,
2013-08-12,
2013-08-13,
2013-08-14,
2013-08-15,
2013-08-16,
2013-08-19,
2013-08-20,
2013-08-21,
2013-08-22,
2013-08-23,
2013-08-26,
2013-08-27,
2013-08-28,
2013-08-29,
2013-08-30,
2013-09-03,
2013-09-04,
2013-09-05,
2013-09-06,
2013-09-09,
2013-09-10,
2013-09-11,
2013-09-12,
2013-09-13,
2013-09-16,
2013-09-17,
2013-09-18,
2013-09-19,
2013-09-20,
2013-09-23,
2013-09-24,
2013-09-25,
2013-09-26,
2013-09-27,
2013-09-30,
2013-10-01,
2013-10-02,
2013-10-03,
2013-10-04,
2013-10-07,
2013-10-08,
2013-10-09,
2013-10-10,
2013-10-11,
2013-10-14,
2013-10-15,
2013-10-16,
2013-10-17,
2013-10-18,
2013-10-21,
2013-10-22,
2013-10-23,
2013-10-24,
2013-10-25,
2013-10-28,
2013-10-29,
2013-10-30,
2013-10-31,
2013-11-01,
2013-11-04,
2013-11-05,
2013-11-06,
2013-11-07,
2013-11-08,
2013-11-11,
2013-11-12,
2013-11-13,
2013-11-14,
2013-11-15,
2013-11-18,
2013-11-19,
2013-11-20,
2013-11-21,
2013-11-22,
2013-11-25,
2013-11-26,
2013-11-27,
2013-11-29,
2013-12-02,
2013-12-03,
2013-12-04,
2013-12-05,
2013-12-06,
2013-12-09,
2013-12-10,
2013-12-11,
2013-12-12,
2013-12-13,
2013-12-16,
2013-12-17,
2013-12-18,
2013-12-19,
2013-12-20,
2013-12-23,
2013-12-24,
2013-12-26,
2013-12-27,
2013-12-30,
2013-12-31,
2014-01-02,
2014-01-03,
2014-01-06,
2014-01-07,
2014-01-08,
2014-01-09,
2014-01-10,
2014-01-13,
2014-01-14,
2014-01-15,
2014-01-16,
2014-01-17,
2014-01-21,
2014-01-22,
2014-01-23,
2014-01-24,
2014-01-27,
2014-01-28,
2014-01-29,
2014-01-30,
2014-01-31,
2014-02-03,
2014-02-04,
2014-02-05,
2014-02-06,
2014-02-07,
2014-02-10,
2014-02-11,
2014-02-12,
2014-02-13,
2014-02-14,
2014-02-18,
2014-02-19,
2014-02-20,
2014-02-21,
2014-02-24,
2014-02-25,
2014-02-26,
2014-02-27,
2014-02-28,
2014-03-03,
2014-03-04,
2014-03-05,
2014-03-06,
2014-03-07,
2014-03-10,
2014-03-11,
2014-03-12,
2014-03-13,
2014-03-14,
2014-03-17,
2014-03-18,
2014-03-19,
2014-03-20,
2014-03-21,
2014-03-24,
2014-03-25,
2014-03-26,
2014-03-27,
2014-03-28,
2014-03-31,
2014-04-01,
2014-04-02,
2014-04-03,
2014-04-04,
2014-04-07,
2014-04-08,
2014-04-09,
2014-04-10,
2014-04-11,
2014-04-14,
2014-04-15,
2014-04-16,
2014-04-17,
2014-04-21,
2014-04-22,
2014-04-23,
2014-04-24,
2014-04-25,
2014-04-28,
2014-04-29,
2014-04-30,
2014-05-01,
2014-05-02,
2014-05-05,
2014-05-06,
2014-05-07,
2014-05-08,
2014-05-09,
2014-05-12,
2014-05-13,
2014-05-14,
2014-05-15,
2014-05-16,
2014-05-19,
2014-05-20,
2014-05-21,
2014-05-22,
2014-05-23,
2014-05-27,
2014-05-28,
2014-05-29,
2014-05-30,
2014-06-02,
2014-06-03,
2014-06-04,
2014-06-05,
2014-06-06,
2014-06-09,
2014-06-10,
2014-06-11,
2014-06-12,
2014-06-13,
2014-06-16,
2014-06-17,
2014-06-18,
2014-06-19,
2014-06-20,
2014-06-23,
2014-06-24,
2014-06-25,
2014-06-26,
2014-06-27,
2014-06-30,
2014-07-01,
2014-07-02,
2014-07-03,
2014-07-07,
2014-07-08,
2014-07-09,
2014-07-10,
2014-07-11,
2014-07-14,
2014-07-15,
2014-07-16,
2014-07-17,
2014-07-18,
2014-07-21,
2014-07-22,
2014-07-23,
2014-07-24,
2014-07-25,
2014-07-28,
2014-07-29,
2014-07-30,
2014-07-31,
2014-08-01,
2014-08-04,
2014-08-05,
2014-08-06,
2014-08-07,
2014-08-08,
2014-08-11,
2014-08-12,
2014-08-13,
2014-08-14,
2014-08-15,
2014-08-18,
2014-08-19,
2014-08-20,
2014-08-21,
2014-08-22,
2014-08-25,
2014-08-26,
2014-08-27,
2014-08-28,
2014-08-29,
2014-09-02,
2014-09-03,
2014-09-04,
2014-09-05,
2014-09-08,
2014-09-09,
2014-09-10,
2014-09-11,
2014-09-12,
2014-09-15,
2014-09-16,
2014-09-17,
2014-09-18,
2014-09-19,
2014-09-22,
2014-09-23,
2014-09-24,
2014-09-25,
2014-09-26,
2014-09-29,
2014-09-30,
2014-10-01,
2014-10-02,
2014-10-03,
2014-10-06,
2014-10-07,
2014-10-08,
2014-10-09,
2014-10-10,
2014-10-13,
2014-10-14,
2014-10-15,
2014-10-16,
2014-10-17,
2014-10-20,
2014-10-21,
2014-10-22,
2014-10-23,
2014-10-24,
2014-10-27,
2014-10-28,
2014-10-29,
2014-10-30,
2014-10-31,
2014-11-03,
2014-11-04,
2014-11-05,
2014-11-06,
2014-11-07,
2014-11-10,
2014-11-11,
2014-11-12,
2014-11-13,
2014-11-14,
2014-11-17,
2014-11-18,
2014-11-19,
2014-11-20,
2014-11-21,
2014-11-24,
2014-11-25,
2014-11-26,
2014-11-28,
2014-12-01,
2014-12-02,
2014-12-03,
2014-12-04,
2014-12-05,
2014-12-08,
2014-12-09,
2014-12-10,
2014-12-11,
2014-12-12,
2014-12-15,
2014-12-16,
2014-12-17,
2014-12-18,
2014-12-19,
2014-12-22,
2014-12-23,
2014-12-24,
2014-12-26,
2014-12-29,
2014-12-30,
2014-12-31,
2015-01-02,
2015-01-05,
2015-01-06,
2015-01-07,
2015-01-08,
2015-01-09,
2015-01-12,
2015-01-13,
2015-01-14,
2015-01-15,
2015-01-16,
2015-01-20,
2015-01-21,
2015-01-22,
2015-01-23,
2015-01-26,
2015-01-27,
2015-01-28,
2015-01-29,
2015-01-30,
2015-02-02,
2015-02-03,
2015-02-04,
2015-02-05,
2015-02-06,
2015-02-09,
2015-02-10,
2015-02-11,
2015-02-12,
2015-02-13,
2015-02-17,
2015-02-18,
2015-02-19,
2015-02-20,
2015-02-23,
2015-02-24,
2015-02-25,
2015-02-26,
2015-02-27,
2015-03-02,
2015-03-03,
2015-03-04,
2015-03-05,
2015-03-06,
2015-03-09,
2015-03-10,
2015-03-11,
2015-03-12,
2015-03-13,
2015-03-16,
2015-03-17,
2015-03-18,
2015-03-19,
2015-03-20,
2015-03-23,
2015-03-24,
2015-03-25,
2015-03-26,
2015-03-27,
2015-03-30,
2015-03-31,
2015-04-01,
2015-04-02,
2015-04-06,
2015-04-07,
2015-04-08,
2015-04-09,
2015-04-10,
2015-04-13,
2015-04-14,
2015-04-15,
2015-04-16,
2015-04-17,
2015-04-20,
2015-04-21,
2015-04-22,
2015-04-23,
2015-04-24,
2015-04-27,
2015-04-28,
2015-04-29,
2015-04-30,
2015-05-01,
2015-05-04,
2015-05-05,
2015-05-06,
2015-05-07,
2015-05-08,
2015-05-11,
2015-05-12,
2015-05-13,
2015-05-14,
2015-05-15,
2015-05-18,
2015-05-19,
2015-05-20,
2015-05-21,
2015-05-22,
2015-05-26,
2015-05-27,
2015-05-28,
2015-05-29,
2015-06-01,
2015-06-02,
2015-06-03,
2015-06-04,
2015-06-05,
2015-06-08,
2015-06-09,
2015-06-10,
2015-06-11,
2015-06-12,
2015-06-15,
2015-06-16,
2015-06-17,
2015-06-18,
2015-06-19,
2015-06-22,
2015-06-23,
2015-06-24,
2015-06-25,
2015-06-26,
2015-06-29,
2015-06-30,
2015-07-01,
2015-07-02,
2015-07-06,
2015-07-07,
2015-07-08,
2015-07-09,
2015-07-10,
2015-07-13,
2015-07-14,
2015-07-15,
2015-07-16,
2015-07-17,
2015-07-20,
2015-07-21,
2015-07-22,
2015-07-23,
2015-07-24,
2015-07-27,
2015-07-28,
2015-07-29,
2015-07-30,
2015-07-31,
2015-08-03,
2015-08-04,
2015-08-05,
2015-08-06,
2015-08-07,
2015-08-10,
2015-08-11,
2015-08-12,
2015-08-13,
2015-08-14,
2015-08-17,
2015-08-18,
2015-08-19,
2015-08-20,
2015-08-21,
2015-08-24,
2015-08-25,
2015-08-26,
2015-08-27,
2015-08-28,
2015-08-31,
2015-09-01,
2015-09-02,
2015-09-03,
2015-09-04,
2015-09-08,
2015-09-09,
2015-09-10,
2015-09-11,
2015-09-14,
2015-09-15,
2015-09-16,
2015-09-17,
2015-09-18,
2015-09-21,
2015-09-22,
2015-09-23,
2015-09-24,
2015-09-25,
2015-09-28,
2015-09-29,
2015-09-30,
2015-10-01,
2015-10-02,
2015-10-05,
2015-10-06,
2015-10-07,
2015-10-08,
2015-10-09,
2015-10-12,
2015-10-13,
2015-10-14,
2015-10-15,
2015-10-16,
2015-10-19,
2015-10-20,
2015-10-21,
2015-10-22,
2015-10-23,
2015-10-26,
2015-10-27,
2015-10-28,
2015-10-29,
2015-10-30,
2015-11-02,
2015-11-03,
2015-11-04,
2015-11-05,
2015-11-06,
2015-11-09,
2015-11-10,
2015-11-11,
2015-11-12,
2015-11-13,
2015-11-16,
2015-11-17,
2015-11-18,
2015-11-19,
2015-11-20,
2015-11-23,
2015-11-24,
2015-11-25,
2015-11-27,
2015-11-30,
2015-12-01,
2015-12-02,
2015-12-03,
2015-12-04,
2015-12-07,
2015-12-08,
2015-12-09,
2015-12-10,
2015-12-11,
2015-12-14,
2015-12-15,
2015-12-16,
2015-12-17,
2015-12-18,
2015-12-21,
2015-12-22,
2015-12-23,
2015-12-24,
2015-12-28,
2015-12-29,
2015-12-30,
2015-12-31,
2016-01-04,
2016-01-05,
2016-01-06,
2016-01-07,
2016-01-08,
2016-01-11,
2016-01-12,
2016-01-13,
2016-01-14,
2016-01-15,
2016-01-19,
2016-01-20,
2016-01-21,
2016-01-22,
2016-01-25,
2016-01-26,
2016-01-27,
2016-01-28,
2016-01-29,
2016-02-01,
2016-02-02,
2016-02-03,
2016-02-04,
2016-02-05,
2016-02-08,
2016-02-09,
2016-02-10,
2016-02-11,
2016-02-12,
2016-02-16,
2016-02-17,
2016-02-18,
2016-02-19,
2016-02-22,
2016-02-23,
2016-02-24,
2016-02-25,
2016-02-26,
2016-02-29,
2016-03-01,
2016-03-02,
2016-03-03,
2016-03-04,
2016-03-07,
2016-03-08,
2016-03-09,
2016-03-10,
2016-03-11,
2016-03-14,
2016-03-15,
2016-03-16,
2016-03-17,
2016-03-18,
2016-03-21,
2016-03-22,
2016-03-23,
2016-03-24,
2016-03-28,
2016-03-29,
2016-03-30,
2016-03-31,
2016-04-01,
2016-04-04,
2016-04-05,
2016-04-06,
2016-04-07,
2016-04-08,
2016-04-11,
2016-04-12,
2016-04-13,
2016-04-14,
2016-04-15,
2016-04-18,
2016-04-19,
2016-04-20,
2016-04-21,
2016-04-22,
2016-04-25,
2016-04-26,
2016-04-27,
2016-04-28,
2016-04-29,
2016-05-02,
2016-05-03,
2016-05-04,
2016-05-05,
2016-05-06,
2016-05-09,
2016-05-10,
2016-05-11,
2016-05-12,
2016-05-13,
2016-05-16,
2016-05-17,
2016-05-18,
2016-05-19,
2016-05-20,
2016-05-23,
2016-05-24,
2016-05-25,
2016-05-26,
2016-05-27,
2016-05-31,
2016-06-01,
2016-06-02,
2016-06-03,
2016-06-06,
2016-06-07,
2016-06-08,
2016-06-09,
2016-06-10,
2016-06-13,
2016-06-14,
2016-06-15,
2016-06-16,
2016-06-17,
2016-06-20,
2016-06-21,
2016-06-22,
2016-06-23,
2016-06-24,
2016-06-27,
2016-06-28,
2016-06-29,
2016-06-30,
2016-07-01,
2016-07-05,
2016-07-06,
2016-07-07,
2016-07-08,
2016-07-11,
2016-07-12,
2016-07-13,
2016-07-14,
2016-07-15,
2016-07-18,
2016-07-19,
2016-07-20,
2016-07-21,
2016-07-22,
2016-07-25,
2016-07-26,
2016-07-27,
2016-07-28,
2016-07-29,
2016-08-01,
2016-08-02,
2016-08-03,
2016-08-04,
2016-08-05,
2016-08-08,
2016-08-09,
2016-08-10,
2016-08-11,
2016-08-12,
2016-08-15,
2016-08-16,
2016-08-17,
2016-08-18,
2016-08-19,
2016-08-22,
2016-08-23,
2016-08-24,
2016-08-25,
2016-08-26,
2016-08-29,
2016-08-30,
2016-08-31,
2016-09-01,
2016-09-02,
2016-09-06,
2016-09-07,
2016-09-08,
2016-09-09,
2016-09-12,
2016-09-13,
2016-09-14,
2016-09-15,
2016-09-16,
2016-09-19,
2016-09-20,
2016-09-21,
2016-09-22,
2016-09-23,
2016-09-26,
2016-09-27,
2016-09-28,
2016-09-29,
2016-09-30,
2016-10-03,
2016-10-04,
2016-10-05,
2016-10-06,
2016-10-07,
2016-10-10,
2016-10-11,
2016-10-12,
2016-10-13,
2016-10-14,
2016-10-17,
2016-10-18,
2016-10-19,
2016-10-20,
2016-10-21,
2016-10-24,
2016-10-25,
2016-10-26,
2016-10-27,
2016-10-28,
2016-10-31,
2016-11-01,
2016-11-02,
2016-11-03,
2016-11-04,
2016-11-07,
2016-11-08,
2016-11-09,
2016-11-10,
2016-11-11,
2016-11-14,
2016-11-15,
2016-11-16,
2016-11-17,
2016-11-18,
2016-11-21,
2016-11-22,
2016-11-23,
2016-11-25,
2016-11-28,
2016-11-29,
2016-11-30,
2016-12-01,
2016-12-02,
2016-12-05,
2016-12-06,
2016-12-07,
2016-12-08,
2016-12-09,
2016-12-12,
2016-12-13,
2016-12-14,
2016-12-15,
2016-12-16,
2016-12-19,
2016-12-20,
2016-12-21,
2016-12-22,
2016-12-23,
2016-12-27,
2016-12-28,
2016-12-29,
2016-12-30,
2017-01-03,
2017-01-04,
2017-01-05,
2017-01-06,
2017-01-09,
2017-01-10,
2017-01-11,
2017-01-12,
2017-01-13,
2017-01-17,
2017-01-18,
2017-01-19,
2017-01-20,
2017-01-23,
2017-01-24,
2017-01-25,
2017-01-26,
2017-01-27,
2017-01-30,
2017-01-31,
2017-02-01,
2017-02-02,
2017-02-03,
2017-02-06,
2017-02-07,
2017-02-08,
2017-02-09,
2017-02-10,
2017-02-13,
2017-02-14,
2017-02-15,
2017-02-16,
2017-02-17,
2017-02-21,
2017-02-22,
2017-02-23,
2017-02-24,
2017-02-27,
2017-02-28,
2017-03-01,
2017-03-02,
2017-03-03,
2017-03-06,
2017-03-07,
2017-03-08,
2017-03-09,
2017-03-10,
2017-03-13,
2017-03-14,
2017-03-15,
2017-03-16,
2017-03-17,
2017-03-20,
2017-03-21,
2017-03-22,
2017-03-23,
2017-03-24,
2017-03-27,
2017-03-28,
2017-03-29,
2017-03-30,
2017-03-31,
2017-04-03,
2017-04-04,
2017-04-05,
2017-04-06,
2017-04-07,
2017-04-10,
2017-04-11,
2017-04-12,
2017-04-13,
2017-04-17,
2017-04-18,
2017-04-19,
2017-04-20,
2017-04-21,
2017-04-24,
2017-04-25,
2017-04-26,
2017-04-27,
2017-04-28,
2017-05-01,
2017-05-02,
2017-05-03,
2017-05-04,
2017-05-05,
2017-05-08,
2017-05-09,
2017-05-10,
2017-05-11,
2017-05-12,
2017-05-15,
2017-05-16,
2017-05-17,
2017-05-18,
2017-05-19,
2017-05-22,
2017-05-23,
2017-05-24,
2017-05-25,
2017-05-26,
2017-05-30,
2017-05-31,
2017-06-01,
2017-06-02,
2017-06-05,
2017-06-06,
2017-06-07,
2017-06-08,
2017-06-09,
2017-06-12,
2017-06-13,
2017-06-14,
2017-06-15,
2017-06-16,
2017-06-19,
2017-06-20,
2017-06-21,
2017-06-22,
2017-06-23,
2017-06-26,
2017-06-27,
2017-06-28,
2017-06-29,
2017-06-30,
2017-07-03,
2017-07-05,
2017-07-06,
2017-07-07,
2017-07-10,
2017-07-11,
2017-07-12,
2017-07-13,
2017-07-14,
2017-07-17,
2017-07-18,
2017-07-19,
2017-07-20,
2017-07-21,
2017-07-24,
2017-07-25,
2017-07-26,
2017-07-27,
2017-07-28,
2017-07-31,
2017-08-01,
2017-08-02,
2017-08-03,
2017-08-04,
2017-08-07,
2017-08-08,
2017-08-09,
2017-08-10,
2017-08-11,
2017-08-14,
2017-08-15,
2017-08-16,
2017-08-17,
2017-08-18,
2017-08-21,
2017-08-22,
2017-08-23,
2017-08-24,
2017-08-25,
2017-08-28,
2017-08-29,
2017-08-30,
2017-08-31,
2017-09-01,
2017-09-05,
2017-09-06,
2017-09-07,
2017-09-08,
2017-09-11,
2017-09-12,
2017-09-13,
2017-09-14,
2017-09-15,
2017-09-18,
2017-09-19,
2017-09-20,
2017-09-21,
2017-09-22,
2017-09-25,
2017-09-26,
2017-09-27,
2017-09-28,
2017-09-29,
2017-10-02,
2017-10-03,
2017-10-04,
2017-10-05,
2017-10-06,
2017-10-09,
2017-10-10,
2017-10-11,
2017-10-12,
2017-10-13,
2017-10-16,
2017-10-17,
2017-10-18,
2017-10-19,
2017-10-20,
2017-10-23,
2017-10-24,
2017-10-25,
2017-10-26,
2017-10-27,
2017-10-30,
2017-10-31,
2017-11-01,
2017-11-02,
2017-11-03,
2017-11-06,
2017-11-07,
2017-11-08,
2017-11-09,
2017-11-10,
2017-11-13,
2017-11-14,
2017-11-15,
2017-11-16,
2017-11-17,
2017-11-20,
2017-11-21,
2017-11-22,
2017-11-24,
2017-11-27,
2017-11-28,
2017-11-29,
2017-11-30,
2017-12-01,
2017-12-04,
2017-12-05,
2017-12-06,
2017-12-07,
2017-12-08,
2017-12-11,
2017-12-12,
2017-12-13,
2017-12-14,
2017-12-15,
2017-12-18,
2017-12-19,
2017-12-20,
2017-12-21,
2017-12-22,
2017-12-26,
2017-12-27,
2017-12-28,
2017-12-29,
2018-01-02,
2018-01-03,
2018-01-04,
2018-01-05,
2018-01-08,
2018-01-09,
2018-01-10,
2018-01-11,
2018-01-12,
2018-01-16,
2018-01-17,
2018-01-18,
2018-01-19,
2018-01-22,
2018-01-23,
2018-01-24,
2018-01-25,
2018-01-26,
2018-01-29,
2018-01-30,
2018-01-31,
2018-02-01,
2018-02-02,
2018-02-05,
2018-02-06,
2018-02-07,
2018-02-08,
2018-02-09,
2018-02-12,
2018-02-13,
2018-02-14,
2018-02-15,
2018-02-16,
2018-02-20,
2018-02-21,
2018-02-22,
2018-02-23,
2018-02-26,
2018-02-27,
2018-02-28,
2018-03-01,
2018-03-02,
2018-03-05,
2018-03-06,
2018-03-07,
2018-03-08,
2018-03-09,
2018-03-12,
2018-03-13,
2018-03-14,
2018-03-15,
2018-03-16,
2018-03-19,
2018-03-20,
2018-03-21,
2018-03-22,
2018-03-23,
2018-03-26,
2018-03-27,
2018-03-28,
2018-03-29,
2018-04-02,
2018-04-03,
2018-04-04,
2018-04-05,
2018-04-06,
2018-04-09,
2018-04-10,
2018-04-11,
2018-04-12,
2018-04-13,
2018-04-16,
2018-04-17,
2018-04-18,
2018-04-19,
2018-04-20,
2018-04-23,
2018-04-24,
2018-04-25,
2018-04-26,
2018-04-27,
2018-04-30,
2018-05-01,
2018-05-02,
2018-05-03,
2018-05-04,
2018-05-07,
2018-05-08,
2018-05-09,
2018-05-10,
2018-05-11,
2018-05-14,
2018-05-15,
2018-05-16,
2018-05-17,
2018-05-18,
2018-05-21,
2018-05-22,
2018-05-23,
2018-05-24,
2018-05-25,
2018-05-29,
2018-05-30,
2018-05-31,
2018-06-01,
2018-06-04,
2018-06-05,
2018-06-06,
2018-06-07,
2018-06-08,
2018-06-11,
2018-06-12,
2018-06-13,
2018-06-14,
2018-06-15,
2018-06-18,
2018-06-19,
2018-06-20,
2018-06-21,
2018-06-22,
2018-06-25,
2018-06-26,
2018-06-27,
2018-06-28,
2018-06-29,
2018-07-02,
2018-07-03,
2018-07-05,
2018-07-06,
2018-07-09,
2018-07-10,
2018-07-11,
2018-07-12,
2018-07-13,
2018-07-16,
2018-07-17,
2018-07-18,
2018-07-19,
2018-07-20,
2018-07-23,
2018-07-24,
2018-07-25,
2018-07-26,
2018-07-27,
2018-07-30,
2018-07-31,
2018-08-01,
2018-08-02,
2018-08-03,
2018-08-06,
2018-08-07,
2018-08-08,
2018-08-09,
2018-08-10,
2018-08-13,
2018-08-14,
2018-08-15,
2018-08-16,
2018-08-17,
2018-08-20,
2018-08-21,
2018-08-22,
2018-08-23,
2018-08-24,
2018-08-27,
2018-08-28,
2018-08-29,
2018-08-30,
2018-08-31,
2018-09-04,
2018-09-05,
2018-09-06,
2018-09-07,
2018-09-10,
2018-09-11,
2018-09-12,
2018-09-13,
2018-09-14,
2018-09-17,
2018-09-18,
2018-09-19,
2018-09-20,
2018-09-21,
2018-09-24,
2018-09-25,
2018-09-26,
2018-09-27,
2018-09-28,
2018-10-01,
2018-10-02,
2018-10-03,
2018-10-04,
2018-10-05,
2018-10-08,
2018-10-09,
2018-10-10,
2018-10-11,
2018-10-12,
2018-10-15,
2018-10-16,
2018-10-17,
2018-10-18,
2018-10-19,
2018-10-22,
2018-10-23,
2018-10-24,
2018-10-25,
2018-10-26,
2018-10-29,
2018-10-30,
2018-10-31,
2018-11-01,
2018-11-02,
2018-11-05,
2018-11-06,
2018-11-07,
2018-11-08,
2018-11-09,
2018-11-12,
2018-11-13,
2018-11-14,
2018-11-15,
2018-11-16,
2018-11-19,
2018-11-20,
2018-11-21,
2018-11-23,
2018-11-26,
2018-11-27,
2018-11-28,
2018-11-29,
2018-11-30,
2018-12-03,
2018-12-04,
2018-12-06,
2018-12-07,
2018-12-10,
2018-12-11,
2018-12-12,
2018-12-13,
2018-12-14,
2018-12-17,
2018-12-18,
2018-12-19,
2018-12-20,
2018-12-21,
2018-12-24,
2018-12-26,
2018-12-27,
2018-12-28,
2018-12-31,
2019-01-02,
2019-01-03,
2019-01-04,
2019-01-07,
2019-01-08,
2019-01-09,
2019-01-10,
2019-01-11,
2019-01-14,
2019-01-15,
2019-01-16,
2019-01-17,
2019-01-18,
2019-01-22,
2019-01-23,
2019-01-24,
2019-01-25,
2019-01-28,
2019-01-29,
2019-01-30,
2019-01-31,
2019-02-01,
2019-02-04,
2019-02-05,
2019-02-06,
2019-02-07,
2019-02-08,
2019-02-11,
2019-02-12,
2019-02-13,
2019-02-14,
2019-02-15,
2019-02-19,
2019-02-20,
2019-02-21,
2019-02-22,
2019-02-25,
2019-02-26,
2019-02-27,
2019-02-28,
2019-03-01,
2019-03-04,
2019-03-05,
2019-03-06,
2019-03-07,
2019-03-08,
2019-03-11,
2019-03-12,
2019-03-13,
2019-03-14,
2019-03-15,
2019-03-18,
2019-03-19,
2019-03-20,
2019-03-21,
2019-03-22,
2019-03-25,
2019-03-26,
2019-03-27,
2019-03-28,
2019-03-29,
2019-04-01,
2019-04-02,
2019-04-03,
2019-04-04,
2019-04-05,
2019-04-08,
2019-04-09,
2019-04-10,
2019-04-11,
2019-04-12,
2019-04-15,
2019-04-16,
2019-04-17,
2019-04-18,
2019-04-22,
2019-04-23,
2019-04-24,
2019-04-25,
2019-04-26,
2019-04-29,
2019-04-30,
2019-05-01,
2019-05-02,
2019-05-03,
2019-05-06,
2019-05-07,
2019-05-08,
2019-05-09,
2019-05-10,
2019-05-13,
2019-05-14,
2019-05-15,
2019-05-16,
2019-05-17,
2019-05-20,
2019-05-21,
2019-05-22,
2019-05-23,
2019-05-24,
2019-05-28,
2019-05-29,
2019-05-30,
2019-05-31,
2019-06-03,
2019-06-04,
2019-06-05,
2019-06-06,
2019-06-07,
2019-06-10,
2019-06-11,
2019-06-12,
2019-06-13,
2019-06-14,
2019-06-17,
2019-06-18,
2019-06-19,
2019-06-20,
2019-06-21,
2019-06-24,
2019-06-25,
2019-06-26,
2019-06-27,
2019-06-28,
2019-07-01,
2019-07-02,
2019-07-03,
2019-07-05,
2019-07-08,
2019-07-09,
2019-07-10,
2019-07-11,
2019-07-12,
2019-07-15,
2019-07-16,
2019-07-17,
2019-07-18,
2019-07-19,
2019-07-22,
2019-07-23,
2019-07-24,
2019-07-25,
2019-07-26,
2019-07-29,
2019-07-30,
2019-07-31,
2019-08-01,
2019-08-02,
2019-08-05,
2019-08-06,
2019-08-07,
2019-08-08,
2019-08-09,
2019-08-12,
2019-08-13,
2019-08-14,
2019-08-15,
2019-08-16,
2019-08-19,
2019-08-20,
2019-08-21,
2019-08-22,
2019-08-23,
2019-08-26,
2019-08-27,
2019-08-28,
2019-08-29,
2019-08-30,
2019-09-03,
2019-09-04,
2019-09-05,
2019-09-06,
2019-09-09,
2019-09-10,
2019-09-11,
2019-09-12,
2019-09-13,
2019-09-16,
2019-09-17,
2019-09-18,
2019-09-19,
2019-09-20,
2019-09-23,
2019-09-24,
2019-09-25,
2019-09-26,
2019-09-27,
2019-09-30,
2019-10-01,
2019-10-02,
2019-10-03,
2019-10-04,
2019-10-07,
2019-10-08,
2019-10-09,
2019-10-10,
2019-10-11,
2019-10-14,
2019-10-15,
2019-10-16,
2019-10-17,
2019-10-18,
2019-10-21,
2019-10-22,
2019-10-23,
2019-10-24,
2019-10-25,
2019-10-28,
2019-10-29,
2019-10-30,
2019-10-31,
2019-11-01,
2019-11-04,
2019-11-05,
2019-11-06,
2019-11-07,
2019-11-08,
2019-11-11,
2019-11-12,
2019-11-13,
2019-11-14,
2019-11-15,
2019-11-18,
2019-11-19,
2019-11-20,
2019-11-21,
2019-11-22,
2019-11-25,
2019-11-26,
2019-11-27,
2019-11-29,
2019-12-02,
2019-12-03,
2019-12-04,
2019-12-05,
2019-12-06,
2019-12-09,
2019-12-10,
2019-12-11,
2019-12-12,
2019-12-13,
2019-12-16,
2019-12-17,
2019-12-18,
2019-12-19,
2019-12-20,
2019-12-23,
2019-12-24,
2019-12-26,
2019-12-27,
2019-12-30,
2019-12-31,
2020-01-02,
2020-01-03,
2020-01-06,
2020-01-07,
2020-01-08,
2020-01-09,
2020-01-10,
2020-01-13,
2020-01-14,
2020-01-15,
2020-01-16,
2020-01-17,
2020-01-21,
2020-01-22,
2020-01-23,
2020-01-24,
2020-01-27,
2020-01-28,
2020-01-29,
2020-01-30,
2020-01-31,
2020-02-03,
2020-02-04,
2020-02-05,
2020-02-06,
2020-02-07,
2020-02-10,
2020-02-11,
2020-02-12,
2020-02-13,
2020-02-14,
2020-02-18,
2020-02-19,
2020-02-20,
2020-02-21,
2020-02-24,
2020-02-25,
2020-02-26,
2020-02-27,
2020-02-28,
2020-03-02,
2020-03-03,
2020-03-04,
2020-03-05,
2020-03-06,
2020-03-09,
2020-03-10,
2020-03-11,
2020-03-12,
2020-03-13,
2020-03-16,
2020-03-17,
2020-03-18,
2020-03-19,
2020-03-20,
2020-03-23,
2020-03-24,
2020-03-25,
2020-03-26,
2020-03-27,
2020-03-30,
2020-03-31,
2020-04-01,
2020-04-02,
2020-04-03,
2020-04-06,
2020-04-07,
2020-04-08,
2020-04-09,
2020-04-13,
2020-04-14,
2020-04-15,
2020-04-16,
2020-04-17,
2020-04-20,
2020-04-21,
2020-04-22,
2020-04-23,
2020-04-24,
2020-04-27,
2020-04-28,
2020-04-29,
2020-04-30,
2020-05-01,
2020-05-04,
2020-05-05,
2020-05-06,
2020-05-07,
2020-05-08,
2020-05-11,
2020-05-12,
2020-05-13,
2020-05-14,
2020-05-15,
2020-05-18,
2020-05-19,
2020-05-20,
2020-05-21,
2020-05-22,
2020-05-26,
2020-05-27,
2020-05-28,
2020-05-29,
2020-06-01,
2020-06-02,
2020-06-03,
2020-06-04,
2020-06-05,
2020-06-08,
2020-06-09,
2020-06-10,
2020-06-11,
2020-06-12,
2020-06-15,
2020-06-16,
2020-06-17,
2020-06-18,
2020-06-19,
2020-06-22,
2020-06-23,
2020-06-24,
2020-06-25,
2020-06-26,
2020-06-29,
2020-06-30,
2020-07-01,
2020-07-02,
2020-07-06,
2020-07-07,
2020-07-08,
2020-07-09,
2020-07-10,
2020-07-13,
2020-07-14,
2020-07-15,
2020-07-16,
2020-07-17,
2020-07-20,
2020-07-21,
2020-07-22,
2020-07-23,
2020-07-24,
2020-07-27,
2020-07-28,
2020-07-29,
2020-07-30,
2020-07-31,
2020-08-03,
2020-08-04,
2020-08-05,
2020-08-06,
2020-08-07,
2020-08-10,
2020-08-11,
2020-08-12,
2020-08-13,
2020-08-14,
2020-08-17,
2020-08-18,
2020-08-19,
2020-08-20,
2020-08-21,
2020-08-24,
2020-08-25,
2020-08-26,
2020-08-27,
2020-08-28,
2020-08-31,
2020-09-01,
2020-09-02,
2020-09-03,
2020-09-04,
2020-09-08,
2020-09-09,
2020-09-10,
2020-09-11,
2020-09-14,
2020-09-15,
2020-09-16,
2020-09-17,
2020-09-18,
2020-09-21,
2020-09-22,
2020-09-23,
2020-09-24,
2020-09-25,
2020-09-28,
2020-09-29,
2020-09-30,9.5
2020-10-01,9.460000038146973
2020-10-02,9.199999809265137
2020-10-05,9.029999732971191
2020-10-06,9.899999618530273
2020-10-07,10.0
2020-10-08,10.0
2020-10-09,9.949999809265137
2020-10-12,9.890000343322754
2020-10-13,9.470000267028809
2020-10-14,9.34000015258789
2020-10-15,9.90999984741211
2020-10-16,9.710000038146973
2020-10-19,9.569999694824219
2020-10-20,9.270000457763672
2020-10-21,9.199999809265137
2020-10-22,9.680000305175781
2020-10-23,9.489999771118164
2020-10-26,9.949999809265137
2020-10-27,10.949999809265137
2020-10-28,10.850000381469727
2020-10-29,10.75
2020-10-30,10.130000114440918
2020-11-02,10.539999961853027
2020-11-03,10.5
2020-11-04,10.720000267028809
2020-11-05,11.880000114440918
2020-11-06,13.829999923706055
2020-11-09,14.670000076293945
2020-11-10,14.0
2020-11-11,15.960000038146973
2020-11-12,14.579999923706055
2020-11-13,15.800000190734863
2020-11-16,15.930000305175781
2020-11-17,17.850000381469727
2020-11-18,17.899999618530273
2020-11-19,18.979999542236328
2020-11-20,18.149999618530273
2020-11-23,21.040000915527344
2020-11-24,23.81999969482422
2020-11-25,29.049999237060547
2020-11-27,27.65999984741211
2020-11-30,27.110000610351562
2020-12-01,25.670000076293945
2020-12-02,22.510000228881836
2020-12-03,24.030000686645508
2020-12-04,23.850000381469727
2020-12-07,28.940000534057617
2020-12-08,28.59000015258789
2020-12-09,26.6299991607666
2020-12-10,27.040000915527344
2020-12-11,27.200000762939453
2020-12-14,27.239999771118164
2020-12-15,26.43000030517578
2020-12-16,25.920000076293945
2020-12-17,27.229999542236328
2020-12-18,25.969999313354492
2020-12-21,28.510000228881836
2020-12-22,28.040000915527344
2020-12-23,28.690000534057617
2020-12-24,27.75
2020-12-28,25.6299991607666
2020-12-29,24.65999984741211
2020-12-30,25.100000381469727
2020-12-31,23.549999237060547
2021-01-04,23.3700008392334
2021-01-05,24.600000381469727
2021-01-06,23.540000915527344
2021-01-07,25.0
2021-01-08,25.200000762939453
2021-01-11,25.93000030517578
2021-01-12,26.18000030517578
2021-01-13,25.5
2021-01-14,24.920000076293945
2021-01-15,25.639999389648438
2021-01-19,26.6200008392334
2021-01-20,26.34000015258789
2021-01-21,25.979999542236328
2021-01-22,32.58000183105469
2021-01-25,36.22999954223633
2021-01-26,35.369998931884766
2021-01-27,39.0
2021-01-28,35.65999984741211
2021-01-29,35.18000030517578
2021-02-01,33.959999084472656
2021-02-02,31.020000457763672
2021-02-03,31.760000228881836
2021-02-04,32.04999923706055
2021-02-05,34.04999923706055
2021-02-08,36.04999923706055
2021-02-09,38.16999816894531
2021-02-10,35.70000076293945
2021-02-11,33.11000061035156
2021-02-12,31.90999984741211
2021-02-16,27.84000015258789
2021-02-17,27.079999923706055
2021-02-18,25.170000076293945
2021-02-19,29.0
2021-02-22,28.0
2021-02-23,26.75
2021-02-24,26.389999389648438
2021-02-25,23.959999084472656
2021-02-26,23.899999618530273
2021-03-01,24.809999465942383
2021-03-02,24.479999542236328
2021-03-03,23.59000015258789
2021-03-04,24.729999542236328
2021-03-05,23.950000762939453
2021-03-08,22.520000457763672
2021-03-09,24.260000228881836
2021-03-10,24.75
2021-03-11,26.729999542236328
2021-03-12,26.920000076293945
2021-03-15,26.790000915527344
2021-03-16,25.610000610351562
2021-03-17,25.209999084472656
2021-03-18,23.979999542236328
2021-03-19,24.31999969482422
2021-03-22,24.219999313354492
2021-03-23,23.260000228881836
2021-03-24,21.8799991607666
2021-03-25,22.579999923706055
2021-03-26,22.579999923706055
2021-03-29,21.729999542236328
2021-03-30,22.040000915527344
2021-03-31,23.290000915527344
2021-04-01,23.06999969482422
2021-04-05,23.440000534057617
2021-04-06,23.270000457763672
2021-04-07,22.899999618530273
2021-04-08,23.40999984741211
2021-04-09,24.040000915527344
2021-04-12,23.34000015258789
2021-04-13,25.420000076293945
2021-04-14,23.700000762939453
2021-04-15,23.149999618530273
2021-04-16,22.469999313354492
2021-04-19,21.940000534057617
2021-04-20,21.780000686645508
2021-04-21,22.6299991607666
2021-04-22,22.860000610351562
2021-04-23,23.40999984741211
2021-04-26,24.110000610351562
2021-04-27,23.8799991607666
2021-04-28,23.850000381469727
2021-04-29,23.3700008392334
2021-04-30,23.040000915527344
2021-05-03,22.299999237060547
2021-05-04,21.639999389648438
2021-05-05,21.149999618530273
2021-05-06,20.09000015258789
2021-05-07,19.75
2021-05-10,18.469999313354492
2021-05-11,20.209999084472656
2021-05-12,18.889999389648438
2021-05-13,18.3700008392334
2021-05-14,20.079999923706055
2021-05-17,20.459999084472656
2021-05-18,21.239999771118164
2021-05-19,20.670000076293945
2021-05-20,20.610000610351562
2021-05-21,20.75
2021-05-24,21.219999313354492
2021-05-25,21.479999542236328
2021-05-26,22.1200008392334
2021-05-27,22.700000762939453
2021-05-28,22.950000762939453
2021-06-01,23.059999465942383
2021-06-02,24.450000762939453
2021-06-03,23.6299991607666
2021-06-04,24.030000686645508
2021-06-07,24.459999084472656
2021-06-08,24.3799991607666
2021-06-09,24.170000076293945
2021-06-10,24.139999389648438
2021-06-11,24.670000076293945
2021-06-14,25.0
2021-06-15,24.40999984741211
2021-06-16,24.799999237060547
2021-06-17,25.450000762939453
2021-06-18,25.3700008392334
2021-06-21,25.420000076293945
2021-06-22,25.399999618530273
2021-06-23,26.270000457763672
2021-06-24,26.530000686645508
2021-06-25,26.780000686645508
2021-06-28,27.3799991607666
2021-06-29,26.6299991607666
2021-06-30,26.360000610351562
2021-07-01,24.719999313354492
2021-07-02,24.440000534057617
2021-07-06,24.68000030517578
2021-07-07,22.889999389648438
2021-07-08,23.079999923706055
2021-07-09,23.290000915527344
2021-07-12,22.950000762939453
2021-07-13,22.450000762939453
2021-07-14,21.559999465942383
2021-07-15,21.469999313354492
2021-07-16,21.3700008392334
2021-07-19,21.540000915527344
2021-07-20,22.18000030517578
2021-07-21,22.520000457763672
2021-07-22,22.06999969482422
2021-07-23,21.809999465942383
2021-07-26,22.1299991607666
2021-07-27,21.68000030517578
2021-07-28,22.559999465942383
2021-07-29,22.18000030517578
2021-07-30,21.709999084472656
2021-08-02,22.100000381469727
2021-08-03,22.239999771118164
2021-08-04,22.299999237060547
2021-08-05,22.520000457763672
2021-08-06,21.81999969482422
2021-08-09,22.93000030517578
2021-08-10,22.920000076293945
2021-08-11,22.350000381469727
2021-08-12,24.889999389648438
2021-08-13,24.899999618530273
2021-08-16,24.5
2021-08-17,23.969999313354492
2021-08-18,25.280000686645508
2021-08-19,24.15999984741211
2021-08-20,24.010000228881836
2021-08-23,24.81999969482422
2021-08-24,25.100000381469727
2021-08-25,24.350000381469727
2021-08-26,24.8700008392334
2021-08-27,25.709999084472656
2021-08-30,25.760000228881836
2021-08-31,26.34000015258789
2021-09-01,26.200000762939453
2021-09-02,26.510000228881836
2021-09-03,26.639999389648438
2021-09-07,26.700000762939453
2021-09-08,25.579999923706055
2021-09-09,26.1299991607666
2021-09-10,26.280000686645508
2021-09-13,25.829999923706055
2021-09-14,26.260000228881836
2021-09-15,27.079999923706055
2021-09-16,28.6299991607666
2021-09-17,28.709999084472656
2021-09-20,26.549999237060547
2021-09-21,26.6200008392334
2021-09-22,27.43000030517578
2021-09-23,28.770000457763672
2021-09-24,28.559999465942383
2021-09-27,27.469999313354492
2021-09-28,25.34000015258789
2021-09-29,24.520000457763672
2021-09-30,24.040000915527344
2021-10-01,24.329999923706055
2021-10-04,23.170000076293945
2021-10-05,23.209999084472656
2021-10-06,23.579999923706055
2021-10-07,23.729999542236328
2021-10-08,23.5
2021-10-11,23.530000686645508
2021-10-12,23.690000534057617
2021-10-13,24.1299991607666
2021-10-14,24.350000381469727
2021-10-15,24.0
2021-10-18,24.260000228881836
2021-10-19,24.690000534057617
2021-10-20,24.219999313354492
2021-10-21,24.780000686645508
2021-10-22,24.43000030517578
2021-10-25,25.40999984741211
2021-10-26,25.520000457763672
2021-10-27,25.059999465942383
2021-10-28,25.639999389648438
2021-10-29,25.8799991607666
2021-11-01,26.559999465942383
2021-11-02,25.920000076293945
2021-11-03,26.1200008392334
2021-11-04,26.469999313354492
2021-11-05,26.0
2021-11-08,26.75
2021-11-09,24.25
2021-11-10,22.520000457763672
2021-11-11,22.989999771118164
2021-11-12,22.829999923706055
2021-11-15,23.40999984741211
2021-11-16,23.1299991607666
2021-11-17,22.489999771118164
2021-11-18,21.5
2021-11-19,21.40999984741211
2021-11-22,20.649999618530273
2021-11-23,20.59000015258789
2021-11-24,21.110000610351562
2021-11-26,21.030000686645508
2021-11-29,21.06999969482422
2021-11-30,20.649999618530273
2021-12-01,19.3799991607666
2021-12-02,19.690000534057617
2021-12-03,18.979999542236328
2021-12-06,18.799999237060547
2021-12-07,19.459999084472656
2021-12-08,19.81999969482422
2021-12-09,19.209999084472656
2021-12-10,18.940000534057617
2021-12-13,18.399999618530273
2021-12-14,18.639999389648438
2021-12-15,18.860000610351562
2021-12-16,18.34000015258789
2021-12-17,19.059999465942383
2021-12-20,17.959999084472656
2021-12-21,18.899999618530273
2021-12-22,18.8799991607666
2021-12-23,18.93000030517578
2021-12-27,18.940000534057617
2021-12-28,18.56999969482422
2021-12-29,18.170000076293945
2021-12-30,18.690000534057617
2021-12-31,18.209999084472656
2022-01-03,18.530000686645508
2022-01-04,18.170000076293945
2022-01-05,16.959999084472656
2022-01-06,16.739999771118164
2022-01-07,16.559999465942383
2022-01-10,16.5
2022-01-11,16.889999389648438
2022-01-12,16.719999313354492
2022-01-13,16.010000228881836
2022-01-14,16.010000228881836
2022-01-18,14.970000267028809
2022-01-19,14.5600004196167
2022-01-20,14.619999885559082
2022-01-21,13.529999732971191
2022-01-24,13.399999618530273
2022-01-25,13.0600004196167
2022-01-26,12.75
2022-01-27,12.279999732971191
2022-01-28,12.710000038146973
2022-01-31,13.710000038146973
2022-02-01,14.199999809265137
2022-02-02,13.319999694824219
2022-02-03,12.449999809265137
2022-02-04,12.9399995803833
2022-02-07,12.979999542236328
2022-02-08,13.149999618530273
2022-02-09,13.869999885559082
2022-02-10,13.5600004196167
2022-02-11,13.130000114440918
2022-02-14,13.260000228881836
2022-02-15,14.170000076293945
2022-02-16,13.970000267028809
2022-02-17,11.770000457763672
2022-02-18,11.020000457763672
2022-02-22,10.479999542236328
2022-02-23,10.430000305175781
2022-02-24,11.829999923706055
2022-02-25,11.470000267028809
2022-02-28,11.850000381469727
2022-03-01,12.180000305175781
2022-03-02,12.0600004196167
2022-03-03,11.34000015258789
2022-03-04,10.960000038146973
2022-03-07,11.109999656677246
2022-03-08,11.039999961853027
2022-03-09,11.649999618530273
2022-03-10,11.869999885559082
2022-03-11,11.390000343322754
2022-03-14,10.5
2022-03-15,10.770000457763672
2022-03-16,11.789999961853027
2022-03-17,12.319999694824219
2022-03-18,12.819999694824219
2022-03-21,12.59000015258789
2022-03-22,13.270000457763672
2022-03-23,13.180000305175781
2022-03-24,13.390000343322754
2022-03-25,12.970000267028809
2022-03-28,13.420000076293945
2022-03-29,14.199999809265137
2022-03-30,13.880000114440918
2022-03-31,13.729999542236328
2022-04-01,13.829999923706055
2022-04-04,14.630000114440918
2022-04-05,13.890000343322754
2022-04-06,13.0
2022-04-07,12.84000015258789
2022-04-08,12.699999809265137
2022-04-11,12.65999984741211
2022-04-12,12.460000038146973
2022-04-13,12.899999618530273
2022-04-14,12.420000076293945
2022-04-18,12.149999618530273
2022-04-19,12.90999984741211
2022-04-20,12.789999961853027
2022-04-21,12.329999923706055
2022-04-22,11.960000038146973
2022-04-25,12.109999656677246
2022-04-26,11.119999885559082
2022-04-27,10.5600004196167
2022-04-28,10.949999809265137
2022-04-29,10.399999618530273
2022-05-02,10.739999771118164
2022-05-03,10.550000190734863
2022-05-04,10.979999542236328
2022-05-05,10.119999885559082
2022-05-06,9.479999542236328
2022-05-09,7.460000038146973
2022-05-10,7.289999961853027
2022-05-11,6.710000038146973
2022-05-12,7.340000152587891
2022-05-13,8.34000015258789
2022-05-16,8.039999961853027
2022-05-17,8.359999656677246
2022-05-18,8.010000228881836
2022-05-19,8.3100004196167
2022-05-20,8.079999923706055
2022-05-23,8.010000228881836
2022-05-24,7.550000190734863
2022-05-25,7.960000038146973
2022-05-26,8.359999656677246
2022-05-27,8.850000381469727
2022-05-31,8.680000305175781
2022-06-01,8.460000038146973
2022-06-02,9.300000190734863
2022-06-03,8.9399995803833
2022-06-06,8.979999542236328
2022-06-07,9.130000114440918
2022-06-08,9.180000305175781
2022-06-09,8.680000305175781
2022-06-10,8.260000228881836
2022-06-13,7.639999866485596
2022-06-14,7.820000171661377
2022-06-15,8.119999885559082
2022-06-16,7.670000076293945
2022-06-17,8.239999771118164
2022-06-21,8.710000038146973
2022-06-22,9.010000228881836
2022-06-23,9.460000038146973
2022-06-24,10.1899995803833
2022-06-27,9.619999885559082
2022-06-28,9.3100004196167
2022-06-29,9.229999542236328
2022-06-30,9.069999694824219
2022-07-01,9.270000457763672
2022-07-05,10.069999694824219
2022-07-06,9.800000190734863
2022-07-07,10.180000305175781
2022-07-08,10.170000076293945
2022-07-11,9.5600004196167
2022-07-12,9.489999771118164
2022-07-13,9.279999732971191
2022-07-14,8.899999618530273
2022-07-15,9.039999961853027
2022-07-18,9.029999732971191
2022-07-19,9.34000015258789
2022-07-20,10.109999656677246
2022-07-21,10.489999771118164
2022-07-22,9.84000015258789
2022-07-25,9.680000305175781
2022-07-26,9.399999618530273
2022-07-27,10.020000457763672
2022-07-28,10.130000114440918
2022-07-29,10.350000381469727
2022-08-01,10.470000267028809
2022-08-02,10.920000076293945
2022-08-03,11.199999809265137
2022-08-04,11.319999694824219
2022-08-05,11.449999809265137
2022-08-08,9.819999694824219
2022-08-09,9.25
2022-08-10,9.59000015258789
2022-08-11,9.420000076293945
2022-08-12,9.90999984741211
2022-08-15,9.90999984741211
2022-08-16,9.739999771118164
2022-08-17,9.430000305175781
2022-08-18,9.149999618530273
2022-08-19,8.510000228881836
2022-08-22,8.069999694824219
2022-08-23,8.010000228881836
2022-08-24,8.100000381469727
2022-08-25,8.420000076293945
2022-08-26,7.940000057220459
2022-08-29,7.809999942779541
2022-08-30,7.789999961853027
2022-08-31,7.71999979019165
2022-09-01,7.489999771118164
2022-09-02,7.400000095367432
2022-09-06,7.28000020980835
2022-09-07,7.389999866485596
2022-09-08,7.53000020980835
2022-09-09,7.789999961853027
2022-09-12,8.010000228881836
2022-09-13,7.480000019073486
2022-09-14,7.630000114440918
2022-09-15,8.010000228881836
2022-09-16,7.78000020980835
2022-09-19,7.860000133514404
2022-09-20,7.619999885559082
2022-09-21,7.690000057220459
2022-09-22,7.369999885559082
2022-09-23,7.400000095367432
2022-09-26,7.53000020980835
2022-09-27,7.630000114440918
2022-09-28,7.940000057220459
2022-09-29,8.079999923706055
2022-09-30,8.130000114440918
2022-10-03,8.239999771118164
2022-10-04,8.460000038146973
2022-10-05,8.420000076293945
2022-10-06,8.470000267028809
2022-10-07,8.149999618530273
2022-10-10,8.0600004196167
2022-10-11,8.039999961853027
2022-10-12,8.069999694824219
2022-10-13,8.079999923706055
2022-10-14,7.53000020980835
2022-10-17,7.940000057220459
2022-10-18,8.15999984741211
2022-10-19,7.909999847412109
2022-10-20,8.039999961853027
2022-10-21,8.289999961853027
2022-10-24,8.270000457763672
2022-10-25,8.65999984741211
2022-10-26,8.569999694824219
2022-10-27,8.600000381469727
2022-10-28,8.640000343322754
2022-10-31,8.789999961853027
2022-11-01,8.649999618530273
2022-11-02,8.220000267028809
2022-11-03,8.079999923706055
2022-11-04,7.929999828338623
2022-11-07,7.019999980926514
2022-11-08,7.210000038146973
2022-11-09,6.980000019073486
2022-11-10,7.639999866485596
2022-11-11,8.40999984741211
2022-11-14,8.100000381469727
2022-11-15,8.34000015258789
2022-11-16,8.0600004196167
2022-11-17,7.619999885559082
2022-11-18,7.389999866485596
2022-11-21,7.190000057220459
2022-11-22,7.21999979019165
2022-11-23,7.369999885559082
2022-11-25,7.28000020980835
2022-11-28,7.159999847412109
2022-11-29,7.079999923706055
2022-11-30,7.5
2022-12-01,7.860000133514404
2022-12-02,7.659999847412109
2022-12-05,7.190000057220459
2022-12-06,6.989999771118164
2022-12-07,7.070000171661377
2022-12-08,7.119999885559082
2022-12-09,7.110000133514404
2022-12-12,7.289999961853027
2022-12-13,7.5
2022-12-14,7.349999904632568
2022-12-15,7.010000228881836
2022-12-16,6.900000095367432
2022-12-19,6.349999904632568
2022-12-20,6.309999942779541
2022-12-21,6.5
2022-12-22,6.320000171661377
2022-12-23,6.289999961853027
2022-12-27,6.0
2022-12-28,6.070000171661377
2022-12-29,6.400000095367432
2022-12-30,6.420000076293945
2023-01-03,6.389999866485596
2023-01-04,6.579999923706055
2023-01-05,6.320000171661377
2023-01-06,6.400000095367432
2023-01-09,6.5
2023-01-10,6.699999809265137
2023-01-11,6.980000019073486
2023-01-12,7.010000228881836
2023-01-13,6.960000038146973
2023-01-17,7.070000171661377
2023-01-18,6.900000095367432
2023-01-19,6.730000019073486
2023-01-20,7.019999980926514
2023-01-23,7.380000114440918
2023-01-24,7.019999980926514
2023-01-25,7.21999979019165
2023-01-26,7.239999771118164
2023-01-27,7.550000190734863
2023-01-30,7.369999885559082
2023-01-31,7.78000020980835
2023-02-01,8.199999809265137
2023-02-02,8.989999771118164
2023-02-03,8.40999984741211
2023-02-06,8.3100004196167
2023-02-07,8.329999923706055
2023-02-08,8.220000267028809
2023-02-09,7.949999809265137
2023-02-10,7.510000228881836
2023-02-13,7.610000133514404
2023-02-14,9.220000267028809
2023-02-15,10.109999656677246
2023-02-16,9.710000038146973
2023-02-17,9.199999809265137
2023-02-21,8.470000267028809
2023-02-22,8.359999656677246
2023-02-23,8.170000076293945
2023-02-24,8.09000015258789
2023-02-27,8.029999732971191
2023-02-28,7.840000152587891
2023-03-01,7.690000057220459
2023-03-02,7.96999979019165
2023-03-03,8.329999923706055
2023-03-06,8.279999732971191
2023-03-07,8.279999732971191
2023-03-08,8.130000114440918
2023-03-09,7.690000057220459
2023-03-10,7.349999904632568
2023-03-13,7.869999885559082
2023-03-14,7.889999866485596
2023-03-15,7.900000095367432
2023-03-16,7.980000019073486
2023-03-17,7.880000114440918
2023-03-20,8.079999923706055
2023-03-21,8.449999809265137
2023-03-22,8.210000038146973
2023-03-23,8.329999923706055
2023-03-24,8.199999809265137
2023-03-27,8.039999961853027
2023-03-28,8.0
2023-03-29,8.220000267028809
2023-03-30,8.149999618530273
2023-03-31,8.449999809265137
2023-04-03,8.380000114440918
2023-04-04,8.350000381469727
2023-04-05,7.980000019073486
2023-04-06,8.09000015258789
2023-04-10,8.390000343322754
2023-04-11,8.609999656677246
2023-04-12,8.329999923706055
2023-04-13,8.579999923706055
2023-04-14,8.8100004196167
2023-04-17,8.800000190734863
2023-04-18,8.729999542236328
2023-04-19,8.489999771118164
2023-04-20,8.149999618530273
2023-04-21,8.180000305175781
2023-04-24,8.100000381469727
2023-04-25,7.739999771118164
2023-04-26,7.739999771118164
2023-04-27,7.820000171661377
2023-04-28,7.75
2023-05-01,7.78000020980835
2023-05-02,7.590000152587891
2023-05-03,7.559999942779541
2023-05-04,7.380000114440918
2023-05-05,7.409999847412109
2023-05-08,7.739999771118164
2023-05-09,9.550000190734863
2023-05-10,9.9399995803833
2023-05-11,9.880000114440918
2023-05-12,9.5
2023-05-15,9.520000457763672
2023-05-16,9.470000267028809
2023-05-17,10.25
2023-05-18,11.739999771118164
2023-05-19,11.710000038146973
2023-05-22,11.84000015258789
2023-05-23,12.640000343322754
2023-05-24,12.229999542236328
2023-05-25,12.84000015258789
2023-05-26,13.649999618530273
2023-05-30,14.710000038146973
2023-05-31,14.710000038146973
2023-06-01,14.539999961853027
2023-06-02,14.520000457763672
2023-06-05,15.239999771118164
2023-06-06,15.460000038146973
2023-06-07,14.6899995803833
2023-06-08,15.1899995803833
2023-06-09,15.020000457763672
2023-06-12,15.649999618530273
2023-06-13,16.0
2023-06-14,15.90999984741211
2023-06-15,16.600000381469727
2023-06-16,16.299999237060547
2023-06-20,15.789999961853027
2023-06-21,14.640000343322754
2023-06-22,14.050000190734863
2023-06-23,14.029999732971191
2023-06-26,13.9399995803833
2023-06-27,14.609999656677246
2023-06-28,15.279999732971191
2023-06-29,15.199999809265137
2023-06-30,15.329999923706055
2023-07-03,15.520000457763672
2023-07-05,15.699999809265137
2023-07-06,15.130000114440918
2023-07-07,15.34000015258789
2023-07-10,16.299999237060547
2023-07-11,16.489999771118164
2023-07-12,16.59000015258789
2023-07-13,16.739999771118164
2023-07-14,16.399999618530273
2023-07-17,17.399999618530273
2023-07-18,18.079999923706055
2023-07-19,18.049999237060547
2023-07-20,17.1299991607666
2023-07-21,16.43000030517578
2023-07-24,16.31999969482422
2023-07-25,16.549999237060547
2023-07-26,16.43000030517578
2023-07-27,16.149999618530273
2023-07-28,17.809999465942383
2023-07-31,19.84000015258789
2023-08-01,19.989999771118164
2023-08-02,18.969999313354492
2023-08-03,18.709999084472656
2023-08-04,18.200000762939453
2023-08-07,17.989999771118164
2023-08-08,17.040000915527344
2023-08-09,15.25
2023-08-10,15.40999984741211
2023-08-11,15.40999984741211
2023-08-14,15.720000267028809
2023-08-15,15.369999885559082
2023-08-16,15.449999809265137
2023-08-17,14.149999618530273
2023-08-18,14.399999618530273
2023-08-21,14.5
2023-08-22,14.670000076293945
2023-08-23,15.300000190734863
2023-08-24,14.140000343322754
2023-08-25,14.529999732971191
2023-08-28,14.640000343322754
2023-08-29,15.399999618530273
2023-08-30,16.329999923706055
2023-08-31,14.979999542236328
2023-09-01,15.180000305175781
2023-09-05,15.210000038146973
2023-09-06,15.300000190734863
2023-09-07,15.210000038146973
2023-09-08,15.130000114440918
2023-09-11,15.789999961853027
2023-09-12,15.59000015258789
2023-09-13,15.600000381469727
2023-09-14,15.829999923706055
2023-09-15,15.329999923706055
2023-09-18,15.460000038146973
2023-09-19,15.149999618530273
2023-09-20,14.739999771118164
2023-09-21,14.0
2023-09-22,14.130000114440918
2023-09-25,14.220000267028809
2023-09-26,13.960000038146973
2023-09-27,14.850000381469727
2023-09-28,15.770000457763672
2023-09-29,16.0
2023-10-02,15.880000114440918
2023-10-03,14.899999618530273
2023-10-04,15.729999542236328
2023-10-05,15.8100004196167
2023-10-06,16.610000610351562
2023-10-09,17.610000610351562
2023-10-10,17.799999237060547
2023-10-11,17.920000076293945
2023-10-12,17.940000534057617
2023-10-13,17.360000610351562
2023-10-16,17.360000610351562
2023-10-17,17.84000015258789
2023-10-18,17.200000762939453
2023-10-19,17.059999465942383
2023-10-20,16.110000610351562
2023-10-23,16.200000762939453
2023-10-24,16.639999389648438
2023-10-25,15.59000015258789
2023-10-26,15.289999961853027
2023-10-27,15.069999694824219
2023-10-30,14.6899995803833
2023-10-31,14.800000190734863
2023-11-01,14.920000076293945
2023-11-02,17.969999313354492
2023-11-03,18.889999389648438
2023-11-06,18.540000915527344
2023-11-07,18.799999237060547
2023-11-08,18.489999771118164
2023-11-09,18.270000457763672
2023-11-10,19.670000076293945
2023-11-13,19.709999084472656
2023-11-14,19.940000534057617
2023-11-15,19.950000762939453
2023-11-16,19.770000457763672
2023-11-17,20.489999771118164
2023-11-20,21.34000015258789
2023-11-21,19.799999237060547
2023-11-22,19.690000534057617
2023-11-24,19.200000762939453
2023-11-27,19.079999923706055
2023-11-28,19.709999084472656
2023-11-29,19.84000015258789
2023-11-30,20.049999237060547
2023-12-01,20.270000457763672
2023-12-04,18.399999618530273
2023-12-05,18.299999237060547
2023-12-06,17.1299991607666
2023-12-07,17.219999313354492
2023-12-08,17.770000457763672
2023-12-11,17.770000457763672
2023-12-12,17.5
2023-12-13,17.8700008392334
2023-12-14,18.209999084472656
2023-12-15,18.200000762939453
2023-12-18,17.84000015258789
2023-12-19,17.950000762939453
2023-12-20,17.25
2023-12-21,17.59000015258789
2023-12-22,17.40999984741211
2023-12-26,17.68000030517578
2023-12-27,17.469999313354492
2023-12-28,17.559999465942383
2023-12-29,17.170000076293945
2024-01-02,16.579999923706055
2024-01-03,16.09000015258789
2024-01-04,16.25
2024-01-05,15.979999542236328
2024-01-08,16.670000076293945
2024-01-09,16.389999389648438
2024-01-10,16.790000915527344
2024-01-11,16.68000030517578
2024-01-12,16.760000228881836
2024-01-16,16.530000686645508
2024-01-17,16.389999389648438
2024-01-18,16.399999618530273
2024-01-19,16.780000686645508
2024-01-22,17.600000381469727
2024-01-23,17.329999923706055
2024-01-24,16.75
2024-01-25,16.459999084472656
2024-01-26,16.350000381469727
2024-01-29,17.09000015258789
2024-01-30,16.739999771118164
2024-01-31,16.09000015258789
2024-02-01,16.329999923706055
2024-02-02,17.020000457763672
2024-02-05,16.719999313354492
2024-02-06,21.8700008392334
2024-02-07,23.600000381469727
2024-02-08,24.510000228881836
2024-02-09,24.3799991607666
2024-02-12,25.049999237060547
2024-02-13,24.010000228881836
2024-02-14,25.190000534057617
2024-02-15,25.40999984741211
2024-02-16,24.440000534057617
2024-02-20,23.399999618530273
2024-02-21,22.739999771118164
2024-02-22,23.59000015258789
2024-02-23,22.969999313354492
2024-02-26,23.559999465942383
2024-02-27,24.530000686645508
2024-02-28,24.420000076293945
2024-02-29,25.079999923706055
2024-03-01,24.93000030517578
2024-03-04,24.040000915527344
2024-03-05,23.809999465942383
2024-03-06,26.15999984741211
2024-03-07,26.459999084472656
2024-03-08,26.040000915527344
2024-03-11,25.350000381469727
2024-03-12,24.700000762939453
2024-03-13,25.0
2024-03-14,24.43000030517578
2024-03-15,23.489999771118164
2024-03-18,24.0
2024-03-19,23.799999237060547
2024-03-20,24.56999969482422
2024-03-21,24.489999771118164
2024-03-22,24.18000030517578
2024-03-25,24.510000228881836
2024-03-26,24.889999389648438
2024-03-27,24.510000228881836
2024-03-28,23.010000228881836
2024-04-01,22.860000610351562
2024-04-02,22.719999313354492
2024-04-03,22.700000762939453
2024-04-04,22.479999542236328
2024-04-05,22.959999084472656
2024-04-08,23.0
2024-04-09,22.809999465942383
2024-04-10,22.420000076293945
2024-04-11,22.84000015258789
2024-04-12,22.670000076293945
2024-04-15,21.899999618530273
2024-04-16,21.8799991607666
2024-04-17,21.309999465942383
2024-04-18,21.1299991607666
2024-04-19,20.469999313354492
2024-04-22,20.969999313354492
2024-04-23,21.639999389648438
2024-04-24,21.59000015258789
2024-04-25,21.709999084472656
2024-04-26,22.520000457763672
2024-04-29,22.829999923706055
2024-04-30,21.969999313354492
2024-05-01,22.1200008392334
2024-05-02,22.549999237060547
2024-05-03,23.329999923706055
2024-05-06,25.209999084472656
2024-05-07,21.399999618530273
2024-05-08,21.559999465942383
2024-05-09,21.139999389648438
2024-05-10,20.600000381469727
2024-05-13,20.940000534057617
2024-05-14,21.440000534057617
2024-05-15,21.670000076293945
2024-05-16,21.649999618530273
2024-05-17,21.760000228881836
2024-05-20,21.6200008392334
2024-05-21,21.239999771118164
2024-05-22,21.170000076293945
2024-05-23,20.719999313354492
2024-05-24,21.010000228881836
2024-05-28,21.049999237060547
2024-05-29,20.940000534057617
2024-05-30,21.729999542236328
2024-05-31,21.68000030517578
2024-06-03,21.31999969482422
2024-06-04,22.100000381469727
2024-06-05,22.959999084472656
2024-06-06,23.790000915527344
2024-06-07,23.309999465942383
2024-06-10,23.1299991607666
2024-06-11,23.850000381469727
2024-06-12,23.770000457763672
2024-06-13,23.270000457763672
2024-06-14,23.56999969482422
2024-06-17,25.020000457763672
2024-06-18,25.81999969482422
2024-06-20,25.559999465942383
2024-06-21,23.84000015258789
2024-06-24,24.15999984741211
2024-06-25,24.559999465942383
2024-06-26,24.100000381469727
2024-06-27,25.219999313354492
2024-06-28,25.329999923706055
2024-07-01,25.8799991607666
2024-07-02,25.829999923706055
2024-07-03,25.850000381469727
2024-07-05,27.229999542236328
2024-07-08,27.700000762939453
2024-07-09,27.389999389648438
2024-07-10,28.420000076293945
2024-07-11,27.639999389648438
2024-07-12,28.06999969482422
2024-07-15,28.670000076293945
2024-07-16,28.670000076293945
2024-07-17,28.219999313354492
2024-07-18,28.639999389648438
2024-07-19,28.579999923706055
2024-07-22,28.459999084472656
2024-07-23,28.809999465942383
2024-07-24,26.600000381469727
2024-07-25,26.6299991607666
2024-07-26,27.18000030517578
2024-07-29,27.079999923706055
2024-07-30,26.3700008392334
2024-07-31,26.889999389648438
2024-08-01,26.079999923706055
2024-08-02,24.739999771118164
2024-08-05,24.09000015258789
2024-08-06,26.59000015258789
2024-08-07,26.31999969482422
2024-08-08,29.280000686645508
2024-08-09,30.010000228881836
2024-08-12,29.3799991607666
2024-08-13,30.389999389648438
2024-08-14,31.0
2024-08-15,31.219999313354492
2024-08-16,32.08000183105469
2024-08-19,32.5
2024-08-20,32.31999969482422
2024-08-21,32.540000915527344
2024-08-22,31.920000076293945
2024-08-23,31.780000686645508
2024-08-26,30.850000381469727
2024-08-27,30.84000015258789
2024-08-28,30.360000610351562
2024-08-29,31.0
2024-08-30,31.479999542236328
2024-09-03,30.510000228881836
2024-09-04,30.59000015258789
2024-09-05,30.15999984741211
2024-09-06,30.329999923706055
2024-09-09,34.599998474121094
2024-09-10,34.7599983215332
2024-09-11,34.849998474121094
2024-09-12,34.90999984741211
2024-09-13,35.59000015258789
2024-09-16,36.310001373291016
2024-09-17,36.45000076293945
2024-09-18,36.380001068115234
2024-09-19,36.83000183105469
2024-09-20,37.20000076293945
2024-09-23,37.95000076293945
2024-09-24,36.900001525878906
2024-09-25,37.119998931884766
2024-09-26,37.099998474121094
2024-09-27,36.84000015258789
2024-09-30,37.20000076293945
2024-10-01,36.459999084472656
2024-10-02,37.4900016784668
2024-10-03,39.2400016784668
2024-10-04,40.0099983215332
2024-10-07,38.88999938964844
2024-10-08,41.45000076293945
2024-10-09,43.130001068115234
2024-10-10,43.52000045776367
2024-10-11,43.5099983215332
2024-10-14,43.400001525878906
2024-10-15,42.43000030517578
2024-10-16,41.93000030517578
2024-10-17,42.0
2024-10-18,42.970001220703125
2024-10-21,42.70000076293945
2024-10-22,42.939998626708984
2024-10-23,42.59000015258789
2024-10-24,43.560001373291016
2024-10-25,44.86000061035156
2024-10-28,44.970001220703125
2024-10-29,44.93000030517578
2024-10-30,43.689998626708984
2024-10-31,41.560001373291016
2024-11-01,41.91999816894531
2024-11-04,41.40999984741211
2024-11-05,51.130001068115234
2024-11-06,55.529998779296875
2024-11-07,55.880001068115234
2024-11-08,58.38999938964844
2024-11-11,60.2400016784668
2024-11-12,59.849998474121094
2024-11-13,60.70000076293945
2024-11-14,59.18000030517578
2024-11-15,65.7699966430664
2024-11-18,61.2599983215332
2024-11-19,62.97999954223633
2024-11-20,62.119998931884766
2024-11-21,61.36000061035156
2024-11-22,64.3499984741211
2024-11-25,64.6500015258789
2024-11-26,65.73999786376953
2024-11-27,66.05000305175781
2024-11-29,67.08000183105469
2024-12-02,66.38999938964844
2024-12-03,70.95999908447266
2024-12-04,69.8499984741211
2024-12-05,71.87000274658203
2024-12-06,76.33999633789062
2024-12-09,72.45999908447266
2024-12-10,70.88999938964844
2024-12-11,72.51000213623047
2024-12-12,73.19999694824219
2024-12-13,76.06999969482422
2024-12-16,75.75
2024-12-17,74.38999938964844
2024-12-18,71.51000213623047
2024-12-19,74.20999908447266
2024-12-20,80.55000305175781
2024-12-23,80.69000244140625
2024-12-24,82.37999725341797
2024-12-26,82.13999938964844
2024-12-27,79.08000183105469
2024-12-30,77.18000030517578
2024-12-31,75.62999725341797
