Date,SYF
2010-01-04,
2010-01-05,
2010-01-06,
2010-01-07,
2010-01-08,
2010-01-11,
2010-01-12,
2010-01-13,
2010-01-14,
2010-01-15,
2010-01-19,
2010-01-20,
2010-01-21,
2010-01-22,
2010-01-25,
2010-01-26,
2010-01-27,
2010-01-28,
2010-01-29,
2010-02-01,
2010-02-02,
2010-02-03,
2010-02-04,
2010-02-05,
2010-02-08,
2010-02-09,
2010-02-10,
2010-02-11,
2010-02-12,
2010-02-16,
2010-02-17,
2010-02-18,
2010-02-19,
2010-02-22,
2010-02-23,
2010-02-24,
2010-02-25,
2010-02-26,
2010-03-01,
2010-03-02,
2010-03-03,
2010-03-04,
2010-03-05,
2010-03-08,
2010-03-09,
2010-03-10,
2010-03-11,
2010-03-12,
2010-03-15,
2010-03-16,
2010-03-17,
2010-03-18,
2010-03-19,
2010-03-22,
2010-03-23,
2010-03-24,
2010-03-25,
2010-03-26,
2010-03-29,
2010-03-30,
2010-03-31,
2010-04-01,
2010-04-05,
2010-04-06,
2010-04-07,
2010-04-08,
2010-04-09,
2010-04-12,
2010-04-13,
2010-04-14,
2010-04-15,
2010-04-16,
2010-04-19,
2010-04-20,
2010-04-21,
2010-04-22,
2010-04-23,
2010-04-26,
2010-04-27,
2010-04-28,
2010-04-29,
2010-04-30,
2010-05-03,
2010-05-04,
2010-05-05,
2010-05-06,
2010-05-07,
2010-05-10,
2010-05-11,
2010-05-12,
2010-05-13,
2010-05-14,
2010-05-17,
2010-05-18,
2010-05-19,
2010-05-20,
2010-05-21,
2010-05-24,
2010-05-25,
2010-05-26,
2010-05-27,
2010-05-28,
2010-06-01,
2010-06-02,
2010-06-03,
2010-06-04,
2010-06-07,
2010-06-08,
2010-06-09,
2010-06-10,
2010-06-11,
2010-06-14,
2010-06-15,
2010-06-16,
2010-06-17,
2010-06-18,
2010-06-21,
2010-06-22,
2010-06-23,
2010-06-24,
2010-06-25,
2010-06-28,
2010-06-29,
2010-06-30,
2010-07-01,
2010-07-02,
2010-07-06,
2010-07-07,
2010-07-08,
2010-07-09,
2010-07-12,
2010-07-13,
2010-07-14,
2010-07-15,
2010-07-16,
2010-07-19,
2010-07-20,
2010-07-21,
2010-07-22,
2010-07-23,
2010-07-26,
2010-07-27,
2010-07-28,
2010-07-29,
2010-07-30,
2010-08-02,
2010-08-03,
2010-08-04,
2010-08-05,
2010-08-06,
2010-08-09,
2010-08-10,
2010-08-11,
2010-08-12,
2010-08-13,
2010-08-16,
2010-08-17,
2010-08-18,
2010-08-19,
2010-08-20,
2010-08-23,
2010-08-24,
2010-08-25,
2010-08-26,
2010-08-27,
2010-08-30,
2010-08-31,
2010-09-01,
2010-09-02,
2010-09-03,
2010-09-07,
2010-09-08,
2010-09-09,
2010-09-10,
2010-09-13,
2010-09-14,
2010-09-15,
2010-09-16,
2010-09-17,
2010-09-20,
2010-09-21,
2010-09-22,
2010-09-23,
2010-09-24,
2010-09-27,
2010-09-28,
2010-09-29,
2010-09-30,
2010-10-01,
2010-10-04,
2010-10-05,
2010-10-06,
2010-10-07,
2010-10-08,
2010-10-11,
2010-10-12,
2010-10-13,
2010-10-14,
2010-10-15,
2010-10-18,
2010-10-19,
2010-10-20,
2010-10-21,
2010-10-22,
2010-10-25,
2010-10-26,
2010-10-27,
2010-10-28,
2010-10-29,
2010-11-01,
2010-11-02,
2010-11-03,
2010-11-04,
2010-11-05,
2010-11-08,
2010-11-09,
2010-11-10,
2010-11-11,
2010-11-12,
2010-11-15,
2010-11-16,
2010-11-17,
2010-11-18,
2010-11-19,
2010-11-22,
2010-11-23,
2010-11-24,
2010-11-26,
2010-11-29,
2010-11-30,
2010-12-01,
2010-12-02,
2010-12-03,
2010-12-06,
2010-12-07,
2010-12-08,
2010-12-09,
2010-12-10,
2010-12-13,
2010-12-14,
2010-12-15,
2010-12-16,
2010-12-17,
2010-12-20,
2010-12-21,
2010-12-22,
2010-12-23,
2010-12-27,
2010-12-28,
2010-12-29,
2010-12-30,
2010-12-31,
2011-01-03,
2011-01-04,
2011-01-05,
2011-01-06,
2011-01-07,
2011-01-10,
2011-01-11,
2011-01-12,
2011-01-13,
2011-01-14,
2011-01-18,
2011-01-19,
2011-01-20,
2011-01-21,
2011-01-24,
2011-01-25,
2011-01-26,
2011-01-27,
2011-01-28,
2011-01-31,
2011-02-01,
2011-02-02,
2011-02-03,
2011-02-04,
2011-02-07,
2011-02-08,
2011-02-09,
2011-02-10,
2011-02-11,
2011-02-14,
2011-02-15,
2011-02-16,
2011-02-17,
2011-02-18,
2011-02-22,
2011-02-23,
2011-02-24,
2011-02-25,
2011-02-28,
2011-03-01,
2011-03-02,
2011-03-03,
2011-03-04,
2011-03-07,
2011-03-08,
2011-03-09,
2011-03-10,
2011-03-11,
2011-03-14,
2011-03-15,
2011-03-16,
2011-03-17,
2011-03-18,
2011-03-21,
2011-03-22,
2011-03-23,
2011-03-24,
2011-03-25,
2011-03-28,
2011-03-29,
2011-03-30,
2011-03-31,
2011-04-01,
2011-04-04,
2011-04-05,
2011-04-06,
2011-04-07,
2011-04-08,
2011-04-11,
2011-04-12,
2011-04-13,
2011-04-14,
2011-04-15,
2011-04-18,
2011-04-19,
2011-04-20,
2011-04-21,
2011-04-25,
2011-04-26,
2011-04-27,
2011-04-28,
2011-04-29,
2011-05-02,
2011-05-03,
2011-05-04,
2011-05-05,
2011-05-06,
2011-05-09,
2011-05-10,
2011-05-11,
2011-05-12,
2011-05-13,
2011-05-16,
2011-05-17,
2011-05-18,
2011-05-19,
2011-05-20,
2011-05-23,
2011-05-24,
2011-05-25,
2011-05-26,
2011-05-27,
2011-05-31,
2011-06-01,
2011-06-02,
2011-06-03,
2011-06-06,
2011-06-07,
2011-06-08,
2011-06-09,
2011-06-10,
2011-06-13,
2011-06-14,
2011-06-15,
2011-06-16,
2011-06-17,
2011-06-20,
2011-06-21,
2011-06-22,
2011-06-23,
2011-06-24,
2011-06-27,
2011-06-28,
2011-06-29,
2011-06-30,
2011-07-01,
2011-07-05,
2011-07-06,
2011-07-07,
2011-07-08,
2011-07-11,
2011-07-12,
2011-07-13,
2011-07-14,
2011-07-15,
2011-07-18,
2011-07-19,
2011-07-20,
2011-07-21,
2011-07-22,
2011-07-25,
2011-07-26,
2011-07-27,
2011-07-28,
2011-07-29,
2011-08-01,
2011-08-02,
2011-08-03,
2011-08-04,
2011-08-05,
2011-08-08,
2011-08-09,
2011-08-10,
2011-08-11,
2011-08-12,
2011-08-15,
2011-08-16,
2011-08-17,
2011-08-18,
2011-08-19,
2011-08-22,
2011-08-23,
2011-08-24,
2011-08-25,
2011-08-26,
2011-08-29,
2011-08-30,
2011-08-31,
2011-09-01,
2011-09-02,
2011-09-06,
2011-09-07,
2011-09-08,
2011-09-09,
2011-09-12,
2011-09-13,
2011-09-14,
2011-09-15,
2011-09-16,
2011-09-19,
2011-09-20,
2011-09-21,
2011-09-22,
2011-09-23,
2011-09-26,
2011-09-27,
2011-09-28,
2011-09-29,
2011-09-30,
2011-10-03,
2011-10-04,
2011-10-05,
2011-10-06,
2011-10-07,
2011-10-10,
2011-10-11,
2011-10-12,
2011-10-13,
2011-10-14,
2011-10-17,
2011-10-18,
2011-10-19,
2011-10-20,
2011-10-21,
2011-10-24,
2011-10-25,
2011-10-26,
2011-10-27,
2011-10-28,
2011-10-31,
2011-11-01,
2011-11-02,
2011-11-03,
2011-11-04,
2011-11-07,
2011-11-08,
2011-11-09,
2011-11-10,
2011-11-11,
2011-11-14,
2011-11-15,
2011-11-16,
2011-11-17,
2011-11-18,
2011-11-21,
2011-11-22,
2011-11-23,
2011-11-25,
2011-11-28,
2011-11-29,
2011-11-30,
2011-12-01,
2011-12-02,
2011-12-05,
2011-12-06,
2011-12-07,
2011-12-08,
2011-12-09,
2011-12-12,
2011-12-13,
2011-12-14,
2011-12-15,
2011-12-16,
2011-12-19,
2011-12-20,
2011-12-21,
2011-12-22,
2011-12-23,
2011-12-27,
2011-12-28,
2011-12-29,
2011-12-30,
2012-01-03,
2012-01-04,
2012-01-05,
2012-01-06,
2012-01-09,
2012-01-10,
2012-01-11,
2012-01-12,
2012-01-13,
2012-01-17,
2012-01-18,
2012-01-19,
2012-01-20,
2012-01-23,
2012-01-24,
2012-01-25,
2012-01-26,
2012-01-27,
2012-01-30,
2012-01-31,
2012-02-01,
2012-02-02,
2012-02-03,
2012-02-06,
2012-02-07,
2012-02-08,
2012-02-09,
2012-02-10,
2012-02-13,
2012-02-14,
2012-02-15,
2012-02-16,
2012-02-17,
2012-02-21,
2012-02-22,
2012-02-23,
2012-02-24,
2012-02-27,
2012-02-28,
2012-02-29,
2012-03-01,
2012-03-02,
2012-03-05,
2012-03-06,
2012-03-07,
2012-03-08,
2012-03-09,
2012-03-12,
2012-03-13,
2012-03-14,
2012-03-15,
2012-03-16,
2012-03-19,
2012-03-20,
2012-03-21,
2012-03-22,
2012-03-23,
2012-03-26,
2012-03-27,
2012-03-28,
2012-03-29,
2012-03-30,
2012-04-02,
2012-04-03,
2012-04-04,
2012-04-05,
2012-04-09,
2012-04-10,
2012-04-11,
2012-04-12,
2012-04-13,
2012-04-16,
2012-04-17,
2012-04-18,
2012-04-19,
2012-04-20,
2012-04-23,
2012-04-24,
2012-04-25,
2012-04-26,
2012-04-27,
2012-04-30,
2012-05-01,
2012-05-02,
2012-05-03,
2012-05-04,
2012-05-07,
2012-05-08,
2012-05-09,
2012-05-10,
2012-05-11,
2012-05-14,
2012-05-15,
2012-05-16,
2012-05-17,
2012-05-18,
2012-05-21,
2012-05-22,
2012-05-23,
2012-05-24,
2012-05-25,
2012-05-29,
2012-05-30,
2012-05-31,
2012-06-01,
2012-06-04,
2012-06-05,
2012-06-06,
2012-06-07,
2012-06-08,
2012-06-11,
2012-06-12,
2012-06-13,
2012-06-14,
2012-06-15,
2012-06-18,
2012-06-19,
2012-06-20,
2012-06-21,
2012-06-22,
2012-06-25,
2012-06-26,
2012-06-27,
2012-06-28,
2012-06-29,
2012-07-02,
2012-07-03,
2012-07-05,
2012-07-06,
2012-07-09,
2012-07-10,
2012-07-11,
2012-07-12,
2012-07-13,
2012-07-16,
2012-07-17,
2012-07-18,
2012-07-19,
2012-07-20,
2012-07-23,
2012-07-24,
2012-07-25,
2012-07-26,
2012-07-27,
2012-07-30,
2012-07-31,
2012-08-01,
2012-08-02,
2012-08-03,
2012-08-06,
2012-08-07,
2012-08-08,
2012-08-09,
2012-08-10,
2012-08-13,
2012-08-14,
2012-08-15,
2012-08-16,
2012-08-17,
2012-08-20,
2012-08-21,
2012-08-22,
2012-08-23,
2012-08-24,
2012-08-27,
2012-08-28,
2012-08-29,
2012-08-30,
2012-08-31,
2012-09-04,
2012-09-05,
2012-09-06,
2012-09-07,
2012-09-10,
2012-09-11,
2012-09-12,
2012-09-13,
2012-09-14,
2012-09-17,
2012-09-18,
2012-09-19,
2012-09-20,
2012-09-21,
2012-09-24,
2012-09-25,
2012-09-26,
2012-09-27,
2012-09-28,
2012-10-01,
2012-10-02,
2012-10-03,
2012-10-04,
2012-10-05,
2012-10-08,
2012-10-09,
2012-10-10,
2012-10-11,
2012-10-12,
2012-10-15,
2012-10-16,
2012-10-17,
2012-10-18,
2012-10-19,
2012-10-22,
2012-10-23,
2012-10-24,
2012-10-25,
2012-10-26,
2012-10-31,
2012-11-01,
2012-11-02,
2012-11-05,
2012-11-06,
2012-11-07,
2012-11-08,
2012-11-09,
2012-11-12,
2012-11-13,
2012-11-14,
2012-11-15,
2012-11-16,
2012-11-19,
2012-11-20,
2012-11-21,
2012-11-23,
2012-11-26,
2012-11-27,
2012-11-28,
2012-11-29,
2012-11-30,
2012-12-03,
2012-12-04,
2012-12-05,
2012-12-06,
2012-12-07,
2012-12-10,
2012-12-11,
2012-12-12,
2012-12-13,
2012-12-14,
2012-12-17,
2012-12-18,
2012-12-19,
2012-12-20,
2012-12-21,
2012-12-24,
2012-12-26,
2012-12-27,
2012-12-28,
2012-12-31,
2013-01-02,
2013-01-03,
2013-01-04,
2013-01-07,
2013-01-08,
2013-01-09,
2013-01-10,
2013-01-11,
2013-01-14,
2013-01-15,
2013-01-16,
2013-01-17,
2013-01-18,
2013-01-22,
2013-01-23,
2013-01-24,
2013-01-25,
2013-01-28,
2013-01-29,
2013-01-30,
2013-01-31,
2013-02-01,
2013-02-04,
2013-02-05,
2013-02-06,
2013-02-07,
2013-02-08,
2013-02-11,
2013-02-12,
2013-02-13,
2013-02-14,
2013-02-15,
2013-02-19,
2013-02-20,
2013-02-21,
2013-02-22,
2013-02-25,
2013-02-26,
2013-02-27,
2013-02-28,
2013-03-01,
2013-03-04,
2013-03-05,
2013-03-06,
2013-03-07,
2013-03-08,
2013-03-11,
2013-03-12,
2013-03-13,
2013-03-14,
2013-03-15,
2013-03-18,
2013-03-19,
2013-03-20,
2013-03-21,
2013-03-22,
2013-03-25,
2013-03-26,
2013-03-27,
2013-03-28,
2013-04-01,
2013-04-02,
2013-04-03,
2013-04-04,
2013-04-05,
2013-04-08,
2013-04-09,
2013-04-10,
2013-04-11,
2013-04-12,
2013-04-15,
2013-04-16,
2013-04-17,
2013-04-18,
2013-04-19,
2013-04-22,
2013-04-23,
2013-04-24,
2013-04-25,
2013-04-26,
2013-04-29,
2013-04-30,
2013-05-01,
2013-05-02,
2013-05-03,
2013-05-06,
2013-05-07,
2013-05-08,
2013-05-09,
2013-05-10,
2013-05-13,
2013-05-14,
2013-05-15,
2013-05-16,
2013-05-17,
2013-05-20,
2013-05-21,
2013-05-22,
2013-05-23,
2013-05-24,
2013-05-28,
2013-05-29,
2013-05-30,
2013-05-31,
2013-06-03,
2013-06-04,
2013-06-05,
2013-06-06,
2013-06-07,
2013-06-10,
2013-06-11,
2013-06-12,
2013-06-13,
2013-06-14,
2013-06-17,
2013-06-18,
2013-06-19,
2013-06-20,
2013-06-21,
2013-06-24,
2013-06-25,
2013-06-26,
2013-06-27,
2013-06-28,
2013-07-01,
2013-07-02,
2013-07-03,
2013-07-05,
2013-07-08,
2013-07-09,
2013-07-10,
2013-07-11,
2013-07-12,
2013-07-15,
2013-07-16,
2013-07-17,
2013-07-18,
2013-07-19,
2013-07-22,
2013-07-23,
2013-07-24,
2013-07-25,
2013-07-26,
2013-07-29,
2013-07-30,
2013-07-31,
2013-08-01,
2013-08-02,
2013-08-05,
2013-08-06,
2013-08-07,
2013-08-08,
2013-08-09,
2013-08-12,
2013-08-13,
2013-08-14,
2013-08-15,
2013-08-16,
2013-08-19,
2013-08-20,
2013-08-21,
2013-08-22,
2013-08-23,
2013-08-26,
2013-08-27,
2013-08-28,
2013-08-29,
2013-08-30,
2013-09-03,
2013-09-04,
2013-09-05,
2013-09-06,
2013-09-09,
2013-09-10,
2013-09-11,
2013-09-12,
2013-09-13,
2013-09-16,
2013-09-17,
2013-09-18,
2013-09-19,
2013-09-20,
2013-09-23,
2013-09-24,
2013-09-25,
2013-09-26,
2013-09-27,
2013-09-30,
2013-10-01,
2013-10-02,
2013-10-03,
2013-10-04,
2013-10-07,
2013-10-08,
2013-10-09,
2013-10-10,
2013-10-11,
2013-10-14,
2013-10-15,
2013-10-16,
2013-10-17,
2013-10-18,
2013-10-21,
2013-10-22,
2013-10-23,
2013-10-24,
2013-10-25,
2013-10-28,
2013-10-29,
2013-10-30,
2013-10-31,
2013-11-01,
2013-11-04,
2013-11-05,
2013-11-06,
2013-11-07,
2013-11-08,
2013-11-11,
2013-11-12,
2013-11-13,
2013-11-14,
2013-11-15,
2013-11-18,
2013-11-19,
2013-11-20,
2013-11-21,
2013-11-22,
2013-11-25,
2013-11-26,
2013-11-27,
2013-11-29,
2013-12-02,
2013-12-03,
2013-12-04,
2013-12-05,
2013-12-06,
2013-12-09,
2013-12-10,
2013-12-11,
2013-12-12,
2013-12-13,
2013-12-16,
2013-12-17,
2013-12-18,
2013-12-19,
2013-12-20,
2013-12-23,
2013-12-24,
2013-12-26,
2013-12-27,
2013-12-30,
2013-12-31,
2014-01-02,
2014-01-03,
2014-01-06,
2014-01-07,
2014-01-08,
2014-01-09,
2014-01-10,
2014-01-13,
2014-01-14,
2014-01-15,
2014-01-16,
2014-01-17,
2014-01-21,
2014-01-22,
2014-01-23,
2014-01-24,
2014-01-27,
2014-01-28,
2014-01-29,
2014-01-30,
2014-01-31,
2014-02-03,
2014-02-04,
2014-02-05,
2014-02-06,
2014-02-07,
2014-02-10,
2014-02-11,
2014-02-12,
2014-02-13,
2014-02-14,
2014-02-18,
2014-02-19,
2014-02-20,
2014-02-21,
2014-02-24,
2014-02-25,
2014-02-26,
2014-02-27,
2014-02-28,
2014-03-03,
2014-03-04,
2014-03-05,
2014-03-06,
2014-03-07,
2014-03-10,
2014-03-11,
2014-03-12,
2014-03-13,
2014-03-14,
2014-03-17,
2014-03-18,
2014-03-19,
2014-03-20,
2014-03-21,
2014-03-24,
2014-03-25,
2014-03-26,
2014-03-27,
2014-03-28,
2014-03-31,
2014-04-01,
2014-04-02,
2014-04-03,
2014-04-04,
2014-04-07,
2014-04-08,
2014-04-09,
2014-04-10,
2014-04-11,
2014-04-14,
2014-04-15,
2014-04-16,
2014-04-17,
2014-04-21,
2014-04-22,
2014-04-23,
2014-04-24,
2014-04-25,
2014-04-28,
2014-04-29,
2014-04-30,
2014-05-01,
2014-05-02,
2014-05-05,
2014-05-06,
2014-05-07,
2014-05-08,
2014-05-09,
2014-05-12,
2014-05-13,
2014-05-14,
2014-05-15,
2014-05-16,
2014-05-19,
2014-05-20,
2014-05-21,
2014-05-22,
2014-05-23,
2014-05-27,
2014-05-28,
2014-05-29,
2014-05-30,
2014-06-02,
2014-06-03,
2014-06-04,
2014-06-05,
2014-06-06,
2014-06-09,
2014-06-10,
2014-06-11,
2014-06-12,
2014-06-13,
2014-06-16,
2014-06-17,
2014-06-18,
2014-06-19,
2014-06-20,
2014-06-23,
2014-06-24,
2014-06-25,
2014-06-26,
2014-06-27,
2014-06-30,
2014-07-01,
2014-07-02,
2014-07-03,
2014-07-07,
2014-07-08,
2014-07-09,
2014-07-10,
2014-07-11,
2014-07-14,
2014-07-15,
2014-07-16,
2014-07-17,
2014-07-18,
2014-07-21,
2014-07-22,
2014-07-23,
2014-07-24,
2014-07-25,
2014-07-28,
2014-07-29,
2014-07-30,
2014-07-31,18.428661346435547
2014-08-01,18.428661346435547
2014-08-04,18.428661346435547
2014-08-05,18.428661346435547
2014-08-06,18.412639617919922
2014-08-07,18.37257194519043
2014-08-08,18.388599395751953
2014-08-11,18.37257194519043
2014-08-12,18.428661346435547
2014-08-13,18.572879791259766
2014-08-14,18.436670303344727
2014-08-15,18.428661346435547
2014-08-18,18.564865112304688
2014-08-19,19.558412551879883
2014-08-20,20.18338394165039
2014-08-21,20.34363555908203
2014-08-22,20.319595336914062
2014-08-25,20.127304077148438
2014-08-26,20.071208953857422
2014-08-27,20.407730102539062
2014-08-28,20.584007263183594
2014-08-29,20.664134979248047
2014-09-02,20.664134979248047
2014-09-03,20.664134979248047
2014-09-04,20.592023849487305
2014-09-05,20.64811134338379
2014-09-08,19.902952194213867
2014-09-09,20.063201904296875
2014-09-10,19.7907772064209
2014-09-11,19.75071144104004
2014-09-12,19.630521774291992
2014-09-15,19.350086212158203
2014-09-16,19.478294372558594
2014-09-17,19.670589447021484
2014-09-18,19.76673698425293
2014-09-19,20.359661102294922
2014-09-22,19.902952194213867
2014-09-23,19.694625854492188
2014-09-24,19.96704864501953
2014-09-25,19.734682083129883
2014-09-26,19.846866607666016
2014-09-29,19.7907772064209
2014-09-30,19.670589447021484
2014-10-01,19.406177520751953
2014-10-02,19.694625854492188
2014-10-03,19.89493751525879
2014-10-06,20.031145095825195
2014-10-07,19.91096305847168
2014-10-08,20.04717445373535
2014-10-09,19.670589447021484
2014-10-10,19.390151977539062
2014-10-13,19.598478317260742
2014-10-14,19.91096305847168
2014-10-15,19.646554946899414
2014-10-16,19.71064567565918
2014-10-17,19.854873657226562
2014-10-20,19.798786163330078
2014-10-21,20.167362213134766
2014-10-22,20.335622787475586
2014-10-23,20.680158615112305
2014-10-24,20.9205379486084
2014-10-27,21.257055282592773
2014-10-28,21.51345443725586
2014-10-29,21.633644104003906
2014-10-30,21.465383529663086
2014-10-31,21.64967155456543
2014-11-03,21.90605926513672
2014-11-04,21.64165496826172
2014-11-05,22.01022720336914
2014-11-06,22.098363876342773
2014-11-07,22.55507469177246
2014-11-10,23.05184555053711
2014-11-11,23.324268341064453
2014-11-12,23.260169982910156
2014-11-13,23.228124618530273
2014-11-14,23.276199340820312
2014-11-17,23.340293884277344
2014-11-18,23.196067810058594
2014-11-19,23.18805694580078
2014-11-20,23.428430557250977
2014-11-21,23.37234115600586
2014-11-24,23.212099075317383
2014-11-25,22.96370506286621
2014-11-26,23.075881958007812
2014-11-28,23.244144439697266
2014-12-01,23.139982223510742
2014-12-02,23.276199340820312
2014-12-03,23.236133575439453
2014-12-04,23.35631561279297
2014-12-05,23.436445236206055
2014-12-08,23.6447696685791
2014-12-09,23.652788162231445
2014-12-10,23.756942749023438
2014-12-11,23.652788162231445
2014-12-12,23.236133575439453
2014-12-15,22.93967628479004
2014-12-16,22.787437438964844
2014-12-17,23.1560115814209
2014-12-18,23.83707046508789
2014-12-19,24.037382125854492
2014-12-22,23.917192459106445
2014-12-23,24.037382125854492
2014-12-24,24.125518798828125
2014-12-26,24.43800163269043
2014-12-29,24.405948638916016
2014-12-30,24.037382125854492
2014-12-31,23.83707046508789
2015-01-02,23.62073516845703
2015-01-05,23.436445236206055
2015-01-06,23.115943908691406
2015-01-07,23.39638328552246
2015-01-08,24.02135467529297
2015-01-09,23.797006607055664
2015-01-12,23.660791397094727
2015-01-13,23.80501937866211
2015-01-14,23.35631561279297
2015-01-15,22.851539611816406
2015-01-16,23.228124618530273
2015-01-20,23.316259384155273
2015-01-21,23.38035774230957
2015-01-22,23.276199340820312
2015-01-23,24.814590454101562
2015-01-26,25.103036880493164
2015-01-27,25.09502410888672
2015-01-28,25.038936614990234
2015-01-29,25.022912979125977
2015-01-30,24.726457595825195
2015-02-02,24.966819763183594
2015-02-03,24.94278335571289
2015-02-04,25.038936614990234
2015-02-05,25.639869689941406
2015-02-06,25.752044677734375
2015-02-09,25.960371017456055
2015-02-10,26.52926254272461
2015-02-11,26.88180923461914
2015-02-12,26.929880142211914
2015-02-13,26.280872344970703
2015-02-17,25.575773239135742
2015-02-18,25.567758560180664
2015-02-19,25.543718338012695
2015-02-20,26.11260414123535
2015-02-23,26.136640548706055
2015-02-24,25.928319931030273
2015-02-25,25.872236251831055
2015-02-26,26.00043296813965
2015-02-27,25.599817276000977
2015-03-02,25.60782241821289
2015-03-03,25.752044677734375
2015-03-04,25.551729202270508
2015-03-05,25.60782241821289
2015-03-06,24.998870849609375
2015-03-09,25.623842239379883
2015-03-10,24.918752670288086
2015-03-11,25.279308319091797
2015-03-12,25.551729202270508
2015-03-13,25.495647430419922
2015-03-16,25.599817276000977
2015-03-17,25.82416343688965
2015-03-18,25.575773239135742
2015-03-19,25.93632698059082
2015-03-20,25.840185165405273
2015-03-23,25.463600158691406
2015-03-24,25.359434127807617
2015-03-25,24.774524688720703
2015-03-26,24.526140213012695
2015-03-27,24.085453033447266
2015-03-30,24.269739151000977
2015-03-31,24.31781005859375
2015-04-01,24.365890502929688
2015-04-02,24.526140213012695
2015-04-06,23.909175872802734
2015-04-07,23.845083236694336
2015-04-08,24.013343811035156
2015-04-09,24.149555206298828
2015-04-10,24.510112762451172
2015-04-13,24.550174713134766
2015-04-14,24.454029083251953
2015-04-15,24.582229614257812
2015-04-16,24.654338836669922
2015-04-17,24.454029083251953
2015-04-20,24.758502960205078
2015-04-21,24.998870849609375
2015-04-22,24.870677947998047
2015-04-23,24.80657386779785
2015-04-24,24.694400787353516
2015-04-27,24.53415870666504
2015-04-28,24.566205978393555
2015-04-29,24.630298614501953
2015-04-30,24.958812713623047
2015-05-01,25.25527572631836
2015-05-04,25.407508850097656
2015-05-05,25.591796875
2015-05-06,25.71198272705078
2015-05-07,26.160682678222656
2015-05-08,26.60137367248535
2015-05-11,26.352985382080078
2015-05-12,26.537269592285156
2015-05-13,26.36099624633789
2015-05-14,26.2568302154541
2015-05-15,25.487632751464844
2015-05-18,25.511676788330078
2015-05-19,25.68794822692871
2015-05-20,26.160682678222656
2015-05-21,26.01645851135254
2015-05-22,26.040496826171875
2015-05-26,25.736021041870117
2015-05-27,26.00844383239746
2015-05-28,26.06452751159668
2015-05-29,25.872236251831055
2015-06-01,25.9683780670166
2015-06-02,26.160682678222656
2015-06-03,26.58534049987793
2015-06-04,26.240806579589844
2015-06-05,26.280872344970703
2015-06-08,26.160682678222656
2015-06-09,26.32894515991211
2015-06-10,26.681486129760742
2015-06-11,26.617393493652344
2015-06-12,26.537269592285156
2015-06-15,26.417081832885742
2015-06-16,26.040496826171875
2015-06-17,26.240806579589844
2015-06-18,26.29689598083496
2015-06-19,26.37701416015625
2015-06-22,26.36900520324707
2015-06-23,26.433107376098633
2015-06-24,26.248817443847656
2015-06-25,26.288877487182617
2015-06-26,26.20074462890625
2015-06-29,25.82416343688965
2015-06-30,26.385032653808594
2015-07-01,26.697513580322266
2015-07-02,26.553298950195312
2015-07-06,26.040496826171875
2015-07-07,26.040496826171875
2015-07-08,25.64788246154785
2015-07-09,26.120615005493164
2015-07-10,26.497207641601562
2015-07-13,26.721553802490234
2015-07-14,27.058076858520508
2015-07-15,27.354536056518555
2015-07-16,27.346534729003906
2015-07-17,28.107709884643555
2015-07-20,28.836841583251953
2015-07-21,28.53236961364746
2015-07-22,28.588459014892578
2015-07-23,28.548398971557617
2015-07-24,27.787212371826172
2015-07-27,27.739131927490234
2015-07-28,27.426645278930664
2015-07-29,27.6269588470459
2015-07-30,27.723106384277344
2015-07-31,27.530813217163086
2015-08-03,27.530813217163086
2015-08-04,27.570871353149414
2015-08-05,27.691064834594727
2015-08-06,27.346534729003906
2015-08-07,27.22634506225586
2015-08-10,27.739131927490234
2015-08-11,27.77919578552246
2015-08-12,28.011564254760742
2015-08-13,28.17180824279785
2015-08-14,28.155786514282227
2015-08-17,28.30000114440918
2015-08-18,28.155786514282227
2015-08-19,28.011564254760742
2015-08-20,27.530813217163086
2015-08-21,27.018014907836914
2015-08-24,26.561307907104492
2015-08-25,26.433107376098633
2015-08-26,26.176706314086914
2015-08-27,25.904277801513672
2015-08-28,26.160682678222656
2015-08-31,26.401058197021484
2015-09-01,25.407508850097656
2015-09-02,25.471614837646484
2015-09-03,25.79210662841797
2015-09-04,25.319368362426758
2015-09-08,25.86422348022461
2015-09-09,25.744035720825195
2015-09-10,25.71198272705078
2015-09-11,25.103036880493164
2015-09-14,24.974838256835938
2015-09-15,24.934776306152344
2015-09-16,24.742469787597656
2015-09-17,24.654338836669922
2015-09-18,24.4860782623291
2015-09-21,24.734466552734375
2015-09-22,24.502099990844727
2015-09-23,24.88669776916504
2015-09-24,24.70241355895996
2015-09-25,24.86265754699707
2015-09-28,24.966819763183594
2015-09-29,24.870677947998047
2015-09-30,25.079002380371094
2015-10-01,25.143096923828125
2015-10-02,25.495647430419922
2015-10-05,26.689510345458984
2015-10-06,26.280872344970703
2015-10-07,25.744035720825195
2015-10-08,25.928319931030273
2015-10-09,25.952356338500977
2015-10-12,25.91229248046875
2015-10-13,25.495647430419922
2015-10-14,25.26328468322754
2015-10-15,25.09502410888672
2015-10-16,24.15756607055664
2015-10-19,25.111047744750977
2015-10-20,25.91229248046875
2015-10-21,26.00844383239746
2015-10-22,25.503662109375
2015-10-23,25.3914852142334
2015-10-26,25.15912628173828
2015-10-27,25.423538208007812
2015-10-28,25.19918441772461
2015-10-29,24.774524688720703
2015-10-30,24.646326065063477
2015-11-02,25.103036880493164
2015-11-03,25.992412567138672
2015-11-04,25.703969955444336
2015-11-05,26.128633499145508
2015-11-06,27.22634506225586
2015-11-09,26.056520462036133
2015-11-10,24.902727127075195
2015-11-11,24.782541275024414
2015-11-12,24.670366287231445
2015-11-13,24.454029083251953
2015-11-16,24.269739151000977
2015-11-17,24.502099990844727
2015-11-18,25.31136131286621
2015-11-19,25.359434127807617
2015-11-20,25.119060516357422
2015-11-23,25.279308319091797
2015-11-24,25.111047744750977
2015-11-25,25.26328468322754
2015-11-27,25.119060516357422
2015-11-30,25.503662109375
2015-12-01,25.9683780670166
2015-12-02,25.511676788330078
2015-12-03,24.91073989868164
2015-12-04,25.663904190063477
2015-12-07,25.119060516357422
2015-12-08,25.1270809173584
2015-12-09,24.526140213012695
2015-12-10,24.878686904907227
2015-12-11,24.013343811035156
2015-12-14,23.780981063842773
2015-12-15,24.101476669311523
2015-12-16,24.462039947509766
2015-12-17,24.045394897460938
2015-12-18,23.6447696685791
2015-12-21,23.821044921875
2015-12-22,24.205636978149414
2015-12-23,24.446020126342773
2015-12-24,24.518123626708984
2015-12-28,24.17359161376953
2015-12-29,24.59023666381836
2015-12-30,24.38191795349121
2015-12-31,24.365890502929688
2016-01-04,23.989307403564453
2016-01-05,24.125518798828125
2016-01-06,23.957252502441406
2016-01-07,23.332284927368164
2016-01-08,23.107925415039062
2016-01-11,22.995759963989258
2016-01-12,23.1560115814209
2016-01-13,22.090354919433594
2016-01-14,22.57910919189453
2016-01-15,22.146440505981445
2016-01-19,22.458927154541016
2016-01-20,22.13041114807129
2016-01-21,22.218549728393555
2016-01-22,23.28420639038086
2016-01-25,22.819482803344727
2016-01-26,22.96370506286621
2016-01-27,22.787437438964844
2016-01-28,22.42687225341797
2016-01-29,22.771413803100586
2016-02-01,22.81147003173828
2016-02-02,21.64165496826172
2016-02-03,21.104816436767578
2016-02-04,21.080781936645508
2016-02-05,20.215435028076172
2016-02-08,19.6145076751709
2016-02-09,20.09524917602539
2016-02-10,20.03916358947754
2016-02-11,19.630521774291992
2016-02-12,20.327608108520508
2016-02-16,20.944570541381836
2016-02-17,21.04873275756836
2016-02-18,21.329172134399414
2016-02-19,21.449356079101562
2016-02-22,22.202529907226562
2016-02-23,22.042274475097656
2016-02-24,22.218549728393555
2016-02-25,22.25861358642578
2016-02-26,22.378795623779297
2016-02-29,21.593578338623047
2016-03-01,22.058303833007812
2016-03-02,22.635190963745117
2016-03-03,22.88358497619629
2016-03-04,22.915632247924805
2016-03-07,22.851539611816406
2016-03-08,22.19451332092285
2016-03-09,22.178491592407227
2016-03-10,22.28264617919922
2016-03-11,23.091907501220703
2016-03-14,22.79544448852539
2016-03-15,22.178491592407227
2016-03-16,22.13041114807129
2016-03-17,22.5150089263916
2016-03-18,22.80345916748047
2016-03-21,23.067874908447266
2016-03-22,22.923646926879883
2016-03-23,22.771413803100586
2016-03-24,22.79544448852539
2016-03-28,22.739356994628906
2016-03-29,22.755382537841797
2016-03-30,22.739356994628906
2016-03-31,22.96370506286621
2016-04-01,23.500547409057617
2016-04-04,23.212099075317383
2016-04-05,22.923646926879883
2016-04-06,22.955698013305664
2016-04-07,22.410856246948242
2016-04-08,22.450912475585938
2016-04-11,22.330724716186523
2016-04-12,22.563085556030273
2016-04-13,23.172033309936523
2016-04-14,23.30023193359375
2016-04-15,23.18805694580078
2016-04-18,23.340293884277344
2016-04-19,23.89316177368164
2016-04-20,24.57421112060547
2016-04-21,24.373903274536133
2016-04-22,24.43800163269043
2016-04-25,24.389928817749023
2016-04-26,24.966819763183594
2016-04-27,24.742469787597656
2016-04-28,24.814590454101562
2016-04-29,24.49408531188965
2016-05-02,25.103036880493164
2016-05-03,24.902727127075195
2016-05-04,24.229679107666016
2016-05-05,23.901165008544922
2016-05-06,24.101476669311523
2016-05-09,24.005332946777344
2016-05-10,24.4860782623291
2016-05-11,23.981292724609375
2016-05-12,23.57265853881836
2016-05-13,23.2681827545166
2016-05-16,23.18805694580078
2016-05-17,23.452470779418945
2016-05-18,24.125518798828125
2016-05-19,23.989307403564453
2016-05-20,23.94123077392578
2016-05-23,23.901165008544922
2016-05-24,24.27775764465332
2016-05-25,24.566205978393555
2016-05-26,24.750490188598633
2016-05-27,24.966819763183594
2016-05-31,24.998870849609375
2016-06-01,25.07098960876465
2016-06-02,25.062971115112305
2016-06-03,24.61427879333496
2016-06-06,24.86265754699707
2016-06-07,25.327381134033203
2016-06-08,25.599817276000977
2016-06-09,25.167133331298828
2016-06-10,24.67837905883789
2016-06-13,24.389928817749023
2016-06-14,21.19295883178711
2016-06-15,21.23301887512207
2016-06-16,20.8323974609375
2016-06-17,20.64811134338379
2016-06-20,20.471830368041992
2016-06-21,20.71220588684082
2016-06-22,20.431774139404297
2016-06-23,20.8323974609375
2016-06-24,19.74269676208496
2016-06-27,18.717113494873047
2016-06-28,19.1738224029541
2016-06-29,19.89493751525879
2016-06-30,20.255502700805664
2016-07-01,20.311586380004883
2016-07-05,20.127304077148438
2016-07-06,20.279537200927734
2016-07-07,20.848421096801758
2016-07-08,21.88203239440918
2016-07-11,22.17047691345215
2016-07-12,22.37078857421875
2016-07-13,22.531036376953125
2016-07-14,22.67526626586914
2016-07-15,22.531036376953125
2016-07-18,22.667247772216797
2016-07-19,22.635190963745117
2016-07-20,22.547061920166016
2016-07-21,22.643213272094727
2016-07-22,22.755382537841797
2016-07-25,22.507003784179688
2016-07-26,22.52302360534668
2016-07-27,22.547061920166016
2016-07-28,22.36277198791504
2016-07-29,22.33873748779297
2016-08-01,22.36277198791504
2016-08-02,21.914079666137695
2016-08-03,22.330724716186523
2016-08-04,22.37078857421875
2016-08-05,22.611154556274414
2016-08-08,22.46693992614746
2016-08-09,22.33873748779297
2016-08-10,22.258235931396484
2016-08-11,22.22603988647461
2016-08-12,22.28238868713379
2016-08-15,22.330686569213867
2016-08-16,21.976484298706055
2016-08-17,22.040882110595703
2016-08-18,21.968441009521484
2016-08-19,22.040882110595703
2016-08-22,21.952341079711914
2016-08-23,21.960390090942383
2016-08-24,21.83158302307129
2016-08-25,21.7430362701416
2016-08-26,21.62228775024414
2016-08-29,21.871835708618164
2016-08-30,21.976484298706055
2016-08-31,22.403135299682617
2016-09-01,22.346790313720703
2016-09-02,22.37898826599121
2016-09-06,22.22603988647461
2016-09-07,22.38703155517578
2016-09-08,22.00868797302246
2016-09-09,21.67863655090332
2016-09-12,22.065032958984375
2016-09-13,21.509584426879883
2016-09-14,21.59813690185547
2016-09-15,21.77523422241211
2016-09-16,21.662532806396484
2016-09-19,21.76718521118164
2016-09-20,21.573986053466797
2016-09-21,21.783283233642578
2016-09-22,22.121383666992188
2016-09-23,22.04893684387207
2016-09-26,21.976484298706055
2016-09-27,22.38703155517578
2016-09-28,22.395084381103516
2016-09-29,22.0328426361084
2016-09-30,22.539987564086914
2016-10-03,22.201887130737305
2016-10-04,22.000635147094727
2016-10-05,22.491683959960938
2016-10-06,21.726938247680664
2016-10-07,21.469335556030273
2016-10-10,21.517635345458984
2016-10-11,21.364686965942383
2016-10-12,21.340539932250977
2016-10-13,21.227842330932617
2016-10-14,21.493486404418945
2016-10-17,21.268091201782227
2016-10-18,21.445188522338867
2016-10-19,21.734989166259766
2016-10-20,21.839643478393555
2016-10-21,22.725141525268555
2016-10-24,23.175941467285156
2016-10-25,23.006885528564453
2016-10-26,23.10348892211914
2016-10-27,23.29668617248535
2016-10-28,23.425485610961914
2016-10-31,23.014938354492188
2016-11-01,22.990785598754883
2016-11-02,22.878087997436523
2016-11-03,22.748695373535156
2016-11-04,22.821474075317383
2016-11-07,23.541217803955078
2016-11-08,23.20965576171875
2016-11-09,24.438875198364258
2016-11-10,25.56296157836914
2016-11-11,26.26653480529785
2016-11-14,27.269323348999023
2016-11-15,26.96200942993164
2016-11-16,26.371667861938477
2016-11-17,27.03480339050293
2016-11-18,27.188447952270508
2016-11-21,27.188447952270508
2016-11-22,27.47150230407715
2016-11-23,28.272111892700195
2016-11-25,28.06184959411621
2016-11-28,27.41489028930664
2016-11-29,27.33401870727539
2016-11-30,27.94862937927246
2016-12-01,28.36106300354004
2016-12-02,27.89202308654785
2016-12-05,28.393413543701172
2016-12-06,28.83819580078125
2016-12-07,29.258718490600586
2016-12-08,29.638805389404297
2016-12-09,29.541765213012695
2016-12-12,29.064632415771484
2016-12-13,29.331506729125977
2016-12-14,29.064632415771484
2016-12-15,29.86524772644043
2016-12-16,29.622631072998047
2016-12-19,29.840984344482422
2016-12-20,30.13210105895996
2016-12-21,30.002727508544922
2016-12-22,29.824811935424805
2016-12-23,29.89759063720703
2016-12-27,29.921857833862305
2016-12-28,29.3072452545166
2016-12-29,29.185935974121094
2016-12-30,29.331506729125977
2017-01-03,29.97037124633789
2017-01-04,30.673946380615234
2017-01-05,29.849063873291016
2017-01-06,30.026979446411133
2017-01-09,29.840984344482422
2017-01-10,29.889503479003906
2017-01-11,29.404285430908203
2017-01-12,29.218290328979492
2017-01-13,29.371932983398438
2017-01-17,28.71689224243164
2017-01-18,29.03228187561035
2017-01-19,28.797761917114258
2017-01-20,29.3072452545166
2017-01-23,28.927154541015625
2017-01-24,29.177852630615234
2017-01-25,29.04037094116211
2017-01-26,29.67115020751953
2017-01-27,29.622631072998047
2017-01-30,29.493244171142578
2017-01-31,28.96759605407715
2017-02-01,29.1131591796875
2017-02-02,28.68299102783203
2017-02-03,29.63258934020996
2017-02-06,29.58390235900879
2017-02-07,29.259244918823242
2017-02-08,29.031991958618164
2017-02-09,29.616365432739258
2017-02-10,29.397226333618164
2017-02-13,29.7462215423584
2017-02-14,30.29001235961914
2017-02-15,30.25755500793457
2017-02-16,29.908544540405273
2017-02-17,29.770578384399414
2017-02-21,29.916662216186523
2017-02-22,29.85173225402832
2017-02-23,29.7299861907959
2017-02-24,29.60824203491211
2017-02-27,29.981603622436523
2017-02-28,29.41345977783203
2017-03-01,29.94100570678711
2017-03-02,29.19431495666504
2017-03-03,29.259244918823242
2017-03-06,28.877779006958008
2017-03-07,28.894014358520508
2017-03-08,28.98329734802246
2017-03-09,29.096920013427734
2017-03-10,29.226781845092773
2017-03-13,29.243017196655273
2017-03-14,29.153730392456055
2017-03-15,29.056339263916016
2017-03-16,29.0806884765625
2017-03-17,28.504426956176758
2017-03-20,27.757726669311523
2017-03-21,26.800006866455078
2017-03-22,26.848703384399414
2017-03-23,27.132781982421875
2017-03-24,27.035385131835938
2017-03-27,26.572751998901367
2017-03-28,27.3194522857666
2017-03-29,27.41684913635254
2017-03-30,27.944406509399414
2017-03-31,27.838897705078125
2017-04-03,27.400609970092773
2017-04-04,27.376266479492188
2017-04-05,26.99479866027832
2017-04-06,26.970458984375
2017-04-07,26.913637161254883
2017-04-10,26.67826271057129
2017-04-11,26.82435417175293
2017-04-12,26.629566192626953
2017-04-13,26.272445678710938
2017-04-17,26.800006866455078
2017-04-18,26.66202735900879
2017-04-19,26.783775329589844
2017-04-20,27.473657608032227
2017-04-21,27.092201232910156
2017-04-24,27.51424789428711
2017-04-25,27.44931411743164
2017-04-26,26.970458984375
2017-04-27,26.82435417175293
2017-04-28,22.563304901123047
2017-05-01,22.676925659179688
2017-05-02,23.431747436523438
2017-05-03,23.350584030151367
2017-05-04,23.375043869018555
2017-05-05,23.326122283935547
2017-05-08,23.13859748840332
2017-05-09,22.910314559936523
2017-05-10,22.633108139038086
2017-05-11,21.956398010253906
2017-05-12,21.67918586730957
2017-05-15,22.1031551361084
2017-05-16,21.883018493652344
2017-05-17,21.60580825805664
2017-05-18,21.60580825805664
2017-05-19,21.883018493652344
2017-05-22,21.940088272094727
2017-05-23,21.883018493652344
2017-05-24,21.850406646728516
2017-05-25,22.20099449157715
2017-05-26,22.31513786315918
2017-05-30,22.095003128051758
2017-05-31,21.891172409057617
2017-06-01,22.19283676147461
2017-06-02,22.339590072631836
2017-06-05,22.796175003051758
2017-06-06,23.06521987915039
2017-06-07,23.53810691833496
2017-06-08,23.375043869018555
2017-06-09,23.399503707885742
2017-06-12,23.44841957092285
2017-06-13,23.635944366455078
2017-06-14,23.831619262695312
2017-06-15,24.027294158935547
2017-06-16,23.913148880004883
2017-06-19,23.986528396606445
2017-06-20,24.00283432006836
2017-06-21,24.21481704711914
2017-06-22,23.88869285583496
2017-06-23,23.61963653564453
2017-06-26,24.19850730895996
2017-06-27,24.00283432006836
2017-06-28,24.29634666442871
2017-06-29,24.092519760131836
2017-06-30,24.312652587890625
2017-07-03,24.508323669433594
2017-07-05,24.28004264831543
2017-07-06,23.953922271728516
2017-07-07,24.21481704711914
2017-07-10,23.750085830688477
2017-07-11,23.72562599182129
2017-07-12,23.913148880004883
2017-07-13,23.937610626220703
2017-07-14,24.035446166992188
2017-07-17,24.174049377441406
2017-07-18,23.913148880004883
2017-07-19,24.059906005859375
2017-07-20,24.07621192932129
2017-07-21,25.168731689453125
2017-07-24,25.06273651123047
2017-07-25,25.185035705566406
2017-07-26,24.924135208129883
2017-07-27,24.736618041992188
2017-07-28,24.410491943359375
2017-07-31,24.72031021118164
2017-08-01,24.361568450927734
2017-08-02,24.508323669433594
2017-08-03,24.50832748413086
2017-08-04,24.47555160522461
2017-08-07,24.909833908081055
2017-08-08,25.17204475402832
2017-08-09,24.786924362182617
2017-08-10,24.024879455566406
2017-08-11,23.92654800415039
2017-08-14,24.287090301513672
2017-08-15,25.393285751342773
2017-08-16,25.294954299926758
2017-08-17,24.664016723632812
2017-08-18,24.639434814453125
2017-08-21,24.795116424560547
2017-08-22,24.86067008972168
2017-08-23,24.836084365844727
2017-08-24,24.959001541137695
2017-08-25,25.024559020996094
2017-08-28,24.819704055786133
2017-08-29,24.680404663085938
2017-08-30,25.12288475036621
2017-08-31,25.229406356811523
2017-09-01,25.335926055908203
2017-09-05,24.47555160522461
2017-09-06,24.549299240112305
2017-09-07,23.811832427978516
2017-09-08,23.393938064575195
2017-09-11,23.885589599609375
2017-09-12,23.918357849121094
2017-09-13,24.024879455566406
2017-09-14,23.516857147216797
2017-09-15,23.77906036376953
2017-09-18,23.9757137298584
2017-09-19,23.836423873901367
2017-09-20,23.762678146362305
2017-09-21,23.67254066467285
2017-09-22,24.147789001464844
2017-09-25,24.221542358398438
2017-09-26,24.532907485961914
2017-09-27,25.352317810058594
2017-09-28,25.557165145874023
2017-09-29,25.442455291748047
2017-10-02,25.79478645324707
2017-10-03,25.99144172668457
2017-10-04,25.655488967895508
2017-10-05,25.942283630371094
2017-10-06,25.655488967895508
2017-10-09,25.762012481689453
2017-10-10,26.016027450561523
2017-10-11,25.74562644958496
2017-10-12,25.106491088867188
2017-10-13,25.25398063659668
2017-10-16,25.81118392944336
2017-10-17,25.38509178161621
2017-10-18,25.819372177124023
2017-10-19,25.983251571655273
2017-10-20,27.073057174682617
2017-10-23,26.778078079223633
2017-10-24,26.75349235534668
2017-10-25,26.53225326538086
2017-10-26,26.933759689331055
2017-10-27,26.991121292114258
2017-10-30,26.712522506713867
2017-10-31,26.728914260864258
2017-11-01,26.900989532470703
2017-11-02,27.220550537109375
2017-11-03,27.25347900390625
2017-11-06,26.973609924316406
2017-11-07,26.636138916015625
2017-11-08,26.397436141967773
2017-11-09,26.413896560668945
2017-11-10,26.397436141967773
2017-11-13,26.825458526611328
2017-11-14,26.800765991210938
2017-11-15,26.776065826416016
2017-11-16,27.475719451904297
2017-11-17,27.870819091796875
2017-11-20,27.870819091796875
2017-11-21,27.796733856201172
2017-11-22,27.714412689208984
2017-11-24,27.56626319885254
2017-11-27,27.335790634155273
2017-11-28,28.389385223388672
2017-11-29,29.097267150878906
2017-11-30,29.541744232177734
2017-12-01,29.582902908325195
2017-12-04,30.82581329345703
2017-12-05,30.710573196411133
2017-12-06,30.77643585205078
2017-12-07,30.73526954650879
2017-12-08,30.86696434020996
2017-12-11,30.94104766845703
2017-12-12,30.751733779907227
2017-12-13,30.159082412719727
2017-12-14,30.447174072265625
2017-12-15,30.61180305480957
2017-12-18,31.698320388793945
2017-12-19,31.426694869995117
2017-12-20,31.2456111907959
2017-12-21,31.77239990234375
2017-12-22,31.912330627441406
2017-12-26,31.862930297851562
2017-12-27,31.77239990234375
2017-12-28,32.07696533203125
2017-12-29,31.78063201904297
2018-01-02,31.986412048339844
2018-01-03,32.20042037963867
2018-01-04,32.43090057373047
2018-01-05,32.710758209228516
2018-01-08,32.315643310546875
2018-01-09,32.46382141113281
2018-01-10,32.6449089050293
2018-01-11,32.727210998535156
2018-01-12,32.406211853027344
2018-01-16,31.220911026000977
2018-01-17,31.32791519165039
2018-01-18,30.70234489440918
2018-01-19,31.66539764404297
2018-01-22,32.5296630859375
2018-01-23,32.743682861328125
2018-01-24,32.710758209228516
2018-01-25,32.579063415527344
2018-01-26,33.09762191772461
2018-01-29,33.056461334228516
2018-01-30,32.620208740234375
2018-01-31,32.66135787963867
2018-02-01,32.6449089050293
2018-02-02,31.95911407470703
2018-02-05,30.47188377380371
2018-02-06,31.124618530273438
2018-02-07,30.98415184020996
2018-02-08,28.902015686035156
2018-02-09,28.943334579467773
2018-02-12,29.94308853149414
2018-02-13,29.7530517578125
2018-02-14,30.323163986206055
2018-02-15,30.438833236694336
2018-02-16,30.34794807434082
2018-02-20,30.207489013671875
2018-02-21,30.215749740600586
2018-02-22,30.01744842529297
2018-02-23,30.694969177246094
2018-02-26,30.893278121948242
2018-02-27,30.414039611816406
2018-02-28,30.067028045654297
2018-03-01,29.620851516723633
2018-03-02,29.68695068359375
2018-03-05,29.93482780456543
2018-03-06,29.9100399017334
2018-03-07,29.992666244506836
2018-03-08,30.438833236694336
2018-03-09,30.802385330200195
2018-03-12,30.554508209228516
2018-03-13,30.306631088256836
2018-03-14,29.827421188354492
2018-03-15,28.64588165283203
2018-03-16,29.083797454833984
2018-03-19,29.133365631103516
2018-03-20,29.249048233032227
2018-03-21,29.16641616821289
2018-03-22,27.869211196899414
2018-03-23,26.86119270324707
2018-03-26,27.513927459716797
2018-03-27,26.993396759033203
2018-03-28,27.35694694519043
2018-03-29,27.703964233398438
2018-04-02,26.985136032104492
2018-04-03,27.6213436126709
2018-04-04,28.017934799194336
2018-04-05,28.7532958984375
2018-04-06,27.93531608581543
2018-04-09,27.97663116455078
2018-04-10,28.472375869750977
2018-04-11,28.29060173034668
2018-04-12,28.7780818939209
2018-04-13,28.15013313293457
2018-04-16,28.480634689331055
2018-04-17,28.563262939453125
2018-04-18,28.827659606933594
2018-04-19,29.207735061645508
2018-04-20,29.083797454833984
2018-04-23,28.695451736450195
2018-04-24,28.381486892700195
2018-04-25,27.505664825439453
2018-04-26,27.513927459716797
2018-04-27,27.35694694519043
2018-04-30,27.40651512145996
2018-05-01,27.332155227661133
2018-05-02,27.20821762084961
2018-05-03,26.54722785949707
2018-05-04,27.086803436279297
2018-05-07,27.161514282226562
2018-05-08,27.460351943969727
2018-05-09,27.99993324279785
2018-05-10,28.141048431396484
2018-05-11,28.315380096435547
2018-05-14,28.17425537109375
2018-05-15,28.398393630981445
2018-05-16,28.713834762573242
2018-05-17,28.99608039855957
2018-05-18,29.419435501098633
2018-05-21,29.651866912841797
2018-05-22,29.975614547729492
2018-05-23,29.98391342163086
2018-05-24,29.80129051208496
2018-05-25,29.5605525970459
2018-05-29,28.614227294921875
2018-05-30,29.070789337158203
2018-05-31,28.74704360961914
2018-06-01,29.087392807006836
2018-06-04,29.42774200439453
2018-06-05,29.054183959960938
2018-06-06,29.53565216064453
2018-06-07,29.510751724243164
2018-06-08,29.42774200439453
2018-06-11,29.27001190185547
2018-06-12,29.30321502685547
2018-06-13,29.004383087158203
2018-06-14,29.27001190185547
2018-06-15,29.23681640625
2018-06-18,29.054183959960938
2018-06-19,28.89646339416504
2018-06-20,28.647424697875977
2018-06-21,28.406688690185547
2018-06-22,28.33198356628418
2018-06-25,28.07464599609375
2018-06-26,27.784103393554688
2018-06-27,27.393949508666992
2018-06-28,27.402244567871094
2018-06-29,27.709394454956055
2018-07-02,28.09124755859375
2018-07-03,27.809001922607422
2018-07-05,27.89201545715332
2018-07-06,27.97502899169922
2018-07-09,28.937971115112305
2018-07-10,28.929664611816406
2018-07-11,28.888160705566406
2018-07-12,27.360746383666992
2018-07-13,26.9290771484375
2018-07-16,27.02869987487793
2018-07-17,27.24452018737793
2018-07-18,27.734296798706055
2018-07-19,27.593175888061523
2018-07-20,27.236221313476562
2018-07-23,27.81730842590332
2018-07-24,28.07464599609375
2018-07-25,27.759201049804688
2018-07-26,24.903589248657227
2018-07-27,24.837175369262695
2018-07-30,24.496828079223633
2018-07-31,24.023656845092773
2018-08-01,24.239492416381836
2018-08-02,24.646249771118164
2018-08-03,24.955583572387695
2018-08-06,24.78837776184082
2018-08-07,25.156230926513672
2018-08-08,25.12278938293457
2018-08-09,25.06426429748535
2018-08-10,24.587730407714844
2018-08-13,24.403799057006836
2018-08-14,25.0893497467041
2018-08-15,24.963945388793945
2018-08-16,25.44048309326172
2018-08-17,25.390317916870117
2018-08-20,25.975543975830078
2018-08-21,26.05915069580078
2018-08-22,26.50224494934082
2018-08-23,26.142751693725586
2018-08-24,26.21799087524414
2018-08-27,26.610931396484375
2018-08-28,26.602571487426758
2018-08-29,26.48552894592285
2018-08-30,26.427003860473633
2018-08-31,26.4771671295166
2018-09-04,26.652727127075195
2018-09-05,26.76141357421875
2018-09-06,26.585847854614258
2018-09-07,26.527324676513672
2018-09-10,26.90354347229004
2018-09-11,27.120906829833984
2018-09-12,26.995500564575195
2018-09-13,26.928617477416992
2018-09-14,27.246315002441406
2018-09-17,27.17107391357422
2018-09-18,27.57236671447754
2018-09-19,27.915142059326172
2018-09-20,28.090709686279297
2018-09-21,27.982023239135742
2018-09-24,27.622529983520508
2018-09-25,27.57236671447754
2018-09-26,26.677818298339844
2018-09-27,26.3935604095459
2018-09-28,25.983903884887695
2018-10-01,26.318315505981445
2018-10-02,26.201274871826172
2018-10-03,26.569124221801758
2018-10-04,26.335037231445312
2018-10-05,26.176191329956055
2018-10-08,26.192914962768555
2018-10-09,26.04241943359375
2018-10-10,25.515724182128906
2018-10-11,24.855255126953125
2018-10-12,24.947221755981445
2018-10-15,24.855255126953125
2018-10-16,25.239835739135742
2018-10-17,25.139509201049805
2018-10-18,24.780014038085938
2018-10-19,26.21799087524414
2018-10-22,24.637889862060547
2018-10-23,24.7298526763916
2018-10-24,23.877099990844727
2018-10-25,24.102828979492188
2018-10-26,23.39220428466797
2018-10-29,23.417282104492188
2018-10-30,24.027589797973633
2018-10-31,24.144630432128906
2018-11-01,24.612810134887695
2018-11-02,22.25510025024414
2018-11-05,22.499284744262695
2018-11-06,22.625598907470703
2018-11-07,23.029773712158203
2018-11-08,23.139245986938477
2018-11-09,23.257125854492188
2018-11-12,22.911890029907227
2018-11-13,23.282386779785156
2018-11-14,22.667695999145508
2018-11-15,22.32246208190918
2018-11-16,21.817237854003906
2018-11-19,21.497262954711914
2018-11-20,21.3204345703125
2018-11-21,21.606727600097656
2018-11-23,21.52252197265625
2018-11-26,21.850921630859375
2018-11-27,21.960386276245117
2018-11-28,22.246685028076172
2018-11-29,21.867761611938477
2018-11-30,21.876182556152344
2018-12-03,21.7330322265625
2018-12-04,20.966781616210938
2018-12-06,21.16886329650879
2018-12-07,21.35411834716797
2018-12-10,21.01729965209961
2018-12-11,20.545759201049805
2018-12-12,20.67206573486328
2018-12-13,20.36051368713379
2018-12-14,20.29314422607422
2018-12-17,19.779502868652344
2018-12-18,19.81318473815918
2018-12-19,19.535316467285156
2018-12-20,19.358484268188477
2018-12-21,18.945886611938477
2018-12-24,18.668006896972656
2018-12-26,19.484785079956055
2018-12-27,19.720558166503906
2018-12-28,19.787919998168945
2018-12-31,19.754247665405273
2019-01-02,20.436294555664062
2019-01-03,20.28473472595215
2019-01-04,21.253070831298828
2019-01-07,21.36253547668457
2019-01-08,21.404640197753906
2019-01-09,21.884601593017578
2019-01-10,21.682510375976562
2019-01-11,21.909866333007812
2019-01-14,21.76671600341797
2019-01-15,21.699352264404297
2019-01-16,22.212993621826172
2019-01-17,22.18773651123047
2019-01-18,22.128795623779297
2019-01-22,22.356143951416016
2019-01-23,24.755956649780273
2019-01-24,25.101192474365234
2019-01-25,25.084352493286133
2019-01-28,25.244335174560547
2019-01-29,24.966468811035156
2019-01-30,25.32012176513672
2019-01-31,25.294862747192383
2019-02-01,25.1761474609375
2019-02-04,25.201587677001953
2019-02-05,25.43053436279297
2019-02-06,25.53229331970215
2019-02-07,25.53229331970215
2019-02-08,25.388139724731445
2019-02-11,25.752761840820312
2019-02-12,25.812124252319336
2019-02-13,26.09195327758789
2019-02-14,26.142826080322266
2019-02-15,26.92296028137207
2019-02-19,26.93143653869629
2019-02-20,26.95688247680664
2019-02-21,26.94839859008789
2019-02-22,27.033193588256836
2019-02-25,26.99079704284668
2019-02-26,27.143423080444336
2019-02-27,27.151906967163086
2019-02-28,27.652204513549805
2019-03-01,27.52501678466797
2019-03-04,27.52501678466797
2019-03-05,27.321502685546875
2019-03-06,27.041671752929688
2019-03-07,26.71096420288086
2019-03-08,26.744882583618164
2019-03-11,27.151906967163086
2019-03-12,27.313020706176758
2019-03-13,27.915075302124023
2019-03-14,27.84723663330078
2019-03-15,28.24578857421875
2019-03-18,28.186429977416992
2019-03-19,28.050750732421875
2019-03-20,27.51653480529785
2019-03-21,27.906599044799805
2019-03-22,26.99079704284668
2019-03-25,26.617685317993164
2019-03-26,26.93991470336914
2019-03-27,26.821197509765625
2019-03-28,26.99079704284668
2019-03-29,27.050153732299805
2019-04-01,27.626771926879883
2019-04-02,27.491092681884766
2019-04-03,27.43174171447754
2019-04-04,27.558937072753906
2019-04-05,27.397817611694336
2019-04-08,27.592853546142578
2019-04-09,27.363903045654297
2019-04-10,27.601327896118164
2019-04-11,27.660688400268555
2019-04-12,27.9829158782959
2019-04-15,27.94052505493164
2019-04-16,28.11859130859375
2019-04-17,28.186429977416992
2019-04-18,28.271224975585938
2019-04-22,28.449304580688477
2019-04-23,28.37298011779785
2019-04-24,28.432334899902344
2019-04-25,28.40690040588379
2019-04-26,29.17007064819336
2019-04-29,29.178544998168945
2019-04-30,29.399015426635742
2019-05-01,28.966552734375
2019-05-02,28.958072662353516
2019-05-03,29.29936408996582
2019-05-06,29.2567138671875
2019-05-07,29.00927734375
2019-05-08,28.855695724487305
2019-05-09,29.35055923461914
2019-05-10,29.87101936340332
2019-05-13,29.0007381439209
2019-05-14,29.66624641418457
2019-05-15,29.743040084838867
2019-05-16,30.0672607421875
2019-05-17,29.78569793701172
2019-05-20,29.86248779296875
2019-05-21,29.990474700927734
2019-05-22,30.0672607421875
2019-05-23,29.649185180664062
2019-05-24,29.70037269592285
2019-05-28,29.521196365356445
2019-05-29,29.32496452331543
2019-05-30,29.20550537109375
2019-05-31,28.693584442138672
2019-06-03,28.412019729614258
2019-06-04,28.95807647705078
2019-06-05,29.068998336791992
2019-06-06,29.29083251953125
2019-06-07,28.821569442749023
2019-06-10,28.429079055786133
2019-06-11,29.051931381225586
2019-06-12,28.830101013183594
2019-06-13,28.992206573486328
2019-06-14,28.966609954833984
2019-06-17,29.017803192138672
2019-06-18,29.38468360900879
2019-06-19,28.872756958007812
2019-06-20,29.214048385620117
2019-06-21,29.273767471313477
2019-06-24,29.0007381439209
2019-06-25,28.923948287963867
2019-06-26,29.20550537109375
2019-06-27,29.2567138671875
2019-06-28,29.58091926574707
2019-07-01,29.922210693359375
2019-07-02,30.024599075317383
2019-07-03,30.3146915435791
2019-07-05,30.38294219970703
2019-07-08,30.459733963012695
2019-07-09,30.51091957092285
2019-07-10,30.306163787841797
2019-07-11,30.408540725708008
2019-07-12,30.681570053100586
2019-07-15,30.579177856445312
2019-07-16,30.741294860839844
2019-07-17,30.323225021362305
2019-07-18,30.7924861907959
2019-07-19,29.905141830444336
2019-07-22,30.15258026123047
2019-07-23,30.783958435058594
2019-07-24,31.219097137451172
2019-07-25,31.150836944580078
2019-07-26,31.227624893188477
2019-07-29,31.014324188232422
2019-07-30,30.877803802490234
2019-07-31,30.613313674926758
2019-08-01,30.306163787841797
2019-08-02,30.10010528564453
2019-08-05,28.966848373413086
2019-08-06,29.4218692779541
2019-08-07,29.542064666748047
2019-08-08,30.057180404663086
2019-08-09,30.271804809570312
2019-08-12,29.10420799255371
2019-08-13,29.773866653442383
2019-08-14,28.19416618347168
2019-08-15,28.125484466552734
2019-08-16,28.70070457458496
2019-08-19,28.726459503173828
2019-08-20,28.280029296875
2019-08-21,28.365877151489258
2019-08-22,28.22850799560547
2019-08-23,27.0866641998291
2019-08-26,27.327056884765625
2019-08-27,26.949298858642578
2019-08-28,27.447246551513672
2019-08-29,27.696218490600586
2019-08-30,27.515928268432617
2019-09-03,27.249784469604492
2019-09-04,27.730560302734375
2019-09-05,28.57192611694336
2019-09-06,28.22850799560547
2019-09-09,28.94109344482422
2019-09-10,29.018362045288086
2019-09-11,29.129966735839844
2019-09-12,29.0612850189209
2019-09-13,29.34459686279297
2019-09-16,29.095626831054688
2019-09-17,29.155731201171875
2019-09-18,29.25874900817871
2019-09-19,29.22441291809082
2019-09-20,29.069873809814453
2019-09-23,29.293088912963867
2019-09-24,28.9067440032959
2019-09-25,29.0612850189209
2019-09-26,28.89815902709961
2019-09-27,28.86383056640625
2019-09-30,29.2673282623291
2019-10-01,28.460323333740234
2019-10-02,27.618955612182617
2019-10-03,27.687639236450195
2019-10-04,28.0224666595459
2019-10-07,27.83358383178711
2019-10-08,26.9578857421875
2019-10-09,27.601783752441406
2019-10-10,27.893688201904297
2019-10-11,28.365877151489258
2019-10-14,28.43456268310547
2019-10-15,28.923917770385742
2019-10-16,28.752216339111328
2019-10-17,29.17289161682129
2019-10-18,29.439050674438477
2019-10-21,30.10010528564453
2019-10-22,30.022842407226562
2019-10-23,30.1258602142334
2019-10-24,30.057180404663086
2019-10-25,30.297565460205078
2019-10-28,30.63239288330078
2019-10-29,30.726831436157227
2019-10-30,30.55513572692871
2019-10-31,30.366252899169922
2019-11-01,30.87595558166504
2019-11-04,31.273351669311523
2019-11-05,31.342472076416016
2019-11-06,31.808984756469727
2019-11-07,31.92992401123047
2019-11-08,31.912643432617188
2019-11-11,31.869455337524414
2019-11-12,31.869455337524414
2019-11-13,31.584365844726562
2019-11-14,31.731224060058594
2019-11-15,32.007667541503906
2019-11-18,32.059513092041016
2019-11-19,31.89536476135254
2019-11-20,31.584365844726562
2019-11-21,31.76578140258789
2019-11-22,31.878093719482422
2019-11-25,32.249568939208984
2019-11-26,32.30141067504883
2019-11-27,32.29277038574219
2019-11-29,32.31867599487305
2019-12-02,32.08543014526367
2019-12-03,31.808984756469727
2019-12-04,32.379150390625
2019-12-05,32.38779067993164
2019-12-06,32.62104797363281
2019-12-09,32.448272705078125
2019-12-10,32.32731628417969
2019-12-11,32.08543014526367
2019-12-12,32.56057357788086
2019-12-13,32.56057357788086
2019-12-16,32.11997985839844
2019-12-17,31.88672637939453
2019-12-18,31.783063888549805
2019-12-19,31.480697631835938
2019-12-20,31.739864349365234
2019-12-23,31.385663986206055
2019-12-24,31.377023696899414
2019-12-26,31.325185775756836
2019-12-27,31.351106643676758
2019-12-30,31.143770217895508
2019-12-31,31.109214782714844
2020-01-02,31.282001495361328
2020-01-03,30.832763671875
2020-01-06,30.824129104614258
2020-01-07,30.39217185974121
2020-01-08,30.625431060791016
2020-01-09,30.608156204223633
2020-01-10,30.64270782470703
2020-01-13,30.59087371826172
2020-01-14,30.582231521606445
2020-01-15,30.409446716308594
2020-01-16,30.651338577270508
2020-01-17,30.893230438232422
2020-01-21,30.858680725097656
2020-01-22,31.463407516479492
2020-01-23,31.273351669311523
2020-01-24,28.18921661376953
2020-01-27,27.817731857299805
2020-01-28,28.137380599975586
2020-01-29,28.19785499572754
2020-01-30,28.612533569335938
2020-01-31,27.999156951904297
2020-02-03,28.007789611816406
2020-02-04,28.206493377685547
2020-02-05,28.880342483520508
2020-02-06,28.862943649291992
2020-02-07,28.862943649291992
2020-02-10,28.932512283325195
2020-02-11,28.984695434570312
2020-02-12,29.20210075378418
2020-02-13,29.410810470581055
2020-02-14,29.349933624267578
2020-02-18,28.932512283325195
2020-02-19,29.01947784423828
2020-02-20,29.2542781829834
2020-02-21,28.984695434570312
2020-02-24,28.04549789428711
2020-02-25,26.7497501373291
2020-02-26,26.601911544799805
2020-02-27,25.810556411743164
2020-02-28,25.306169509887695
2020-03-02,26.42798614501953
2020-03-03,25.10615348815918
2020-03-04,26.210580825805664
2020-03-05,25.4453067779541
2020-03-06,24.56698226928711
2020-03-09,21.75809097290039
2020-03-10,22.845121383666992
2020-03-11,21.297183990478516
2020-03-12,18.84483528137207
2020-03-13,20.984115600585938
2020-03-16,15.522859573364258
2020-03-17,15.183697700500488
2020-03-18,12.11391544342041
2020-03-19,12.696563720703125
2020-03-20,11.66170883178711
2020-03-23,11.13123607635498
2020-03-24,12.818313598632812
2020-03-25,14.487998008728027
2020-03-26,16.54901695251465
2020-03-27,14.87063217163086
2020-03-30,14.583659172058105
2020-03-31,13.992310523986816
2020-04-01,12.618298530578613
2020-04-02,12.44437313079834
2020-04-03,11.522567749023438
2020-04-06,13.47053337097168
2020-04-07,14.018400192260742
2020-04-08,14.6271390914917
2020-04-09,15.32284164428711
2020-04-13,14.10536003112793
2020-04-14,13.827081680297852
2020-04-15,13.000933647155762
2020-04-16,12.322625160217285
2020-04-17,13.583585739135742
2020-04-20,13.557497024536133
2020-04-21,13.192253112792969
2020-04-22,13.957524299621582
2020-04-23,14.001005172729492
2020-04-24,14.757580757141113
2020-04-27,15.32284164428711
2020-04-28,16.29682159423828
2020-04-29,18.305662155151367
2020-04-30,17.209936141967773
2020-05-01,16.277767181396484
2020-05-04,16.207414627075195
2020-05-05,15.829268455505371
2020-05-06,15.213687896728516
2020-05-07,15.820475578308105
2020-05-08,16.374500274658203
2020-05-11,15.591830253601074
2020-05-12,14.932279586791992
2020-05-13,13.956140518188477
2020-05-14,15.011422157287598
2020-05-15,14.545340538024902
2020-05-18,15.794093132019043
2020-05-19,15.503887176513672
2020-05-20,15.926003456115723
2020-05-21,15.94359016418457
2020-05-22,15.697360038757324
2020-05-26,17.130783081054688
2020-05-27,18.77527618408203
2020-05-28,18.678537368774414
2020-05-29,17.9134578704834
2020-06-01,18.555421829223633
2020-06-02,19.40843963623047
2020-06-03,20.833080291748047
2020-06-04,21.395898818969727
2020-06-05,22.442386627197266
2020-06-08,23.62958526611328
2020-06-09,22.74138641357422
2020-06-10,21.431072235107422
2020-06-11,19.478797912597656
2020-06-12,20.903430938720703
2020-06-15,21.448659896850586
2020-06-16,22.12579917907715
2020-06-17,21.76524543762207
2020-06-18,21.325542449951172
2020-06-19,20.903430938720703
2020-06-22,20.921018600463867
2020-06-23,21.03533935546875
2020-06-24,19.4260311126709
2020-06-25,20.00644302368164
2020-06-26,18.81044578552246
2020-06-29,19.302915573120117
2020-06-30,19.487590789794922
2020-07-01,19.00391960144043
2020-07-02,19.22376823425293
2020-07-06,20.050411224365234
2020-07-07,19.16221046447754
2020-07-08,19.628292083740234
2020-07-09,18.766481399536133
2020-07-10,19.83934783935547
2020-07-13,19.953676223754883
2020-07-14,19.742618560791016
2020-07-15,20.789112091064453
2020-07-16,20.885841369628906
2020-07-17,20.410966873168945
2020-07-20,19.681053161621094
2020-07-21,19.909704208374023
2020-07-22,20.155933380126953
2020-07-23,20.569255828857422
2020-07-24,20.7187557220459
2020-07-27,20.877044677734375
2020-07-28,20.29663848876953
2020-07-29,20.912229537963867
2020-07-30,20.37578773498535
2020-07-31,19.647762298583984
2020-08-03,20.171585083007812
2020-08-04,20.109437942504883
2020-08-05,20.713165283203125
2020-08-06,20.500083923339844
2020-08-07,21.032787322998047
2020-08-10,21.83183479309082
2020-08-11,22.284629821777344
2020-08-12,21.965009689331055
2020-08-13,21.929494857788086
2020-08-14,22.13369369506836
2020-08-17,21.61875343322754
2020-08-18,21.290254592895508
2020-08-19,21.405675888061523
2020-08-20,21.254743576049805
2020-08-21,21.228111267089844
2020-08-24,22.417804718017578
2020-08-25,22.1070613861084
2020-08-26,21.707534790039062
2020-08-27,22.710790634155273
2020-08-28,22.888355255126953
2020-08-31,22.027158737182617
2020-09-01,22.071550369262695
2020-09-02,22.03603744506836
2020-09-03,22.302391052246094
2020-09-04,23.23461151123047
2020-09-08,22.666399002075195
2020-09-09,22.728546142578125
2020-09-10,22.550979614257812
2020-09-11,22.897235870361328
2020-09-14,23.935997009277344
2020-09-15,23.518718719482422
2020-09-16,24.49533462524414
2020-09-17,24.53972625732422
2020-09-18,24.175718307495117
2020-09-21,22.99489402770996
2020-09-22,22.7374267578125
2020-09-23,22.284629821777344
2020-09-24,21.991649627685547
2020-09-25,22.320138931274414
2020-09-28,22.897235870361328
2020-09-29,22.68415641784668
2020-09-30,23.23461151123047
2020-10-01,23.66077423095703
2020-10-02,24.379911422729492
2020-10-05,25.19672393798828
2020-10-06,24.415430068969727
2020-10-07,25.125696182250977
2020-10-08,25.88035774230957
2020-10-09,25.605121612548828
2020-10-12,25.631765365600586
2020-10-13,25.338777542114258
2020-10-14,25.454198837280273
2020-10-15,25.835966110229492
2020-10-16,26.084558486938477
2020-10-19,25.81821060180664
2020-10-20,24.513090133666992
2020-10-21,23.847219467163086
2020-10-22,24.823833465576172
2020-10-23,24.63738441467285
2020-10-26,23.87384605407715
2020-10-27,23.287878036499023
2020-10-28,22.346778869628906
2020-10-29,22.604251861572266
2020-10-30,22.407228469848633
2020-11-02,23.249059677124023
2020-11-03,23.875957489013672
2020-11-04,23.750579833984375
2020-11-05,24.610328674316406
2020-11-06,24.0013427734375
2020-11-09,26.73284339904785
2020-11-10,26.517902374267578
2020-11-11,26.329832077026367
2020-11-12,26.070112228393555
2020-11-13,26.885086059570312
2020-11-16,27.86125946044922
2020-11-17,27.377647399902344
2020-11-18,26.938819885253906
2020-11-19,26.911949157714844
2020-11-20,26.374614715576172
2020-11-23,27.431381225585938
2020-11-24,28.631452560424805
2020-11-25,28.10306167602539
2020-11-27,27.843351364135742
2020-11-30,27.2880916595459
2020-12-01,28.183664321899414
2020-12-02,28.95386505126953
2020-12-03,28.971771240234375
2020-12-04,29.527029037475586
2020-12-07,29.16879653930664
2020-12-08,29.007591247558594
2020-12-09,28.971771240234375
2020-12-10,29.535982131958008
2020-12-11,28.90012550354004
2020-12-14,28.57771873474121
2020-12-15,29.31209373474121
2020-12-16,29.518064498901367
2020-12-17,29.822568893432617
2020-12-18,28.971771240234375
2020-12-21,29.894214630126953
2020-12-22,29.786739349365234
2020-12-23,30.565889358520508
2020-12-24,30.41364860534668
2020-12-28,30.404685974121094
2020-12-29,30.386770248413086
2020-12-30,30.70918846130371
2020-12-31,31.085325241088867
2021-01-04,30.574840545654297
2021-01-05,31.13905906677246
2021-01-06,33.02872085571289
2021-01-07,32.876468658447266
2021-01-08,32.76003646850586
2021-01-11,32.500335693359375
2021-01-12,32.74213409423828
2021-01-13,33.50336456298828
2021-01-14,34.84672546386719
2021-01-15,34.72134017944336
2021-01-19,35.55422592163086
2021-01-20,35.7422981262207
2021-01-21,34.18400573730469
2021-01-22,33.46754837036133
2021-01-25,32.80481719970703
2021-01-26,31.685352325439453
2021-01-27,30.789783477783203
2021-01-28,32.14208984375
2021-01-29,30.136011123657227
2021-02-01,31.06740379333496
2021-02-02,32.27644729614258
2021-02-03,32.33913040161133
2021-02-04,33.46544647216797
2021-02-05,33.600608825683594
2021-02-08,33.94300842285156
2021-02-09,33.44742965698242
2021-02-10,34.13222885131836
2021-02-11,33.59159469604492
2021-02-12,33.474464416503906
2021-02-16,34.150264739990234
2021-02-17,33.76279830932617
2021-02-18,33.023929595947266
2021-02-19,34.31245422363281
2021-02-22,34.97924041748047
2021-02-23,34.67287826538086
2021-02-24,36.24072265625
2021-02-25,35.15944290161133
2021-02-26,34.853092193603516
2021-03-01,36.0424919128418
2021-03-02,35.64602279663086
2021-03-03,36.150611877441406
2021-03-04,35.06032943725586
2021-03-05,36.132591247558594
2021-03-08,36.619163513183594
2021-03-09,36.19565963745117
2021-03-10,37.49319076538086
2021-03-11,38.43932342529297
2021-03-12,38.47535705566406
2021-03-15,38.58348083496094
2021-03-16,38.02483367919922
2021-03-17,38.871826171875
2021-03-18,37.17782974243164
2021-03-19,36.91651916503906
2021-03-22,36.5290641784668
2021-03-23,34.96121597290039
2021-03-24,35.58294677734375
2021-03-25,36.70026397705078
2021-03-26,37.23188781738281
2021-03-29,36.31281661987305
2021-03-30,36.997615814208984
2021-03-31,36.6371955871582
2021-04-01,37.53824996948242
2021-04-05,38.042850494384766
2021-04-06,38.01581573486328
2021-04-07,38.2861328125
2021-04-08,38.06988525390625
2021-04-09,38.56545639038086
2021-04-12,38.88084411621094
2021-04-13,37.358036041259766
2021-04-14,37.394081115722656
2021-04-15,37.19585037231445
2021-04-16,37.29496383666992
2021-04-19,36.70026397705078
2021-04-20,35.6550407409668
2021-04-21,36.204681396484375
2021-04-22,35.934364318847656
2021-04-23,36.655216217041016
2021-04-26,37.36705017089844
2021-04-27,36.70026397705078
2021-04-28,38.772708892822266
2021-04-29,40.0432014465332
2021-04-30,39.608551025390625
2021-05-03,39.5542106628418
2021-05-04,40.37826156616211
2021-05-05,40.55937194824219
2021-05-06,40.65896987915039
2021-05-07,41.56452560424805
2021-05-10,41.673187255859375
2021-05-11,40.939693450927734
2021-05-12,39.96171569824219
2021-05-13,40.9940299987793
2021-05-14,42.37950897216797
2021-05-17,42.479122161865234
2021-05-18,41.51924133300781
2021-05-19,41.537349700927734
2021-05-20,41.437744140625
2021-05-21,41.85429000854492
2021-05-24,42.01729965209961
2021-05-25,41.89052200317383
2021-05-26,42.33423614501953
2021-05-27,43.194496154785156
2021-05-28,42.931888580322266
2021-06-01,44.34455490112305
2021-06-02,44.824485778808594
2021-06-03,45.14142608642578
2021-06-04,45.087093353271484
2021-06-07,45.684749603271484
2021-06-08,46.001686096191406
2021-06-09,45.34063720703125
2021-06-10,44.3626594543457
2021-06-11,44.706764221191406
2021-06-14,44.045719146728516
2021-06-15,45.322532653808594
2021-06-16,44.83354949951172
2021-06-17,43.0224494934082
2021-06-18,41.781856536865234
2021-06-21,43.46616744995117
2021-06-22,43.375606536865234
2021-06-23,43.75594711303711
2021-06-24,44.37171936035156
2021-06-25,45.09614944458008
2021-06-28,43.909881591796875
2021-06-29,43.46616744995117
2021-06-30,43.93704605102539
2021-07-01,44.25398635864258
2021-07-02,44.416988372802734
2021-07-06,43.34844207763672
2021-07-07,43.4299430847168
2021-07-08,42.29801940917969
2021-07-09,44.1272087097168
2021-07-12,44.824485778808594
2021-07-13,44.045719146728516
2021-07-14,43.01338577270508
2021-07-15,43.21261215209961
2021-07-16,42.316123962402344
2021-07-19,40.56842041015625
2021-07-20,41.65507888793945
2021-07-21,42.687400817871094
2021-07-22,41.573577880859375
2021-07-23,42.116905212402344
2021-07-26,42.687400817871094
2021-07-27,42.76890182495117
2021-07-28,42.75078582763672
2021-07-29,43.75594711303711
2021-07-30,42.77348327636719
2021-08-02,42.61883544921875
2021-08-03,42.86444854736328
2021-08-04,42.90993118286133
2021-08-05,43.928775787353516
2021-08-06,44.938541412353516
2021-08-09,44.5473747253418
2021-08-10,45.602603912353516
2021-08-11,46.58506393432617
2021-08-12,46.95804214477539
2021-08-13,47.130882263183594
2021-08-16,46.81248092651367
2021-08-17,46.11202621459961
2021-08-18,45.438865661621094
2021-08-19,44.5837516784668
2021-08-20,44.75659942626953
2021-08-23,45.22053146362305
2021-08-24,45.675384521484375
2021-08-25,46.77608871459961
2021-08-26,46.18480682373047
2021-08-27,47.258235931396484
2021-08-30,44.89305114746094
2021-08-31,45.25692367553711
2021-09-01,44.201690673828125
2021-09-02,43.94697952270508
2021-09-03,43.1009635925293
2021-09-07,42.46419143676758
2021-09-08,41.55449676513672
2021-09-09,42.37321472167969
2021-09-10,43.0463752746582
2021-09-13,44.29265594482422
2021-09-14,43.37387466430664
2021-09-15,43.88329315185547
2021-09-16,44.29265594482422
2021-09-17,44.065223693847656
2021-09-20,43.0099983215332
2021-09-21,43.23741912841797
2021-09-22,43.983360290527344
2021-09-23,45.33879089355469
2021-09-24,45.69356918334961
2021-09-27,47.04901123046875
2021-09-28,46.093833923339844
2021-09-29,45.975582122802734
2021-09-30,44.46549606323242
2021-10-01,45.4024772644043
2021-10-04,45.13867950439453
2021-10-05,45.62989807128906
2021-10-06,45.34789276123047
2021-10-07,45.13867950439453
2021-10-08,45.438865661621094
2021-10-11,44.629241943359375
2021-10-12,45.20233917236328
2021-10-13,44.02885055541992
2021-10-14,45.09318542480469
2021-10-15,45.64808654785156
2021-10-18,46.40312957763672
2021-10-19,47.63119888305664
2021-10-20,47.249141693115234
2021-10-21,44.656532287597656
2021-10-22,44.74749755859375
2021-10-25,44.47459030151367
2021-10-26,44.5291748046875
2021-10-27,42.46419143676758
2021-10-28,42.637020111083984
2021-10-29,42.45423126220703
2021-11-01,43.29508972167969
2021-11-02,43.30422592163086
2021-11-03,44.05369186401367
2021-11-04,43.861759185791016
2021-11-05,44.958526611328125
2021-11-08,45.022499084472656
2021-11-09,45.068206787109375
2021-11-10,45.23271942138672
2021-11-11,45.43378829956055
2021-11-12,45.86336135864258
2021-11-15,45.81766128540039
2021-11-16,45.351539611816406
2021-11-17,44.4101448059082
2021-11-18,44.19078063964844
2021-11-19,43.7612190246582
2021-11-22,44.19078063964844
2021-11-23,45.43378829956055
2021-11-24,45.4886360168457
2021-11-26,43.57842254638672
2021-11-29,43.066593170166016
2021-11-30,40.93702697753906
2021-12-01,39.995635986328125
2021-12-02,41.713905334472656
2021-12-03,41.38487243652344
2021-12-06,42.35369873046875
2021-12-07,43.496158599853516
2021-12-08,43.24025344848633
2021-12-09,43.77035903930664
2021-12-10,43.7520751953125
2021-12-13,42.35369873046875
2021-12-14,42.80154800415039
2021-12-15,42.70100402832031
2021-12-16,43.523590087890625
2021-12-17,42.637027740478516
2021-12-20,40.41605758666992
2021-12-21,42.16175842285156
2021-12-22,41.99724197387695
2021-12-23,42.18916702270508
2021-12-27,42.20745086669922
2021-12-28,42.463375091552734
2021-12-29,42.30799102783203
2021-12-30,42.28057861328125
2021-12-31,42.399391174316406
2022-01-03,42.9569206237793
2022-01-04,44.017127990722656
2022-01-05,42.87465286254883
2022-01-06,43.46874237060547
2022-01-07,44.06283187866211
2022-01-10,44.14508819580078
2022-01-11,44.56550979614258
2022-01-12,44.812286376953125
2022-01-13,45.205291748046875
2022-01-14,44.48326110839844
2022-01-18,43.17626953125
2022-01-19,41.713905334472656
2022-01-20,41.275203704833984
2022-01-21,40.59885787963867
2022-01-24,41.06499099731445
2022-01-25,42.134334564208984
2022-01-26,41.46713638305664
2022-01-27,40.59885787963867
2022-01-28,37.8569221496582
2022-01-31,38.926273345947266
2022-02-01,39.19132995605469
2022-02-02,39.02681350708008
2022-02-03,38.61552429199219
2022-02-04,38.844017028808594
2022-02-07,39.200469970703125
2022-02-08,40.19670104980469
2022-02-09,41.02342224121094
2022-02-10,40.53657150268555
2022-02-11,40.22426986694336
2022-02-14,40.444725036621094
2022-02-15,41.1428337097168
2022-02-16,41.19795227050781
2022-02-17,40.10485076904297
2022-02-18,39.88438415527344
2022-02-22,39.232200622558594
2022-02-23,38.212589263916016
2022-02-24,37.88190841674805
2022-02-25,39.67312240600586
2022-02-28,39.29650115966797
2022-03-01,36.256019592285156
2022-03-02,36.52241516113281
2022-03-03,35.723270416259766
2022-03-04,34.24435806274414
2022-03-07,31.92955780029297
2022-03-08,32.20512771606445
2022-03-09,33.25230407714844
2022-03-10,32.54500198364258
2022-03-11,32.18675994873047
2022-03-14,32.5909309387207
2022-03-15,33.19719314575195
2022-03-16,34.602603912353516
2022-03-17,34.400516510009766
2022-03-18,34.529117584228516
2022-03-21,33.41764831542969
2022-03-22,34.53831100463867
2022-03-23,33.380897521972656
2022-03-24,33.43601989746094
2022-03-25,33.68402862548828
2022-03-28,32.93080139160156
2022-03-29,33.76670455932617
2022-03-30,32.82057189941406
2022-03-31,31.97548484802246
2022-04-01,32.2969856262207
2022-04-04,32.67359924316406
2022-04-05,32.398033142089844
2022-04-06,32.85731887817383
2022-04-07,32.74708557128906
2022-04-08,33.65647506713867
2022-04-11,33.54624557495117
2022-04-12,33.867740631103516
2022-04-13,34.41889190673828
2022-04-14,34.63016128540039
2022-04-18,36.770442962646484
2022-04-19,37.38587188720703
2022-04-20,37.18379211425781
2022-04-21,36.559165954589844
2022-04-22,34.88736343383789
2022-04-25,35.172122955322266
2022-04-26,34.45562744140625
2022-04-27,33.82181167602539
2022-04-28,34.97003173828125
2022-04-29,34.0091667175293
2022-05-02,34.489601135253906
2022-05-03,35.37655258178711
2022-05-04,37.085792541503906
2022-05-05,36.3374137878418
2022-05-06,35.15481185913086
2022-05-09,34.21242141723633
2022-05-10,33.40862274169922
2022-05-11,32.64176940917969
2022-05-12,30.51677703857422
2022-05-13,30.997217178344727
2022-05-16,30.63688850402832
2022-05-17,32.70645523071289
2022-05-18,30.56297492980957
2022-05-19,30.082542419433594
2022-05-20,29.99015235900879
2022-05-23,31.505361557006836
2022-05-24,30.405916213989258
2022-05-25,31.357540130615234
2022-05-26,32.50319290161133
2022-05-27,33.39014434814453
2022-05-31,34.22165298461914
2022-06-01,33.14068603515625
2022-06-02,33.46405792236328
2022-06-03,32.743404388427734
2022-06-06,33.066776275634766
2022-06-07,33.60264205932617
2022-06-08,32.2999267578125
2022-06-09,31.274389266967773
2022-06-10,29.11243438720703
2022-06-13,27.44015884399414
2022-06-14,27.264616012573242
2022-06-15,28.151567459106445
2022-06-16,26.719507217407227
2022-06-17,27.615697860717773
2022-06-21,26.996679306030273
2022-06-22,26.83037757873535
2022-06-23,26.07276725769043
2022-06-24,27.292333602905273
2022-06-27,27.20918083190918
2022-06-28,26.7564640045166
2022-06-29,26.35918426513672
2022-06-30,25.51841926574707
2022-07-01,26.414621353149414
2022-07-05,26.73798179626465
2022-07-06,26.386898040771484
2022-07-07,27.246135711669922
2022-07-08,27.421680450439453
2022-07-11,27.486358642578125
2022-07-12,28.1423282623291
2022-07-13,27.735811233520508
2022-07-14,27.698854446411133
2022-07-15,29.00156593322754
2022-07-18,29.084720611572266
2022-07-19,30.387434005737305
2022-07-20,30.76624298095703
2022-07-21,30.1749324798584
2022-07-22,30.193416595458984
2022-07-25,30.322757720947266
2022-07-26,29.334178924560547
2022-07-27,30.101024627685547
2022-07-28,30.1749324798584
2022-07-29,31.15192222595215
2022-08-01,31.393840789794922
2022-08-02,30.537813186645508
2022-08-03,31.635766983032227
2022-08-04,31.412446975708008
2022-08-05,31.542713165283203
2022-08-08,32.03586196899414
2022-08-09,31.542713165283203
2022-08-10,33.18033218383789
2022-08-11,33.599037170410156
2022-08-12,33.626956939697266
2022-08-15,33.26407241821289
2022-08-16,33.524600982666016
2022-08-17,32.7523193359375
2022-08-18,32.910499572753906
2022-08-19,31.924209594726562
2022-08-22,31.058879852294922
2022-08-23,31.635766983032227
2022-08-24,31.942811965942383
2022-08-25,32.68718338012695
2022-08-26,31.310102462768555
2022-08-29,30.454072952270508
2022-08-30,30.668073654174805
2022-08-31,30.472681045532227
2022-09-01,29.82135581970215
2022-09-02,29.746917724609375
2022-09-06,28.844371795654297
2022-09-07,29.728313446044922
2022-09-08,30.33310890197754
2022-09-09,31.096094131469727
2022-09-12,31.91489028930664
2022-09-13,29.40264892578125
2022-09-14,29.53291130065918
2022-09-15,30.33310890197754
2022-09-16,30.249370574951172
2022-09-19,30.435461044311523
2022-09-20,29.43986701965332
2022-09-21,28.500099182128906
2022-09-22,27.66268539428711
2022-09-23,27.234668731689453
2022-09-26,26.248374938964844
2022-09-27,26.155332565307617
2022-09-28,26.974136352539062
2022-09-29,26.834566116333008
2022-09-30,26.229768753051758
2022-10-03,27.783641815185547
2022-10-04,29.477088928222656
2022-10-05,29.542221069335938
2022-10-06,29.300294876098633
2022-10-07,28.695497512817383
2022-10-10,28.853675842285156
2022-10-11,28.76993179321289
2022-10-12,29.114208221435547
2022-10-13,30.1284122467041
2022-10-14,29.235166549682617
2022-10-17,29.93301010131836
2022-10-18,30.323806762695312
2022-10-19,29.393346786499023
2022-10-20,29.365428924560547
2022-10-21,30.156322479248047
2022-10-24,30.770431518554688
2022-10-25,32.51970291137695
2022-10-26,32.61273956298828
2022-10-27,32.63135528564453
2022-10-28,33.61764907836914
2022-10-31,33.29926681518555
2022-11-01,33.61764907836914
2022-11-02,32.71868133544922
2022-11-03,31.85717010498047
2022-11-04,32.79359436035156
2022-11-07,33.89857864379883
2022-11-08,33.79557418823242
2022-11-09,32.78423309326172
2022-11-10,36.267730712890625
2022-11-11,37.672367095947266
2022-11-14,35.35003662109375
2022-11-15,33.63637924194336
2022-11-16,32.952781677246094
2022-11-17,33.19626235961914
2022-11-18,33.6082878112793
2022-11-21,33.992218017578125
2022-11-22,34.19823455810547
2022-11-23,34.49788284301758
2022-11-25,34.69453048706055
2022-11-28,34.10458755493164
2022-11-29,34.909915924072266
2022-11-30,35.190853118896484
2022-12-01,33.65510940551758
2022-12-02,33.055789947509766
2022-12-05,32.20364761352539
2022-12-06,32.43775177001953
2022-12-07,32.42839050292969
2022-12-08,32.699954986572266
2022-12-09,32.877872467041016
2022-12-12,33.30862808227539
2022-12-13,33.14007568359375
2022-12-14,32.16618728637695
2022-12-15,31.45450782775879
2022-12-16,31.09866714477539
2022-12-19,30.321435928344727
2022-12-20,30.574270248413086
2022-12-21,31.16421127319336
2022-12-22,30.283977508544922
2022-12-23,30.667911529541016
2022-12-27,30.489990234375
2022-12-28,30.059232711791992
2022-12-29,30.7521915435791
2022-12-30,30.770917892456055
2023-01-03,30.33079719543457
2023-01-04,30.995656967163086
2023-01-05,29.946863174438477
2023-01-06,30.714731216430664
2023-01-09,30.237157821655273
2023-01-10,30.7521915435791
2023-01-11,31.613697052001953
2023-01-12,31.445146560668945
2023-01-13,31.34213638305664
2023-01-17,31.529422760009766
2023-01-18,31.09866714477539
2023-01-19,30.50872039794922
2023-01-20,33.1588020324707
2023-01-23,32.36284255981445
2023-01-24,33.1213493347168
2023-01-25,34.53534698486328
2023-01-26,34.22632598876953
2023-01-27,34.70390319824219
2023-01-30,33.85176086425781
2023-01-31,34.39487838745117
2023-02-01,33.065162658691406
2023-02-02,35.38749313354492
2023-02-03,34.90699768066406
2023-02-06,34.31342697143555
2023-02-07,34.812774658203125
2023-02-08,34.322853088378906
2023-02-09,34.14384460449219
2023-02-10,34.31342697143555
2023-02-13,34.888145446777344
2023-02-14,34.21921157836914
2023-02-15,34.39822006225586
2023-02-16,33.58796310424805
2023-02-17,33.701026916503906
2023-02-21,32.97556686401367
2023-02-22,33.399539947509766
2023-02-23,33.842350006103516
2023-02-24,33.729286193847656
2023-02-27,33.4466438293457
2023-02-28,33.64450454711914
2023-03-01,33.89887619018555
2023-03-02,33.67276382446289
2023-03-03,34.2757453918457
2023-03-06,33.5502815246582
2023-03-07,32.645809173583984
2023-03-08,32.48564529418945
2023-03-09,31.30794334411621
2023-03-10,30.271570205688477
2023-03-13,27.558151245117188
2023-03-14,28.69816017150879
2023-03-15,27.228395462036133
2023-03-16,27.473356246948242
2023-03-17,26.84210777282715
2023-03-20,26.804426193237305
2023-03-21,28.170555114746094
2023-03-22,27.266080856323242
2023-03-23,26.389869689941406
2023-03-24,26.418140411376953
2023-03-27,26.681943893432617
2023-03-28,26.53119659423828
2023-03-29,26.99285316467285
2023-03-30,26.898639678955078
2023-03-31,27.397987365722656
2023-04-03,27.680631637573242
2023-04-04,27.256662368774414
2023-04-05,26.85152816772461
2023-04-06,26.9645938873291
2023-04-10,27.134178161621094
2023-04-11,28.123445510864258
2023-04-12,27.821956634521484
2023-04-13,28.048070907592773
2023-04-14,28.076337814331055
2023-04-17,28.227079391479492
2023-04-18,28.500308990478516
2023-04-19,29.009077072143555
2023-04-20,28.13286781311035
2023-04-21,28.00096321105957
2023-04-24,27.869064331054688
2023-04-25,27.454513549804688
2023-04-26,27.454513549804688
2023-04-27,27.652368545532227
2023-04-28,27.803110122680664
2023-05-01,27.413793563842773
2023-05-02,26.150880813598633
2023-05-03,26.31230354309082
2023-05-04,25.41022300720215
2023-05-05,25.960966110229492
2023-05-08,26.0179386138916
2023-05-09,26.07491111755371
2023-05-10,25.75206184387207
2023-05-11,26.027435302734375
2023-05-12,25.714080810546875
2023-05-15,26.559188842773438
2023-05-16,26.473730087280273
2023-05-17,27.30933952331543
2023-05-18,28.486793518066406
2023-05-19,28.50578498840332
2023-05-22,28.819141387939453
2023-05-23,29.122997283935547
2023-05-24,28.54376983642578
2023-05-25,28.486793518066406
2023-05-26,29.341398239135742
2023-05-30,29.65475082397461
2023-05-31,29.39837074279785
2023-06-01,29.958614349365234
2023-06-02,31.373455047607422
2023-06-05,31.060104370117188
2023-06-06,32.08562469482422
2023-06-07,32.474945068359375
2023-06-08,32.06663131713867
2023-06-09,31.990673065185547
2023-06-12,32.03815460205078
2023-06-13,32.41797637939453
2023-06-14,31.848236083984375
2023-06-15,31.75328254699707
2023-06-16,31.240516662597656
2023-06-20,31.060104370117188
2023-06-21,31.155057907104492
2023-06-22,31.031612396240234
2023-06-23,31.050609588623047
2023-06-26,30.93665885925293
2023-06-27,31.68681526184082
2023-06-28,32.142601013183594
2023-06-29,32.35150146484375
2023-06-30,32.209068298339844
2023-07-03,32.64586639404297
2023-07-05,32.03815460205078
2023-07-06,31.75328254699707
2023-07-07,31.91470718383789
2023-07-10,32.2375602722168
2023-07-11,32.968719482421875
2023-07-12,33.11114501953125
2023-07-13,33.870792388916016
2023-07-14,33.1396369934082
2023-07-17,33.718868255615234
2023-07-18,34.34557342529297
2023-07-19,34.288604736328125
2023-07-20,33.1301383972168
2023-07-21,32.92123031616211
2023-07-24,34.032222747802734
2023-07-25,33.38652420043945
2023-07-26,33.101654052734375
2023-07-27,32.978214263916016
2023-07-28,33.08342361450195
2023-07-31,33.03560256958008
2023-08-01,33.207763671875
2023-08-02,32.65302276611328
2023-08-03,32.80604934692383
2023-08-04,32.86344528198242
2023-08-07,33.2364501953125
2023-08-08,33.322532653808594
2023-08-09,32.901702880859375
2023-08-10,32.901702880859375
2023-08-11,33.25558090209961
2023-08-14,32.739097595214844
2023-08-15,32.021766662597656
2023-08-16,31.43833351135254
2023-08-17,31.620065689086914
2023-08-18,31.72527503967285
2023-08-21,31.476591110229492
2023-08-22,30.405380249023438
2023-08-23,30.63492202758789
2023-08-24,30.558408737182617
2023-08-25,30.462766647338867
2023-08-28,30.587100982666016
2023-08-29,31.122709274291992
2023-08-30,30.95054817199707
2023-08-31,30.874032974243164
2023-09-01,31.237483978271484
2023-09-05,30.414939880371094
2023-09-06,30.34798812866211
2023-09-07,29.573272705078125
2023-09-08,29.91758918762207
2023-09-11,30.319297790527344
2023-09-12,30.874032974243164
2023-09-13,30.414939880371094
2023-09-14,30.88359832763672
2023-09-15,31.103580474853516
2023-09-18,30.740131378173828
2023-09-19,30.960113525390625
2023-09-20,30.759262084960938
2023-09-21,30.42450523376465
2023-09-22,30.01323699951172
2023-09-25,30.061059951782227
2023-09-26,29.735864639282227
2023-09-27,28.865501403808594
2023-09-28,29.525447845458984
2023-09-29,29.238513946533203
2023-10-02,29.047225952148438
2023-10-03,27.83254051208496
2023-10-04,27.77515411376953
2023-10-05,27.459529876708984
2023-10-06,28.042959213256836
2023-10-09,28.08121681213379
2023-10-10,28.540311813354492
2023-10-11,28.36815071105957
2023-10-12,28.14816665649414
2023-10-13,27.612558364868164
2023-10-16,28.358585357666016
2023-10-17,29.17156410217285
2023-10-18,28.59769630432129
2023-10-19,27.50735092163086
2023-10-20,27.134336471557617
2023-10-23,27.373449325561523
2023-10-24,26.177892684936523
2023-10-25,26.493518829345703
2023-10-26,26.78045082092285
2023-10-27,26.86652946472168
2023-10-30,27.096078872680664
2023-10-31,27.067129135131836
2023-11-01,26.989933013916016
2023-11-02,28.061038970947266
2023-11-03,29.09354591369629
2023-11-06,28.475971221923828
2023-11-07,28.321577072143555
2023-11-08,28.29262924194336
2023-11-09,28.128585815429688
2023-11-10,28.53386688232422
2023-11-13,28.42772102355957
2023-11-14,29.238290786743164
2023-11-15,28.717212677001953
2023-11-16,27.896995544433594
2023-11-17,28.833005905151367
2023-11-20,28.775110244750977
2023-11-21,28.437374114990234
2023-11-22,28.640016555786133
2023-11-24,28.784757614135742
2023-11-27,28.36017608642578
2023-11-28,29.8076171875
2023-11-29,30.12605094909668
2023-11-30,31.22610855102539
2023-12-01,32.64459991455078
2023-12-04,32.77969741821289
2023-12-05,32.78934097290039
2023-12-06,33.09812927246094
2023-12-07,33.67710494995117
2023-12-08,34.053443908691406
2023-12-11,34.20783615112305
2023-12-12,34.35258102416992
2023-12-13,35.53948211669922
2023-12-14,36.41759490966797
2023-12-15,35.81931686401367
2023-12-18,36.23424530029297
2023-12-19,36.890419006347656
2023-12-20,36.0219612121582
2023-12-21,36.71672821044922
2023-12-22,36.61058807373047
2023-12-26,36.92902374267578
2023-12-27,37.0062141418457
2023-12-28,37.02552032470703
2023-12-29,36.851829528808594
2024-01-02,36.629886627197266
2024-01-03,36.13775634765625
2024-01-04,36.128108978271484
2024-01-05,37.45975112915039
2024-01-08,37.82643508911133
2024-01-09,37.150962829589844
2024-01-10,36.61058807373047
2024-01-11,36.63953399658203
2024-01-12,35.4429817199707
2024-01-16,35.664920806884766
2024-01-17,35.19209671020508
2024-01-18,34.51662063598633
2024-01-19,35.61667251586914
2024-01-22,36.4465446472168
2024-01-23,36.128108978271484
2024-01-24,36.63953399658203
2024-01-25,37.112361907958984
2024-01-26,38.15452194213867
2024-01-29,37.84573745727539
2024-01-30,38.30891418457031
2024-01-31,37.50799560546875
2024-02-01,37.25710678100586
2024-02-02,37.83015060424805
2024-02-05,37.645606994628906
2024-02-06,37.674747467041016
2024-02-07,37.42222213745117
2024-02-08,37.76216125488281
2024-02-09,37.61647033691406
2024-02-12,38.393470764160156
2024-02-13,37.53877639770508
2024-02-14,38.199222564697266
2024-02-15,38.70426940917969
2024-02-16,38.422611236572266
2024-02-20,39.31615447998047
2024-02-21,38.51972961425781
2024-02-22,38.55857849121094
2024-02-23,38.96651077270508
2024-02-26,38.772254943847656
2024-02-27,39.83091735839844
2024-02-28,39.6949462890625
2024-02-29,40.11257553100586
2024-03-01,39.86977005004883
2024-03-04,39.46184539794922
2024-03-05,39.67551803588867
2024-03-06,40.07373046875
2024-03-07,40.37481689453125
2024-03-08,40.928428649902344
2024-03-11,41.316932678222656
2024-03-12,41.88996505737305
2024-03-13,42.22990036010742
2024-03-14,42.00651550292969
2024-03-15,40.57878112792969
2024-03-18,40.54964828491211
2024-03-19,40.90900421142578
2024-03-20,42.14249038696289
2024-03-21,41.423770904541016
2024-03-22,40.35539245605469
2024-03-25,40.13200378417969
2024-03-26,40.3845329284668
2024-03-27,41.06440734863281
2024-03-28,41.880252838134766
2024-04-01,40.54964828491211
2024-04-02,39.821205139160156
2024-04-03,40.025169372558594
2024-04-04,40.00574493408203
2024-04-05,40.09315872192383
2024-04-08,41.28778839111328
2024-04-09,41.11296844482422
2024-04-10,40.248558044433594
2024-04-11,40.10287094116211
2024-04-12,39.248172760009766
2024-04-15,39.30644607543945
2024-04-16,38.772254943847656
2024-04-17,38.53915786743164
2024-04-18,39.626953125
2024-04-19,40.37481689453125
2024-04-22,40.93814468383789
2024-04-23,41.62772750854492
2024-04-24,43.725624084472656
2024-04-25,43.375980377197266
2024-04-26,43.385684967041016
2024-04-29,43.414825439453125
2024-04-30,42.71552658081055
2024-05-01,42.69610595703125
2024-05-02,43.94901657104492
2024-05-03,44.53499984741211
2024-05-06,45.16005325317383
2024-05-07,44.212711334228516
2024-05-08,44.54476547241211
2024-05-09,45.02332305908203
2024-05-10,44.66196060180664
2024-05-13,43.861122131347656
2024-05-14,44.12480926513672
2024-05-15,43.109100341796875
2024-05-16,42.464515686035156
2024-05-17,42.91376876831055
2024-05-20,43.138397216796875
2024-05-21,43.753684997558594
2024-05-22,42.52312088012695
2024-05-23,41.85899353027344
2024-05-24,42.318016052246094
2024-05-28,42.21058654785156
2024-05-29,41.39020538330078
2024-05-30,41.9859619140625
2024-05-31,42.777042388916016
2024-06-03,42.54264450073242
2024-06-04,41.526939392089844
2024-06-05,41.80039596557617
2024-06-06,42.054325103759766
2024-06-07,42.679378509521484
2024-06-10,43.3044319152832
2024-06-11,41.47809982299805
2024-06-12,42.63054275512695
2024-06-13,41.84922790527344
2024-06-14,40.71631622314453
2024-06-17,42.083621978759766
2024-06-18,42.61101150512695
2024-06-20,43.88064956665039
2024-06-21,43.431396484375
2024-06-24,44.456871032714844
2024-06-25,44.10527801513672
2024-06-26,43.83182144165039
2024-06-27,43.19699478149414
2024-06-28,46.08787155151367
2024-07-01,46.98638153076172
2024-07-02,46.90824508666992
2024-07-03,46.2538948059082
2024-07-05,45.82417297363281
2024-07-08,46.55665588378906
2024-07-09,47.31843948364258
2024-07-10,46.966854095458984
2024-07-11,47.91419219970703
2024-07-12,47.96303176879883
2024-07-15,49.535423278808594
2024-07-16,50.502296447753906
2024-07-17,51.000389099121094
2024-07-18,49.64285659790039
2024-07-19,48.802940368652344
2024-07-22,49.34009552001953
2024-07-23,49.623321533203125
2024-07-24,48.71504211425781
2024-07-25,49.203365325927734
2024-07-26,49.594017028808594
2024-07-29,49.33032989501953
2024-07-30,49.79911804199219
2024-07-31,49.603790283203125
2024-08-01,47.42587661743164
2024-08-02,43.939247131347656
2024-08-05,42.986610412597656
2024-08-06,43.516944885253906
2024-08-07,43.507118225097656
2024-08-08,44.94099044799805
2024-08-09,45.73649215698242
2024-08-12,44.83296203613281
2024-08-13,44.92135238647461
2024-08-14,45.490970611572266
2024-08-15,45.068660736083984
2024-08-16,45.78559494018555
2024-08-19,46.77751922607422
2024-08-20,46.26683044433594
2024-08-21,46.394500732421875
2024-08-22,46.355220794677734
2024-08-23,47.73016357421875
2024-08-26,47.99532699584961
2024-08-27,47.936405181884766
2024-08-28,48.63369369506836
2024-08-29,48.889041900634766
2024-08-30,49.360450744628906
2024-09-03,48.417633056640625
2024-09-04,48.309600830078125
2024-09-05,47.79890441894531
2024-09-06,46.561458587646484
2024-09-09,47.30785369873047
2024-09-10,45.324012756347656
2024-09-11,45.01955795288086
2024-09-12,45.5793571472168
2024-09-13,46.28647232055664
2024-09-16,46.48289489746094
2024-09-17,48.309600830078125
2024-09-18,48.01497268676758
2024-09-19,50.116668701171875
2024-09-20,49.674720764160156
2024-09-23,48.81047821044922
2024-09-24,47.34714126586914
2024-09-25,47.337318420410156
2024-09-26,48.162288665771484
2024-09-27,48.76136779785156
2024-09-30,48.98725128173828
2024-10-01,48.1328239440918
2024-10-02,48.692623138427734
2024-10-03,48.6729850769043
2024-10-04,50.931819915771484
2024-10-07,50.647003173828125
2024-10-08,50.273807525634766
2024-10-09,51.06930923461914
2024-10-10,50.65682601928711
2024-10-11,52.19873046875
2024-10-14,52.72905731201172
2024-10-15,52.33622360229492
2024-10-16,55.5084114074707
2024-10-17,55.685184478759766
2024-10-18,55.410194396972656
2024-10-21,54.81112289428711
2024-10-22,54.673622131347656
2024-10-23,54.0156135559082
2024-10-24,54.27096176147461
2024-10-25,54.16292953491211
2024-10-28,55.77357864379883
2024-10-29,54.75218963623047
2024-10-30,55.30216979980469
2024-10-31,54.15311050415039
2024-11-01,54.261138916015625
2024-11-04,54.32033920288086
2024-11-05,56.05669021606445
2024-11-06,66.60308074951172
2024-11-07,63.771636962890625
2024-11-08,62.93305587768555
2024-11-11,64.71874237060547
2024-11-12,64.24519348144531
2024-11-13,64.25505065917969
2024-11-14,64.01828002929688
2024-11-15,64.1070785522461
2024-11-18,63.18956756591797
2024-11-19,62.79493713378906
2024-11-20,63.53485870361328
2024-11-21,64.26492309570312
2024-11-22,65.10350799560547
2024-11-25,66.13939666748047
2024-11-26,66.35643768310547
2024-11-27,66.31697845458984
2024-11-29,66.61294555664062
2024-12-02,66.188720703125
2024-12-03,66.2380599975586
2024-12-04,65.92234802246094
2024-12-05,66.02100372314453
2024-12-06,67.00757598876953
2024-12-09,67.01744079589844
2024-12-10,65.97168731689453
2024-12-11,67.609375
2024-12-12,67.609375
2024-12-13,67.14569091796875
2024-12-16,67.62911987304688
2024-12-17,66.28738403320312
2024-12-18,62.73574447631836
2024-12-19,63.4066047668457
2024-12-20,64.57075500488281
2024-12-23,64.58061981201172
2024-12-24,65.72503662109375
2024-12-26,65.91248321533203
2024-12-27,65.03443908691406
2024-12-30,64.17613220214844
2024-12-31,64.12680053710938
