Date,VICI
2010-01-04,
2010-01-05,
2010-01-06,
2010-01-07,
2010-01-08,
2010-01-11,
2010-01-12,
2010-01-13,
2010-01-14,
2010-01-15,
2010-01-19,
2010-01-20,
2010-01-21,
2010-01-22,
2010-01-25,
2010-01-26,
2010-01-27,
2010-01-28,
2010-01-29,
2010-02-01,
2010-02-02,
2010-02-03,
2010-02-04,
2010-02-05,
2010-02-08,
2010-02-09,
2010-02-10,
2010-02-11,
2010-02-12,
2010-02-16,
2010-02-17,
2010-02-18,
2010-02-19,
2010-02-22,
2010-02-23,
2010-02-24,
2010-02-25,
2010-02-26,
2010-03-01,
2010-03-02,
2010-03-03,
2010-03-04,
2010-03-05,
2010-03-08,
2010-03-09,
2010-03-10,
2010-03-11,
2010-03-12,
2010-03-15,
2010-03-16,
2010-03-17,
2010-03-18,
2010-03-19,
2010-03-22,
2010-03-23,
2010-03-24,
2010-03-25,
2010-03-26,
2010-03-29,
2010-03-30,
2010-03-31,
2010-04-01,
2010-04-05,
2010-04-06,
2010-04-07,
2010-04-08,
2010-04-09,
2010-04-12,
2010-04-13,
2010-04-14,
2010-04-15,
2010-04-16,
2010-04-19,
2010-04-20,
2010-04-21,
2010-04-22,
2010-04-23,
2010-04-26,
2010-04-27,
2010-04-28,
2010-04-29,
2010-04-30,
2010-05-03,
2010-05-04,
2010-05-05,
2010-05-06,
2010-05-07,
2010-05-10,
2010-05-11,
2010-05-12,
2010-05-13,
2010-05-14,
2010-05-17,
2010-05-18,
2010-05-19,
2010-05-20,
2010-05-21,
2010-05-24,
2010-05-25,
2010-05-26,
2010-05-27,
2010-05-28,
2010-06-01,
2010-06-02,
2010-06-03,
2010-06-04,
2010-06-07,
2010-06-08,
2010-06-09,
2010-06-10,
2010-06-11,
2010-06-14,
2010-06-15,
2010-06-16,
2010-06-17,
2010-06-18,
2010-06-21,
2010-06-22,
2010-06-23,
2010-06-24,
2010-06-25,
2010-06-28,
2010-06-29,
2010-06-30,
2010-07-01,
2010-07-02,
2010-07-06,
2010-07-07,
2010-07-08,
2010-07-09,
2010-07-12,
2010-07-13,
2010-07-14,
2010-07-15,
2010-07-16,
2010-07-19,
2010-07-20,
2010-07-21,
2010-07-22,
2010-07-23,
2010-07-26,
2010-07-27,
2010-07-28,
2010-07-29,
2010-07-30,
2010-08-02,
2010-08-03,
2010-08-04,
2010-08-05,
2010-08-06,
2010-08-09,
2010-08-10,
2010-08-11,
2010-08-12,
2010-08-13,
2010-08-16,
2010-08-17,
2010-08-18,
2010-08-19,
2010-08-20,
2010-08-23,
2010-08-24,
2010-08-25,
2010-08-26,
2010-08-27,
2010-08-30,
2010-08-31,
2010-09-01,
2010-09-02,
2010-09-03,
2010-09-07,
2010-09-08,
2010-09-09,
2010-09-10,
2010-09-13,
2010-09-14,
2010-09-15,
2010-09-16,
2010-09-17,
2010-09-20,
2010-09-21,
2010-09-22,
2010-09-23,
2010-09-24,
2010-09-27,
2010-09-28,
2010-09-29,
2010-09-30,
2010-10-01,
2010-10-04,
2010-10-05,
2010-10-06,
2010-10-07,
2010-10-08,
2010-10-11,
2010-10-12,
2010-10-13,
2010-10-14,
2010-10-15,
2010-10-18,
2010-10-19,
2010-10-20,
2010-10-21,
2010-10-22,
2010-10-25,
2010-10-26,
2010-10-27,
2010-10-28,
2010-10-29,
2010-11-01,
2010-11-02,
2010-11-03,
2010-11-04,
2010-11-05,
2010-11-08,
2010-11-09,
2010-11-10,
2010-11-11,
2010-11-12,
2010-11-15,
2010-11-16,
2010-11-17,
2010-11-18,
2010-11-19,
2010-11-22,
2010-11-23,
2010-11-24,
2010-11-26,
2010-11-29,
2010-11-30,
2010-12-01,
2010-12-02,
2010-12-03,
2010-12-06,
2010-12-07,
2010-12-08,
2010-12-09,
2010-12-10,
2010-12-13,
2010-12-14,
2010-12-15,
2010-12-16,
2010-12-17,
2010-12-20,
2010-12-21,
2010-12-22,
2010-12-23,
2010-12-27,
2010-12-28,
2010-12-29,
2010-12-30,
2010-12-31,
2011-01-03,
2011-01-04,
2011-01-05,
2011-01-06,
2011-01-07,
2011-01-10,
2011-01-11,
2011-01-12,
2011-01-13,
2011-01-14,
2011-01-18,
2011-01-19,
2011-01-20,
2011-01-21,
2011-01-24,
2011-01-25,
2011-01-26,
2011-01-27,
2011-01-28,
2011-01-31,
2011-02-01,
2011-02-02,
2011-02-03,
2011-02-04,
2011-02-07,
2011-02-08,
2011-02-09,
2011-02-10,
2011-02-11,
2011-02-14,
2011-02-15,
2011-02-16,
2011-02-17,
2011-02-18,
2011-02-22,
2011-02-23,
2011-02-24,
2011-02-25,
2011-02-28,
2011-03-01,
2011-03-02,
2011-03-03,
2011-03-04,
2011-03-07,
2011-03-08,
2011-03-09,
2011-03-10,
2011-03-11,
2011-03-14,
2011-03-15,
2011-03-16,
2011-03-17,
2011-03-18,
2011-03-21,
2011-03-22,
2011-03-23,
2011-03-24,
2011-03-25,
2011-03-28,
2011-03-29,
2011-03-30,
2011-03-31,
2011-04-01,
2011-04-04,
2011-04-05,
2011-04-06,
2011-04-07,
2011-04-08,
2011-04-11,
2011-04-12,
2011-04-13,
2011-04-14,
2011-04-15,
2011-04-18,
2011-04-19,
2011-04-20,
2011-04-21,
2011-04-25,
2011-04-26,
2011-04-27,
2011-04-28,
2011-04-29,
2011-05-02,
2011-05-03,
2011-05-04,
2011-05-05,
2011-05-06,
2011-05-09,
2011-05-10,
2011-05-11,
2011-05-12,
2011-05-13,
2011-05-16,
2011-05-17,
2011-05-18,
2011-05-19,
2011-05-20,
2011-05-23,
2011-05-24,
2011-05-25,
2011-05-26,
2011-05-27,
2011-05-31,
2011-06-01,
2011-06-02,
2011-06-03,
2011-06-06,
2011-06-07,
2011-06-08,
2011-06-09,
2011-06-10,
2011-06-13,
2011-06-14,
2011-06-15,
2011-06-16,
2011-06-17,
2011-06-20,
2011-06-21,
2011-06-22,
2011-06-23,
2011-06-24,
2011-06-27,
2011-06-28,
2011-06-29,
2011-06-30,
2011-07-01,
2011-07-05,
2011-07-06,
2011-07-07,
2011-07-08,
2011-07-11,
2011-07-12,
2011-07-13,
2011-07-14,
2011-07-15,
2011-07-18,
2011-07-19,
2011-07-20,
2011-07-21,
2011-07-22,
2011-07-25,
2011-07-26,
2011-07-27,
2011-07-28,
2011-07-29,
2011-08-01,
2011-08-02,
2011-08-03,
2011-08-04,
2011-08-05,
2011-08-08,
2011-08-09,
2011-08-10,
2011-08-11,
2011-08-12,
2011-08-15,
2011-08-16,
2011-08-17,
2011-08-18,
2011-08-19,
2011-08-22,
2011-08-23,
2011-08-24,
2011-08-25,
2011-08-26,
2011-08-29,
2011-08-30,
2011-08-31,
2011-09-01,
2011-09-02,
2011-09-06,
2011-09-07,
2011-09-08,
2011-09-09,
2011-09-12,
2011-09-13,
2011-09-14,
2011-09-15,
2011-09-16,
2011-09-19,
2011-09-20,
2011-09-21,
2011-09-22,
2011-09-23,
2011-09-26,
2011-09-27,
2011-09-28,
2011-09-29,
2011-09-30,
2011-10-03,
2011-10-04,
2011-10-05,
2011-10-06,
2011-10-07,
2011-10-10,
2011-10-11,
2011-10-12,
2011-10-13,
2011-10-14,
2011-10-17,
2011-10-18,
2011-10-19,
2011-10-20,
2011-10-21,
2011-10-24,
2011-10-25,
2011-10-26,
2011-10-27,
2011-10-28,
2011-10-31,
2011-11-01,
2011-11-02,
2011-11-03,
2011-11-04,
2011-11-07,
2011-11-08,
2011-11-09,
2011-11-10,
2011-11-11,
2011-11-14,
2011-11-15,
2011-11-16,
2011-11-17,
2011-11-18,
2011-11-21,
2011-11-22,
2011-11-23,
2011-11-25,
2011-11-28,
2011-11-29,
2011-11-30,
2011-12-01,
2011-12-02,
2011-12-05,
2011-12-06,
2011-12-07,
2011-12-08,
2011-12-09,
2011-12-12,
2011-12-13,
2011-12-14,
2011-12-15,
2011-12-16,
2011-12-19,
2011-12-20,
2011-12-21,
2011-12-22,
2011-12-23,
2011-12-27,
2011-12-28,
2011-12-29,
2011-12-30,
2012-01-03,
2012-01-04,
2012-01-05,
2012-01-06,
2012-01-09,
2012-01-10,
2012-01-11,
2012-01-12,
2012-01-13,
2012-01-17,
2012-01-18,
2012-01-19,
2012-01-20,
2012-01-23,
2012-01-24,
2012-01-25,
2012-01-26,
2012-01-27,
2012-01-30,
2012-01-31,
2012-02-01,
2012-02-02,
2012-02-03,
2012-02-06,
2012-02-07,
2012-02-08,
2012-02-09,
2012-02-10,
2012-02-13,
2012-02-14,
2012-02-15,
2012-02-16,
2012-02-17,
2012-02-21,
2012-02-22,
2012-02-23,
2012-02-24,
2012-02-27,
2012-02-28,
2012-02-29,
2012-03-01,
2012-03-02,
2012-03-05,
2012-03-06,
2012-03-07,
2012-03-08,
2012-03-09,
2012-03-12,
2012-03-13,
2012-03-14,
2012-03-15,
2012-03-16,
2012-03-19,
2012-03-20,
2012-03-21,
2012-03-22,
2012-03-23,
2012-03-26,
2012-03-27,
2012-03-28,
2012-03-29,
2012-03-30,
2012-04-02,
2012-04-03,
2012-04-04,
2012-04-05,
2012-04-09,
2012-04-10,
2012-04-11,
2012-04-12,
2012-04-13,
2012-04-16,
2012-04-17,
2012-04-18,
2012-04-19,
2012-04-20,
2012-04-23,
2012-04-24,
2012-04-25,
2012-04-26,
2012-04-27,
2012-04-30,
2012-05-01,
2012-05-02,
2012-05-03,
2012-05-04,
2012-05-07,
2012-05-08,
2012-05-09,
2012-05-10,
2012-05-11,
2012-05-14,
2012-05-15,
2012-05-16,
2012-05-17,
2012-05-18,
2012-05-21,
2012-05-22,
2012-05-23,
2012-05-24,
2012-05-25,
2012-05-29,
2012-05-30,
2012-05-31,
2012-06-01,
2012-06-04,
2012-06-05,
2012-06-06,
2012-06-07,
2012-06-08,
2012-06-11,
2012-06-12,
2012-06-13,
2012-06-14,
2012-06-15,
2012-06-18,
2012-06-19,
2012-06-20,
2012-06-21,
2012-06-22,
2012-06-25,
2012-06-26,
2012-06-27,
2012-06-28,
2012-06-29,
2012-07-02,
2012-07-03,
2012-07-05,
2012-07-06,
2012-07-09,
2012-07-10,
2012-07-11,
2012-07-12,
2012-07-13,
2012-07-16,
2012-07-17,
2012-07-18,
2012-07-19,
2012-07-20,
2012-07-23,
2012-07-24,
2012-07-25,
2012-07-26,
2012-07-27,
2012-07-30,
2012-07-31,
2012-08-01,
2012-08-02,
2012-08-03,
2012-08-06,
2012-08-07,
2012-08-08,
2012-08-09,
2012-08-10,
2012-08-13,
2012-08-14,
2012-08-15,
2012-08-16,
2012-08-17,
2012-08-20,
2012-08-21,
2012-08-22,
2012-08-23,
2012-08-24,
2012-08-27,
2012-08-28,
2012-08-29,
2012-08-30,
2012-08-31,
2012-09-04,
2012-09-05,
2012-09-06,
2012-09-07,
2012-09-10,
2012-09-11,
2012-09-12,
2012-09-13,
2012-09-14,
2012-09-17,
2012-09-18,
2012-09-19,
2012-09-20,
2012-09-21,
2012-09-24,
2012-09-25,
2012-09-26,
2012-09-27,
2012-09-28,
2012-10-01,
2012-10-02,
2012-10-03,
2012-10-04,
2012-10-05,
2012-10-08,
2012-10-09,
2012-10-10,
2012-10-11,
2012-10-12,
2012-10-15,
2012-10-16,
2012-10-17,
2012-10-18,
2012-10-19,
2012-10-22,
2012-10-23,
2012-10-24,
2012-10-25,
2012-10-26,
2012-10-31,
2012-11-01,
2012-11-02,
2012-11-05,
2012-11-06,
2012-11-07,
2012-11-08,
2012-11-09,
2012-11-12,
2012-11-13,
2012-11-14,
2012-11-15,
2012-11-16,
2012-11-19,
2012-11-20,
2012-11-21,
2012-11-23,
2012-11-26,
2012-11-27,
2012-11-28,
2012-11-29,
2012-11-30,
2012-12-03,
2012-12-04,
2012-12-05,
2012-12-06,
2012-12-07,
2012-12-10,
2012-12-11,
2012-12-12,
2012-12-13,
2012-12-14,
2012-12-17,
2012-12-18,
2012-12-19,
2012-12-20,
2012-12-21,
2012-12-24,
2012-12-26,
2012-12-27,
2012-12-28,
2012-12-31,
2013-01-02,
2013-01-03,
2013-01-04,
2013-01-07,
2013-01-08,
2013-01-09,
2013-01-10,
2013-01-11,
2013-01-14,
2013-01-15,
2013-01-16,
2013-01-17,
2013-01-18,
2013-01-22,
2013-01-23,
2013-01-24,
2013-01-25,
2013-01-28,
2013-01-29,
2013-01-30,
2013-01-31,
2013-02-01,
2013-02-04,
2013-02-05,
2013-02-06,
2013-02-07,
2013-02-08,
2013-02-11,
2013-02-12,
2013-02-13,
2013-02-14,
2013-02-15,
2013-02-19,
2013-02-20,
2013-02-21,
2013-02-22,
2013-02-25,
2013-02-26,
2013-02-27,
2013-02-28,
2013-03-01,
2013-03-04,
2013-03-05,
2013-03-06,
2013-03-07,
2013-03-08,
2013-03-11,
2013-03-12,
2013-03-13,
2013-03-14,
2013-03-15,
2013-03-18,
2013-03-19,
2013-03-20,
2013-03-21,
2013-03-22,
2013-03-25,
2013-03-26,
2013-03-27,
2013-03-28,
2013-04-01,
2013-04-02,
2013-04-03,
2013-04-04,
2013-04-05,
2013-04-08,
2013-04-09,
2013-04-10,
2013-04-11,
2013-04-12,
2013-04-15,
2013-04-16,
2013-04-17,
2013-04-18,
2013-04-19,
2013-04-22,
2013-04-23,
2013-04-24,
2013-04-25,
2013-04-26,
2013-04-29,
2013-04-30,
2013-05-01,
2013-05-02,
2013-05-03,
2013-05-06,
2013-05-07,
2013-05-08,
2013-05-09,
2013-05-10,
2013-05-13,
2013-05-14,
2013-05-15,
2013-05-16,
2013-05-17,
2013-05-20,
2013-05-21,
2013-05-22,
2013-05-23,
2013-05-24,
2013-05-28,
2013-05-29,
2013-05-30,
2013-05-31,
2013-06-03,
2013-06-04,
2013-06-05,
2013-06-06,
2013-06-07,
2013-06-10,
2013-06-11,
2013-06-12,
2013-06-13,
2013-06-14,
2013-06-17,
2013-06-18,
2013-06-19,
2013-06-20,
2013-06-21,
2013-06-24,
2013-06-25,
2013-06-26,
2013-06-27,
2013-06-28,
2013-07-01,
2013-07-02,
2013-07-03,
2013-07-05,
2013-07-08,
2013-07-09,
2013-07-10,
2013-07-11,
2013-07-12,
2013-07-15,
2013-07-16,
2013-07-17,
2013-07-18,
2013-07-19,
2013-07-22,
2013-07-23,
2013-07-24,
2013-07-25,
2013-07-26,
2013-07-29,
2013-07-30,
2013-07-31,
2013-08-01,
2013-08-02,
2013-08-05,
2013-08-06,
2013-08-07,
2013-08-08,
2013-08-09,
2013-08-12,
2013-08-13,
2013-08-14,
2013-08-15,
2013-08-16,
2013-08-19,
2013-08-20,
2013-08-21,
2013-08-22,
2013-08-23,
2013-08-26,
2013-08-27,
2013-08-28,
2013-08-29,
2013-08-30,
2013-09-03,
2013-09-04,
2013-09-05,
2013-09-06,
2013-09-09,
2013-09-10,
2013-09-11,
2013-09-12,
2013-09-13,
2013-09-16,
2013-09-17,
2013-09-18,
2013-09-19,
2013-09-20,
2013-09-23,
2013-09-24,
2013-09-25,
2013-09-26,
2013-09-27,
2013-09-30,
2013-10-01,
2013-10-02,
2013-10-03,
2013-10-04,
2013-10-07,
2013-10-08,
2013-10-09,
2013-10-10,
2013-10-11,
2013-10-14,
2013-10-15,
2013-10-16,
2013-10-17,
2013-10-18,
2013-10-21,
2013-10-22,
2013-10-23,
2013-10-24,
2013-10-25,
2013-10-28,
2013-10-29,
2013-10-30,
2013-10-31,
2013-11-01,
2013-11-04,
2013-11-05,
2013-11-06,
2013-11-07,
2013-11-08,
2013-11-11,
2013-11-12,
2013-11-13,
2013-11-14,
2013-11-15,
2013-11-18,
2013-11-19,
2013-11-20,
2013-11-21,
2013-11-22,
2013-11-25,
2013-11-26,
2013-11-27,
2013-11-29,
2013-12-02,
2013-12-03,
2013-12-04,
2013-12-05,
2013-12-06,
2013-12-09,
2013-12-10,
2013-12-11,
2013-12-12,
2013-12-13,
2013-12-16,
2013-12-17,
2013-12-18,
2013-12-19,
2013-12-20,
2013-12-23,
2013-12-24,
2013-12-26,
2013-12-27,
2013-12-30,
2013-12-31,
2014-01-02,
2014-01-03,
2014-01-06,
2014-01-07,
2014-01-08,
2014-01-09,
2014-01-10,
2014-01-13,
2014-01-14,
2014-01-15,
2014-01-16,
2014-01-17,
2014-01-21,
2014-01-22,
2014-01-23,
2014-01-24,
2014-01-27,
2014-01-28,
2014-01-29,
2014-01-30,
2014-01-31,
2014-02-03,
2014-02-04,
2014-02-05,
2014-02-06,
2014-02-07,
2014-02-10,
2014-02-11,
2014-02-12,
2014-02-13,
2014-02-14,
2014-02-18,
2014-02-19,
2014-02-20,
2014-02-21,
2014-02-24,
2014-02-25,
2014-02-26,
2014-02-27,
2014-02-28,
2014-03-03,
2014-03-04,
2014-03-05,
2014-03-06,
2014-03-07,
2014-03-10,
2014-03-11,
2014-03-12,
2014-03-13,
2014-03-14,
2014-03-17,
2014-03-18,
2014-03-19,
2014-03-20,
2014-03-21,
2014-03-24,
2014-03-25,
2014-03-26,
2014-03-27,
2014-03-28,
2014-03-31,
2014-04-01,
2014-04-02,
2014-04-03,
2014-04-04,
2014-04-07,
2014-04-08,
2014-04-09,
2014-04-10,
2014-04-11,
2014-04-14,
2014-04-15,
2014-04-16,
2014-04-17,
2014-04-21,
2014-04-22,
2014-04-23,
2014-04-24,
2014-04-25,
2014-04-28,
2014-04-29,
2014-04-30,
2014-05-01,
2014-05-02,
2014-05-05,
2014-05-06,
2014-05-07,
2014-05-08,
2014-05-09,
2014-05-12,
2014-05-13,
2014-05-14,
2014-05-15,
2014-05-16,
2014-05-19,
2014-05-20,
2014-05-21,
2014-05-22,
2014-05-23,
2014-05-27,
2014-05-28,
2014-05-29,
2014-05-30,
2014-06-02,
2014-06-03,
2014-06-04,
2014-06-05,
2014-06-06,
2014-06-09,
2014-06-10,
2014-06-11,
2014-06-12,
2014-06-13,
2014-06-16,
2014-06-17,
2014-06-18,
2014-06-19,
2014-06-20,
2014-06-23,
2014-06-24,
2014-06-25,
2014-06-26,
2014-06-27,
2014-06-30,
2014-07-01,
2014-07-02,
2014-07-03,
2014-07-07,
2014-07-08,
2014-07-09,
2014-07-10,
2014-07-11,
2014-07-14,
2014-07-15,
2014-07-16,
2014-07-17,
2014-07-18,
2014-07-21,
2014-07-22,
2014-07-23,
2014-07-24,
2014-07-25,
2014-07-28,
2014-07-29,
2014-07-30,
2014-07-31,
2014-08-01,
2014-08-04,
2014-08-05,
2014-08-06,
2014-08-07,
2014-08-08,
2014-08-11,
2014-08-12,
2014-08-13,
2014-08-14,
2014-08-15,
2014-08-18,
2014-08-19,
2014-08-20,
2014-08-21,
2014-08-22,
2014-08-25,
2014-08-26,
2014-08-27,
2014-08-28,
2014-08-29,
2014-09-02,
2014-09-03,
2014-09-04,
2014-09-05,
2014-09-08,
2014-09-09,
2014-09-10,
2014-09-11,
2014-09-12,
2014-09-15,
2014-09-16,
2014-09-17,
2014-09-18,
2014-09-19,
2014-09-22,
2014-09-23,
2014-09-24,
2014-09-25,
2014-09-26,
2014-09-29,
2014-09-30,
2014-10-01,
2014-10-02,
2014-10-03,
2014-10-06,
2014-10-07,
2014-10-08,
2014-10-09,
2014-10-10,
2014-10-13,
2014-10-14,
2014-10-15,
2014-10-16,
2014-10-17,
2014-10-20,
2014-10-21,
2014-10-22,
2014-10-23,
2014-10-24,
2014-10-27,
2014-10-28,
2014-10-29,
2014-10-30,
2014-10-31,
2014-11-03,
2014-11-04,
2014-11-05,
2014-11-06,
2014-11-07,
2014-11-10,
2014-11-11,
2014-11-12,
2014-11-13,
2014-11-14,
2014-11-17,
2014-11-18,
2014-11-19,
2014-11-20,
2014-11-21,
2014-11-24,
2014-11-25,
2014-11-26,
2014-11-28,
2014-12-01,
2014-12-02,
2014-12-03,
2014-12-04,
2014-12-05,
2014-12-08,
2014-12-09,
2014-12-10,
2014-12-11,
2014-12-12,
2014-12-15,
2014-12-16,
2014-12-17,
2014-12-18,
2014-12-19,
2014-12-22,
2014-12-23,
2014-12-24,
2014-12-26,
2014-12-29,
2014-12-30,
2014-12-31,
2015-01-02,
2015-01-05,
2015-01-06,
2015-01-07,
2015-01-08,
2015-01-09,
2015-01-12,
2015-01-13,
2015-01-14,
2015-01-15,
2015-01-16,
2015-01-20,
2015-01-21,
2015-01-22,
2015-01-23,
2015-01-26,
2015-01-27,
2015-01-28,
2015-01-29,
2015-01-30,
2015-02-02,
2015-02-03,
2015-02-04,
2015-02-05,
2015-02-06,
2015-02-09,
2015-02-10,
2015-02-11,
2015-02-12,
2015-02-13,
2015-02-17,
2015-02-18,
2015-02-19,
2015-02-20,
2015-02-23,
2015-02-24,
2015-02-25,
2015-02-26,
2015-02-27,
2015-03-02,
2015-03-03,
2015-03-04,
2015-03-05,
2015-03-06,
2015-03-09,
2015-03-10,
2015-03-11,
2015-03-12,
2015-03-13,
2015-03-16,
2015-03-17,
2015-03-18,
2015-03-19,
2015-03-20,
2015-03-23,
2015-03-24,
2015-03-25,
2015-03-26,
2015-03-27,
2015-03-30,
2015-03-31,
2015-04-01,
2015-04-02,
2015-04-06,
2015-04-07,
2015-04-08,
2015-04-09,
2015-04-10,
2015-04-13,
2015-04-14,
2015-04-15,
2015-04-16,
2015-04-17,
2015-04-20,
2015-04-21,
2015-04-22,
2015-04-23,
2015-04-24,
2015-04-27,
2015-04-28,
2015-04-29,
2015-04-30,
2015-05-01,
2015-05-04,
2015-05-05,
2015-05-06,
2015-05-07,
2015-05-08,
2015-05-11,
2015-05-12,
2015-05-13,
2015-05-14,
2015-05-15,
2015-05-18,
2015-05-19,
2015-05-20,
2015-05-21,
2015-05-22,
2015-05-26,
2015-05-27,
2015-05-28,
2015-05-29,
2015-06-01,
2015-06-02,
2015-06-03,
2015-06-04,
2015-06-05,
2015-06-08,
2015-06-09,
2015-06-10,
2015-06-11,
2015-06-12,
2015-06-15,
2015-06-16,
2015-06-17,
2015-06-18,
2015-06-19,
2015-06-22,
2015-06-23,
2015-06-24,
2015-06-25,
2015-06-26,
2015-06-29,
2015-06-30,
2015-07-01,
2015-07-02,
2015-07-06,
2015-07-07,
2015-07-08,
2015-07-09,
2015-07-10,
2015-07-13,
2015-07-14,
2015-07-15,
2015-07-16,
2015-07-17,
2015-07-20,
2015-07-21,
2015-07-22,
2015-07-23,
2015-07-24,
2015-07-27,
2015-07-28,
2015-07-29,
2015-07-30,
2015-07-31,
2015-08-03,
2015-08-04,
2015-08-05,
2015-08-06,
2015-08-07,
2015-08-10,
2015-08-11,
2015-08-12,
2015-08-13,
2015-08-14,
2015-08-17,
2015-08-18,
2015-08-19,
2015-08-20,
2015-08-21,
2015-08-24,
2015-08-25,
2015-08-26,
2015-08-27,
2015-08-28,
2015-08-31,
2015-09-01,
2015-09-02,
2015-09-03,
2015-09-04,
2015-09-08,
2015-09-09,
2015-09-10,
2015-09-11,
2015-09-14,
2015-09-15,
2015-09-16,
2015-09-17,
2015-09-18,
2015-09-21,
2015-09-22,
2015-09-23,
2015-09-24,
2015-09-25,
2015-09-28,
2015-09-29,
2015-09-30,
2015-10-01,
2015-10-02,
2015-10-05,
2015-10-06,
2015-10-07,
2015-10-08,
2015-10-09,
2015-10-12,
2015-10-13,
2015-10-14,
2015-10-15,
2015-10-16,
2015-10-19,
2015-10-20,
2015-10-21,
2015-10-22,
2015-10-23,
2015-10-26,
2015-10-27,
2015-10-28,
2015-10-29,
2015-10-30,
2015-11-02,
2015-11-03,
2015-11-04,
2015-11-05,
2015-11-06,
2015-11-09,
2015-11-10,
2015-11-11,
2015-11-12,
2015-11-13,
2015-11-16,
2015-11-17,
2015-11-18,
2015-11-19,
2015-11-20,
2015-11-23,
2015-11-24,
2015-11-25,
2015-11-27,
2015-11-30,
2015-12-01,
2015-12-02,
2015-12-03,
2015-12-04,
2015-12-07,
2015-12-08,
2015-12-09,
2015-12-10,
2015-12-11,
2015-12-14,
2015-12-15,
2015-12-16,
2015-12-17,
2015-12-18,
2015-12-21,
2015-12-22,
2015-12-23,
2015-12-24,
2015-12-28,
2015-12-29,
2015-12-30,
2015-12-31,
2016-01-04,
2016-01-05,
2016-01-06,
2016-01-07,
2016-01-08,
2016-01-11,
2016-01-12,
2016-01-13,
2016-01-14,
2016-01-15,
2016-01-19,
2016-01-20,
2016-01-21,
2016-01-22,
2016-01-25,
2016-01-26,
2016-01-27,
2016-01-28,
2016-01-29,
2016-02-01,
2016-02-02,
2016-02-03,
2016-02-04,
2016-02-05,
2016-02-08,
2016-02-09,
2016-02-10,
2016-02-11,
2016-02-12,
2016-02-16,
2016-02-17,
2016-02-18,
2016-02-19,
2016-02-22,
2016-02-23,
2016-02-24,
2016-02-25,
2016-02-26,
2016-02-29,
2016-03-01,
2016-03-02,
2016-03-03,
2016-03-04,
2016-03-07,
2016-03-08,
2016-03-09,
2016-03-10,
2016-03-11,
2016-03-14,
2016-03-15,
2016-03-16,
2016-03-17,
2016-03-18,
2016-03-21,
2016-03-22,
2016-03-23,
2016-03-24,
2016-03-28,
2016-03-29,
2016-03-30,
2016-03-31,
2016-04-01,
2016-04-04,
2016-04-05,
2016-04-06,
2016-04-07,
2016-04-08,
2016-04-11,
2016-04-12,
2016-04-13,
2016-04-14,
2016-04-15,
2016-04-18,
2016-04-19,
2016-04-20,
2016-04-21,
2016-04-22,
2016-04-25,
2016-04-26,
2016-04-27,
2016-04-28,
2016-04-29,
2016-05-02,
2016-05-03,
2016-05-04,
2016-05-05,
2016-05-06,
2016-05-09,
2016-05-10,
2016-05-11,
2016-05-12,
2016-05-13,
2016-05-16,
2016-05-17,
2016-05-18,
2016-05-19,
2016-05-20,
2016-05-23,
2016-05-24,
2016-05-25,
2016-05-26,
2016-05-27,
2016-05-31,
2016-06-01,
2016-06-02,
2016-06-03,
2016-06-06,
2016-06-07,
2016-06-08,
2016-06-09,
2016-06-10,
2016-06-13,
2016-06-14,
2016-06-15,
2016-06-16,
2016-06-17,
2016-06-20,
2016-06-21,
2016-06-22,
2016-06-23,
2016-06-24,
2016-06-27,
2016-06-28,
2016-06-29,
2016-06-30,
2016-07-01,
2016-07-05,
2016-07-06,
2016-07-07,
2016-07-08,
2016-07-11,
2016-07-12,
2016-07-13,
2016-07-14,
2016-07-15,
2016-07-18,
2016-07-19,
2016-07-20,
2016-07-21,
2016-07-22,
2016-07-25,
2016-07-26,
2016-07-27,
2016-07-28,
2016-07-29,
2016-08-01,
2016-08-02,
2016-08-03,
2016-08-04,
2016-08-05,
2016-08-08,
2016-08-09,
2016-08-10,
2016-08-11,
2016-08-12,
2016-08-15,
2016-08-16,
2016-08-17,
2016-08-18,
2016-08-19,
2016-08-22,
2016-08-23,
2016-08-24,
2016-08-25,
2016-08-26,
2016-08-29,
2016-08-30,
2016-08-31,
2016-09-01,
2016-09-02,
2016-09-06,
2016-09-07,
2016-09-08,
2016-09-09,
2016-09-12,
2016-09-13,
2016-09-14,
2016-09-15,
2016-09-16,
2016-09-19,
2016-09-20,
2016-09-21,
2016-09-22,
2016-09-23,
2016-09-26,
2016-09-27,
2016-09-28,
2016-09-29,
2016-09-30,
2016-10-03,
2016-10-04,
2016-10-05,
2016-10-06,
2016-10-07,
2016-10-10,
2016-10-11,
2016-10-12,
2016-10-13,
2016-10-14,
2016-10-17,
2016-10-18,
2016-10-19,
2016-10-20,
2016-10-21,
2016-10-24,
2016-10-25,
2016-10-26,
2016-10-27,
2016-10-28,
2016-10-31,
2016-11-01,
2016-11-02,
2016-11-03,
2016-11-04,
2016-11-07,
2016-11-08,
2016-11-09,
2016-11-10,
2016-11-11,
2016-11-14,
2016-11-15,
2016-11-16,
2016-11-17,
2016-11-18,
2016-11-21,
2016-11-22,
2016-11-23,
2016-11-25,
2016-11-28,
2016-11-29,
2016-11-30,
2016-12-01,
2016-12-02,
2016-12-05,
2016-12-06,
2016-12-07,
2016-12-08,
2016-12-09,
2016-12-12,
2016-12-13,
2016-12-14,
2016-12-15,
2016-12-16,
2016-12-19,
2016-12-20,
2016-12-21,
2016-12-22,
2016-12-23,
2016-12-27,
2016-12-28,
2016-12-29,
2016-12-30,
2017-01-03,
2017-01-04,
2017-01-05,
2017-01-06,
2017-01-09,
2017-01-10,
2017-01-11,
2017-01-12,
2017-01-13,
2017-01-17,
2017-01-18,
2017-01-19,
2017-01-20,
2017-01-23,
2017-01-24,
2017-01-25,
2017-01-26,
2017-01-27,
2017-01-30,
2017-01-31,
2017-02-01,
2017-02-02,
2017-02-03,
2017-02-06,
2017-02-07,
2017-02-08,
2017-02-09,
2017-02-10,
2017-02-13,
2017-02-14,
2017-02-15,
2017-02-16,
2017-02-17,
2017-02-21,
2017-02-22,
2017-02-23,
2017-02-24,
2017-02-27,
2017-02-28,
2017-03-01,
2017-03-02,
2017-03-03,
2017-03-06,
2017-03-07,
2017-03-08,
2017-03-09,
2017-03-10,
2017-03-13,
2017-03-14,
2017-03-15,
2017-03-16,
2017-03-17,
2017-03-20,
2017-03-21,
2017-03-22,
2017-03-23,
2017-03-24,
2017-03-27,
2017-03-28,
2017-03-29,
2017-03-30,
2017-03-31,
2017-04-03,
2017-04-04,
2017-04-05,
2017-04-06,
2017-04-07,
2017-04-10,
2017-04-11,
2017-04-12,
2017-04-13,
2017-04-17,
2017-04-18,
2017-04-19,
2017-04-20,
2017-04-21,
2017-04-24,
2017-04-25,
2017-04-26,
2017-04-27,
2017-04-28,
2017-05-01,
2017-05-02,
2017-05-03,
2017-05-04,
2017-05-05,
2017-05-08,
2017-05-09,
2017-05-10,
2017-05-11,
2017-05-12,
2017-05-15,
2017-05-16,
2017-05-17,
2017-05-18,
2017-05-19,
2017-05-22,
2017-05-23,
2017-05-24,
2017-05-25,
2017-05-26,
2017-05-30,
2017-05-31,
2017-06-01,
2017-06-02,
2017-06-05,
2017-06-06,
2017-06-07,
2017-06-08,
2017-06-09,
2017-06-12,
2017-06-13,
2017-06-14,
2017-06-15,
2017-06-16,
2017-06-19,
2017-06-20,
2017-06-21,
2017-06-22,
2017-06-23,
2017-06-26,
2017-06-27,
2017-06-28,
2017-06-29,
2017-06-30,
2017-07-03,
2017-07-05,
2017-07-06,
2017-07-07,
2017-07-10,
2017-07-11,
2017-07-12,
2017-07-13,
2017-07-14,
2017-07-17,
2017-07-18,
2017-07-19,
2017-07-20,
2017-07-21,
2017-07-24,
2017-07-25,
2017-07-26,
2017-07-27,
2017-07-28,
2017-07-31,
2017-08-01,
2017-08-02,
2017-08-03,
2017-08-04,
2017-08-07,
2017-08-08,
2017-08-09,
2017-08-10,
2017-08-11,
2017-08-14,
2017-08-15,
2017-08-16,
2017-08-17,
2017-08-18,
2017-08-21,
2017-08-22,
2017-08-23,
2017-08-24,
2017-08-25,
2017-08-28,
2017-08-29,
2017-08-30,
2017-08-31,
2017-09-01,
2017-09-05,
2017-09-06,
2017-09-07,
2017-09-08,
2017-09-11,
2017-09-12,
2017-09-13,
2017-09-14,
2017-09-15,
2017-09-18,
2017-09-19,
2017-09-20,
2017-09-21,
2017-09-22,
2017-09-25,
2017-09-26,
2017-09-27,
2017-09-28,
2017-09-29,
2017-10-02,
2017-10-03,
2017-10-04,
2017-10-05,
2017-10-06,
2017-10-09,
2017-10-10,
2017-10-11,
2017-10-12,
2017-10-13,
2017-10-16,
2017-10-17,
2017-10-18,
2017-10-19,
2017-10-20,
2017-10-23,
2017-10-24,
2017-10-25,
2017-10-26,
2017-10-27,
2017-10-30,
2017-10-31,
2017-11-01,
2017-11-02,
2017-11-03,
2017-11-06,
2017-11-07,
2017-11-08,
2017-11-09,
2017-11-10,
2017-11-13,
2017-11-14,
2017-11-15,
2017-11-16,
2017-11-17,
2017-11-20,
2017-11-21,
2017-11-22,
2017-11-24,
2017-11-27,
2017-11-28,
2017-11-29,
2017-11-30,
2017-12-01,
2017-12-04,
2017-12-05,
2017-12-06,
2017-12-07,
2017-12-08,
2017-12-11,
2017-12-12,
2017-12-13,
2017-12-14,
2017-12-15,
2017-12-18,
2017-12-19,
2017-12-20,
2017-12-21,
2017-12-22,
2017-12-26,
2017-12-27,
2017-12-28,
2017-12-29,
2018-01-02,13.375958442687988
2018-01-03,13.41588306427002
2018-01-04,13.442503929138184
2018-01-05,13.442503929138184
2018-01-08,13.442503929138184
2018-01-09,13.4491605758667
2018-01-10,13.30941104888916
2018-01-11,13.30941104888916
2018-01-12,13.302753448486328
2018-01-16,14.3076171875
2018-01-17,14.161215782165527
2018-01-18,13.974881172180176
2018-01-19,13.808513641357422
2018-01-22,15.299166679382324
2018-01-23,13.974881172180176
2018-01-24,13.974881172180176
2018-01-25,13.928298950195312
2018-01-26,14.041426658630371
2018-01-29,14.041426658630371
2018-01-30,14.008150100708008
2018-01-31,14.640349388122559
2018-02-01,13.901680946350098
2018-02-02,13.981535911560059
2018-02-05,13.71534538269043
2018-02-06,13.642144203186035
2018-02-07,13.815171241760254
2018-02-08,13.30941104888916
2018-02-09,13.249516487121582
2018-02-12,13.029912948608398
2018-02-13,13.109770774841309
2018-02-14,13.076494216918945
2018-02-15,13.209589004516602
2018-02-16,13.302753448486328
2018-02-20,13.30941104888916
2018-02-21,13.089805603027344
2018-02-22,13.202934265136719
2018-02-23,13.189624786376953
2018-02-26,13.109770774841309
2018-02-27,12.950056076049805
2018-02-28,13.00994873046875
2018-03-01,12.970022201538086
2018-03-02,12.910128593444824
2018-03-05,12.956708908081055
2018-03-06,13.04987621307373
2018-03-07,13.04987621307373
2018-03-08,12.836925506591797
2018-03-09,13.043224334716797
2018-03-12,12.903470993041992
2018-03-13,13.043224334716797
2018-03-14,13.06318473815918
2018-03-15,12.923437118530273
2018-03-16,12.923437118530273
2018-03-19,12.7969970703125
2018-03-20,12.663904190063477
2018-03-21,12.623974800109863
2018-03-22,12.510842323303223
2018-03-23,12.291238784790039
2018-03-26,12.417679786682129
2018-03-27,12.297894477844238
2018-03-28,12.26432991027832
2018-03-29,12.297894477844238
2018-04-02,12.277755737304688
2018-04-03,12.26432991027832
2018-04-04,12.17034912109375
2018-04-05,12.203914642333984
2018-04-06,12.27104663848877
2018-04-09,12.1770658493042
2018-04-10,12.190489768981934
2018-04-11,12.197205543518066
2018-04-12,12.197205543518066
2018-04-13,12.217344284057617
2018-04-16,12.237483024597168
2018-04-17,12.26432991027832
2018-04-18,12.338170051574707
2018-04-19,12.237483024597168
2018-04-20,12.203914642333984
2018-04-23,12.143498420715332
2018-04-24,12.10993480682373
2018-04-25,12.10993480682373
2018-04-26,12.089797019958496
2018-04-27,12.116644859313965
2018-04-30,12.203914642333984
2018-05-01,12.224051475524902
2018-05-02,11.99581527709961
2018-05-03,11.982391357421875
2018-05-04,12.096512794494629
2018-05-07,12.190489768981934
2018-05-08,12.358308792114258
2018-05-09,12.680525779724121
2018-05-10,12.834922790527344
2018-05-11,12.75436782836914
2018-05-14,12.955748558044434
2018-05-15,12.989312171936035
2018-05-16,13.19070053100586
2018-05-17,13.22426700592041
2018-05-18,13.130282402038574
2018-05-21,13.264541625976562
2018-05-22,13.257830619812012
2018-05-23,13.358518600463867
2018-05-24,13.324955940246582
2018-05-25,13.33167552947998
2018-05-29,13.385370254516602
2018-05-30,13.392085075378418
2018-05-31,13.002741813659668
2018-06-01,13.345091819763184
2018-06-04,13.674023628234863
2018-06-05,13.499495506286621
2018-06-06,13.412224769592285
2018-06-07,13.432360649108887
2018-06-08,13.721016883850098
2018-06-11,13.781429290771484
2018-06-12,13.828417778015137
2018-06-13,13.828417778015137
2018-06-14,13.781429290771484
2018-06-15,13.774715423583984
2018-06-18,13.828417778015137
2018-06-19,13.861984252929688
2018-06-20,14.056653022766113
2018-06-21,14.07679557800293
2018-06-22,14.08350658416748
2018-06-25,13.98952579498291
2018-06-26,13.955962181091309
2018-06-27,13.924006462097168
2018-06-28,13.917206764221191
2018-06-29,14.032784461975098
2018-07-02,14.073583602905273
2018-07-03,14.182365417480469
2018-07-05,14.270747184753418
2018-07-06,14.345535278320312
2018-07-09,14.352331161499023
2018-07-10,14.372727394104004
2018-07-11,14.250353813171387
2018-07-12,14.236751556396484
2018-07-13,14.393125534057617
2018-07-16,14.393125534057617
2018-07-17,14.243555068969727
2018-07-18,14.100777626037598
2018-07-19,14.121172904968262
2018-07-20,14.093979835510254
2018-07-23,14.00559139251709
2018-07-24,13.924006462097168
2018-07-25,13.978398323059082
2018-07-26,13.937603950500488
2018-07-27,13.815224647521973
2018-07-30,13.87641716003418
2018-07-31,13.835619926452637
2018-08-01,13.597662925720215
2018-08-02,13.359703063964844
2018-08-03,13.284918785095215
2018-08-06,13.427693367004395
2018-08-07,13.502484321594238
2018-08-08,13.781228065490723
2018-08-09,13.679253578186035
2018-08-10,13.699644088745117
2018-08-13,13.652056694030762
2018-08-14,13.6656494140625
2018-08-15,13.87641716003418
2018-08-16,14.05318546295166
2018-08-17,14.05318546295166
2018-08-20,13.910411834716797
2018-08-21,14.05318546295166
2018-08-22,13.958003997802734
2018-08-23,14.066781044006348
2018-08-24,14.073583602905273
2018-08-27,14.148370742797852
2018-08-28,14.229955673217773
2018-08-29,14.20955753326416
2018-08-30,14.032784461975098
2018-08-31,14.216355323791504
2018-09-04,14.229955673217773
2018-09-05,14.20955753326416
2018-09-06,14.148370742797852
2018-09-07,14.1687650680542
2018-09-10,14.284345626831055
2018-09-11,14.257148742675781
2018-09-12,14.257148742675781
2018-09-13,14.352331161499023
2018-09-14,14.461113929748535
2018-09-17,14.631084442138672
2018-09-18,14.68547534942627
2018-09-19,14.610690116882324
2018-09-20,14.563096046447754
2018-09-21,14.56989860534668
2018-09-24,14.461113929748535
2018-09-25,14.4815092086792
2018-09-26,14.338736534118652
2018-09-27,14.578609466552734
2018-09-28,14.902583122253418
2018-10-01,14.640646934509277
2018-10-02,14.83365249633789
2018-10-03,14.6820068359375
2018-10-04,14.606185913085938
2018-10-05,14.454543113708496
2018-10-08,14.73025894165039
2018-10-09,14.819867134094238
2018-10-10,14.61996841430664
2018-10-11,14.220178604125977
2018-10-12,14.227071762084961
2018-10-15,14.392499923706055
2018-10-16,14.537261962890625
2018-10-17,14.785402297973633
2018-10-18,14.819867134094238
2018-10-19,14.916366577148438
2018-10-22,14.654434204101562
2018-10-23,14.716470718383789
2018-10-24,14.83365249633789
2018-10-25,15.150726318359375
2018-10-26,15.026657104492188
2018-10-29,14.854331970214844
2018-10-30,14.826759338378906
2018-10-31,14.881903648376465
2018-11-01,15.040438652038574
2018-11-02,14.771615028381348
2018-11-05,14.83365249633789
2018-11-06,15.026657104492188
2018-11-07,15.254120826721191
2018-11-08,14.9921875
2018-11-09,14.957725524902344
2018-11-12,14.826759338378906
2018-11-13,14.799187660217285
2018-11-14,14.778507232666016
2018-11-15,14.564825057983398
2018-11-16,14.6820068359375
2018-11-19,14.764724731445312
2018-11-20,14.633753776550293
2018-11-21,14.764724731445312
2018-11-23,14.923258781433105
2018-11-26,15.081799507141113
2018-11-27,15.219659805297852
2018-11-28,15.192085266113281
2018-11-29,15.212764739990234
2018-11-30,15.0059814453125
2018-12-03,14.999082565307617
2018-12-04,14.757826805114746
2018-12-06,15.088691711425781
2018-12-07,14.840546607971191
2018-12-10,14.420073509216309
2018-12-11,14.433862686157227
2018-12-12,14.233962059020996
2018-12-13,14.24085521697998
2018-12-14,14.227071762084961
2018-12-17,13.606703758239746
2018-12-18,13.648058891296387
2018-12-19,13.510205268859863
2018-12-20,13.165556907653809
2018-12-21,12.855374336242676
2018-12-24,12.421114921569824
2018-12-26,12.81401252746582
2018-12-27,12.84761905670166
2018-12-28,13.001651763916016
2018-12-31,13.148681640625
2019-01-02,12.938637733459473
2019-01-03,13.141685485839844
2019-01-04,13.288710594177246
2019-01-07,13.32371997833252
2019-01-08,13.729805946350098
2019-01-09,13.911840438842773
2019-01-10,14.05186939239502
2019-01-11,14.212899208068848
2019-01-14,14.317920684814453
2019-01-15,14.408936500549316
2019-01-16,14.611980438232422
2019-01-17,14.696001052856445
2019-01-18,14.78001594543457
2019-01-22,14.674991607666016
2019-01-23,14.717004776000977
2019-01-24,14.794017791748047
2019-01-25,15.018065452575684
2019-01-28,15.025067329406738
2019-01-29,15.060072898864746
2019-01-30,14.976054191589355
2019-01-31,15.074078559875488
2019-02-01,15.151090621948242
2019-02-04,15.0670747756958
2019-02-05,15.0670747756958
2019-02-06,15.025067329406738
2019-02-07,15.025067329406738
2019-02-08,15.186100006103516
2019-02-11,15.200098037719727
2019-02-12,15.09507942199707
2019-02-13,15.102081298828125
2019-02-14,15.165088653564453
2019-02-15,14.969053268432617
2019-02-19,14.927043914794922
2019-02-20,15.04606819152832
2019-02-21,15.165088653564453
2019-02-22,15.03206729888916
2019-02-25,14.955052375793457
2019-02-26,14.885038375854492
2019-02-27,14.864028930664062
2019-02-28,14.920039176940918
2019-03-01,14.745006561279297
2019-03-04,14.920039176940918
2019-03-05,14.773015022277832
2019-03-06,14.724004745483398
2019-03-07,14.660994529724121
2019-03-08,14.815019607543945
2019-03-11,15.03206729888916
2019-03-12,15.025067329406738
2019-03-13,15.039068222045898
2019-03-14,14.997062683105469
2019-03-15,15.081076622009277
2019-03-18,15.039068222045898
2019-03-19,14.976054191589355
2019-03-20,15.018065452575684
2019-03-21,15.235109329223633
2019-03-22,15.333128929138184
2019-03-25,15.340131759643555
2019-03-26,15.466153144836426
2019-03-27,15.375134468078613
2019-03-28,15.465950012207031
2019-03-29,15.522704124450684
2019-04-01,15.45884895324707
2019-04-02,15.45884895324707
2019-04-03,15.551081657409668
2019-04-04,15.558176040649414
2019-04-05,15.692968368530273
2019-04-08,15.66458797454834
2019-04-09,15.629121780395508
2019-04-10,15.778100967407227
2019-04-11,15.73553466796875
2019-04-12,15.714249610900879
2019-04-15,15.785198211669922
2019-04-16,15.607836723327637
2019-04-17,15.508512496948242
2019-04-18,15.53689193725586
2019-04-22,15.430472373962402
2019-04-23,15.700063705444336
2019-04-24,15.94836711883545
2019-04-25,16.026405334472656
2019-04-26,16.139923095703125
2019-04-29,16.033504486083984
2019-04-30,16.175392150878906
2019-05-01,16.19667625427246
2019-05-02,16.19667625427246
2019-05-03,16.217958450317383
2019-05-06,16.139923095703125
2019-05-07,15.891615867614746
2019-05-08,15.763914108276367
2019-05-09,15.657495498657227
2019-05-10,15.905804634094238
2019-05-13,15.927085876464844
2019-05-14,15.792290687561035
2019-05-15,15.820661544799805
2019-05-16,16.06187629699707
2019-05-17,16.054786682128906
2019-05-20,15.820661544799805
2019-05-21,15.870332717895508
2019-05-22,15.94836711883545
2019-05-23,16.033504486083984
2019-05-24,16.154111862182617
2019-05-28,16.012218475341797
2019-05-29,15.87742805480957
2019-05-30,15.863240242004395
2019-05-31,15.73553466796875
2019-06-03,15.67878246307373
2019-06-04,15.501420974731445
2019-06-05,15.87742805480957
2019-06-06,15.962557792663574
2019-06-07,15.714249610900879
2019-06-10,15.813577651977539
2019-06-11,15.884523391723633
2019-06-12,15.912896156311035
2019-06-13,15.990936279296875
2019-06-14,16.125730514526367
2019-06-17,16.175392150878906
2019-06-18,16.139923095703125
2019-06-19,16.232149124145508
2019-06-20,16.324377059936523
2019-06-21,16.168296813964844
2019-06-24,15.806487083435059
2019-06-25,15.465950012207031
2019-06-26,15.309871673583984
2019-06-27,15.610428810119629
2019-06-28,15.847711563110352
2019-07-01,16.027475357055664
2019-07-02,16.17128562927246
2019-07-03,16.351043701171875
2019-07-05,16.04904556274414
2019-07-08,15.92680549621582
2019-07-09,15.991519927978516
2019-07-10,16.041852951049805
2019-07-11,15.876471519470215
2019-07-12,16.013092041015625
2019-07-15,16.17128562927246
2019-07-16,15.984328269958496
2019-07-17,15.73985767364502
2019-07-18,15.811763763427734
2019-07-19,15.560094833374023
2019-07-22,15.509758949279785
2019-07-23,15.430667877197266
2019-07-24,15.423477172851562
2019-07-25,15.301241874694824
2019-07-26,15.36595344543457
2019-07-29,15.294044494628906
2019-07-30,15.452234268188477
2019-07-31,15.344382286071777
2019-08-01,15.078337669372559
2019-08-02,15.265281677246094
2019-08-05,14.992053985595703
2019-08-06,14.99924373626709
2019-08-07,15.085530281066895
2019-08-08,15.236531257629395
2019-08-09,15.222146034240723
2019-08-12,15.25090217590332
2019-08-13,15.286858558654785
2019-08-14,14.855430603027344
2019-08-15,14.790719032287598
2019-08-16,14.905769348144531
2019-08-19,15.179000854492188
2019-08-20,14.905769348144531
2019-08-21,15.071146965026855
2019-08-22,15.294044494628906
2019-08-23,15.099908828735352
2019-08-26,15.58885669708252
2019-08-27,15.660759925842285
2019-08-28,15.675146102905273
2019-08-29,15.876471519470215
2019-08-30,15.933998107910156
2019-09-03,15.933998107910156
2019-09-04,15.948378562927246
2019-09-05,15.955570220947266
2019-09-06,16.041852951049805
2019-09-09,15.78299617767334
2019-09-10,15.667948722839355
2019-09-11,15.790185928344727
2019-09-12,15.818948745727539
2019-09-13,15.646385192871094
2019-09-16,15.890857696533203
2019-09-17,16.063426971435547
2019-09-18,16.14970588684082
2019-09-19,16.3366641998291
2019-09-20,16.494853973388672
2019-09-23,16.480470657348633
2019-09-24,16.523611068725586
2019-09-25,16.566757202148438
2019-09-26,16.390466690063477
2019-09-27,16.39775276184082
2019-09-30,16.499736785888672
2019-10-01,16.456026077270508
2019-10-02,16.470600128173828
2019-10-03,16.64543342590332
2019-10-04,16.71827507019043
2019-10-07,16.783842086791992
2019-10-08,16.79840850830078
2019-10-09,16.740127563476562
2019-10-10,16.79840850830078
2019-10-11,16.71827507019043
2019-10-14,16.747413635253906
2019-10-15,16.842119216918945
2019-10-16,16.79840850830078
2019-10-17,16.856685638427734
2019-10-18,16.856685638427734
2019-10-21,17.111644744873047
2019-10-22,17.1917781829834
2019-10-23,17.228200912475586
2019-10-24,17.271909713745117
2019-10-25,17.235490798950195
2019-10-28,17.31562042236328
2019-10-29,17.293766021728516
2019-10-30,17.475879669189453
2019-10-31,17.155351638793945
2019-11-01,17.86925506591797
2019-11-04,17.90567398071289
2019-11-05,17.526870727539062
2019-11-06,17.61428451538086
2019-11-07,17.475879669189453
2019-11-08,17.687137603759766
2019-11-11,17.90567398071289
2019-11-12,17.759981155395508
2019-11-13,17.738126754760742
2019-11-14,17.912961959838867
2019-11-15,17.949382781982422
2019-11-18,17.89110565185547
2019-11-19,17.832826614379883
2019-11-20,17.993087768554688
2019-11-21,17.738126754760742
2019-11-22,17.71627426147461
2019-11-25,17.832826614379883
2019-11-26,17.920244216918945
2019-11-27,18.131498336791992
2019-11-29,18.01494026184082
2019-12-02,17.825542449951172
2019-12-03,17.96395492553711
2019-12-04,17.832826614379883
2019-12-05,17.993087768554688
2019-12-06,18.167924880981445
2019-12-09,18.15335464477539
2019-12-10,18.138778686523438
2019-12-11,17.985807418823242
2019-12-12,17.956668853759766
2019-12-13,17.723554611206055
2019-12-16,17.927528381347656
2019-12-17,18.102359771728516
2019-12-18,18.23348045349121
2019-12-19,18.444738388061523
2019-12-20,18.473875045776367
2019-12-23,18.45931053161621
2019-12-24,18.357318878173828
2019-12-26,18.451683044433594
2019-12-27,18.60649299621582
2019-12-30,18.635976791381836
2019-12-31,18.835018157958984
2020-01-02,18.635976791381836
2020-01-03,18.650720596313477
2020-01-06,18.459054946899414
2020-01-07,18.385337829589844
2020-01-08,18.503284454345703
2020-01-09,18.687583923339844
2020-01-10,18.70232582092285
2020-01-13,18.687583923339844
2020-01-14,18.776039123535156
2020-01-15,19.152000427246094
2020-01-16,19.30681037902832
2020-01-17,19.365785598754883
2020-01-21,19.43950653076172
2020-01-22,19.57219696044922
2020-01-23,19.616432189941406
2020-01-24,19.64591407775879
2020-01-27,19.43950653076172
2020-01-28,19.395275115966797
2020-01-29,19.70488929748535
2020-01-30,19.778614044189453
2020-01-31,19.756494522094727
2020-02-03,19.793354034423828
2020-02-04,19.92605209350586
2020-02-05,19.87444496154785
2020-02-06,20.014511108398438
2020-02-07,19.992393493652344
2020-02-10,20.25777816772461
2020-02-11,20.412588119506836
2020-02-12,20.43470573425293
2020-02-13,20.560022354125977
2020-02-14,20.72220802307129
2020-02-18,20.552654266357422
2020-02-19,20.250402450561523
2020-02-20,20.73694610595703
2020-02-21,20.751693725585938
2020-02-24,20.272520065307617
2020-02-25,19.67540168762207
2020-02-26,18.9013614654541
2020-02-27,18.282127380371094
2020-02-28,18.473798751831055
2020-03-02,18.178924560546875
2020-03-03,18.22315788269043
2020-03-04,18.908733367919922
2020-03-05,18.355846405029297
2020-03-06,17.854564666748047
2020-03-09,15.974748611450195
2020-03-10,16.96994400024414
2020-03-11,15.200706481933594
2020-03-12,11.964472770690918
2020-03-13,12.974414825439453
2020-03-16,9.259014129638672
2020-03-17,9.59811782836914
2020-03-18,8.25644588470459
2020-03-19,8.47022819519043
2020-03-20,9.074719429016113
2020-03-23,8.654523849487305
2020-03-24,9.664464950561523
2020-03-25,11.374728202819824
2020-03-26,11.905499458312988
2020-03-27,11.87601375579834
2020-03-30,12.047258377075195
2020-03-31,12.497901916503906
2020-04-01,11.296184539794922
2020-04-02,11.138456344604492
2020-04-03,10.349824905395508
2020-04-06,10.710343360900879
2020-04-07,10.905621528625488
2020-04-08,11.957127571105957
2020-04-09,12.88846206665039
2020-04-13,12.452837944030762
2020-04-14,12.75326919555664
2020-04-15,12.08481216430664
2020-04-16,11.829445838928223
2020-04-17,12.08481216430664
2020-04-20,11.77686882019043
2020-04-21,11.529014587402344
2020-04-22,11.64167594909668
2020-04-23,11.476441383361816
2020-04-24,11.701764106750488
2020-04-27,12.250049591064453
2020-04-28,12.60305404663086
2020-04-29,13.444258689880371
2020-04-30,13.083739280700684
2020-05-01,12.43781566619873
2020-05-04,12.302623748779297
2020-05-05,12.340178489685059
2020-05-06,12.204985618591309
2020-05-07,12.445328712463379
2020-05-08,12.835888862609863
2020-05-11,12.542967796325684
2020-05-12,11.844466209411621
2020-05-13,11.168498992919922
2020-05-14,11.408841133117676
2020-05-15,11.491462707519531
2020-05-18,12.407774925231934
2020-05-19,12.948551177978516
2020-05-20,13.459280967712402
2020-05-21,13.767223358154297
2020-05-22,14.142760276794434
2020-05-26,14.89383316040039
2020-05-27,15.066580772399902
2020-05-28,14.555849075317383
2020-05-29,14.736109733581543
2020-06-01,15.472161293029785
2020-06-02,15.36701488494873
2020-06-03,16.456071853637695
2020-06-04,16.69641876220703
2020-06-05,17.267234802246094
2020-06-08,17.147064208984375
2020-06-09,16.523666381835938
2020-06-10,15.885257720947266
2020-06-11,15.404566764831543
2020-06-12,16.741483688354492
2020-06-15,17.147064208984375
2020-06-16,16.80156898498535
2020-06-17,17.19964027404785
2020-06-18,16.974315643310547
2020-06-19,16.884187698364258
2020-06-22,16.36594581604004
2020-06-23,16.568735122680664
2020-06-24,15.832679748535156
2020-06-25,15.817657470703125
2020-06-26,15.044053077697754
2020-06-29,15.248380661010742
2020-06-30,15.393241882324219
2020-07-01,15.782073974609375
2020-07-02,15.90405559539795
2020-07-06,15.416112899780273
2020-07-07,15.240756034851074
2020-07-08,15.400866508483887
2020-07-09,15.088272094726562
2020-07-10,15.21788215637207
2020-07-13,15.05777359008789
2020-07-14,15.004400253295898
2020-07-15,16.15566062927246
2020-07-16,16.05654525756836
2020-07-17,16.43012809753418
2020-07-20,16.109914779663086
2020-07-21,16.36913299560547
2020-07-22,16.97144317626953
2020-07-23,16.46824836730957
2020-07-24,16.033672332763672
2020-07-27,15.835441589355469
2020-07-28,15.78969669342041
2020-07-29,16.331012725830078
2020-07-30,16.513996124267578
2020-07-31,16.55211067199707
2020-08-03,16.773208618164062
2020-08-04,17.306913375854492
2020-08-05,17.04768943786621
2020-08-06,17.306913375854492
2020-08-07,17.44414710998535
2020-08-10,17.634750366210938
2020-08-11,17.741487503051758
2020-08-12,17.794858932495117
2020-08-13,17.550886154174805
2020-08-14,17.482267379760742
2020-08-17,17.680498123168945
2020-08-18,17.520381927490234
2020-08-19,17.619503021240234
2020-08-20,17.619503021240234
2020-08-21,17.169673919677734
2020-08-24,17.528013229370117
2020-08-25,17.459392547607422
2020-08-26,17.367902755737305
2020-08-27,17.642375946044922
2020-08-28,17.520381927490234
2020-08-31,17.032442092895508
2020-09-01,17.817733764648438
2020-09-02,17.985462188720703
2020-09-03,17.474641799926758
2020-09-04,17.44414710998535
2020-09-08,17.74911117553711
2020-09-09,18.12269401550293
2020-09-10,18.107450485229492
2020-09-11,18.343801498413086
2020-09-14,18.915613174438477
2020-09-15,19.380691528320312
2020-09-16,19.136714935302734
2020-09-17,18.656391143798828
2020-09-18,18.1531982421875
2020-09-21,17.54326820373535
2020-09-22,17.733871459960938
2020-09-23,17.390777587890625
2020-09-24,17.558509826660156
2020-09-25,17.962589263916016
2020-09-28,18.442916870117188
2020-09-29,18.079620361328125
2020-09-30,18.064165115356445
2020-10-01,18.334701538085938
2020-10-02,18.597505569458008
2020-10-05,18.744369506835938
2020-10-06,18.4351863861084
2020-10-07,18.334701538085938
2020-10-08,18.56658935546875
2020-10-09,18.272859573364258
2020-10-12,18.450645446777344
2020-10-13,18.326969146728516
2020-10-14,18.303781509399414
2020-10-15,18.504751205444336
2020-10-16,18.303781509399414
2020-10-19,17.89411163330078
2020-10-20,17.98686981201172
2020-10-21,18.110538482666016
2020-10-22,18.473831176757812
2020-10-23,18.636154174804688
2020-10-26,18.079620361328125
2020-10-27,17.492168426513672
2020-10-28,17.422605514526367
2020-10-29,17.971406936645508
2020-10-30,17.739517211914062
2020-11-02,18.272859573364258
2020-11-03,18.48929214477539
2020-11-04,18.922151565551758
2020-11-05,18.651613235473633
2020-11-06,18.53567123413086
2020-11-09,18.41199493408203
2020-11-10,19.5405216217041
2020-11-11,19.633277893066406
2020-11-12,19.246795654296875
2020-11-13,19.9501895904541
2020-11-16,20.251649856567383
2020-11-17,20.429428100585938
2020-11-18,19.9501895904541
2020-11-19,19.99656867980957
2020-11-20,19.99656867980957
2020-11-23,20.1666202545166
2020-11-24,20.182085037231445
2020-11-25,19.710575103759766
2020-11-27,19.849706649780273
2020-11-30,19.548254013061523
2020-12-01,19.72603988647461
2020-12-02,19.563711166381836
2020-12-03,20.143434524536133
2020-12-04,20.027490615844727
2020-12-07,19.86516571044922
2020-12-08,19.772411346435547
2020-12-09,19.66419792175293
2020-12-10,19.656465530395508
2020-12-11,19.826519012451172
2020-12-14,19.617815017700195
2020-12-15,20.182085037231445
2020-12-16,20.13570213317871
2020-12-17,20.560834884643555
2020-12-18,19.934736251831055
2020-12-21,19.86516571044922
2020-12-22,20.30365753173828
2020-12-23,20.287996292114258
2020-12-24,20.26450538635254
2020-12-28,20.19403839111328
2020-12-29,19.779033660888672
2020-12-30,20.10007095336914
2020-12-31,19.96695899963379
2021-01-04,19.3013916015625
2021-01-05,19.551958084106445
2021-01-06,19.598939895629883
2021-01-07,19.497146606445312
2021-01-08,20.10007095336914
2021-01-11,19.841676712036133
2021-01-12,19.75554084777832
2021-01-13,19.786865234375
2021-01-14,19.826017379760742
2021-01-15,19.70073127746582
2021-01-19,19.865163803100586
2021-01-20,20.6481876373291
2021-01-21,20.554224014282227
2021-01-22,20.663846969604492
2021-01-25,20.554224014282227
2021-01-26,20.413278579711914
2021-01-27,19.379695892333984
2021-01-28,20.24101448059082
2021-01-29,19.79469871520996
2021-02-01,20.59337615966797
2021-02-02,20.961393356323242
2021-02-03,20.859600067138672
2021-02-04,20.977052688598633
2021-02-05,21.102333068847656
2021-02-08,20.930070877075195
2021-02-09,20.859600067138672
2021-02-10,21.133655548095703
2021-02-11,21.172807693481445
2021-02-12,21.345069885253906
2021-02-16,21.28243064880371
2021-02-17,21.38422203063965
2021-02-18,21.235448837280273
2021-02-19,21.893184661865234
2021-02-22,22.245542526245117
2021-02-23,22.159408569335938
2021-02-24,22.300352096557617
2021-02-25,22.081111907958984
2021-02-26,22.31601905822754
2021-03-01,22.605731964111328
2021-03-02,22.300352096557617
2021-03-03,22.85629653930664
2021-03-04,22.4334659576416
2021-03-05,22.879785537719727
2021-03-08,22.347333908081055
2021-03-09,22.50394058227539
2021-03-10,22.52743148803711
2021-03-11,22.36299705505371
2021-03-12,22.331674575805664
2021-03-15,22.5979061126709
2021-03-16,22.010639190673828
2021-03-17,22.699689865112305
2021-03-18,21.916677474975586
2021-03-19,21.947996139526367
2021-03-22,22.081111907958984
2021-03-23,21.80704689025879
2021-03-24,21.339534759521484
2021-03-25,21.624797821044922
2021-03-26,21.90213966369629
2021-03-29,22.005149841308594
2021-03-30,22.353811264038086
2021-03-31,22.377582550048828
2021-04-01,22.853031158447266
2021-04-05,22.963966369628906
2021-04-06,23.0432071685791
2021-04-07,23.098676681518555
2021-04-08,23.07490348815918
2021-04-09,22.734167098999023
2021-04-12,22.694547653198242
2021-04-13,23.3126277923584
2021-04-14,22.845104217529297
2021-04-15,23.336400985717773
2021-04-16,23.72467613220215
2021-04-19,23.66921043395996
2021-04-20,23.89107894897461
2021-04-21,24.19219398498535
2021-04-22,24.23974609375
2021-04-23,24.406150817871094
2021-04-26,24.493314743041992
2021-04-27,24.675565719604492
2021-04-28,24.93705940246582
2021-04-29,25.166858673095703
2021-04-30,25.11931800842285
2021-05-03,25.39665412902832
2021-05-04,25.111391067504883
2021-05-05,24.731033325195312
2021-05-06,24.46161460876465
2021-05-07,24.881591796875
2021-05-10,24.7865047454834
2021-05-11,24.295211791992188
2021-05-12,23.49488067626953
2021-05-13,23.835617065429688
2021-05-14,24.46161460876465
2021-05-17,24.71518898010254
2021-05-18,24.406150817871094
2021-05-19,24.31106185913086
2021-05-20,24.72311019897461
2021-05-21,24.556703567504883
2021-05-24,24.87367057800293
2021-05-25,24.84196662902832
2021-05-26,24.881591796875
2021-05-27,24.469541549682617
2021-05-28,24.66764259338379
2021-06-01,25.095544815063477
2021-06-02,25.190631866455078
2021-06-03,25.15100860595703
2021-06-04,25.190631866455078
2021-06-07,25.586835861206055
2021-06-08,26.260377883911133
2021-06-09,25.872106552124023
2021-06-10,26.01473617553711
2021-06-11,25.990962982177734
2021-06-14,26.006813049316406
2021-06-15,25.856252670288086
2021-06-16,25.864177703857422
2021-06-17,25.618534088134766
2021-06-18,24.731033325195312
2021-06-21,25.380809783935547
2021-06-22,25.27779769897461
2021-06-23,25.093637466430664
2021-06-24,24.90947914123535
2021-06-25,25.5260066986084
2021-06-28,25.077625274658203
2021-06-29,24.85342788696289
2021-06-30,24.837417602539062
2021-07-01,24.8774471282959
2021-07-02,24.89346694946289
2021-07-06,24.749340057373047
2021-07-07,24.661266326904297
2021-07-08,24.581193923950195
2021-07-09,25.1737060546875
2021-07-12,25.509990692138672
2021-07-13,25.053604125976562
2021-07-14,25.037586212158203
2021-07-15,25.117656707763672
2021-07-16,24.933496475219727
2021-07-19,24.32497215270996
2021-07-20,25.35787010192871
2021-07-21,25.638105392456055
2021-07-22,25.293807983398438
2021-07-23,25.590065002441406
2021-07-26,25.26177978515625
2021-07-27,25.41391372680664
2021-07-28,25.197725296020508
2021-07-29,24.813392639160156
2021-07-30,24.97353744506836
2021-08-02,24.57318878173828
2021-08-03,24.228893280029297
2021-08-04,24.164840698242188
2021-08-05,24.525146484375
2021-08-06,24.332983016967773
2021-08-09,24.18885612487793
2021-08-10,23.852569580078125
2021-08-11,24.292945861816406
2021-08-12,24.196861267089844
2021-08-13,24.044734954833984
2021-08-16,24.06074333190918
2021-08-17,23.932634353637695
2021-08-18,23.788511276245117
2021-08-19,23.436206817626953
2021-08-20,23.46023178100586
2021-08-23,23.548303604125977
2021-08-24,23.596343994140625
2021-08-25,23.780506134033203
2021-08-26,24.044734954833984
2021-08-27,24.437070846557617
2021-08-30,24.621227264404297
2021-08-31,24.749340057373047
2021-09-01,25.10965347290039
2021-09-02,25.365869522094727
2021-09-03,25.64611053466797
2021-09-07,25.285799026489258
2021-09-08,25.421916961669922
2021-09-09,23.92462730407715
2021-09-10,23.80452537536621
2021-09-13,23.98067855834961
2021-09-14,23.956655502319336
2021-09-15,24.124807357788086
2021-09-16,24.020715713500977
2021-09-17,23.67641258239746
2021-09-20,23.564315795898438
2021-09-21,23.476240158081055
2021-09-22,23.92462730407715
2021-09-23,24.329856872558594
2021-09-24,24.094823837280273
2021-09-27,23.80306053161621
2021-09-28,23.203327178955078
2021-09-29,23.3978328704834
2021-09-30,23.025022506713867
2021-10-01,23.608549118041992
2021-10-04,23.559921264648438
2021-10-05,23.38973045349121
2021-10-06,23.924631118774414
2021-10-07,23.997568130493164
2021-10-08,23.689594268798828
2021-10-11,23.73822784423828
2021-10-12,24.062406539916992
2021-10-13,24.232601165771484
2021-10-14,24.354167938232422
2021-10-15,24.370380401611328
2021-10-18,24.443323135375977
2021-10-19,24.410900115966797
2021-10-20,24.516260147094727
2021-10-21,24.410900115966797
2021-10-22,24.45953369140625
2021-10-25,24.467632293701172
2021-10-26,24.45953369140625
2021-10-27,24.102930068969727
2021-10-28,24.313650131225586
2021-10-29,23.78685188293457
2021-11-01,23.940837860107422
2021-11-02,23.932735443115234
2021-11-03,24.078615188598633
2021-11-04,23.63286590576172
2021-11-05,24.102930068969727
2021-11-08,23.981361389160156
2021-11-09,23.697704315185547
2021-11-10,23.4383544921875
2021-11-11,23.616655349731445
2021-11-12,23.292476654052734
2021-11-15,23.957046508789062
2021-11-16,23.794954299926758
2021-11-17,23.64097023010254
2021-11-18,23.705808639526367
2021-11-19,23.0655460357666
2021-11-22,22.846725463867188
2021-11-23,22.903457641601562
2021-11-24,23.04933738708496
2021-11-26,22.53875160217285
2021-11-29,22.798097610473633
2021-11-30,22.04437255859375
2021-12-01,21.679668426513672
2021-12-02,22.21456527709961
2021-12-03,22.052474975585938
2021-12-06,22.425283432006836
2021-12-07,22.854825973510742
2021-12-08,23.341102600097656
2021-12-09,23.089860916137695
2021-12-10,22.9845027923584
2021-12-13,22.854825973510742
2021-12-14,22.40907859802246
2021-12-15,22.465805053710938
2021-12-16,22.33613395690918
2021-12-17,22.384763717651367
2021-12-20,22.279403686523438
2021-12-21,23.17090606689453
2021-12-22,23.47460174560547
2021-12-23,23.720836639404297
2021-12-27,24.03273582458496
2021-12-28,23.9916934967041
2021-12-29,24.172273635864258
2021-12-30,24.57445526123047
2021-12-31,24.7139949798584
2022-01-03,24.582666397094727
2022-01-04,24.746822357177734
2022-01-05,23.827537536621094
2022-01-06,23.794708251953125
2022-01-07,23.433557510375977
2022-01-10,23.564884185791016
2022-01-11,23.770082473754883
2022-01-12,23.646963119506836
2022-01-13,23.31043815612793
2022-01-14,23.425350189208984
2022-01-18,23.064207077026367
2022-01-19,22.817964553833008
2022-01-20,22.629182815551758
2022-01-21,22.30907440185547
2022-01-24,22.571731567382812
2022-01-25,22.75229835510254
2022-01-26,22.571731567382812
2022-01-27,22.645597457885742
2022-01-28,23.170907974243164
2022-01-31,23.491012573242188
2022-02-01,23.564884185791016
2022-02-02,23.614131927490234
2022-02-03,23.244779586791992
2022-02-04,23.097034454345703
2022-02-07,23.129867553710938
2022-02-08,23.113449096679688
2022-02-09,23.688005447387695
2022-02-10,23.28582191467285
2022-02-11,23.18732452392578
2022-02-14,23.113449096679688
2022-02-15,23.688005447387695
2022-02-16,23.62234115600586
2022-02-17,22.908252716064453
2022-02-18,22.916461944580078
2022-02-22,22.4157772064209
2022-02-23,22.13671112060547
2022-02-24,22.596349716186523
2022-02-25,23.039581298828125
2022-02-28,22.949295043945312
2022-03-01,22.908252716064453
2022-03-02,23.646963119506836
2022-03-03,23.425350189208984
2022-03-04,22.87541961669922
2022-03-07,21.980758666992188
2022-03-08,22.046424865722656
2022-03-09,22.54710578918457
2022-03-10,22.44861602783203
2022-03-11,22.268035888671875
2022-03-14,21.972553253173828
2022-03-15,22.14491844177246
2022-03-16,22.399362564086914
2022-03-17,22.826173782348633
2022-03-18,22.60456085205078
2022-03-21,22.054630279541016
2022-03-22,22.662017822265625
2022-03-23,22.57884979248047
2022-03-24,22.570537567138672
2022-03-25,22.720230102539062
2022-03-28,23.169315338134766
2022-03-29,24.025897979736328
2022-03-30,24.067480087280273
2022-03-31,23.668291091918945
2022-04-01,24.050844192504883
2022-04-04,23.65166473388672
2022-04-05,23.518596649169922
2022-04-06,23.776403427124023
2022-04-07,23.119413375854492
2022-04-08,23.485334396362305
2022-04-11,23.41048812866211
2022-04-12,23.501964569091797
2022-04-13,23.976001739501953
2022-04-14,24.192224502563477
2022-04-18,24.516557693481445
2022-04-19,24.882478713989258
2022-04-20,25.09038734436035
2022-04-21,25.048803329467773
2022-04-22,24.682886123657227
2022-04-25,24.973960876464844
2022-04-26,24.58308982849121
2022-04-27,24.591405868530273
2022-04-28,25.48125457763672
2022-04-29,24.790998458862305
2022-05-02,24.15895652770996
2022-05-03,24.89079475402832
2022-05-04,25.48956871032715
2022-05-05,24.749420166015625
2022-05-06,24.050844192504883
2022-05-09,22.670331954956055
2022-05-10,22.187986373901367
2022-05-11,22.720230102539062
2022-05-12,22.820030212402344
2022-05-13,23.892837524414062
2022-05-16,24.134008407592773
2022-05-17,24.566457748413086
2022-05-18,24.292020797729492
2022-05-19,24.358551025390625
2022-05-20,24.075794219970703
2022-05-23,24.258752822875977
2022-05-24,24.084108352661133
2022-05-25,24.674570083618164
2022-05-26,24.9989070892334
2022-05-27,25.672531127929688
2022-05-31,25.655899047851562
2022-06-01,25.62263298034668
2022-06-02,26.129926681518555
2022-06-03,26.10498046875
2022-06-06,26.986509323120117
2022-06-07,26.70375633239746
2022-06-08,26.163196563720703
2022-06-09,25.514522552490234
2022-06-10,24.89910888671875
2022-06-13,23.784725189208984
2022-06-14,23.39385223388672
2022-06-15,24.341917037963867
2022-06-16,23.917781829833984
2022-06-17,23.95936393737793
2022-06-21,24.832582473754883
2022-06-22,24.647388458251953
2022-06-23,24.56321144104004
2022-06-24,25.522842407226562
2022-06-27,25.750125885009766
2022-06-28,25.67436408996582
2022-06-29,25.144041061401367
2022-06-30,25.07670021057129
2022-07-01,25.85955238342285
2022-07-05,25.842716217041016
2022-07-06,25.977405548095703
2022-07-07,26.06999969482422
2022-07-08,26.364627838134766
2022-07-11,26.465639114379883
2022-07-12,26.53297996520996
2022-07-13,26.600324630737305
2022-07-14,26.3730411529541
2022-07-15,27.349512100219727
2022-07-18,27.105390548706055
2022-07-19,27.70305824279785
2022-07-20,27.778820037841797
2022-07-21,27.770404815673828
2022-07-22,27.829330444335938
2022-07-25,27.879831314086914
2022-07-26,27.677804946899414
2022-07-27,28.199708938598633
2022-07-28,28.452245712280273
2022-07-29,28.780542373657227
2022-08-01,28.7973690032959
2022-08-02,28.788957595825195
2022-08-03,28.65427589416504
2022-08-04,28.63743782043457
2022-08-05,28.999406814575195
2022-08-08,29.10041618347168
2022-08-09,29.193016052246094
2022-08-10,29.302448272705078
2022-08-11,29.310863494873047
2022-08-12,29.79067611694336
2022-08-15,29.908525466918945
2022-08-16,29.689664840698242
2022-08-17,29.47079849243164
2022-08-18,29.529726028442383
2022-08-19,29.142507553100586
2022-08-22,28.561674118041992
2022-08-23,28.359647750854492
2022-08-24,28.612186431884766
2022-08-25,28.92364501953125
2022-08-26,28.31755828857422
2022-08-29,28.224960327148438
2022-08-30,27.854576110839844
2022-08-31,27.770404815673828
2022-09-01,27.87141227722168
2022-09-02,27.501026153564453
2022-09-06,27.92192268371582
2022-09-07,28.199708938598633
2022-09-08,28.132368087768555
2022-09-09,28.384899139404297
2022-09-12,28.65427589416504
2022-09-13,27.896663665771484
2022-09-14,27.964014053344727
2022-09-15,27.87141227722168
2022-09-16,28.132368087768555
2022-09-19,28.23338508605957
2022-09-20,27.761980056762695
2022-09-21,27.276426315307617
2022-09-22,26.824939727783203
2022-09-23,26.305307388305664
2022-09-26,25.973085403442383
2022-09-27,26.1093807220459
2022-09-28,26.305307388305664
2022-09-29,25.036039352416992
2022-09-30,25.42789649963379
2022-10-03,26.01568031311035
2022-10-04,26.71419906616211
2022-10-05,26.722719192504883
2022-10-06,26.373456954956055
2022-10-07,26.10086441040039
2022-10-10,25.853824615478516
2022-10-11,26.16901206970215
2022-10-12,26.058271408081055
2022-10-13,26.16901206970215
2022-10-14,25.257524490356445
2022-10-17,25.939010620117188
2022-10-18,26.075305938720703
2022-10-19,25.04456329345703
2022-10-20,25.291601181030273
2022-10-21,25.5982723236084
2022-10-24,25.46196937561035
2022-10-25,26.186050415039062
2022-10-26,26.117900848388672
2022-10-27,26.399011611938477
2022-10-28,27.370126724243164
2022-10-31,27.276426315307617
2022-11-01,27.855690002441406
2022-11-02,27.267906188964844
2022-11-03,27.250869750976562
2022-11-04,26.773828506469727
2022-11-07,27.08901596069336
2022-11-08,27.07198143005371
2022-11-09,26.859018325805664
2022-11-10,27.78753662109375
2022-11-11,27.370126724243164
2022-11-14,26.961238861083984
2022-11-15,27.131607055664062
2022-11-16,26.961238861083984
2022-11-17,27.106056213378906
2022-11-18,27.514942169189453
2022-11-21,27.83012580871582
2022-11-22,28.30716896057129
2022-11-23,28.298656463623047
2022-11-25,28.417911529541016
2022-11-28,28.315689086914062
2022-11-29,28.681983947753906
2022-11-30,29.133464813232422
2022-12-01,28.843839645385742
2022-12-02,28.988649368286133
2022-12-05,28.36680030822754
2022-12-06,28.571247100830078
2022-12-07,28.73309898376465
2022-12-08,28.690505981445312
2022-12-09,28.903470993041992
2022-12-12,29.031246185302734
2022-12-13,29.29532241821289
2022-12-14,29.124950408935547
2022-12-15,28.92050552368164
2022-12-16,28.40087127685547
2022-12-19,28.179391860961914
2022-12-20,28.213468551635742
2022-12-21,28.25656509399414
2022-12-22,27.76522445678711
2022-12-23,28.1617431640625
2022-12-27,28.204849243164062
2022-12-28,27.74798011779785
2022-12-29,27.937623977661133
2022-12-30,27.929006576538086
2023-01-03,27.36870002746582
2023-01-04,27.541105270385742
2023-01-05,27.127336502075195
2023-01-06,27.41179847717285
2023-01-09,27.566959381103516
2023-01-10,27.91176414489746
2023-01-11,28.91168975830078
2023-01-12,29.325454711914062
2023-01-13,28.575510025024414
2023-01-17,28.989269256591797
2023-01-18,28.178985595703125
2023-01-19,28.60136604309082
2023-01-20,28.946170806884766
2023-01-23,28.997888565063477
2023-01-24,29.273738861083984
2023-01-25,29.075469970703125
2023-01-26,29.290971755981445
2023-01-27,29.428892135620117
2023-01-30,29.204774856567383
2023-01-31,29.463375091552734
2023-02-01,29.713359832763672
2023-02-02,29.782318115234375
2023-02-03,29.747835159301758
2023-02-06,29.868518829345703
2023-02-07,29.782318115234375
2023-02-08,29.75645637512207
2023-02-09,29.566814422607422
2023-02-10,29.721975326538086
2023-02-13,29.76507568359375
2023-02-14,29.463375091552734
2023-02-15,29.584054946899414
2023-02-16,29.38579750061035
2023-02-17,29.213394165039062
2023-02-21,29.04961395263672
2023-02-22,28.842729568481445
2023-02-23,28.859970092773438
2023-02-24,28.69619369506836
2023-02-27,29.03237533569336
2023-02-28,28.90306854248047
2023-03-01,29.04961395263672
2023-03-02,29.135814666748047
2023-03-03,29.41165542602539
2023-03-06,29.25649070739746
2023-03-07,28.859970092773438
2023-03-08,29.101335525512695
2023-03-09,28.63585090637207
2023-03-10,27.48076057434082
2023-03-13,27.52385902404785
2023-03-14,27.842803955078125
2023-03-15,27.2652587890625
2023-03-16,27.282499313354492
2023-03-17,26.868736267089844
2023-03-20,27.179061889648438
2023-03-21,27.179061889648438
2023-03-22,26.480819702148438
2023-03-23,26.236433029174805
2023-03-24,27.109233856201172
2023-03-27,27.388530731201172
2023-03-28,27.545635223388672
2023-03-29,27.667829513549805
2023-03-30,27.763837814331055
2023-03-31,28.47080421447754
2023-04-03,28.357341766357422
2023-04-04,28.23514747619629
2023-04-05,28.034400939941406
2023-04-06,28.208961486816406
2023-04-10,28.479534149169922
2023-04-11,28.680278778076172
2023-04-12,28.62790870666504
2023-04-13,28.52317237854004
2023-04-14,28.23514747619629
2023-04-17,28.680278778076172
2023-04-18,28.610454559326172
2023-04-19,28.732646942138672
2023-04-20,28.907207489013672
2023-04-21,29.090497970581055
2023-04-24,28.96830177307129
2023-04-25,28.84610939025879
2023-04-26,28.63663673400879
2023-04-27,29.055585861206055
2023-04-28,29.622901916503906
2023-05-01,29.48325538635254
2023-05-02,28.540630340576172
2023-05-03,28.034400939941406
2023-05-04,28.278791427612305
2023-05-05,28.63663673400879
2023-05-08,28.776287078857422
2023-05-09,28.758832931518555
2023-05-10,28.40970802307129
2023-05-11,27.859844207763672
2023-05-12,27.84238624572754
2023-05-15,27.772563934326172
2023-05-16,27.144145965576172
2023-05-17,27.49326515197754
2023-05-18,27.379804611206055
2023-05-19,27.580547332763672
2023-05-22,27.589275360107422
2023-05-23,27.13541603088379
2023-05-24,26.716472625732422
2023-05-25,26.428447723388672
2023-05-26,26.646650314331055
2023-05-30,26.637922286987305
2023-05-31,26.99576759338379
2023-06-01,27.004499435424805
2023-06-02,27.589275360107422
2023-06-05,27.763837814331055
2023-06-06,27.886032104492188
2023-06-07,28.36606788635254
2023-06-08,28.23514747619629
2023-06-09,28.191511154174805
2023-06-12,28.016944885253906
2023-06-13,28.139144897460938
2023-06-14,28.261333465576172
2023-06-15,28.400985717773438
2023-06-16,28.226421356201172
2023-06-20,27.851118087768555
2023-06-21,27.515344619750977
2023-06-22,27.4976749420166
2023-06-23,27.06471061706543
2023-06-26,27.745084762573242
2023-06-27,27.471168518066406
2023-06-28,27.39164161682129
2023-06-29,27.7274112701416
2023-06-30,27.771591186523438
2023-07-03,28.12503433227539
2023-07-05,27.683229446411133
2023-07-06,27.3386287689209
2023-07-07,27.50650978088379
2023-07-10,27.859952926635742
2023-07-11,28.08968734741211
2023-07-12,28.195722579956055
2023-07-13,27.718578338623047
2023-07-14,27.84227752685547
2023-07-17,27.87762451171875
2023-07-18,27.87762451171875
2023-07-19,28.407785415649414
2023-07-20,28.902599334716797
2023-07-21,28.97328758239746
2023-07-24,29.052814483642578
2023-07-25,29.017471313476562
2023-07-26,28.937944412231445
2023-07-27,28.213394165039062
2023-07-28,28.08968734741211
2023-07-31,27.815773010253906
2023-08-01,27.9571475982666
2023-08-02,27.683229446411133
2023-08-03,27.46232795715332
2023-08-04,27.444658279418945
2023-08-07,27.63905143737793
2023-08-08,27.515344619750977
2023-08-09,27.718578338623047
2023-08-10,27.356298446655273
2023-08-11,27.294445037841797
2023-08-14,27.07354736328125
2023-08-15,26.543386459350586
2023-08-16,26.340158462524414
2023-08-17,26.21645164489746
2023-08-18,26.57872772216797
2023-08-21,26.384336471557617
2023-08-22,26.640581130981445
2023-08-23,27.04703712463379
2023-08-24,26.808469772338867
2023-08-25,26.967517852783203
2023-08-28,27.161909103393555
2023-08-29,27.28561019897461
2023-08-30,27.373973846435547
2023-08-31,27.250267028808594
2023-09-01,27.382808685302734
2023-09-05,27.23259925842285
2023-09-06,27.400480270385742
2023-09-07,27.58603286743164
2023-09-08,27.559526443481445
2023-09-11,27.674394607543945
2023-09-12,27.753915786743164
2023-09-13,27.63905143737793
2023-09-14,27.84227752685547
2023-09-15,27.7274112701416
2023-09-18,27.25909996032715
2023-09-19,27.382808685302734
2023-09-20,27.458934783935547
2023-09-21,26.957401275634766
2023-09-22,26.62603187561035
2023-09-25,26.643943786621094
2023-09-26,26.14240837097168
2023-09-27,25.86477279663086
2023-09-28,26.39317512512207
2023-09-29,26.061803817749023
2023-10-02,25.658788681030273
2023-10-03,25.112478256225586
2023-10-04,25.39011001586914
2023-10-05,25.354284286499023
2023-10-06,25.622962951660156
2023-10-09,26.14240837097168
2023-10-10,26.178232192993164
2023-10-11,26.294660568237305
2023-10-12,25.86477279663086
2023-10-13,25.91851043701172
2023-10-16,26.258834838867188
2023-10-17,26.21405792236328
2023-10-18,25.739391326904297
2023-10-19,25.148298263549805
2023-10-20,24.6378116607666
2023-10-23,24.431825637817383
2023-10-24,25.03187370300293
2023-10-25,24.68259048461914
2023-10-26,24.67363166809082
2023-10-27,24.485557556152344
2023-10-30,24.342262268066406
2023-10-31,24.987091064453125
2023-11-01,24.960224151611328
2023-11-02,25.60505485534668
2023-11-03,26.12449836730957
2023-11-06,25.97224235534668
2023-11-07,25.748348236083984
2023-11-08,25.6140079498291
2023-11-09,25.175167083740234
2023-11-10,25.488624572753906
2023-11-13,25.15725326538086
2023-11-14,26.106584548950195
2023-11-15,25.882686614990234
2023-11-16,25.70356559753418
2023-11-17,25.596097946166992
2023-11-20,25.6140079498291
2023-11-21,25.255769729614258
2023-11-22,25.622962951660156
2023-11-24,25.667743682861328
2023-11-27,25.757301330566406
2023-11-28,26.16927719116211
2023-11-29,26.527511596679688
2023-11-30,26.769325256347656
2023-12-01,27.315637588500977
2023-12-04,27.360416412353516
2023-12-05,27.10069465637207
2023-12-06,27.082780838012695
2023-12-07,27.252944946289062
2023-12-08,27.324596405029297
2023-12-11,27.575359344482422
2023-12-12,27.521625518798828
2023-12-13,28.23810386657715
2023-12-14,28.596342086791992
2023-12-15,28.06793785095215
2023-12-18,27.96942138671875
2023-12-19,28.479909896850586
2023-12-20,28.239444732666016
2023-12-21,28.511669158935547
2023-12-22,28.43907928466797
2023-12-26,28.729455947875977
2023-12-27,28.874645233154297
2023-12-28,29.201326370239258
2023-12-29,28.929092407226562
2024-01-02,29.63689422607422
2024-01-03,29.437255859375
2024-01-04,28.965391159057617
2024-01-05,28.74760627746582
2024-01-08,29.119657516479492
2024-01-09,28.72038459777832
2024-01-10,28.59334373474121
2024-01-11,28.275737762451172
2024-01-12,28.22129249572754
2024-01-16,28.22129249572754
2024-01-17,27.74942398071289
2024-01-18,27.45904541015625
2024-01-19,27.73127555847168
2024-01-22,27.885541915893555
2024-01-23,27.98535919189453
2024-01-24,27.53164291381836
2024-01-25,27.69498062133789
2024-01-26,27.586084365844727
2024-01-29,27.613309860229492
2024-01-30,27.440895080566406
2024-01-31,27.33200454711914
2024-02-01,28.175918579101562
2024-02-02,27.72220230102539
2024-02-05,26.887359619140625
2024-02-06,27.0688419342041
2024-02-07,26.95088005065918
2024-02-08,26.923656463623047
2024-02-09,26.96902847290039
2024-02-12,26.95995330810547
2024-02-13,26.52438735961914
2024-02-14,26.497159957885742
2024-02-15,26.760316848754883
2024-02-16,26.79661750793457
2024-02-20,26.82383918762207
2024-02-21,26.914581298828125
2024-02-22,26.95088005065918
2024-02-23,27.268482208251953
2024-02-26,26.81476593017578
2024-02-27,26.669572830200195
2024-02-28,26.82383918762207
2024-02-29,27.159589767456055
2024-03-01,26.84198570251465
2024-03-04,26.96902847290039
2024-03-05,26.243078231811523
2024-03-06,26.261228561401367
2024-03-07,26.333826065063477
2024-03-08,26.42456817626953
2024-03-11,26.905508041381836
2024-03-12,26.81476593017578
2024-03-13,26.59697914123535
2024-03-14,26.15233612060547
2024-03-15,26.252153396606445
2024-03-18,26.261228561401367
2024-03-19,26.2884521484375
2024-03-20,26.53241539001465
2024-03-21,26.873048782348633
2024-03-22,26.53241539001465
2024-03-25,26.53241539001465
2024-03-26,26.83622169494629
2024-03-27,27.38859748840332
2024-03-28,27.425424575805664
2024-04-01,27.250505447387695
2024-04-02,27.130823135375977
2024-04-03,27.02955436706543
2024-04-04,26.93749237060547
2024-04-05,26.992727279663086
2024-04-08,27.278121948242188
2024-04-09,27.434629440307617
2024-04-10,25.87877082824707
2024-04-11,25.961627960205078
2024-04-12,25.722267150878906
2024-04-15,25.39084243774414
2024-04-16,24.994970321655273
2024-04-17,25.04100227355957
2024-04-18,25.33560562133789
2024-04-19,25.67623519897461
2024-04-22,25.814329147338867
2024-04-23,26.311466217041016
2024-04-24,26.173372268676758
2024-04-25,26.28384780883789
2024-04-26,26.210195541381836
2024-04-29,26.744157791137695
2024-04-30,26.28384780883789
2024-05-01,26.60606575012207
2024-05-02,26.51400375366211
2024-05-03,26.51400375366211
2024-05-06,26.744157791137695
2024-05-07,27.2044734954834
2024-05-08,26.93749237060547
2024-05-09,26.974313735961914
2024-05-10,27.15843963623047
2024-05-13,27.259708404541016
2024-05-14,27.526689529418945
2024-05-15,28.088274002075195
2024-05-16,27.876527786254883
2024-05-17,27.968591690063477
2024-05-20,27.8212890625
2024-05-21,27.729230880737305
2024-05-22,27.18606185913086
2024-05-23,26.329879760742188
2024-05-24,26.05368995666504
2024-05-28,26.016864776611328
2024-05-29,25.703853607177734
2024-05-30,25.832740783691406
2024-05-31,26.4311466217041
2024-06-03,26.486387252807617
2024-06-04,26.4311466217041
2024-06-05,26.12734031677246
2024-06-06,26.182580947875977
2024-06-07,26.118133544921875
2024-06-10,25.87877082824707
2024-06-11,25.906391143798828
2024-06-12,26.118133544921875
2024-06-13,26.04448699951172
2024-06-14,26.04448699951172
2024-06-17,25.961627960205078
2024-06-18,26.265300750732422
2024-06-20,26.237268447875977
2024-06-21,26.255956649780273
2024-06-24,26.564300537109375
2024-06-25,26.115800857543945
2024-06-26,26.153173446655273
2024-06-27,26.564300537109375
2024-06-28,26.76051902770996
2024-07-01,26.069082260131836
2024-07-02,25.947612762451172
2024-07-03,25.928924560546875
2024-07-05,25.928924560546875
2024-07-08,26.00367546081543
2024-07-09,25.826143264770508
2024-07-10,26.05974006652832
2024-07-11,27.470643997192383
2024-07-12,27.517364501953125
2024-07-15,28.3022403717041
2024-07-16,28.283554077148438
2024-07-17,28.84417724609375
2024-07-18,28.610586166381836
2024-07-19,28.3209285736084
2024-07-22,28.433053970336914
2024-07-23,28.451738357543945
2024-07-24,28.227487564086914
2024-07-25,28.479772567749023
2024-07-26,28.8535213470459
2024-07-29,29.17120933532715
2024-07-30,29.35808563232422
2024-07-31,29.20858383178711
2024-08-01,29.283334732055664
2024-08-02,29.432832717895508
2024-08-05,28.741395950317383
2024-08-06,29.339397430419922
2024-08-07,29.414146423339844
2024-08-08,29.199243545532227
2024-08-09,29.273990631103516
2024-08-12,29.264644622802734
2024-08-13,29.3674259185791
2024-08-14,29.535614013671875
2024-08-15,29.67577362060547
2024-08-16,29.51692771911621
2024-08-19,29.984115600585938
2024-08-20,29.89067840576172
2024-08-21,30.152305603027344
2024-08-22,30.20836639404297
2024-08-23,30.740964889526367
2024-08-26,30.946523666381836
2024-08-27,30.974557876586914
2024-08-28,30.937177658081055
2024-08-29,30.89046287536621
2024-08-30,31.28289794921875
2024-09-03,31.28289794921875
2024-09-04,31.413711547851562
2024-09-05,31.385677337646484
2024-09-06,31.273557662963867
2024-09-09,31.63796043395996
2024-09-10,31.824840545654297
2024-09-11,31.62861442565918
2024-09-12,31.366989135742188
2024-09-13,31.731401443481445
2024-09-16,31.806150436401367
2024-09-17,31.497802734375
2024-09-18,31.292409896850586
2024-09-19,31.055776596069336
2024-09-20,31.3018741607666
2024-09-23,31.481712341308594
2024-09-24,31.349199295043945
2024-09-25,31.273475646972656
2024-09-26,31.131494522094727
2024-09-27,31.349199295043945
2024-09-30,31.52904510498047
2024-10-01,31.017913818359375
2024-10-02,31.017913818359375
2024-10-03,30.8286075592041
2024-10-04,30.68662452697754
2024-10-07,30.68662452697754
2024-10-08,30.59197235107422
2024-10-09,30.516250610351562
2024-10-10,30.449989318847656
2024-10-11,30.809673309326172
2024-10-14,31.027374267578125
2024-10-15,31.06524085998535
2024-10-16,31.37759780883789
2024-10-17,31.282941818237305
2024-10-18,31.415456771850586
2024-10-21,30.847536087036133
2024-10-22,31.017913818359375
2024-10-23,31.084169387817383
2024-10-24,31.055776596069336
2024-10-25,30.38373565673828
2024-10-28,30.62983512878418
2024-10-29,30.56357765197754
2024-10-30,30.68662452697754
2024-10-31,30.061914443969727
2024-11-01,29.759021759033203
2024-11-04,29.995655059814453
2024-11-05,30.326942443847656
2024-11-06,29.446666717529297
2024-11-07,29.276290893554688
2024-11-08,29.711694717407227
2024-11-11,29.607576370239258
2024-11-12,29.5318546295166
2024-11-13,29.635974884033203
2024-11-14,29.626506805419922
2024-11-15,29.97672462463379
2024-11-18,30.18496322631836
2024-11-19,30.4973201751709
2024-11-20,30.402666091918945
2024-11-21,30.639297485351562
2024-11-22,30.506784439086914
2024-11-25,30.790742874145508
2024-11-26,30.648765563964844
2024-11-27,30.856998443603516
2024-11-29,30.866466522216797
2024-12-02,30.48785400390625
2024-12-03,29.957794189453125
2024-12-04,30.071380615234375
2024-12-05,29.957794189453125
2024-12-06,29.957794189453125
2024-12-09,30.061914443969727
2024-12-10,29.759021759033203
2024-12-11,29.635974884033203
2024-12-12,29.427736282348633
2024-12-13,29.46559715270996
2024-12-16,29.276290893554688
2024-12-17,28.84718132019043
2024-12-18,27.7528133392334
2024-12-19,27.1384334564209
2024-12-20,27.637617111206055
2024-12-23,27.820011138916016
2024-12-24,28.069602966308594
2024-12-26,27.964006423950195
2024-12-27,27.781614303588867
2024-12-30,27.848812103271484
2024-12-31,28.040803909301758
