Date,VST
2010-01-04,
2010-01-05,
2010-01-06,
2010-01-07,
2010-01-08,
2010-01-11,
2010-01-12,
2010-01-13,
2010-01-14,
2010-01-15,
2010-01-19,
2010-01-20,
2010-01-21,
2010-01-22,
2010-01-25,
2010-01-26,
2010-01-27,
2010-01-28,
2010-01-29,
2010-02-01,
2010-02-02,
2010-02-03,
2010-02-04,
2010-02-05,
2010-02-08,
2010-02-09,
2010-02-10,
2010-02-11,
2010-02-12,
2010-02-16,
2010-02-17,
2010-02-18,
2010-02-19,
2010-02-22,
2010-02-23,
2010-02-24,
2010-02-25,
2010-02-26,
2010-03-01,
2010-03-02,
2010-03-03,
2010-03-04,
2010-03-05,
2010-03-08,
2010-03-09,
2010-03-10,
2010-03-11,
2010-03-12,
2010-03-15,
2010-03-16,
2010-03-17,
2010-03-18,
2010-03-19,
2010-03-22,
2010-03-23,
2010-03-24,
2010-03-25,
2010-03-26,
2010-03-29,
2010-03-30,
2010-03-31,
2010-04-01,
2010-04-05,
2010-04-06,
2010-04-07,
2010-04-08,
2010-04-09,
2010-04-12,
2010-04-13,
2010-04-14,
2010-04-15,
2010-04-16,
2010-04-19,
2010-04-20,
2010-04-21,
2010-04-22,
2010-04-23,
2010-04-26,
2010-04-27,
2010-04-28,
2010-04-29,
2010-04-30,
2010-05-03,
2010-05-04,
2010-05-05,
2010-05-06,
2010-05-07,
2010-05-10,
2010-05-11,
2010-05-12,
2010-05-13,
2010-05-14,
2010-05-17,
2010-05-18,
2010-05-19,
2010-05-20,
2010-05-21,
2010-05-24,
2010-05-25,
2010-05-26,
2010-05-27,
2010-05-28,
2010-06-01,
2010-06-02,
2010-06-03,
2010-06-04,
2010-06-07,
2010-06-08,
2010-06-09,
2010-06-10,
2010-06-11,
2010-06-14,
2010-06-15,
2010-06-16,
2010-06-17,
2010-06-18,
2010-06-21,
2010-06-22,
2010-06-23,
2010-06-24,
2010-06-25,
2010-06-28,
2010-06-29,
2010-06-30,
2010-07-01,
2010-07-02,
2010-07-06,
2010-07-07,
2010-07-08,
2010-07-09,
2010-07-12,
2010-07-13,
2010-07-14,
2010-07-15,
2010-07-16,
2010-07-19,
2010-07-20,
2010-07-21,
2010-07-22,
2010-07-23,
2010-07-26,
2010-07-27,
2010-07-28,
2010-07-29,
2010-07-30,
2010-08-02,
2010-08-03,
2010-08-04,
2010-08-05,
2010-08-06,
2010-08-09,
2010-08-10,
2010-08-11,
2010-08-12,
2010-08-13,
2010-08-16,
2010-08-17,
2010-08-18,
2010-08-19,
2010-08-20,
2010-08-23,
2010-08-24,
2010-08-25,
2010-08-26,
2010-08-27,
2010-08-30,
2010-08-31,
2010-09-01,
2010-09-02,
2010-09-03,
2010-09-07,
2010-09-08,
2010-09-09,
2010-09-10,
2010-09-13,
2010-09-14,
2010-09-15,
2010-09-16,
2010-09-17,
2010-09-20,
2010-09-21,
2010-09-22,
2010-09-23,
2010-09-24,
2010-09-27,
2010-09-28,
2010-09-29,
2010-09-30,
2010-10-01,
2010-10-04,
2010-10-05,
2010-10-06,
2010-10-07,
2010-10-08,
2010-10-11,
2010-10-12,
2010-10-13,
2010-10-14,
2010-10-15,
2010-10-18,
2010-10-19,
2010-10-20,
2010-10-21,
2010-10-22,
2010-10-25,
2010-10-26,
2010-10-27,
2010-10-28,
2010-10-29,
2010-11-01,
2010-11-02,
2010-11-03,
2010-11-04,
2010-11-05,
2010-11-08,
2010-11-09,
2010-11-10,
2010-11-11,
2010-11-12,
2010-11-15,
2010-11-16,
2010-11-17,
2010-11-18,
2010-11-19,
2010-11-22,
2010-11-23,
2010-11-24,
2010-11-26,
2010-11-29,
2010-11-30,
2010-12-01,
2010-12-02,
2010-12-03,
2010-12-06,
2010-12-07,
2010-12-08,
2010-12-09,
2010-12-10,
2010-12-13,
2010-12-14,
2010-12-15,
2010-12-16,
2010-12-17,
2010-12-20,
2010-12-21,
2010-12-22,
2010-12-23,
2010-12-27,
2010-12-28,
2010-12-29,
2010-12-30,
2010-12-31,
2011-01-03,
2011-01-04,
2011-01-05,
2011-01-06,
2011-01-07,
2011-01-10,
2011-01-11,
2011-01-12,
2011-01-13,
2011-01-14,
2011-01-18,
2011-01-19,
2011-01-20,
2011-01-21,
2011-01-24,
2011-01-25,
2011-01-26,
2011-01-27,
2011-01-28,
2011-01-31,
2011-02-01,
2011-02-02,
2011-02-03,
2011-02-04,
2011-02-07,
2011-02-08,
2011-02-09,
2011-02-10,
2011-02-11,
2011-02-14,
2011-02-15,
2011-02-16,
2011-02-17,
2011-02-18,
2011-02-22,
2011-02-23,
2011-02-24,
2011-02-25,
2011-02-28,
2011-03-01,
2011-03-02,
2011-03-03,
2011-03-04,
2011-03-07,
2011-03-08,
2011-03-09,
2011-03-10,
2011-03-11,
2011-03-14,
2011-03-15,
2011-03-16,
2011-03-17,
2011-03-18,
2011-03-21,
2011-03-22,
2011-03-23,
2011-03-24,
2011-03-25,
2011-03-28,
2011-03-29,
2011-03-30,
2011-03-31,
2011-04-01,
2011-04-04,
2011-04-05,
2011-04-06,
2011-04-07,
2011-04-08,
2011-04-11,
2011-04-12,
2011-04-13,
2011-04-14,
2011-04-15,
2011-04-18,
2011-04-19,
2011-04-20,
2011-04-21,
2011-04-25,
2011-04-26,
2011-04-27,
2011-04-28,
2011-04-29,
2011-05-02,
2011-05-03,
2011-05-04,
2011-05-05,
2011-05-06,
2011-05-09,
2011-05-10,
2011-05-11,
2011-05-12,
2011-05-13,
2011-05-16,
2011-05-17,
2011-05-18,
2011-05-19,
2011-05-20,
2011-05-23,
2011-05-24,
2011-05-25,
2011-05-26,
2011-05-27,
2011-05-31,
2011-06-01,
2011-06-02,
2011-06-03,
2011-06-06,
2011-06-07,
2011-06-08,
2011-06-09,
2011-06-10,
2011-06-13,
2011-06-14,
2011-06-15,
2011-06-16,
2011-06-17,
2011-06-20,
2011-06-21,
2011-06-22,
2011-06-23,
2011-06-24,
2011-06-27,
2011-06-28,
2011-06-29,
2011-06-30,
2011-07-01,
2011-07-05,
2011-07-06,
2011-07-07,
2011-07-08,
2011-07-11,
2011-07-12,
2011-07-13,
2011-07-14,
2011-07-15,
2011-07-18,
2011-07-19,
2011-07-20,
2011-07-21,
2011-07-22,
2011-07-25,
2011-07-26,
2011-07-27,
2011-07-28,
2011-07-29,
2011-08-01,
2011-08-02,
2011-08-03,
2011-08-04,
2011-08-05,
2011-08-08,
2011-08-09,
2011-08-10,
2011-08-11,
2011-08-12,
2011-08-15,
2011-08-16,
2011-08-17,
2011-08-18,
2011-08-19,
2011-08-22,
2011-08-23,
2011-08-24,
2011-08-25,
2011-08-26,
2011-08-29,
2011-08-30,
2011-08-31,
2011-09-01,
2011-09-02,
2011-09-06,
2011-09-07,
2011-09-08,
2011-09-09,
2011-09-12,
2011-09-13,
2011-09-14,
2011-09-15,
2011-09-16,
2011-09-19,
2011-09-20,
2011-09-21,
2011-09-22,
2011-09-23,
2011-09-26,
2011-09-27,
2011-09-28,
2011-09-29,
2011-09-30,
2011-10-03,
2011-10-04,
2011-10-05,
2011-10-06,
2011-10-07,
2011-10-10,
2011-10-11,
2011-10-12,
2011-10-13,
2011-10-14,
2011-10-17,
2011-10-18,
2011-10-19,
2011-10-20,
2011-10-21,
2011-10-24,
2011-10-25,
2011-10-26,
2011-10-27,
2011-10-28,
2011-10-31,
2011-11-01,
2011-11-02,
2011-11-03,
2011-11-04,
2011-11-07,
2011-11-08,
2011-11-09,
2011-11-10,
2011-11-11,
2011-11-14,
2011-11-15,
2011-11-16,
2011-11-17,
2011-11-18,
2011-11-21,
2011-11-22,
2011-11-23,
2011-11-25,
2011-11-28,
2011-11-29,
2011-11-30,
2011-12-01,
2011-12-02,
2011-12-05,
2011-12-06,
2011-12-07,
2011-12-08,
2011-12-09,
2011-12-12,
2011-12-13,
2011-12-14,
2011-12-15,
2011-12-16,
2011-12-19,
2011-12-20,
2011-12-21,
2011-12-22,
2011-12-23,
2011-12-27,
2011-12-28,
2011-12-29,
2011-12-30,
2012-01-03,
2012-01-04,
2012-01-05,
2012-01-06,
2012-01-09,
2012-01-10,
2012-01-11,
2012-01-12,
2012-01-13,
2012-01-17,
2012-01-18,
2012-01-19,
2012-01-20,
2012-01-23,
2012-01-24,
2012-01-25,
2012-01-26,
2012-01-27,
2012-01-30,
2012-01-31,
2012-02-01,
2012-02-02,
2012-02-03,
2012-02-06,
2012-02-07,
2012-02-08,
2012-02-09,
2012-02-10,
2012-02-13,
2012-02-14,
2012-02-15,
2012-02-16,
2012-02-17,
2012-02-21,
2012-02-22,
2012-02-23,
2012-02-24,
2012-02-27,
2012-02-28,
2012-02-29,
2012-03-01,
2012-03-02,
2012-03-05,
2012-03-06,
2012-03-07,
2012-03-08,
2012-03-09,
2012-03-12,
2012-03-13,
2012-03-14,
2012-03-15,
2012-03-16,
2012-03-19,
2012-03-20,
2012-03-21,
2012-03-22,
2012-03-23,
2012-03-26,
2012-03-27,
2012-03-28,
2012-03-29,
2012-03-30,
2012-04-02,
2012-04-03,
2012-04-04,
2012-04-05,
2012-04-09,
2012-04-10,
2012-04-11,
2012-04-12,
2012-04-13,
2012-04-16,
2012-04-17,
2012-04-18,
2012-04-19,
2012-04-20,
2012-04-23,
2012-04-24,
2012-04-25,
2012-04-26,
2012-04-27,
2012-04-30,
2012-05-01,
2012-05-02,
2012-05-03,
2012-05-04,
2012-05-07,
2012-05-08,
2012-05-09,
2012-05-10,
2012-05-11,
2012-05-14,
2012-05-15,
2012-05-16,
2012-05-17,
2012-05-18,
2012-05-21,
2012-05-22,
2012-05-23,
2012-05-24,
2012-05-25,
2012-05-29,
2012-05-30,
2012-05-31,
2012-06-01,
2012-06-04,
2012-06-05,
2012-06-06,
2012-06-07,
2012-06-08,
2012-06-11,
2012-06-12,
2012-06-13,
2012-06-14,
2012-06-15,
2012-06-18,
2012-06-19,
2012-06-20,
2012-06-21,
2012-06-22,
2012-06-25,
2012-06-26,
2012-06-27,
2012-06-28,
2012-06-29,
2012-07-02,
2012-07-03,
2012-07-05,
2012-07-06,
2012-07-09,
2012-07-10,
2012-07-11,
2012-07-12,
2012-07-13,
2012-07-16,
2012-07-17,
2012-07-18,
2012-07-19,
2012-07-20,
2012-07-23,
2012-07-24,
2012-07-25,
2012-07-26,
2012-07-27,
2012-07-30,
2012-07-31,
2012-08-01,
2012-08-02,
2012-08-03,
2012-08-06,
2012-08-07,
2012-08-08,
2012-08-09,
2012-08-10,
2012-08-13,
2012-08-14,
2012-08-15,
2012-08-16,
2012-08-17,
2012-08-20,
2012-08-21,
2012-08-22,
2012-08-23,
2012-08-24,
2012-08-27,
2012-08-28,
2012-08-29,
2012-08-30,
2012-08-31,
2012-09-04,
2012-09-05,
2012-09-06,
2012-09-07,
2012-09-10,
2012-09-11,
2012-09-12,
2012-09-13,
2012-09-14,
2012-09-17,
2012-09-18,
2012-09-19,
2012-09-20,
2012-09-21,
2012-09-24,
2012-09-25,
2012-09-26,
2012-09-27,
2012-09-28,
2012-10-01,
2012-10-02,
2012-10-03,
2012-10-04,
2012-10-05,
2012-10-08,
2012-10-09,
2012-10-10,
2012-10-11,
2012-10-12,
2012-10-15,
2012-10-16,
2012-10-17,
2012-10-18,
2012-10-19,
2012-10-22,
2012-10-23,
2012-10-24,
2012-10-25,
2012-10-26,
2012-10-31,
2012-11-01,
2012-11-02,
2012-11-05,
2012-11-06,
2012-11-07,
2012-11-08,
2012-11-09,
2012-11-12,
2012-11-13,
2012-11-14,
2012-11-15,
2012-11-16,
2012-11-19,
2012-11-20,
2012-11-21,
2012-11-23,
2012-11-26,
2012-11-27,
2012-11-28,
2012-11-29,
2012-11-30,
2012-12-03,
2012-12-04,
2012-12-05,
2012-12-06,
2012-12-07,
2012-12-10,
2012-12-11,
2012-12-12,
2012-12-13,
2012-12-14,
2012-12-17,
2012-12-18,
2012-12-19,
2012-12-20,
2012-12-21,
2012-12-24,
2012-12-26,
2012-12-27,
2012-12-28,
2012-12-31,
2013-01-02,
2013-01-03,
2013-01-04,
2013-01-07,
2013-01-08,
2013-01-09,
2013-01-10,
2013-01-11,
2013-01-14,
2013-01-15,
2013-01-16,
2013-01-17,
2013-01-18,
2013-01-22,
2013-01-23,
2013-01-24,
2013-01-25,
2013-01-28,
2013-01-29,
2013-01-30,
2013-01-31,
2013-02-01,
2013-02-04,
2013-02-05,
2013-02-06,
2013-02-07,
2013-02-08,
2013-02-11,
2013-02-12,
2013-02-13,
2013-02-14,
2013-02-15,
2013-02-19,
2013-02-20,
2013-02-21,
2013-02-22,
2013-02-25,
2013-02-26,
2013-02-27,
2013-02-28,
2013-03-01,
2013-03-04,
2013-03-05,
2013-03-06,
2013-03-07,
2013-03-08,
2013-03-11,
2013-03-12,
2013-03-13,
2013-03-14,
2013-03-15,
2013-03-18,
2013-03-19,
2013-03-20,
2013-03-21,
2013-03-22,
2013-03-25,
2013-03-26,
2013-03-27,
2013-03-28,
2013-04-01,
2013-04-02,
2013-04-03,
2013-04-04,
2013-04-05,
2013-04-08,
2013-04-09,
2013-04-10,
2013-04-11,
2013-04-12,
2013-04-15,
2013-04-16,
2013-04-17,
2013-04-18,
2013-04-19,
2013-04-22,
2013-04-23,
2013-04-24,
2013-04-25,
2013-04-26,
2013-04-29,
2013-04-30,
2013-05-01,
2013-05-02,
2013-05-03,
2013-05-06,
2013-05-07,
2013-05-08,
2013-05-09,
2013-05-10,
2013-05-13,
2013-05-14,
2013-05-15,
2013-05-16,
2013-05-17,
2013-05-20,
2013-05-21,
2013-05-22,
2013-05-23,
2013-05-24,
2013-05-28,
2013-05-29,
2013-05-30,
2013-05-31,
2013-06-03,
2013-06-04,
2013-06-05,
2013-06-06,
2013-06-07,
2013-06-10,
2013-06-11,
2013-06-12,
2013-06-13,
2013-06-14,
2013-06-17,
2013-06-18,
2013-06-19,
2013-06-20,
2013-06-21,
2013-06-24,
2013-06-25,
2013-06-26,
2013-06-27,
2013-06-28,
2013-07-01,
2013-07-02,
2013-07-03,
2013-07-05,
2013-07-08,
2013-07-09,
2013-07-10,
2013-07-11,
2013-07-12,
2013-07-15,
2013-07-16,
2013-07-17,
2013-07-18,
2013-07-19,
2013-07-22,
2013-07-23,
2013-07-24,
2013-07-25,
2013-07-26,
2013-07-29,
2013-07-30,
2013-07-31,
2013-08-01,
2013-08-02,
2013-08-05,
2013-08-06,
2013-08-07,
2013-08-08,
2013-08-09,
2013-08-12,
2013-08-13,
2013-08-14,
2013-08-15,
2013-08-16,
2013-08-19,
2013-08-20,
2013-08-21,
2013-08-22,
2013-08-23,
2013-08-26,
2013-08-27,
2013-08-28,
2013-08-29,
2013-08-30,
2013-09-03,
2013-09-04,
2013-09-05,
2013-09-06,
2013-09-09,
2013-09-10,
2013-09-11,
2013-09-12,
2013-09-13,
2013-09-16,
2013-09-17,
2013-09-18,
2013-09-19,
2013-09-20,
2013-09-23,
2013-09-24,
2013-09-25,
2013-09-26,
2013-09-27,
2013-09-30,
2013-10-01,
2013-10-02,
2013-10-03,
2013-10-04,
2013-10-07,
2013-10-08,
2013-10-09,
2013-10-10,
2013-10-11,
2013-10-14,
2013-10-15,
2013-10-16,
2013-10-17,
2013-10-18,
2013-10-21,
2013-10-22,
2013-10-23,
2013-10-24,
2013-10-25,
2013-10-28,
2013-10-29,
2013-10-30,
2013-10-31,
2013-11-01,
2013-11-04,
2013-11-05,
2013-11-06,
2013-11-07,
2013-11-08,
2013-11-11,
2013-11-12,
2013-11-13,
2013-11-14,
2013-11-15,
2013-11-18,
2013-11-19,
2013-11-20,
2013-11-21,
2013-11-22,
2013-11-25,
2013-11-26,
2013-11-27,
2013-11-29,
2013-12-02,
2013-12-03,
2013-12-04,
2013-12-05,
2013-12-06,
2013-12-09,
2013-12-10,
2013-12-11,
2013-12-12,
2013-12-13,
2013-12-16,
2013-12-17,
2013-12-18,
2013-12-19,
2013-12-20,
2013-12-23,
2013-12-24,
2013-12-26,
2013-12-27,
2013-12-30,
2013-12-31,
2014-01-02,
2014-01-03,
2014-01-06,
2014-01-07,
2014-01-08,
2014-01-09,
2014-01-10,
2014-01-13,
2014-01-14,
2014-01-15,
2014-01-16,
2014-01-17,
2014-01-21,
2014-01-22,
2014-01-23,
2014-01-24,
2014-01-27,
2014-01-28,
2014-01-29,
2014-01-30,
2014-01-31,
2014-02-03,
2014-02-04,
2014-02-05,
2014-02-06,
2014-02-07,
2014-02-10,
2014-02-11,
2014-02-12,
2014-02-13,
2014-02-14,
2014-02-18,
2014-02-19,
2014-02-20,
2014-02-21,
2014-02-24,
2014-02-25,
2014-02-26,
2014-02-27,
2014-02-28,
2014-03-03,
2014-03-04,
2014-03-05,
2014-03-06,
2014-03-07,
2014-03-10,
2014-03-11,
2014-03-12,
2014-03-13,
2014-03-14,
2014-03-17,
2014-03-18,
2014-03-19,
2014-03-20,
2014-03-21,
2014-03-24,
2014-03-25,
2014-03-26,
2014-03-27,
2014-03-28,
2014-03-31,
2014-04-01,
2014-04-02,
2014-04-03,
2014-04-04,
2014-04-07,
2014-04-08,
2014-04-09,
2014-04-10,
2014-04-11,
2014-04-14,
2014-04-15,
2014-04-16,
2014-04-17,
2014-04-21,
2014-04-22,
2014-04-23,
2014-04-24,
2014-04-25,
2014-04-28,
2014-04-29,
2014-04-30,
2014-05-01,
2014-05-02,
2014-05-05,
2014-05-06,
2014-05-07,
2014-05-08,
2014-05-09,
2014-05-12,
2014-05-13,
2014-05-14,
2014-05-15,
2014-05-16,
2014-05-19,
2014-05-20,
2014-05-21,
2014-05-22,
2014-05-23,
2014-05-27,
2014-05-28,
2014-05-29,
2014-05-30,
2014-06-02,
2014-06-03,
2014-06-04,
2014-06-05,
2014-06-06,
2014-06-09,
2014-06-10,
2014-06-11,
2014-06-12,
2014-06-13,
2014-06-16,
2014-06-17,
2014-06-18,
2014-06-19,
2014-06-20,
2014-06-23,
2014-06-24,
2014-06-25,
2014-06-26,
2014-06-27,
2014-06-30,
2014-07-01,
2014-07-02,
2014-07-03,
2014-07-07,
2014-07-08,
2014-07-09,
2014-07-10,
2014-07-11,
2014-07-14,
2014-07-15,
2014-07-16,
2014-07-17,
2014-07-18,
2014-07-21,
2014-07-22,
2014-07-23,
2014-07-24,
2014-07-25,
2014-07-28,
2014-07-29,
2014-07-30,
2014-07-31,
2014-08-01,
2014-08-04,
2014-08-05,
2014-08-06,
2014-08-07,
2014-08-08,
2014-08-11,
2014-08-12,
2014-08-13,
2014-08-14,
2014-08-15,
2014-08-18,
2014-08-19,
2014-08-20,
2014-08-21,
2014-08-22,
2014-08-25,
2014-08-26,
2014-08-27,
2014-08-28,
2014-08-29,
2014-09-02,
2014-09-03,
2014-09-04,
2014-09-05,
2014-09-08,
2014-09-09,
2014-09-10,
2014-09-11,
2014-09-12,
2014-09-15,
2014-09-16,
2014-09-17,
2014-09-18,
2014-09-19,
2014-09-22,
2014-09-23,
2014-09-24,
2014-09-25,
2014-09-26,
2014-09-29,
2014-09-30,
2014-10-01,
2014-10-02,
2014-10-03,
2014-10-06,
2014-10-07,
2014-10-08,
2014-10-09,
2014-10-10,
2014-10-13,
2014-10-14,
2014-10-15,
2014-10-16,
2014-10-17,
2014-10-20,
2014-10-21,
2014-10-22,
2014-10-23,
2014-10-24,
2014-10-27,
2014-10-28,
2014-10-29,
2014-10-30,
2014-10-31,
2014-11-03,
2014-11-04,
2014-11-05,
2014-11-06,
2014-11-07,
2014-11-10,
2014-11-11,
2014-11-12,
2014-11-13,
2014-11-14,
2014-11-17,
2014-11-18,
2014-11-19,
2014-11-20,
2014-11-21,
2014-11-24,
2014-11-25,
2014-11-26,
2014-11-28,
2014-12-01,
2014-12-02,
2014-12-03,
2014-12-04,
2014-12-05,
2014-12-08,
2014-12-09,
2014-12-10,
2014-12-11,
2014-12-12,
2014-12-15,
2014-12-16,
2014-12-17,
2014-12-18,
2014-12-19,
2014-12-22,
2014-12-23,
2014-12-24,
2014-12-26,
2014-12-29,
2014-12-30,
2014-12-31,
2015-01-02,
2015-01-05,
2015-01-06,
2015-01-07,
2015-01-08,
2015-01-09,
2015-01-12,
2015-01-13,
2015-01-14,
2015-01-15,
2015-01-16,
2015-01-20,
2015-01-21,
2015-01-22,
2015-01-23,
2015-01-26,
2015-01-27,
2015-01-28,
2015-01-29,
2015-01-30,
2015-02-02,
2015-02-03,
2015-02-04,
2015-02-05,
2015-02-06,
2015-02-09,
2015-02-10,
2015-02-11,
2015-02-12,
2015-02-13,
2015-02-17,
2015-02-18,
2015-02-19,
2015-02-20,
2015-02-23,
2015-02-24,
2015-02-25,
2015-02-26,
2015-02-27,
2015-03-02,
2015-03-03,
2015-03-04,
2015-03-05,
2015-03-06,
2015-03-09,
2015-03-10,
2015-03-11,
2015-03-12,
2015-03-13,
2015-03-16,
2015-03-17,
2015-03-18,
2015-03-19,
2015-03-20,
2015-03-23,
2015-03-24,
2015-03-25,
2015-03-26,
2015-03-27,
2015-03-30,
2015-03-31,
2015-04-01,
2015-04-02,
2015-04-06,
2015-04-07,
2015-04-08,
2015-04-09,
2015-04-10,
2015-04-13,
2015-04-14,
2015-04-15,
2015-04-16,
2015-04-17,
2015-04-20,
2015-04-21,
2015-04-22,
2015-04-23,
2015-04-24,
2015-04-27,
2015-04-28,
2015-04-29,
2015-04-30,
2015-05-01,
2015-05-04,
2015-05-05,
2015-05-06,
2015-05-07,
2015-05-08,
2015-05-11,
2015-05-12,
2015-05-13,
2015-05-14,
2015-05-15,
2015-05-18,
2015-05-19,
2015-05-20,
2015-05-21,
2015-05-22,
2015-05-26,
2015-05-27,
2015-05-28,
2015-05-29,
2015-06-01,
2015-06-02,
2015-06-03,
2015-06-04,
2015-06-05,
2015-06-08,
2015-06-09,
2015-06-10,
2015-06-11,
2015-06-12,
2015-06-15,
2015-06-16,
2015-06-17,
2015-06-18,
2015-06-19,
2015-06-22,
2015-06-23,
2015-06-24,
2015-06-25,
2015-06-26,
2015-06-29,
2015-06-30,
2015-07-01,
2015-07-02,
2015-07-06,
2015-07-07,
2015-07-08,
2015-07-09,
2015-07-10,
2015-07-13,
2015-07-14,
2015-07-15,
2015-07-16,
2015-07-17,
2015-07-20,
2015-07-21,
2015-07-22,
2015-07-23,
2015-07-24,
2015-07-27,
2015-07-28,
2015-07-29,
2015-07-30,
2015-07-31,
2015-08-03,
2015-08-04,
2015-08-05,
2015-08-06,
2015-08-07,
2015-08-10,
2015-08-11,
2015-08-12,
2015-08-13,
2015-08-14,
2015-08-17,
2015-08-18,
2015-08-19,
2015-08-20,
2015-08-21,
2015-08-24,
2015-08-25,
2015-08-26,
2015-08-27,
2015-08-28,
2015-08-31,
2015-09-01,
2015-09-02,
2015-09-03,
2015-09-04,
2015-09-08,
2015-09-09,
2015-09-10,
2015-09-11,
2015-09-14,
2015-09-15,
2015-09-16,
2015-09-17,
2015-09-18,
2015-09-21,
2015-09-22,
2015-09-23,
2015-09-24,
2015-09-25,
2015-09-28,
2015-09-29,
2015-09-30,
2015-10-01,
2015-10-02,
2015-10-05,
2015-10-06,
2015-10-07,
2015-10-08,
2015-10-09,
2015-10-12,
2015-10-13,
2015-10-14,
2015-10-15,
2015-10-16,
2015-10-19,
2015-10-20,
2015-10-21,
2015-10-22,
2015-10-23,
2015-10-26,
2015-10-27,
2015-10-28,
2015-10-29,
2015-10-30,
2015-11-02,
2015-11-03,
2015-11-04,
2015-11-05,
2015-11-06,
2015-11-09,
2015-11-10,
2015-11-11,
2015-11-12,
2015-11-13,
2015-11-16,
2015-11-17,
2015-11-18,
2015-11-19,
2015-11-20,
2015-11-23,
2015-11-24,
2015-11-25,
2015-11-27,
2015-11-30,
2015-12-01,
2015-12-02,
2015-12-03,
2015-12-04,
2015-12-07,
2015-12-08,
2015-12-09,
2015-12-10,
2015-12-11,
2015-12-14,
2015-12-15,
2015-12-16,
2015-12-17,
2015-12-18,
2015-12-21,
2015-12-22,
2015-12-23,
2015-12-24,
2015-12-28,
2015-12-29,
2015-12-30,
2015-12-31,
2016-01-04,
2016-01-05,
2016-01-06,
2016-01-07,
2016-01-08,
2016-01-11,
2016-01-12,
2016-01-13,
2016-01-14,
2016-01-15,
2016-01-19,
2016-01-20,
2016-01-21,
2016-01-22,
2016-01-25,
2016-01-26,
2016-01-27,
2016-01-28,
2016-01-29,
2016-02-01,
2016-02-02,
2016-02-03,
2016-02-04,
2016-02-05,
2016-02-08,
2016-02-09,
2016-02-10,
2016-02-11,
2016-02-12,
2016-02-16,
2016-02-17,
2016-02-18,
2016-02-19,
2016-02-22,
2016-02-23,
2016-02-24,
2016-02-25,
2016-02-26,
2016-02-29,
2016-03-01,
2016-03-02,
2016-03-03,
2016-03-04,
2016-03-07,
2016-03-08,
2016-03-09,
2016-03-10,
2016-03-11,
2016-03-14,
2016-03-15,
2016-03-16,
2016-03-17,
2016-03-18,
2016-03-21,
2016-03-22,
2016-03-23,
2016-03-24,
2016-03-28,
2016-03-29,
2016-03-30,
2016-03-31,
2016-04-01,
2016-04-04,
2016-04-05,
2016-04-06,
2016-04-07,
2016-04-08,
2016-04-11,
2016-04-12,
2016-04-13,
2016-04-14,
2016-04-15,
2016-04-18,
2016-04-19,
2016-04-20,
2016-04-21,
2016-04-22,
2016-04-25,
2016-04-26,
2016-04-27,
2016-04-28,
2016-04-29,
2016-05-02,
2016-05-03,
2016-05-04,
2016-05-05,
2016-05-06,
2016-05-09,
2016-05-10,
2016-05-11,
2016-05-12,
2016-05-13,
2016-05-16,
2016-05-17,
2016-05-18,
2016-05-19,
2016-05-20,
2016-05-23,
2016-05-24,
2016-05-25,
2016-05-26,
2016-05-27,
2016-05-31,
2016-06-01,
2016-06-02,
2016-06-03,
2016-06-06,
2016-06-07,
2016-06-08,
2016-06-09,
2016-06-10,
2016-06-13,
2016-06-14,
2016-06-15,
2016-06-16,
2016-06-17,
2016-06-20,
2016-06-21,
2016-06-22,
2016-06-23,
2016-06-24,
2016-06-27,
2016-06-28,
2016-06-29,
2016-06-30,
2016-07-01,
2016-07-05,
2016-07-06,
2016-07-07,
2016-07-08,
2016-07-11,
2016-07-12,
2016-07-13,
2016-07-14,
2016-07-15,
2016-07-18,
2016-07-19,
2016-07-20,
2016-07-21,
2016-07-22,
2016-07-25,
2016-07-26,
2016-07-27,
2016-07-28,
2016-07-29,
2016-08-01,
2016-08-02,
2016-08-03,
2016-08-04,
2016-08-05,
2016-08-08,
2016-08-09,
2016-08-10,
2016-08-11,
2016-08-12,
2016-08-15,
2016-08-16,
2016-08-17,
2016-08-18,
2016-08-19,
2016-08-22,
2016-08-23,
2016-08-24,
2016-08-25,
2016-08-26,
2016-08-29,
2016-08-30,
2016-08-31,
2016-09-01,
2016-09-02,
2016-09-06,
2016-09-07,
2016-09-08,
2016-09-09,
2016-09-12,
2016-09-13,
2016-09-14,
2016-09-15,
2016-09-16,
2016-09-19,
2016-09-20,
2016-09-21,
2016-09-22,
2016-09-23,
2016-09-26,
2016-09-27,
2016-09-28,
2016-09-29,
2016-09-30,
2016-10-03,
2016-10-04,
2016-10-05,11.384849548339844
2016-10-06,11.568474769592285
2016-10-07,11.6786527633667
2016-10-10,11.75210189819336
2016-10-11,12.009178161621094
2016-10-12,12.009178161621094
2016-10-13,11.825553894042969
2016-10-14,11.825553894042969
2016-10-17,11.825553894042969
2016-10-18,11.75210189819336
2016-10-19,11.744759559631348
2016-10-20,11.6786527633667
2016-10-21,11.531749725341797
2016-10-24,11.517059326171875
2016-10-25,11.443609237670898
2016-10-26,11.348123550415039
2016-10-27,11.164497375488281
2016-10-28,11.164497375488281
2016-10-31,11.164497375488281
2016-11-01,11.017595291137695
2016-11-02,9.989286422729492
2016-11-03,9.989286422729492
2016-11-04,10.283088684082031
2016-11-07,10.356539726257324
2016-11-08,10.4299898147583
2016-11-09,10.319814682006836
2016-11-10,10.452025413513184
2016-11-11,10.80458927154541
2016-11-14,10.576892852783203
2016-11-15,10.518132209777832
2016-11-16,10.356539726257324
2016-11-17,10.319814682006836
2016-11-18,10.356539726257324
2016-11-21,10.283088684082031
2016-11-22,10.319814682006836
2016-11-23,10.283088684082031
2016-11-25,10.283088684082031
2016-11-28,10.393265724182129
2016-11-29,10.099462509155273
2016-11-30,10.246365547180176
2016-12-01,10.253711700439453
2016-12-02,10.172914505004883
2016-12-05,10.613615989685059
2016-12-06,11.458300590515137
2016-12-07,11.384849548339844
2016-12-08,11.6786527633667
2016-12-09,12.045903205871582
2016-12-12,11.935729026794434
2016-12-13,11.921039581298828
2016-12-14,11.957761764526367
2016-12-15,12.154772758483887
2016-12-16,12.043420791625977
2016-12-19,12.18903923034668
2016-12-20,12.291828155517578
2016-12-21,12.291828155517578
2016-12-22,12.24043083190918
2016-12-23,12.321806907653809
2016-12-27,12.848601341247559
2016-12-28,12.848601341247559
2016-12-29,13.276886940002441
2016-12-30,13.276886940002441
2017-01-03,13.156963348388672
2017-01-04,13.79083251953125
2017-01-05,13.867924690246582
2017-01-06,13.876490592956543
2017-01-09,13.619516372680664
2017-01-10,13.576687812805176
2017-01-11,13.422504425048828
2017-01-12,13.705172538757324
2017-01-13,14.090628623962402
2017-01-17,14.433265686035156
2017-01-18,14.604573249816895
2017-01-19,14.458956718444824
2017-01-20,14.510355949401855
2017-01-23,14.518918991088867
2017-01-24,14.39043140411377
2017-01-25,14.347603797912598
2017-01-26,14.433265686035156
2017-01-27,14.330471992492676
2017-01-30,13.962145805358887
2017-01-31,13.885055541992188
2017-02-01,14.004974365234375
2017-02-02,13.953579902648926
2017-02-03,14.304776191711426
2017-02-06,14.69023323059082
2017-02-07,14.66453742980957
2017-02-08,14.775890350341797
2017-02-09,14.775890350341797
2017-02-10,15.375492095947266
2017-02-13,15.204179763793945
2017-02-14,15.161355018615723
2017-02-15,15.11851978302002
2017-02-16,14.904376983642578
2017-02-17,14.861551284790039
2017-02-21,14.673100471496582
2017-02-22,14.377584457397461
2017-02-23,13.962145805358887
2017-02-24,14.236247062683105
2017-02-27,13.850791931152344
2017-02-28,13.8422269821167
2017-03-01,13.962145805358887
2017-03-02,13.876490592956543
2017-03-03,13.927882194519043
2017-03-06,13.850791931152344
2017-03-07,13.79083251953125
2017-03-08,13.576687812805176
2017-03-09,13.199795722961426
2017-03-10,13.43963623046875
2017-03-13,13.893619537353516
2017-03-14,13.850791931152344
2017-03-15,13.825093269348145
2017-03-16,13.833658218383789
2017-03-17,13.773700714111328
2017-03-20,13.876490592956543
2017-03-21,13.705172538757324
2017-03-22,13.576687812805176
2017-03-23,13.473898887634277
2017-03-24,13.533859252929688
2017-03-27,13.576687812805176
2017-03-28,13.619516372680664
2017-03-29,13.919316291809082
2017-03-30,13.945012092590332
2017-03-31,13.962145805358887
2017-04-03,14.004974365234375
2017-04-04,14.124892234802246
2017-04-05,14.116328239440918
2017-04-06,14.056366920471191
2017-04-07,13.919316291809082
2017-04-10,13.919316291809082
2017-04-11,13.833658218383789
2017-04-12,13.705172538757324
2017-04-13,13.850791931152344
2017-04-17,13.688041687011719
2017-04-18,13.705172538757324
2017-04-19,13.533859252929688
2017-04-20,13.31971549987793
2017-04-21,13.019915580749512
2017-04-24,13.259753227233887
2017-04-25,13.234058380126953
2017-04-26,13.388240814208984
2017-04-27,13.037046432495117
2017-04-28,12.805769920349121
2017-05-01,12.83146858215332
2017-05-02,12.497405052185059
2017-05-03,12.583061218261719
2017-05-04,12.523101806640625
2017-05-05,12.874296188354492
2017-05-08,12.848601341247559
2017-05-09,12.85716724395752
2017-05-10,12.977084159851074
2017-05-11,13.122699737548828
2017-05-12,13.345412254333496
2017-05-15,13.473898887634277
2017-05-16,13.20836067199707
2017-05-17,12.925692558288574
2017-05-18,12.677286148071289
2017-05-19,12.882864952087402
2017-05-22,12.814339637756348
2017-05-23,12.848601341247559
2017-05-24,12.848601341247559
2017-05-25,12.72011661529541
2017-05-26,12.840035438537598
2017-05-30,12.780075073242188
2017-05-31,12.651590347290039
2017-06-01,12.771510124206543
2017-06-02,12.840035438537598
2017-06-05,13.071310043334961
2017-06-06,13.294018745422363
2017-06-07,13.431069374084473
2017-06-08,13.46533489227295
2017-06-09,13.533859252929688
2017-06-12,13.705172538757324
2017-06-13,14.004974365234375
2017-06-14,14.381866455078125
2017-06-15,14.219120979309082
2017-06-16,14.304776191711426
2017-06-19,14.304776191711426
2017-06-20,14.321904182434082
2017-06-21,14.304776191711426
2017-06-22,14.261946678161621
2017-06-23,14.347603797912598
2017-06-26,14.304776191711426
2017-06-27,14.304776191711426
2017-06-28,14.441828727722168
2017-06-29,14.304776191711426
2017-06-30,14.381866455078125
2017-07-03,14.570310592651367
2017-07-05,14.339035987854004
2017-07-06,14.107763290405273
2017-07-07,14.082063674926758
2017-07-10,14.064934730529785
2017-07-11,14.082063674926758
2017-07-12,13.936446189880371
2017-07-13,13.602386474609375
2017-07-14,13.722302436828613
2017-07-17,13.670910835266113
2017-07-18,13.73087215423584
2017-07-19,13.670910835266113
2017-07-20,13.876490592956543
2017-07-21,14.03923511505127
2017-07-24,14.219120979309082
2017-07-25,14.227683067321777
2017-07-26,14.1420259475708
2017-07-27,14.150593757629395
2017-07-28,14.073501586914062
2017-07-31,14.073501586914062
2017-08-01,14.227683067321777
2017-08-02,14.150593757629395
2017-08-03,13.859357833862305
2017-08-04,14.27051067352295
2017-08-07,14.578879356384277
2017-08-08,14.724494934082031
2017-08-09,14.621708869934082
2017-08-10,14.561745643615723
2017-08-11,14.741626739501953
2017-08-14,14.887246131896973
2017-08-15,14.998600006103516
2017-08-16,15.127083778381348
2017-08-17,14.66453742980957
2017-08-18,15.024295806884766
2017-08-21,15.127083778381348
2017-08-22,15.144216537475586
2017-08-23,15.178483009338379
2017-08-24,15.11851978302002
2017-08-25,15.204179763793945
2017-08-28,15.212742805480957
2017-08-29,15.169912338256836
2017-08-30,14.870113372802734
2017-08-31,15.161355018615723
2017-09-01,15.281264305114746
2017-09-05,15.204179763793945
2017-09-06,15.221309661865234
2017-09-07,15.30696964263916
2017-09-08,15.11851978302002
2017-09-11,15.178483009338379
2017-09-12,15.161355018615723
2017-09-13,15.169912338256836
2017-09-14,15.247005462646484
2017-09-15,15.229869842529297
2017-09-18,15.409753799438477
2017-09-19,15.315528869628906
2017-09-20,15.606764793395996
2017-09-21,15.555367469787598
2017-09-22,15.546805381774902
2017-09-25,15.555367469787598
2017-09-26,15.81234359741211
2017-09-27,16.01791763305664
2017-09-28,15.975091934204102
2017-09-29,16.009357452392578
2017-10-02,16.18923568725586
2017-10-03,16.18923568725586
2017-10-04,16.214933395385742
2017-10-05,16.3776798248291
2017-10-06,16.095012664794922
2017-10-09,16.214933395385742
2017-10-10,16.112144470214844
2017-10-11,16.283458709716797
2017-10-12,16.343420028686523
2017-10-13,16.274892807006836
2017-10-16,16.266326904296875
2017-10-17,16.283458709716797
2017-10-18,16.01791763305664
2017-10-19,16.1292724609375
2017-10-20,16.300588607788086
2017-10-23,16.68604850769043
2017-10-24,16.771703720092773
2017-10-25,17.40557289123535
2017-10-26,17.551179885864258
2017-10-27,17.38843536376953
2017-10-30,15.90656566619873
2017-10-31,16.651782989501953
2017-11-01,16.45477294921875
2017-11-02,16.3776798248291
2017-11-03,16.47191047668457
2017-11-06,16.58325958251953
2017-11-07,16.232065200805664
2017-11-08,16.172103881835938
2017-11-09,15.675291061401367
2017-11-10,15.940834999084473
2017-11-13,16.232065200805664
2017-11-14,16.429080963134766
2017-11-15,16.403377532958984
2017-11-16,16.257762908935547
2017-11-17,16.403377532958984
2017-11-20,16.214933395385742
2017-11-21,16.18923568725586
2017-11-22,16.651782989501953
2017-11-24,16.51473617553711
2017-11-27,16.292020797729492
2017-11-28,16.47191047668457
2017-11-29,16.403377532958984
2017-11-30,16.18923568725586
2017-12-01,16.04361915588379
2017-12-04,15.90656566619873
2017-12-05,15.25556755065918
2017-12-06,14.998600006103516
2017-12-07,15.221309661865234
2017-12-08,15.204179763793945
2017-12-11,15.51254653930664
2017-12-12,15.478285789489746
2017-12-13,14.94720458984375
2017-12-14,14.76732349395752
2017-12-15,14.827281951904297
2017-12-18,15.238438606262207
2017-12-19,15.418323516845703
2017-12-20,15.555367469787598
2017-12-21,15.555367469787598
2017-12-22,15.401190757751465
2017-12-26,15.1956148147583
2017-12-27,15.289834022521973
2017-12-28,15.341227531433105
2017-12-29,15.692422866821289
2018-01-02,15.778081893920898
2018-01-03,15.820910453796387
2018-01-04,15.83803939819336
2018-01-05,16.000789642333984
2018-01-08,16.01791763305664
2018-01-09,15.81234359741211
2018-01-10,15.718122482299805
2018-01-11,15.880867958068848
2018-01-12,15.90656566619873
2018-01-16,15.401190757751465
2018-01-17,15.795208930969238
2018-01-18,16.095012664794922
2018-01-19,16.694616317749023
2018-01-22,16.480472564697266
2018-01-23,16.47191047668457
2018-01-24,16.68604850769043
2018-01-25,16.89162826538086
2018-01-26,16.95158576965332
2018-01-29,16.75457191467285
2018-01-30,16.41194725036621
2018-01-31,16.70318603515625
2018-02-01,16.823097229003906
2018-02-02,16.403377532958984
2018-02-05,15.872306823730469
2018-02-06,15.992223739624023
2018-02-07,15.872306823730469
2018-02-08,14.955771446228027
2018-02-09,15.315528869628906
2018-02-12,15.384060859680176
2018-02-13,15.63245964050293
2018-02-14,15.641030311584473
2018-02-15,16.009357452392578
2018-02-16,16.1292724609375
2018-02-20,16.172103881835938
2018-02-21,15.992223739624023
2018-02-22,16.035053253173828
2018-02-23,16.292020797729492
2018-02-26,16.257762908935547
2018-02-27,16.257762908935547
2018-02-28,16.232065200805664
2018-03-01,16.360551834106445
2018-03-02,16.780269622802734
2018-03-05,17.05437469482422
2018-03-06,17.534059524536133
2018-03-07,17.636850357055664
2018-03-08,17.82529067993164
2018-03-09,17.722505569458008
2018-03-12,17.525489807128906
2018-03-13,17.525489807128906
2018-03-14,17.37986946105957
2018-03-15,17.722505569458008
2018-03-16,17.49979591369629
2018-03-19,17.071510314941406
2018-03-20,16.97728729248047
2018-03-21,17.25995635986328
2018-03-22,17.4312686920166
2018-03-23,17.294218063354492
2018-03-26,17.739633560180664
2018-03-27,17.868122100830078
2018-03-28,18.09939956665039
2018-03-29,17.842422485351562
2018-04-02,17.4312686920166
2018-04-03,17.79959487915039
2018-04-04,17.653976440429688
2018-04-05,17.31990623474121
2018-04-06,16.85736083984375
2018-04-09,17.842422485351562
2018-04-10,18.262144088745117
2018-04-11,18.390628814697266
2018-04-12,18.382062911987305
2018-04-13,18.544811248779297
2018-04-16,18.83605194091797
2018-04-17,19.144412994384766
2018-04-18,19.135847091674805
2018-04-19,18.947406768798828
2018-04-20,18.741825103759766
2018-04-23,19.12727928161621
2018-04-24,19.08445167541504
2018-04-25,19.255769729614258
2018-04-26,19.358558654785156
2018-04-27,19.47847557067871
2018-04-30,19.572702407836914
2018-05-01,19.572702407836914
2018-05-02,19.692617416381836
2018-05-03,19.82110595703125
2018-05-04,19.709754943847656
2018-05-07,20.386444091796875
2018-05-08,19.846803665161133
2018-05-09,19.692617416381836
2018-05-10,19.624095916748047
2018-05-11,19.649791717529297
2018-05-14,19.78684425354004
2018-05-15,19.82110595703125
2018-05-16,19.769712448120117
2018-05-17,19.598400115966797
2018-05-18,19.709754943847656
2018-05-21,19.709754943847656
2018-05-22,19.889633178710938
2018-05-23,19.8981990814209
2018-05-24,20.626283645629883
2018-05-25,20.514934539794922
2018-05-29,20.566326141357422
2018-05-30,20.789037704467773
2018-05-31,21.011741638183594
2018-06-01,20.8489933013916
2018-06-04,20.789037704467773
2018-06-05,20.883255004882812
2018-06-06,21.08027458190918
2018-06-07,21.13166618347168
2018-06-08,21.037439346313477
2018-06-11,20.63485336303711
2018-06-12,20.729080200195312
2018-06-13,20.891822814941406
2018-06-14,20.566326141357422
2018-06-15,20.343616485595703
2018-06-18,20.146604537963867
2018-06-19,20.095212936401367
2018-06-20,20.257957458496094
2018-06-21,20.61771583557129
2018-06-22,20.257957458496094
2018-06-25,19.983856201171875
2018-06-26,20.42070960998535
2018-06-27,20.343616485595703
2018-06-28,20.12946891784668
2018-06-29,20.26652717590332
2018-07-02,20.566326141357422
2018-07-03,19.538434982299805
2018-07-05,19.375688552856445
2018-07-06,19.624095916748047
2018-07-09,19.452777862548828
2018-07-10,19.709754943847656
2018-07-11,19.58983039855957
2018-07-12,19.863937377929688
2018-07-13,20.07808494567871
2018-07-16,20.309356689453125
2018-07-17,20.206565856933594
2018-07-18,20.172298431396484
2018-07-19,19.8981990814209
2018-07-20,19.855371475219727
2018-07-23,19.606962203979492
2018-07-24,19.230072021484375
2018-07-25,19.110153198242188
2018-07-26,19.315723419189453
2018-07-27,19.144412994384766
2018-07-30,18.990230560302734
2018-07-31,19.358558654785156
2018-08-01,19.46134376525879
2018-08-02,19.324289321899414
2018-08-03,19.375688552856445
2018-08-06,19.87249755859375
2018-08-07,20.10377311706543
2018-08-08,19.983856201171875
2018-08-09,20.009559631347656
2018-08-10,19.51274299621582
2018-08-13,18.93027687072754
2018-08-14,19.195810317993164
2018-08-15,18.896007537841797
2018-08-16,19.230072021484375
2018-08-17,19.204376220703125
2018-08-20,19.281469345092773
2018-08-21,19.12727928161621
2018-08-22,19.272899627685547
2018-08-23,19.255769729614258
2018-08-24,19.40995216369629
2018-08-27,19.521310806274414
2018-08-28,19.615524291992188
2018-08-29,19.684057235717773
2018-08-30,20.04381561279297
2018-08-31,20.163738250732422
2018-09-04,19.881061553955078
2018-09-05,19.692617416381836
2018-09-06,19.238637924194336
2018-09-07,19.272899627685547
2018-09-10,19.615524291992188
2018-09-11,19.684057235717773
2018-09-12,19.915328979492188
2018-09-13,20.000995635986328
2018-09-14,20.000995635986328
2018-09-17,19.726882934570312
2018-09-18,19.932466506958008
2018-09-19,19.752580642700195
2018-09-20,20.060945510864258
2018-09-21,20.42070960998535
2018-09-24,20.44640350341797
2018-09-25,20.172298431396484
2018-09-26,20.335052490234375
2018-09-27,20.711942672729492
2018-09-28,21.311542510986328
2018-10-01,21.637042999267578
2018-10-02,21.799795150756836
2018-10-03,21.774097442626953
2018-10-04,21.628475189208984
2018-10-05,21.945409774780273
2018-10-08,21.78265953063965
2018-10-09,21.67987060546875
2018-10-10,21.328672409057617
2018-10-11,20.737640380859375
2018-10-12,20.746212005615234
2018-10-15,20.412147521972656
2018-10-16,20.549192428588867
2018-10-17,20.035255432128906
2018-10-18,19.581270217895508
2018-10-19,19.401384353637695
2018-10-22,19.709754943847656
2018-10-23,19.272899627685547
2018-10-24,18.96453094482422
2018-10-25,19.067319869995117
2018-10-26,18.938840866088867
2018-10-29,18.681867599487305
2018-10-30,18.750389099121094
2018-10-31,19.38425064086914
2018-11-01,19.78684425354004
2018-11-02,20.891822814941406
2018-11-05,21.388635635375977
2018-11-06,20.968915939331055
2018-11-07,21.16592788696289
2018-11-08,20.77190399169922
2018-11-09,20.626283645629883
2018-11-12,21.08027458190918
2018-11-13,20.831867218017578
2018-11-14,20.429279327392578
2018-11-15,19.94959831237793
2018-11-16,20.275089263916016
2018-11-19,20.172298431396484
2018-11-20,19.161540985107422
2018-11-21,19.52987289428711
2018-11-23,19.581270217895508
2018-11-26,19.863937377929688
2018-11-27,19.63266372680664
2018-11-28,20.000995635986328
2018-11-29,19.87249755859375
2018-11-30,20.112340927124023
2018-12-03,20.369314193725586
2018-12-04,20.112340927124023
2018-12-06,20.63485336303711
2018-12-07,20.514934539794922
2018-12-10,20.257957458496094
2018-12-11,20.489233016967773
2018-12-12,20.917516708374023
2018-12-13,21.277278900146484
2018-12-14,21.16592788696289
2018-12-17,20.463539123535156
2018-12-18,20.009559631347656
2018-12-19,19.838233947753906
2018-12-20,19.058761596679688
2018-12-21,18.356365203857422
2018-12-24,18.150789260864258
2018-12-26,19.015928268432617
2018-12-27,19.110153198242188
2018-12-28,19.101585388183594
2018-12-31,19.606962203979492
2019-01-02,19.170114517211914
2019-01-03,18.990230560302734
2019-01-04,19.761144638061523
2019-01-07,20.095212936401367
2019-01-08,20.10377311706543
2019-01-09,19.966726303100586
2019-01-10,20.651987075805664
2019-01-11,20.37788200378418
2019-01-14,20.172298431396484
2019-01-15,20.32648468017578
2019-01-16,20.77190399169922
2019-01-17,21.08027458190918
2019-01-18,20.729080200195312
2019-01-22,20.7976016998291
2019-01-23,21.208759307861328
2019-01-24,21.105972290039062
2019-01-25,21.114532470703125
2019-01-28,20.90894889831543
2019-01-29,21.105972290039062
2019-01-30,21.345809936523438
2019-01-31,21.508562088012695
2019-02-01,21.47429847717285
2019-02-04,21.756959915161133
2019-02-05,21.58565330505371
2019-02-06,21.637042999267578
2019-02-07,21.868316650390625
2019-02-08,22.210947036743164
2019-02-11,22.36513328552246
2019-02-12,22.519319534301758
2019-02-13,22.382259368896484
2019-02-14,22.53644371032715
2019-02-15,22.7077579498291
2019-02-19,22.776283264160156
2019-02-20,22.81911277770996
2019-02-21,22.921899795532227
2019-02-22,23.03325843811035
2019-02-25,22.75058937072754
2019-02-26,22.510746002197266
2019-02-27,22.39939308166504
2019-02-28,22.30517578125
2019-03-01,22.742019653320312
2019-03-04,21.78265953063965
2019-03-05,21.82548713684082
2019-03-06,21.611347198486328
2019-03-07,21.362937927246094
2019-03-08,21.525686264038086
2019-03-11,21.628475189208984
2019-03-12,22.168113708496094
2019-03-13,22.28803825378418
2019-03-14,21.991092681884766
2019-03-15,22.025522232055664
2019-03-18,22.197668075561523
2019-03-19,22.016916275024414
2019-03-20,22.03413200378418
2019-03-21,22.49891471862793
2019-03-22,22.361204147338867
2019-03-25,22.455881118774414
2019-03-26,22.343984603881836
2019-03-27,22.292343139648438
2019-03-28,22.206274032592773
2019-03-29,22.40423583984375
2019-04-01,22.40423583984375
2019-04-02,22.653841018676758
2019-04-03,22.54194450378418
2019-04-04,22.42144775390625
2019-04-05,22.326770782470703
2019-04-08,22.171842575073242
2019-04-09,21.939455032348633
2019-04-10,22.292343139648438
2019-04-11,22.412845611572266
2019-04-12,22.46448516845703
2019-04-15,22.36980628967285
2019-04-16,22.361204147338867
2019-04-17,22.094379425048828
2019-04-18,22.387022018432617
2019-04-22,22.550554275512695
2019-04-23,22.739913940429688
2019-04-24,22.886228561401367
2019-04-25,23.066974639892578
2019-04-26,23.256338119506836
2019-04-29,23.28215980529785
2019-04-30,23.45429801940918
2019-05-01,23.45429801940918
2019-05-02,23.45429801940918
2019-05-03,22.946483612060547
2019-05-06,22.645233154296875
2019-05-07,22.507516860961914
2019-05-08,21.68124008178711
2019-05-09,21.388599395751953
2019-05-10,21.37138557434082
2019-05-13,21.061525344848633
2019-05-14,21.14760398864746
2019-05-15,21.087345123291016
2019-05-16,21.22506332397461
2019-05-17,21.354169845581055
2019-05-20,21.569347381591797
2019-05-21,22.16323471069336
2019-05-22,21.905027389526367
2019-05-23,21.34556007385254
2019-05-24,21.07013511657715
2019-05-28,21.164812088012695
2019-05-29,20.67420768737793
2019-05-30,20.157785415649414
2019-05-31,20.278282165527344
2019-06-03,20.450428009033203
2019-06-04,20.88939094543457
2019-06-05,21.18203353881836
2019-06-06,21.190637588500977
2019-06-07,20.923816680908203
2019-06-10,20.75167465209961
2019-06-11,21.14760398864746
2019-06-12,20.846357345581055
2019-06-13,20.643035888671875
2019-06-14,20.56517219543457
2019-06-17,20.123939514160156
2019-06-18,20.418092727661133
2019-06-19,20.608427047729492
2019-06-20,20.928544998168945
2019-06-21,20.85068130493164
2019-06-24,20.66899299621582
2019-06-25,20.219099044799805
2019-06-26,19.258760452270508
2019-06-27,19.241455078125
2019-06-28,19.587526321411133
2019-07-01,19.691347122192383
2019-07-02,19.570220947265625
2019-07-03,19.501008987426758
2019-07-05,19.501008987426758
2019-07-08,19.405838012695312
2019-07-09,19.397186279296875
2019-07-10,19.405838012695312
2019-07-11,19.37122917175293
2019-07-12,19.53561782836914
2019-07-15,19.50965690612793
2019-07-16,19.007856369018555
2019-07-17,19.224151611328125
2019-07-18,19.128984451293945
2019-07-19,18.886734008789062
2019-07-22,18.69640350341797
2019-07-23,18.540664672851562
2019-07-24,18.65313720703125
2019-07-25,18.964599609375
2019-07-26,18.817520141601562
2019-07-29,18.834827423095703
2019-07-30,18.921340942382812
2019-07-31,18.56662368774414
2019-08-01,18.64448356628418
2019-08-02,19.068422317504883
2019-08-05,18.791563034057617
2019-08-06,19.276063919067383
2019-08-07,19.085723876953125
2019-08-08,19.682693481445312
2019-08-09,19.146289825439453
2019-08-12,19.120328903198242
2019-08-13,19.544267654418945
2019-08-14,19.284717559814453
2019-08-15,19.56157112121582
2019-08-16,20.495952606201172
2019-08-19,20.495952606201172
2019-08-20,20.582475662231445
2019-08-21,20.859331130981445
2019-08-22,20.88528823852539
2019-08-23,20.746858596801758
2019-08-26,20.989107131958008
2019-08-27,20.755510330200195
2019-08-28,20.798768997192383
2019-08-29,21.1102294921875
2019-08-30,21.586074829101562
2019-09-03,21.689899444580078
2019-09-04,21.819673538208008
2019-09-05,22.217649459838867
2019-09-06,22.087881088256836
2019-09-09,22.105178833007812
2019-09-10,22.165740966796875
2019-09-11,22.46855354309082
2019-09-12,22.72810173034668
2019-09-13,22.819385528564453
2019-09-16,23.088869094848633
2019-09-17,23.175800323486328
2019-09-18,23.254037857055664
2019-09-19,23.193187713623047
2019-09-20,23.59307098388672
2019-09-23,23.436595916748047
2019-09-24,23.4539794921875
2019-09-25,23.601760864257812
2019-09-26,23.367042541503906
2019-09-27,23.245342254638672
2019-09-30,23.236648559570312
2019-10-01,23.036710739135742
2019-10-02,22.706375122070312
2019-10-03,22.802000045776367
2019-10-04,23.4105167388916
2019-10-07,23.47136688232422
2019-10-08,23.59307098388672
2019-10-09,23.532215118408203
2019-10-10,23.401819229125977
2019-10-11,23.549598693847656
2019-10-14,23.445281982421875
2019-10-15,23.384431838989258
2019-10-16,23.175800323486328
2019-10-17,23.332271575927734
2019-10-18,23.28881072998047
2019-10-21,23.514829635620117
2019-10-22,23.55829429626465
2019-10-23,23.506134033203125
2019-10-24,23.462669372558594
2019-10-25,23.55829429626465
2019-10-28,23.462669372558594
2019-10-29,23.497440338134766
2019-10-30,23.68869400024414
2019-10-31,23.497440338134766
2019-11-01,23.619150161743164
2019-11-04,23.793010711669922
2019-11-05,22.915002822875977
2019-11-06,22.38472557067871
2019-11-07,22.78460693359375
2019-11-08,22.602054595947266
2019-11-11,22.680295944213867
2019-11-12,22.86284828186035
2019-11-13,22.602054595947266
2019-11-14,22.897621154785156
2019-11-15,22.775917053222656
2019-11-18,23.193187713623047
2019-11-19,22.984554290771484
2019-11-20,23.201879501342773
2019-11-21,22.984554290771484
2019-11-22,23.06279182434082
2019-11-25,22.836769104003906
2019-11-26,22.749835968017578
2019-11-27,23.01932716369629
2019-11-29,23.06279182434082
2019-12-02,23.001937866210938
2019-12-03,22.958471298217773
2019-12-04,21.828372955322266
2019-12-05,21.254623413085938
2019-12-06,20.94167709350586
2019-12-09,20.576566696166992
2019-12-10,20.724340438842773
2019-12-11,20.776500701904297
2019-12-12,20.906906127929688
2019-12-13,20.71902084350586
2019-12-16,21.182167053222656
2019-12-17,20.92001724243164
2019-12-18,20.867578506469727
2019-12-19,21.173431396484375
2019-12-20,20.981182098388672
2019-12-23,20.66659164428711
2019-12-24,20.526777267456055
2019-12-26,20.12480354309082
2019-12-27,19.941299438476562
2019-12-30,19.941299438476562
2019-12-31,20.089845657348633
2020-01-02,19.958772659301758
2020-01-03,20.168495178222656
2020-01-06,19.827695846557617
2020-01-07,19.950031280517578
2020-01-08,20.212188720703125
2020-01-09,19.976253509521484
2020-01-10,19.888864517211914
2020-01-13,19.687881469726562
2020-01-14,19.81021499633789
2020-01-15,19.862651824951172
2020-01-16,20.273361206054688
2020-01-17,20.046159744262695
2020-01-21,19.845172882080078
2020-01-22,19.871389389038086
2020-01-23,20.063631057739258
2020-01-24,19.373294830322266
2020-01-27,18.91889190673828
2020-01-28,18.822765350341797
2020-01-29,19.33833885192871
2020-01-30,19.583017349243164
2020-01-31,19.679140090942383
2020-02-03,19.72283363342285
2020-02-04,19.259693145751953
2020-02-05,19.163570404052734
2020-02-06,18.98005485534668
2020-02-07,19.486888885498047
2020-02-10,19.460674285888672
2020-02-11,20.08110809326172
2020-02-12,20.03742027282715
2020-02-13,20.159759521484375
2020-02-14,20.35201072692871
2020-02-18,20.413177490234375
2020-02-19,19.827695846557617
2020-02-20,20.019941329956055
2020-02-21,20.474342346191406
2020-02-24,20.08110809326172
2020-02-25,19.34708023071289
2020-02-26,18.945104598999023
2020-02-27,17.992603302001953
2020-02-28,16.804168701171875
2020-03-02,17.59937286376953
2020-03-03,17.695493698120117
2020-03-04,18.394577026367188
2020-03-05,18.036300659179688
2020-03-06,17.940174102783203
2020-03-09,16.10508155822754
2020-03-10,16.90029525756836
2020-03-11,15.54582691192627
2020-03-12,12.714543342590332
2020-03-13,13.535962104797363
2020-03-16,12.068207740783691
2020-03-17,11.362981796264648
2020-03-18,11.107335090637207
2020-03-19,12.535420417785645
2020-03-20,12.412005424499512
2020-03-23,11.389426231384277
2020-03-24,12.879220962524414
2020-03-25,12.949742317199707
2020-03-26,13.91943073272705
2020-03-27,14.448349952697754
2020-03-30,14.157444953918457
2020-03-31,14.069291114807129
2020-04-01,13.513925552368164
2020-04-02,14.086921691894531
2020-04-03,13.954690933227539
2020-04-06,14.12218189239502
2020-04-07,14.369012832641602
2020-04-08,15.391592025756836
2020-04-09,15.682503700256348
2020-04-13,15.109501838684082
2020-04-14,15.356329917907715
2020-04-15,14.27204418182373
2020-04-16,14.192706108093262
2020-04-17,15.462116241455078
2020-04-20,14.889116287231445
2020-04-21,15.003717422485352
2020-04-22,15.55026912689209
2020-04-23,15.426855087280273
2020-04-24,15.902884483337402
2020-04-27,16.705080032348633
2020-04-28,16.934274673461914
2020-04-29,17.410308837890625
2020-04-30,17.225189208984375
2020-05-01,17.057695388793945
2020-05-04,16.72270965576172
2020-05-05,16.502323150634766
2020-05-06,16.070369720458984
2020-05-07,15.823545455932617
2020-05-08,16.661001205444336
2020-05-11,16.14971351623535
2020-05-12,15.955774307250977
2020-05-13,15.708946228027344
2020-05-14,16.49350929260254
2020-05-15,16.370100021362305
2020-05-18,17.56016731262207
2020-05-19,17.216373443603516
2020-05-20,17.621875762939453
2020-05-21,17.278074264526367
2020-05-22,17.463199615478516
2020-05-26,17.383861541748047
2020-05-27,17.736473083496094
2020-05-28,18.34473419189453
2020-05-29,18.018564224243164
2020-06-01,18.459333419799805
2020-06-02,18.18605613708496
2020-06-03,18.34473419189453
2020-06-04,17.877521514892578
2020-06-05,18.39762306213379
2020-06-08,19.393756866455078
2020-06-09,18.662090301513672
2020-06-10,18.706159591674805
2020-06-11,17.410308837890625
2020-06-12,17.80699920654297
2020-06-15,17.633943557739258
2020-06-16,18.18416404724121
2020-06-17,17.997804641723633
2020-06-18,18.006675720214844
2020-06-19,17.59844207763672
2020-06-22,17.43869972229004
2020-06-23,16.76422691345215
2020-06-24,16.515737533569336
2020-06-25,16.746479034423828
2020-06-26,16.08974838256836
2020-06-29,16.631107330322266
2020-06-30,16.524608612060547
2020-07-01,16.9860897064209
2020-07-02,16.8973445892334
2020-07-06,17.110336303710938
2020-07-07,16.844093322753906
2020-07-08,17.358827590942383
2020-07-09,16.86184310913086
2020-07-10,16.746479034423828
2020-07-13,16.959468841552734
2020-07-14,17.030466079711914
2020-07-15,17.128082275390625
2020-07-16,17.21683120727539
2020-07-17,17.412078857421875
2020-07-20,16.950593948364258
2020-07-21,17.074838638305664
2020-07-22,17.323328018188477
2020-07-23,17.003841400146484
2020-07-24,16.755348205566406
2020-07-27,16.151870727539062
2020-07-28,16.364870071411133
2020-07-29,16.746479034423828
2020-07-30,16.684350967407227
2020-07-31,16.560110092163086
2020-08-03,16.64885711669922
2020-08-04,16.64885711669922
2020-08-05,16.205127716064453
2020-08-06,16.71097755432129
2020-08-07,16.77309799194336
2020-08-10,17.03934097290039
2020-08-11,16.76422691345215
2020-08-12,17.16358757019043
2020-08-13,16.959468841552734
2020-08-14,16.906217575073242
2020-08-17,17.172460556030273
2020-08-18,17.873552322387695
2020-08-19,17.50969696044922
2020-08-20,17.21683120727539
2020-08-21,16.950593948364258
2020-08-24,17.128082275390625
2020-08-25,16.9860897064209
2020-08-26,16.64885711669922
2020-08-27,16.950593948364258
2020-08-28,17.128082275390625
2020-08-31,17.065961837768555
2020-09-01,16.64885711669922
2020-09-02,17.11920928955078
2020-09-03,16.639984130859375
2020-09-04,16.178495407104492
2020-09-08,15.841259956359863
2020-09-09,16.347116470336914
2020-09-10,16.05425453186035
2020-09-11,16.426984786987305
2020-09-14,16.746479034423828
2020-09-15,16.46491050720215
2020-09-16,16.634746551513672
2020-09-17,16.33976936340332
2020-09-18,16.18781280517578
2020-09-21,15.991161346435547
2020-09-22,15.928594589233398
2020-09-23,16.05373191833496
2020-09-24,16.08054542541504
2020-09-25,16.09842872619629
2020-09-28,16.06266975402832
2020-09-29,16.563236236572266
2020-09-30,16.85820770263672
2020-10-01,15.991161346435547
2020-10-02,16.08054542541504
2020-10-05,15.91965389251709
2020-10-06,16.044795989990234
2020-10-07,15.937531471252441
2020-10-08,16.33976936340332
2020-10-09,16.08054542541504
2020-10-12,16.089488983154297
2020-10-13,16.116304397583008
2020-10-14,16.76882553100586
2020-10-15,16.7598876953125
2020-10-16,17.001222610473633
2020-10-19,16.81351661682129
2020-10-20,16.938657760620117
2020-10-21,16.929719924926758
2020-10-22,17.03697967529297
2020-10-23,17.23362922668457
2020-10-26,17.063796997070312
2020-10-27,16.482791900634766
2020-10-28,15.508480072021484
2020-10-29,15.499539375305176
2020-10-30,15.526354789733887
2020-11-02,15.85708999633789
2020-11-03,16.438093185424805
2020-11-04,16.393400192260742
2020-11-05,16.52747917175293
2020-11-06,16.3218994140625
2020-11-09,16.90290641784668
2020-11-10,18.038101196289062
2020-11-11,17.555421829223633
2020-11-12,17.010164260864258
2020-11-13,17.635868072509766
2020-11-16,17.69843864440918
2020-11-17,17.2783203125
2020-11-18,16.6436824798584
2020-11-19,16.563236236572266
2020-11-20,16.268259048461914
2020-11-23,16.59899139404297
2020-11-24,17.31407928466797
2020-11-25,17.40346336364746
2020-11-27,17.510726928710938
2020-11-30,16.69731330871582
2020-12-01,16.786697387695312
2020-12-02,16.867151260375977
2020-12-03,16.777761459350586
2020-12-04,17.117429733276367
2020-12-07,16.95653533935547
2020-12-08,16.938657760620117
2020-12-09,16.992286682128906
2020-12-10,16.82245445251465
2020-12-11,16.33976936340332
2020-12-14,16.214630126953125
2020-12-15,16.6243839263916
2020-12-16,16.282167434692383
2020-12-17,16.147090911865234
2020-12-18,15.894927978515625
2020-12-21,15.81387996673584
2020-12-22,16.32720184326172
2020-12-23,16.633390426635742
2020-12-24,16.849525451660156
2020-12-28,17.218759536743164
2020-12-29,17.0206298828125
2020-12-30,17.551965713500977
2020-12-31,17.70505714416504
2021-01-04,17.27279281616211
2021-01-05,17.849151611328125
2021-01-06,18.272415161132812
2021-01-07,18.173351287841797
2021-01-08,18.902807235717773
2021-01-11,19.064910888671875
2021-01-12,19.416128158569336
2021-01-13,19.632265090942383
2021-01-14,19.209001541137695
2021-01-15,19.371103286743164
2021-01-19,19.55120849609375
2021-01-20,19.29005241394043
2021-01-21,19.082921981811523
2021-01-22,19.218006134033203
2021-01-25,18.776729583740234
2021-01-26,18.731698989868164
2021-01-27,18.173351287841797
2021-01-28,18.173351287841797
2021-01-29,17.984233856201172
2021-02-01,18.34446144104004
2021-02-02,18.749713897705078
2021-02-03,19.181982040405273
2021-02-04,18.99286460876465
2021-02-05,18.95684051513672
2021-02-08,18.947837829589844
2021-02-09,19.209001541137695
2021-02-10,19.317066192626953
2021-02-11,19.38010597229004
2021-02-12,19.209001541137695
2021-02-16,19.7313289642334
2021-02-17,19.82138442993164
2021-02-18,20.848024368286133
2021-02-19,20.63189125061035
2021-02-22,20.75796890258789
2021-02-23,21.055150985717773
2021-02-24,21.460411071777344
2021-02-25,20.496803283691406
2021-02-26,15.53470516204834
2021-03-01,15.678794860839844
2021-03-02,15.039396286010742
2021-03-03,14.796242713928223
2021-03-04,15.750840187072754
2021-03-05,16.048025131225586
2021-03-08,17.002620697021484
2021-03-09,16.795490264892578
2021-03-10,17.578983306884766
2021-03-11,16.9395809173584
2021-03-12,16.570350646972656
2021-03-15,16.741456985473633
2021-03-16,16.450931549072266
2021-03-17,15.697388648986816
2021-03-18,15.243443489074707
2021-03-19,15.706464767456055
2021-03-22,15.161734580993652
2021-03-23,15.161734580993652
2021-03-24,15.270681381225586
2021-03-25,15.479493141174316
2021-03-26,15.316076278686523
2021-03-29,15.996990203857422
2021-03-30,16.16948699951172
2021-03-31,16.051462173461914
2021-04-01,16.08778190612793
2021-04-05,16.051462173461914
2021-04-06,16.23304557800293
2021-04-07,16.060544967651367
2021-04-08,15.978833198547363
2021-04-09,15.888042449951172
2021-04-12,15.579363822937012
2021-04-13,15.93343734741211
2021-04-14,16.006067276000977
2021-04-15,16.26935577392578
2021-04-16,16.1604061126709
2021-04-19,16.21488380432129
2021-04-20,16.16948699951172
2021-04-21,16.124095916748047
2021-04-22,15.815409660339355
2021-04-23,15.8789644241333
2021-04-26,15.479493141174316
2021-04-27,15.288838386535645
2021-04-28,15.243443489074707
2021-04-29,15.48857307434082
2021-04-30,15.316076278686523
2021-05-03,15.252520561218262
2021-05-04,14.789499282836914
2021-05-05,14.762259483337402
2021-05-06,14.580683708190918
2021-05-07,14.57160472869873
2021-05-10,14.53528881072998
2021-05-11,14.825815200805664
2021-05-12,14.526209831237793
2021-05-13,14.580683708190918
2021-05-14,14.871208190917969
2021-05-17,14.453577041625977
2021-05-18,14.662392616271973
2021-05-19,15.007390975952148
2021-05-20,14.961997032165527
2021-05-21,15.143577575683594
2021-05-24,15.12541675567627
2021-05-25,14.689631462097168
2021-05-26,14.735023498535156
2021-05-27,14.580683708190918
2021-05-28,14.680551528930664
2021-06-01,14.934760093688965
2021-06-02,15.207128524780273
2021-06-03,15.77001667022705
2021-06-04,15.797257423400879
2021-06-07,15.987913131713867
2021-06-08,16.478166580200195
2021-06-09,16.5961971282959
2021-06-10,16.4963321685791
2021-06-11,16.913957595825195
2021-06-14,16.696060180664062
2021-06-15,16.85167121887207
2021-06-16,16.604528427124023
2021-06-17,16.613679885864258
2021-06-18,15.991241455078125
2021-06-21,16.403154373168945
2021-06-22,16.36653709411621
2021-06-23,16.247541427612305
2021-06-24,16.705217361450195
2021-06-25,16.833364486694336
2021-06-28,17.217809677124023
2021-06-29,16.833364486694336
2021-06-30,16.979822158813477
2021-07-01,17.281892776489258
2021-07-02,17.428348541259766
2021-07-06,16.787595748901367
2021-07-07,17.74871826171875
2021-07-08,17.16289710998535
2021-07-09,17.684646606445312
2021-07-12,17.675491333007812
2021-07-13,17.226970672607422
2021-07-14,17.208660125732422
2021-07-15,17.226970672607422
2021-07-16,17.217809677124023
2021-07-19,16.284156799316406
2021-07-20,16.650297164916992
2021-07-21,16.769290924072266
2021-07-22,17.236120223999023
2021-07-23,17.4832706451416
2021-07-26,17.4832706451416
2021-07-27,17.638877868652344
2021-07-28,17.821949005126953
2021-07-29,17.739566802978516
2021-07-30,17.529037475585938
2021-08-02,17.373424530029297
2021-08-03,17.345964431762695
2021-08-04,17.30934715270996
2021-08-05,16.723526000976562
2021-08-06,16.98897361755371
2021-08-09,17.29104232788086
2021-08-10,16.924903869628906
2021-08-11,16.796754837036133
2021-08-12,16.833364486694336
2021-08-13,16.8425235748291
2021-08-16,16.45807456970215
2021-08-17,16.613679885864258
2021-08-18,16.485536575317383
2021-08-19,16.29330825805664
2021-08-20,16.595375061035156
2021-08-23,16.50383758544922
2021-08-24,16.888288497924805
2021-08-25,17.39173126220703
2021-08-26,16.924903869628906
2021-08-27,17.098817825317383
2021-08-30,17.254432678222656
2021-08-31,17.474111557006836
2021-09-01,17.529037475585938
2021-09-02,17.648033142089844
2021-09-03,17.492422103881836
2021-09-07,17.245277404785156
2021-09-08,17.574804306030273
2021-09-09,17.30019760131836
2021-09-10,16.879135131835938
2021-09-13,17.025590896606445
2021-09-14,16.476375579833984
2021-09-15,17.020977020263672
2021-09-16,16.52252960205078
2021-09-17,16.42099952697754
2021-09-20,16.01485824584961
2021-09-21,16.051780700683594
2021-09-22,16.088703155517578
2021-09-23,16.25484848022461
2021-09-24,16.208694458007812
2021-09-27,15.793320655822754
2021-09-28,15.4794921875
2021-09-29,15.64564037322998
2021-09-30,15.784096717834473
2021-10-01,15.55333137512207
2021-10-04,15.710249900817871
2021-10-05,16.02408790588379
2021-10-06,16.227157592773438
2021-10-07,16.56867790222168
2021-10-08,16.52252960205078
2021-10-11,16.217927932739258
2021-10-12,16.46714973449707
2021-10-13,18.285552978515625
2021-10-14,18.06402015686035
2021-10-15,18.16555404663086
2021-10-18,17.84248924255371
2021-10-19,17.731719970703125
2021-10-20,17.824026107788086
2021-10-21,17.630189895629883
2021-10-22,17.639415740966797
2021-10-25,17.999404907226562
2021-10-26,17.999404907226562
2021-10-27,18.1470890045166
2021-10-28,18.322473526000977
2021-10-29,18.082483291625977
2021-11-01,18.470157623291016
2021-11-02,18.340930938720703
2021-11-03,18.16555404663086
2021-11-04,17.731719970703125
2021-11-05,18.92245101928711
2021-11-08,18.22093391418457
2021-11-09,17.851720809936523
2021-11-10,17.94402313232422
2021-11-11,18.091707229614258
2021-11-12,18.137859344482422
2021-11-15,18.885530471801758
2021-11-16,18.8670711517334
2021-11-17,18.645536422729492
2021-11-18,18.59938621520996
2021-11-19,18.507083892822266
2021-11-22,18.719383239746094
2021-11-23,19.033220291137695
2021-11-24,19.033220291137695
2021-11-26,18.60861587524414
2021-11-29,18.54400062561035
2021-11-30,18.350160598754883
2021-12-01,18.96860122680664
2021-12-02,19.347047805786133
2021-12-03,19.116287231445312
2021-12-06,19.31012725830078
2021-12-07,19.319360733032227
2021-12-08,19.577816009521484
2021-12-09,19.282440185546875
2021-12-10,19.402433395385742
2021-12-13,19.13475227355957
2021-12-14,19.171672821044922
2021-12-15,19.246051788330078
2021-12-16,19.45989990234375
2021-12-17,19.738828659057617
2021-12-20,19.608661651611328
2021-12-21,20.278091430664062
2021-12-22,20.761560440063477
2021-12-23,20.48263931274414
2021-12-27,20.63139533996582
2021-12-28,20.50123405456543
2021-12-29,20.333873748779297
2021-12-30,20.817350387573242
2021-12-31,21.1706600189209
2022-01-03,21.14276695251465
2022-01-04,20.93822479248047
2022-01-05,20.557018280029297
2022-01-06,20.752267837524414
2022-01-07,21.11487579345703
2022-01-10,20.882434844970703
2022-01-11,20.928918838500977
2022-01-12,21.319421768188477
2022-01-13,21.021900177001953
2022-01-14,21.0033016204834
2022-01-18,20.863840103149414
2022-01-19,20.90102767944336
2022-01-20,20.203712463378906
2022-01-21,20.194408416748047
2022-01-24,20.41755485534668
2022-01-25,20.147920608520508
2022-01-26,20.01775550842285
2022-01-27,19.813207626342773
2022-01-28,20.147920608520508
2022-01-31,20.278091430664062
2022-02-01,20.129329681396484
2022-02-02,20.677885055541992
2022-02-03,20.315279006958008
2022-02-04,20.296688079833984
2022-02-07,20.43614959716797
2022-02-08,20.705778121948242
2022-02-09,20.91032600402832
2022-02-10,20.529125213623047
2022-02-11,20.278091430664062
2022-02-14,20.082843780517578
2022-02-15,20.25949478149414
2022-02-16,20.194408416748047
2022-02-17,19.98056983947754
2022-02-18,19.943376541137695
2022-02-22,19.720232009887695
2022-02-23,19.348323822021484
2022-02-24,20.1572208404541
2022-02-25,20.36176872253418
2022-02-28,21.21714973449707
2022-03-01,20.389659881591797
2022-03-02,20.65928840637207
2022-03-03,20.43614959716797
2022-03-04,20.928918838500977
2022-03-07,20.789457321166992
2022-03-08,21.0590877532959
2022-03-09,21.14276695251465
2022-03-10,21.0590877532959
2022-03-11,20.854537963867188
2022-03-14,20.845243453979492
2022-03-15,20.761560440063477
2022-03-16,21.0033016204834
2022-03-17,20.742971420288086
2022-03-18,20.835947036743164
2022-03-21,20.65793800354004
2022-03-22,20.97647476196289
2022-03-23,20.423721313476562
2022-03-24,20.65793800354004
2022-03-25,21.304380416870117
2022-03-28,21.65102195739746
2022-03-29,21.688491821289062
2022-03-30,21.641647338867188
2022-03-31,21.782182693481445
2022-04-01,21.960187911987305
2022-04-04,21.857131958007812
2022-04-05,22.09134864807129
2022-04-06,22.48483657836914
2022-04-07,22.597257614135742
2022-04-08,22.96263885498047
2022-04-11,22.48483657836914
2022-04-12,22.531675338745117
2022-04-13,22.297456741333008
2022-04-14,22.512943267822266
2022-04-18,23.27180290222168
2022-04-19,23.253067016601562
2022-04-20,24.60215187072754
2022-04-21,24.114980697631836
2022-04-22,23.74960708618164
2022-04-25,23.43107032775879
2022-04-26,23.328018188476562
2022-04-27,23.30927848815918
2022-04-28,23.543493270874023
2022-04-29,23.4404354095459
2022-05-02,23.131271362304688
2022-05-03,23.655916213989258
2022-05-04,24.283620834350586
2022-05-05,23.805814743041992
2022-05-06,24.939430236816406
2022-05-09,22.606624603271484
2022-05-10,22.897056579589844
2022-05-11,22.756526947021484
2022-05-12,21.932083129882812
2022-05-13,23.028217315673828
2022-05-16,23.421703338623047
2022-05-17,23.655916213989258
2022-05-18,23.63718032836914
2022-05-19,24.433515548706055
2022-05-20,23.63718032836914
2022-05-23,24.105613708496094
2022-05-24,23.871397018432617
2022-05-25,24.452253341674805
2022-05-26,24.292993545532227
2022-05-27,24.648998260498047
2022-05-31,24.705211639404297
2022-06-01,24.2648868560791
2022-06-02,24.33983039855957
2022-06-03,24.218040466308594
2022-06-06,24.81763458251953
2022-06-07,25.660818099975586
2022-06-08,25.145540237426758
2022-06-09,24.54594612121582
2022-06-10,23.83392333984375
2022-06-13,22.016399383544922
2022-06-14,21.51049041748047
2022-06-15,22.016399383544922
2022-06-16,21.0982666015625
2022-06-17,21.004581451416016
2022-06-21,21.502241134643555
2022-06-22,21.445581436157227
2022-06-23,22.106605529785156
2022-06-24,22.08772087097168
2022-06-27,22.42767906188965
2022-06-28,21.95551300048828
2022-06-29,21.615558624267578
2022-06-30,21.57778549194336
2022-07-01,22.049949645996094
2022-07-05,20.45404052734375
2022-07-06,20.4918155670166
2022-07-07,20.992305755615234
2022-07-08,20.850656509399414
2022-07-11,20.8601016998291
2022-07-12,21.266159057617188
2022-07-13,21.464466094970703
2022-07-14,21.65333366394043
2022-07-15,21.322816848754883
2022-07-18,21.549457550048828
2022-07-19,22.314359664916992
2022-07-20,22.32379913330078
2022-07-21,22.059391021728516
2022-07-22,21.719436645507812
2022-07-25,22.059391021728516
2022-07-26,22.42767906188965
2022-07-27,22.503225326538086
2022-07-28,23.438106536865234
2022-07-29,24.410757064819336
2022-08-01,23.948040008544922
2022-08-02,23.853607177734375
2022-08-03,24.042470932006836
2022-08-04,24.193561553955078
2022-08-05,23.2303524017334
2022-08-08,23.353111267089844
2022-08-09,23.409774780273438
2022-08-10,23.76861572265625
2022-08-11,23.929153442382812
2022-08-12,24.4390869140625
2022-08-15,24.52407455444336
2022-08-16,24.391868591308594
2022-08-17,24.108570098876953
2022-08-18,24.40131187438965
2022-08-19,23.84416389465332
2022-08-22,23.353111267089844
2022-08-23,23.10759162902832
2022-08-24,23.787508010864258
2022-08-25,24.22188949584961
2022-08-26,23.54197883605957
2022-08-29,23.362552642822266
2022-08-30,22.833742141723633
2022-08-31,23.37200164794922
2022-09-01,23.5703067779541
2022-09-02,23.5703067779541
2022-09-06,22.98482894897461
2022-09-07,23.26812744140625
2022-09-08,23.513647079467773
2022-09-09,23.84416389465332
2022-09-12,24.354097366333008
2022-09-13,23.589197158813477
2022-09-14,23.948040008544922
2022-09-15,23.957481384277344
2022-09-16,23.900819778442383
2022-09-19,24.193561553955078
2022-09-20,23.693254470825195
2022-09-21,23.246213912963867
2022-09-22,22.884775161743164
2022-09-23,22.22847557067871
2022-09-26,21.3724365234375
2022-09-27,20.94441795349121
2022-09-28,21.210739135742188
2022-09-29,20.33568000793457
2022-09-30,19.9742374420166
2022-10-03,20.421283721923828
2022-10-04,21.819482803344727
2022-10-05,21.771923065185547
2022-10-06,21.543643951416016
2022-10-07,20.89685821533203
2022-10-10,20.62102508544922
2022-10-11,20.735164642333984
2022-10-12,20.392749786376953
2022-10-13,20.62102508544922
2022-10-14,20.373727798461914
2022-10-17,20.95393180847168
2022-10-18,21.458040237426758
2022-10-19,21.115629196166992
2022-10-20,20.468843460083008
2022-10-21,20.68760871887207
2022-10-24,20.440309524536133
2022-10-25,20.915882110595703
2022-10-26,20.830278396606445
2022-10-27,20.906373977661133
2022-10-28,21.85753059387207
2022-10-31,21.8480167388916
2022-11-01,21.752899169921875
2022-11-02,21.752899169921875
2022-11-03,22.09531593322754
2022-11-04,21.73387908935547
2022-11-07,22.666006088256836
2022-11-08,22.941844940185547
2022-11-09,22.39968490600586
2022-11-10,23.388885498046875
2022-11-11,22.913312911987305
2022-11-14,21.828994750976562
2022-11-15,21.591205596923828
2022-11-16,21.71485710144043
2022-11-17,21.362924575805664
2022-11-18,21.79094886779785
2022-11-21,21.762409210205078
2022-11-22,22.285545349121094
2022-11-23,22.827707290649414
2022-11-25,22.903799057006836
2022-11-28,22.627965927124023
2022-11-29,23.046470642089844
2022-11-30,23.141586303710938
2022-12-01,23.331817626953125
2022-12-02,22.81818962097168
2022-12-05,22.295055389404297
2022-12-06,22.561378479003906
2022-12-07,22.485288619995117
2022-12-08,22.437732696533203
2022-12-09,22.694538116455078
2022-12-12,23.036956787109375
2022-12-13,23.103540420532227
2022-12-14,23.16061019897461
2022-12-15,23.141586303710938
2022-12-16,22.894285202026367
2022-12-19,22.87798500061035
2022-12-20,22.839630126953125
2022-12-21,23.17522430419922
2022-12-22,22.58074188232422
2022-12-23,22.8875732421875
2022-12-27,22.714981079101562
2022-12-28,22.686216354370117
2022-12-29,23.079343795776367
2022-12-30,22.245147705078125
2023-01-03,21.353425979614258
2023-01-04,21.813671112060547
2023-01-05,21.401365280151367
2023-01-06,21.58354949951172
2023-01-09,21.60272216796875
2023-01-10,21.478073120117188
2023-01-11,21.804080963134766
2023-01-12,21.75613784790039
2023-01-13,21.458892822265625
2023-01-17,21.23836326599121
2023-01-18,20.6151180267334
2023-01-19,20.509641647338867
2023-01-20,20.950708389282227
2023-01-23,21.573957443237305
2023-01-24,21.890377044677734
2023-01-25,21.641077041625977
2023-01-26,21.861610412597656
2023-01-27,21.73695945739746
2023-01-30,21.449308395385742
2023-01-31,22.110910415649414
2023-02-01,22.245147705078125
2023-02-02,22.321855545043945
2023-02-03,21.938318252563477
2023-02-06,22.024612426757812
2023-02-07,22.283498764038086
2023-02-08,21.91914176940918
2023-02-09,21.75613784790039
2023-02-10,22.09173583984375
2023-02-13,22.101320266723633
2023-02-14,22.062971115112305
2023-02-15,22.475269317626953
2023-02-16,21.880788803100586
2023-02-17,22.01502799987793
2023-02-21,21.641077041625977
2023-02-22,21.49725341796875
2023-02-23,21.573957443237305
2023-02-24,21.439720153808594
2023-02-27,21.334245681762695
2023-02-28,21.084949493408203
2023-03-01,20.81647491455078
2023-03-02,20.413759231567383
2023-03-03,20.528820037841797
2023-03-06,23.376583099365234
2023-03-07,25.41891860961914
2023-03-08,25.121675491333008
2023-03-09,24.632665634155273
2023-03-10,23.510820388793945
2023-03-13,23.33823013305664
2023-03-14,24.450485229492188
2023-03-15,23.405345916748047
2023-03-16,24.29707145690918
2023-03-17,23.817651748657227
2023-03-20,24.06694984436035
2023-03-21,24.219648361206055
2023-03-22,23.41748046875
2023-03-23,23.10821533203125
2023-03-24,22.6346435546875
2023-03-27,22.42202377319336
2023-03-28,22.557329177856445
2023-03-29,22.72162628173828
2023-03-30,22.7989444732666
2023-03-31,23.19519805908203
2023-04-03,22.905258178710938
2023-04-04,22.624980926513672
2023-04-05,23.117877960205078
2023-04-06,23.262847900390625
2023-04-10,23.601110458374023
2023-04-11,23.862058639526367
2023-04-12,23.726749420166016
2023-04-13,23.99736213684082
2023-04-14,23.66876792907715
2023-04-17,23.436809539794922
2023-04-18,23.494802474975586
2023-04-19,23.44647789001465
2023-04-20,22.982572555541992
2023-04-21,22.905258178710938
2023-04-24,22.856931686401367
2023-04-25,22.566991806030273
2023-04-26,22.19973373413086
2023-04-27,22.354368209838867
2023-04-28,23.059892654418945
2023-05-01,22.644311904907227
2023-05-02,22.335041046142578
2023-05-03,22.238393783569336
2023-05-04,22.393030166625977
2023-05-05,22.6346435546875
2023-05-08,22.595985412597656
2023-05-09,23.775075912475586
2023-05-10,24.374282836914062
2023-05-11,23.813735961914062
2023-05-12,23.6977596282959
2023-05-15,23.968368530273438
2023-05-16,23.53346061706543
2023-05-17,23.53346061706543
2023-05-18,23.620439529418945
2023-05-19,23.688095092773438
2023-05-22,23.688095092773438
2023-05-23,23.736417770385742
2023-05-24,23.581785202026367
2023-05-25,23.456144332885742
2023-05-26,23.630107879638672
2023-05-30,23.146875381469727
2023-05-31,23.16619873046875
2023-06-01,23.813735961914062
2023-06-02,23.89105224609375
2023-06-05,24.06501579284668
2023-06-06,23.90071678161621
2023-06-07,24.31629753112793
2023-06-08,23.987699508666992
2023-06-09,23.987699508666992
2023-06-12,23.871723175048828
2023-06-13,24.06501579284668
2023-06-14,23.9780330657959
2023-06-15,24.4805965423584
2023-06-16,24.219648361206055
2023-06-20,24.330730438232422
2023-06-21,24.506120681762695
2023-06-22,24.652280807495117
2023-06-23,24.45740509033203
2023-06-26,24.94460105895996
2023-06-27,25.129741668701172
2023-06-28,25.071271896362305
2023-06-29,25.373342514038086
2023-06-30,25.57796287536621
2023-07-03,25.422060012817383
2023-07-05,26.152854919433594
2023-07-06,26.260042190551758
2023-07-07,26.016441345214844
2023-07-10,25.782583236694336
2023-07-11,25.841049194335938
2023-07-12,26.074905395507812
2023-07-13,26.02618408203125
2023-07-14,25.66565704345703
2023-07-17,25.461030960083008
2023-07-18,26.09439468383789
2023-07-19,26.630313873291016
2023-07-20,26.669286727905273
2023-07-21,27.633941650390625
2023-07-24,27.575477600097656
2023-07-25,27.380599975585938
2023-07-26,27.682662963867188
2023-07-27,27.380599975585938
2023-07-28,27.01032829284668
2023-07-31,27.341623306274414
2023-08-01,27.17597198486328
2023-08-02,27.273412704467773
2023-08-03,27.224695205688477
2023-08-04,27.809337615966797
2023-08-07,27.965238571166992
2023-08-08,28.082164764404297
2023-08-09,29.534021377563477
2023-08-10,29.904293060302734
2023-08-11,29.368370056152344
2023-08-14,29.543760299682617
2023-08-15,29.46581268310547
2023-08-16,29.3001651763916
2023-08-17,28.949378967285156
2023-08-18,29.09554100036621
2023-08-21,29.23195457458496
2023-08-22,28.900659561157227
2023-08-23,29.55350685119629
2023-08-24,29.241701126098633
2023-08-25,29.3488826751709
2023-08-28,29.20272445678711
2023-08-29,29.64120101928711
2023-08-30,30.52790641784668
2023-08-31,30.615602493286133
2023-09-01,30.976131439208984
2023-09-05,31.66794776916504
2023-09-06,31.970012664794922
2023-09-07,32.515682220458984
2023-09-08,33.188018798828125
2023-09-11,32.827484130859375
2023-09-12,32.83722686767578
2023-09-13,32.330543518066406
2023-09-14,32.19412612915039
2023-09-15,32.06745910644531
2023-09-18,32.632606506347656
2023-09-19,32.50122833251953
2023-09-20,31.707080841064453
2023-09-21,32.79535675048828
2023-09-22,32.569854736328125
2023-09-25,33.001251220703125
2023-09-26,32.344364166259766
2023-09-27,32.66790008544922
2023-09-28,32.77574920654297
2023-09-29,32.5306396484375
2023-10-02,31.893362045288086
2023-10-03,31.373733520507812
2023-10-04,30.775672912597656
2023-10-05,31.207061767578125
2023-10-06,30.922739028930664
2023-10-09,31.22667121887207
2023-10-10,31.471778869628906
2023-10-11,32.128662109375
2023-10-12,31.177650451660156
2023-10-13,31.020782470703125
2023-10-16,31.658061981201172
2023-10-17,31.93258285522461
2023-10-18,31.78551483154297
2023-10-19,31.481584548950195
2023-10-20,31.305105209350586
2023-10-23,31.265886306762695
2023-10-24,32.060035705566406
2023-10-25,32.138465881347656
2023-10-26,32.256126403808594
2023-10-27,31.39334487915039
2023-10-30,31.942386627197266
2023-10-31,32.07965087890625
2023-11-01,33.26596450805664
2023-11-02,33.98168182373047
2023-11-03,34.30522155761719
2023-11-06,34.63856887817383
2023-11-07,34.06991195678711
2023-11-08,33.991477966308594
2023-11-09,33.883636474609375
2023-11-10,33.805198669433594
2023-11-13,33.726768493652344
2023-11-14,34.530723571777344
2023-11-15,34.020896911621094
2023-11-16,34.06011199951172
2023-11-17,34.17776107788086
2023-11-20,34.011085510253906
2023-11-21,33.815006256103516
2023-11-22,34.128746032714844
2023-11-24,34.17776107788086
2023-11-27,34.9424934387207
2023-11-28,34.530723571777344
2023-11-29,34.23658752441406
2023-11-30,34.71699905395508
2023-12-01,35.56997299194336
2023-12-04,36.393531799316406
2023-12-05,36.638641357421875
2023-12-06,35.56997299194336
2023-12-07,36.44255065917969
2023-12-08,36.236663818359375
2023-12-11,36.15822982788086
2023-12-12,36.599422454833984
2023-12-13,37.37396240234375
2023-12-14,36.75629806518555
2023-12-15,36.942569732666016
2023-12-18,37.020999908447266
2023-12-19,37.19158172607422
2023-12-20,37.083126068115234
2023-12-21,37.26060485839844
2023-12-22,37.48738479614258
2023-12-26,37.66485595703125
2023-12-27,37.84233093261719
2023-12-28,38.27617263793945
2023-12-29,37.980377197265625
2024-01-02,37.53667449951172
2024-01-03,37.645137786865234
2024-01-04,37.862060546875
2024-01-05,38.04939270019531
2024-01-08,38.5916862487793
2024-01-09,39.0353889465332
2024-01-10,37.92121124267578
2024-01-11,38.32546615600586
2024-01-12,38.67056655883789
2024-01-16,38.76917266845703
2024-01-17,39.16356658935547
2024-01-18,38.85791015625
2024-01-19,39.60725784301758
2024-01-22,39.41006851196289
2024-01-23,39.291744232177734
2024-01-24,38.68042755126953
2024-01-25,39.86362075805664
2024-01-26,40.208717346191406
2024-01-29,39.99180221557617
2024-01-30,40.65241241455078
2024-01-31,40.4552116394043
2024-02-01,42.653968811035156
2024-02-02,43.92589569091797
2024-02-05,42.742713928222656
2024-02-06,42.653968811035156
2024-02-07,43.14697265625
2024-02-08,42.29901885986328
2024-02-09,42.624393463134766
2024-02-12,42.21028137207031
2024-02-13,43.580806732177734
2024-02-14,43.64982604980469
2024-02-15,44.75413131713867
2024-02-16,44.94147491455078
2024-02-20,45.50349044799805
2024-02-21,45.5330696105957
2024-02-22,46.9528923034668
2024-02-23,47.93888473510742
2024-02-26,48.06707000732422
2024-02-27,50.26582717895508
2024-02-28,52.277252197265625
2024-02-29,53.77595138549805
2024-03-01,53.73651123046875
2024-03-04,56.19163513183594
2024-03-05,58.06501388549805
2024-03-06,60.04685974121094
2024-03-07,60.8159294128418
2024-03-08,59.64259719848633
2024-03-11,57.236778259277344
2024-03-12,59.356666564941406
2024-03-13,60.3032112121582
2024-03-14,62.225894927978516
2024-03-15,60.69761657714844
2024-03-18,61.60471725463867
2024-03-19,63.00471878051758
2024-03-20,66.04216766357422
2024-03-21,67.64498901367188
2024-03-22,68.35734558105469
2024-03-25,70.44496154785156
2024-03-26,67.1700668334961
2024-03-27,67.57573699951172
2024-03-28,68.91140747070312
2024-04-01,70.7714614868164
2024-04-02,70.39550018310547
2024-04-03,72.97782897949219
2024-04-04,69.7919692993164
2024-04-05,74.53118133544922
2024-04-08,73.6308364868164
2024-04-09,68.79267883300781
2024-04-10,70.0096435546875
2024-04-11,71.23649597167969
2024-04-12,69.00045776367188
2024-04-15,67.49656677246094
2024-04-16,66.88314819335938
2024-04-17,67.92201232910156
2024-04-18,65.18138885498047
2024-04-19,64.96372985839844
2024-04-22,66.01248168945312
2024-04-23,67.72412872314453
2024-04-24,69.71281433105469
2024-04-25,71.71141052246094
2024-04-26,71.92906188964844
2024-04-29,77.13328552246094
2024-04-30,75.0357666015625
2024-05-01,76.0449447631836
2024-05-02,79.02304077148438
2024-05-03,80.62584686279297
2024-05-06,82.35729217529297
2024-05-07,80.87319946289062
2024-05-08,88.25408935546875
2024-05-09,92.18199157714844
2024-05-10,92.42935180664062
2024-05-13,89.21381378173828
2024-05-14,90.50003051757812
2024-05-15,95.88233947753906
2024-05-16,92.15231323242188
2024-05-17,93.08234405517578
2024-05-20,90.53960418701172
2024-05-21,93.24064636230469
2024-05-22,93.27033233642578
2024-05-23,95.11061096191406
2024-05-24,101.01729583740234
2024-05-28,105.07380676269531
2024-05-29,102.52117919921875
2024-05-30,104.25262451171875
2024-05-31,98.02932739257812
2024-06-03,92.26114654541016
2024-06-04,88.60037994384766
2024-06-05,91.02439880371094
2024-06-06,85.34527587890625
2024-06-07,84.16788482666016
2024-06-10,87.28449249267578
2024-06-11,90.25267791748047
2024-06-12,89.59967041015625
2024-06-13,87.46258544921875
2024-06-14,86.66116333007812
2024-06-17,83.14881134033203
2024-06-18,86.87663269042969
2024-06-20,87.48174285888672
2024-06-21,86.16241455078125
2024-06-24,87.52141571044922
2024-06-25,88.69192504882812
2024-06-26,85.22004699707031
2024-06-27,86.51953125
2024-06-28,85.28948974609375
2024-07-01,86.6385498046875
2024-07-02,86.99565887451172
2024-07-03,90.9833755493164
2024-07-05,88.642333984375
2024-07-08,92.13406372070312
2024-07-09,90.66594696044922
2024-07-10,91.56864166259766
2024-07-11,90.874267578125
2024-07-12,90.59651947021484
2024-07-15,85.49779510498047
2024-07-16,85.18036651611328
2024-07-17,75.58802795410156
2024-07-18,75.93521881103516
2024-07-19,75.8558578491211
2024-07-22,78.53416442871094
2024-07-23,79.42694854736328
2024-07-24,71.99710845947266
2024-07-25,69.81475830078125
2024-07-26,70.548828125
2024-07-29,70.66786193847656
2024-07-30,68.44585418701172
2024-07-31,78.58377838134766
2024-08-01,75.42930603027344
2024-08-02,71.84830474853516
2024-08-05,69.63622283935547
2024-08-06,73.79256439208984
2024-08-07,73.35608673095703
2024-08-08,78.44489288330078
2024-08-09,78.00843048095703
2024-08-12,77.33389282226562
2024-08-13,79.80390167236328
2024-08-14,78.61353302001953
2024-08-15,80.79585266113281
2024-08-16,78.71273040771484
2024-08-19,80.09156036376953
2024-08-20,79.00039672851562
2024-08-21,81.61920166015625
2024-08-22,82.63101196289062
2024-08-23,85.08116149902344
2024-08-26,84.19831085205078
2024-08-27,83.91064453125
2024-08-28,81.83743286132812
2024-08-29,83.98999786376953
2024-08-30,84.743896484375
2024-09-03,75.13172149658203
2024-09-04,76.06416320800781
2024-09-05,75.22100830078125
2024-09-06,73.10810089111328
2024-09-09,74.34806060791016
2024-09-10,75.468994140625
2024-09-11,79.4170150756836
2024-09-12,79.82372283935547
2024-09-13,84.8629379272461
2024-09-16,88.6820297241211
2024-09-17,90.41795349121094
2024-09-18,90.4576416015625
2024-09-19,91.99519348144531
2024-09-20,107.26805877685547
2024-09-23,110.99678802490234
2024-09-24,111.7624282836914
2024-09-25,118.40453338623047
2024-09-26,113.51244354248047
2024-09-27,117.05223846435547
2024-09-30,117.86758422851562
2024-10-01,121.85485076904297
2024-10-02,124.65885925292969
2024-10-03,131.6986846923828
2024-10-04,137.6248779296875
2024-10-07,130.525390625
2024-10-08,127.23416137695312
2024-10-09,123.47560119628906
2024-10-10,123.40599822998047
2024-10-11,124.57930755615234
2024-10-14,131.50978088378906
2024-10-15,127.5622787475586
2024-10-16,134.92030334472656
2024-10-17,126.5480728149414
2024-10-18,130.416015625
2024-10-21,129.64044189453125
2024-10-22,124.33071899414062
2024-10-23,125.39464569091797
2024-10-24,124.86766052246094
2024-10-25,123.32644653320312
2024-10-28,127.05517578125
2024-10-29,125.94153594970703
2024-10-30,123.40599822998047
2024-10-31,124.25118255615234
2024-11-01,118.83209228515625
2024-11-04,115.08346557617188
2024-11-05,121.20854187011719
2024-11-06,125.37476348876953
2024-11-07,134.9600830078125
2024-11-08,141.09507751464844
2024-11-11,144.97296142578125
2024-11-12,141.35360717773438
2024-11-13,141.3138427734375
2024-11-14,137.6746063232422
2024-11-15,141.34365844726562
2024-11-18,145.79827880859375
2024-11-19,153.9815673828125
2024-11-20,153.7528839111328
2024-11-21,165.6649169921875
2024-11-22,161.00152587890625
2024-11-25,153.2656707763672
2024-11-26,161.73731994628906
2024-11-27,153.64349365234375
2024-11-29,158.93331909179688
2024-12-02,153.23582458496094
2024-12-03,153.28553771972656
2024-12-04,160.39498901367188
2024-12-05,159.96742248535156
2024-12-06,159.07252502441406
2024-12-09,147.46873474121094
2024-12-10,140.7172393798828
2024-12-11,145.17184448242188
2024-12-12,144.25704956054688
2024-12-13,144.06813049316406
2024-12-16,144.50563049316406
2024-12-17,138.9771728515625
2024-12-18,132.1361846923828
2024-12-19,136.42173767089844
2024-12-20,139.3816680908203
2024-12-23,140.21826171875
2024-12-24,142.77783203125
2024-12-26,143.52479553222656
2024-12-27,139.11277770996094
2024-12-30,139.52110290527344
2024-12-31,137.3101043701172
