Date,ZTS
2010-01-04,
2010-01-05,
2010-01-06,
2010-01-07,
2010-01-08,
2010-01-11,
2010-01-12,
2010-01-13,
2010-01-14,
2010-01-15,
2010-01-19,
2010-01-20,
2010-01-21,
2010-01-22,
2010-01-25,
2010-01-26,
2010-01-27,
2010-01-28,
2010-01-29,
2010-02-01,
2010-02-02,
2010-02-03,
2010-02-04,
2010-02-05,
2010-02-08,
2010-02-09,
2010-02-10,
2010-02-11,
2010-02-12,
2010-02-16,
2010-02-17,
2010-02-18,
2010-02-19,
2010-02-22,
2010-02-23,
2010-02-24,
2010-02-25,
2010-02-26,
2010-03-01,
2010-03-02,
2010-03-03,
2010-03-04,
2010-03-05,
2010-03-08,
2010-03-09,
2010-03-10,
2010-03-11,
2010-03-12,
2010-03-15,
2010-03-16,
2010-03-17,
2010-03-18,
2010-03-19,
2010-03-22,
2010-03-23,
2010-03-24,
2010-03-25,
2010-03-26,
2010-03-29,
2010-03-30,
2010-03-31,
2010-04-01,
2010-04-05,
2010-04-06,
2010-04-07,
2010-04-08,
2010-04-09,
2010-04-12,
2010-04-13,
2010-04-14,
2010-04-15,
2010-04-16,
2010-04-19,
2010-04-20,
2010-04-21,
2010-04-22,
2010-04-23,
2010-04-26,
2010-04-27,
2010-04-28,
2010-04-29,
2010-04-30,
2010-05-03,
2010-05-04,
2010-05-05,
2010-05-06,
2010-05-07,
2010-05-10,
2010-05-11,
2010-05-12,
2010-05-13,
2010-05-14,
2010-05-17,
2010-05-18,
2010-05-19,
2010-05-20,
2010-05-21,
2010-05-24,
2010-05-25,
2010-05-26,
2010-05-27,
2010-05-28,
2010-06-01,
2010-06-02,
2010-06-03,
2010-06-04,
2010-06-07,
2010-06-08,
2010-06-09,
2010-06-10,
2010-06-11,
2010-06-14,
2010-06-15,
2010-06-16,
2010-06-17,
2010-06-18,
2010-06-21,
2010-06-22,
2010-06-23,
2010-06-24,
2010-06-25,
2010-06-28,
2010-06-29,
2010-06-30,
2010-07-01,
2010-07-02,
2010-07-06,
2010-07-07,
2010-07-08,
2010-07-09,
2010-07-12,
2010-07-13,
2010-07-14,
2010-07-15,
2010-07-16,
2010-07-19,
2010-07-20,
2010-07-21,
2010-07-22,
2010-07-23,
2010-07-26,
2010-07-27,
2010-07-28,
2010-07-29,
2010-07-30,
2010-08-02,
2010-08-03,
2010-08-04,
2010-08-05,
2010-08-06,
2010-08-09,
2010-08-10,
2010-08-11,
2010-08-12,
2010-08-13,
2010-08-16,
2010-08-17,
2010-08-18,
2010-08-19,
2010-08-20,
2010-08-23,
2010-08-24,
2010-08-25,
2010-08-26,
2010-08-27,
2010-08-30,
2010-08-31,
2010-09-01,
2010-09-02,
2010-09-03,
2010-09-07,
2010-09-08,
2010-09-09,
2010-09-10,
2010-09-13,
2010-09-14,
2010-09-15,
2010-09-16,
2010-09-17,
2010-09-20,
2010-09-21,
2010-09-22,
2010-09-23,
2010-09-24,
2010-09-27,
2010-09-28,
2010-09-29,
2010-09-30,
2010-10-01,
2010-10-04,
2010-10-05,
2010-10-06,
2010-10-07,
2010-10-08,
2010-10-11,
2010-10-12,
2010-10-13,
2010-10-14,
2010-10-15,
2010-10-18,
2010-10-19,
2010-10-20,
2010-10-21,
2010-10-22,
2010-10-25,
2010-10-26,
2010-10-27,
2010-10-28,
2010-10-29,
2010-11-01,
2010-11-02,
2010-11-03,
2010-11-04,
2010-11-05,
2010-11-08,
2010-11-09,
2010-11-10,
2010-11-11,
2010-11-12,
2010-11-15,
2010-11-16,
2010-11-17,
2010-11-18,
2010-11-19,
2010-11-22,
2010-11-23,
2010-11-24,
2010-11-26,
2010-11-29,
2010-11-30,
2010-12-01,
2010-12-02,
2010-12-03,
2010-12-06,
2010-12-07,
2010-12-08,
2010-12-09,
2010-12-10,
2010-12-13,
2010-12-14,
2010-12-15,
2010-12-16,
2010-12-17,
2010-12-20,
2010-12-21,
2010-12-22,
2010-12-23,
2010-12-27,
2010-12-28,
2010-12-29,
2010-12-30,
2010-12-31,
2011-01-03,
2011-01-04,
2011-01-05,
2011-01-06,
2011-01-07,
2011-01-10,
2011-01-11,
2011-01-12,
2011-01-13,
2011-01-14,
2011-01-18,
2011-01-19,
2011-01-20,
2011-01-21,
2011-01-24,
2011-01-25,
2011-01-26,
2011-01-27,
2011-01-28,
2011-01-31,
2011-02-01,
2011-02-02,
2011-02-03,
2011-02-04,
2011-02-07,
2011-02-08,
2011-02-09,
2011-02-10,
2011-02-11,
2011-02-14,
2011-02-15,
2011-02-16,
2011-02-17,
2011-02-18,
2011-02-22,
2011-02-23,
2011-02-24,
2011-02-25,
2011-02-28,
2011-03-01,
2011-03-02,
2011-03-03,
2011-03-04,
2011-03-07,
2011-03-08,
2011-03-09,
2011-03-10,
2011-03-11,
2011-03-14,
2011-03-15,
2011-03-16,
2011-03-17,
2011-03-18,
2011-03-21,
2011-03-22,
2011-03-23,
2011-03-24,
2011-03-25,
2011-03-28,
2011-03-29,
2011-03-30,
2011-03-31,
2011-04-01,
2011-04-04,
2011-04-05,
2011-04-06,
2011-04-07,
2011-04-08,
2011-04-11,
2011-04-12,
2011-04-13,
2011-04-14,
2011-04-15,
2011-04-18,
2011-04-19,
2011-04-20,
2011-04-21,
2011-04-25,
2011-04-26,
2011-04-27,
2011-04-28,
2011-04-29,
2011-05-02,
2011-05-03,
2011-05-04,
2011-05-05,
2011-05-06,
2011-05-09,
2011-05-10,
2011-05-11,
2011-05-12,
2011-05-13,
2011-05-16,
2011-05-17,
2011-05-18,
2011-05-19,
2011-05-20,
2011-05-23,
2011-05-24,
2011-05-25,
2011-05-26,
2011-05-27,
2011-05-31,
2011-06-01,
2011-06-02,
2011-06-03,
2011-06-06,
2011-06-07,
2011-06-08,
2011-06-09,
2011-06-10,
2011-06-13,
2011-06-14,
2011-06-15,
2011-06-16,
2011-06-17,
2011-06-20,
2011-06-21,
2011-06-22,
2011-06-23,
2011-06-24,
2011-06-27,
2011-06-28,
2011-06-29,
2011-06-30,
2011-07-01,
2011-07-05,
2011-07-06,
2011-07-07,
2011-07-08,
2011-07-11,
2011-07-12,
2011-07-13,
2011-07-14,
2011-07-15,
2011-07-18,
2011-07-19,
2011-07-20,
2011-07-21,
2011-07-22,
2011-07-25,
2011-07-26,
2011-07-27,
2011-07-28,
2011-07-29,
2011-08-01,
2011-08-02,
2011-08-03,
2011-08-04,
2011-08-05,
2011-08-08,
2011-08-09,
2011-08-10,
2011-08-11,
2011-08-12,
2011-08-15,
2011-08-16,
2011-08-17,
2011-08-18,
2011-08-19,
2011-08-22,
2011-08-23,
2011-08-24,
2011-08-25,
2011-08-26,
2011-08-29,
2011-08-30,
2011-08-31,
2011-09-01,
2011-09-02,
2011-09-06,
2011-09-07,
2011-09-08,
2011-09-09,
2011-09-12,
2011-09-13,
2011-09-14,
2011-09-15,
2011-09-16,
2011-09-19,
2011-09-20,
2011-09-21,
2011-09-22,
2011-09-23,
2011-09-26,
2011-09-27,
2011-09-28,
2011-09-29,
2011-09-30,
2011-10-03,
2011-10-04,
2011-10-05,
2011-10-06,
2011-10-07,
2011-10-10,
2011-10-11,
2011-10-12,
2011-10-13,
2011-10-14,
2011-10-17,
2011-10-18,
2011-10-19,
2011-10-20,
2011-10-21,
2011-10-24,
2011-10-25,
2011-10-26,
2011-10-27,
2011-10-28,
2011-10-31,
2011-11-01,
2011-11-02,
2011-11-03,
2011-11-04,
2011-11-07,
2011-11-08,
2011-11-09,
2011-11-10,
2011-11-11,
2011-11-14,
2011-11-15,
2011-11-16,
2011-11-17,
2011-11-18,
2011-11-21,
2011-11-22,
2011-11-23,
2011-11-25,
2011-11-28,
2011-11-29,
2011-11-30,
2011-12-01,
2011-12-02,
2011-12-05,
2011-12-06,
2011-12-07,
2011-12-08,
2011-12-09,
2011-12-12,
2011-12-13,
2011-12-14,
2011-12-15,
2011-12-16,
2011-12-19,
2011-12-20,
2011-12-21,
2011-12-22,
2011-12-23,
2011-12-27,
2011-12-28,
2011-12-29,
2011-12-30,
2012-01-03,
2012-01-04,
2012-01-05,
2012-01-06,
2012-01-09,
2012-01-10,
2012-01-11,
2012-01-12,
2012-01-13,
2012-01-17,
2012-01-18,
2012-01-19,
2012-01-20,
2012-01-23,
2012-01-24,
2012-01-25,
2012-01-26,
2012-01-27,
2012-01-30,
2012-01-31,
2012-02-01,
2012-02-02,
2012-02-03,
2012-02-06,
2012-02-07,
2012-02-08,
2012-02-09,
2012-02-10,
2012-02-13,
2012-02-14,
2012-02-15,
2012-02-16,
2012-02-17,
2012-02-21,
2012-02-22,
2012-02-23,
2012-02-24,
2012-02-27,
2012-02-28,
2012-02-29,
2012-03-01,
2012-03-02,
2012-03-05,
2012-03-06,
2012-03-07,
2012-03-08,
2012-03-09,
2012-03-12,
2012-03-13,
2012-03-14,
2012-03-15,
2012-03-16,
2012-03-19,
2012-03-20,
2012-03-21,
2012-03-22,
2012-03-23,
2012-03-26,
2012-03-27,
2012-03-28,
2012-03-29,
2012-03-30,
2012-04-02,
2012-04-03,
2012-04-04,
2012-04-05,
2012-04-09,
2012-04-10,
2012-04-11,
2012-04-12,
2012-04-13,
2012-04-16,
2012-04-17,
2012-04-18,
2012-04-19,
2012-04-20,
2012-04-23,
2012-04-24,
2012-04-25,
2012-04-26,
2012-04-27,
2012-04-30,
2012-05-01,
2012-05-02,
2012-05-03,
2012-05-04,
2012-05-07,
2012-05-08,
2012-05-09,
2012-05-10,
2012-05-11,
2012-05-14,
2012-05-15,
2012-05-16,
2012-05-17,
2012-05-18,
2012-05-21,
2012-05-22,
2012-05-23,
2012-05-24,
2012-05-25,
2012-05-29,
2012-05-30,
2012-05-31,
2012-06-01,
2012-06-04,
2012-06-05,
2012-06-06,
2012-06-07,
2012-06-08,
2012-06-11,
2012-06-12,
2012-06-13,
2012-06-14,
2012-06-15,
2012-06-18,
2012-06-19,
2012-06-20,
2012-06-21,
2012-06-22,
2012-06-25,
2012-06-26,
2012-06-27,
2012-06-28,
2012-06-29,
2012-07-02,
2012-07-03,
2012-07-05,
2012-07-06,
2012-07-09,
2012-07-10,
2012-07-11,
2012-07-12,
2012-07-13,
2012-07-16,
2012-07-17,
2012-07-18,
2012-07-19,
2012-07-20,
2012-07-23,
2012-07-24,
2012-07-25,
2012-07-26,
2012-07-27,
2012-07-30,
2012-07-31,
2012-08-01,
2012-08-02,
2012-08-03,
2012-08-06,
2012-08-07,
2012-08-08,
2012-08-09,
2012-08-10,
2012-08-13,
2012-08-14,
2012-08-15,
2012-08-16,
2012-08-17,
2012-08-20,
2012-08-21,
2012-08-22,
2012-08-23,
2012-08-24,
2012-08-27,
2012-08-28,
2012-08-29,
2012-08-30,
2012-08-31,
2012-09-04,
2012-09-05,
2012-09-06,
2012-09-07,
2012-09-10,
2012-09-11,
2012-09-12,
2012-09-13,
2012-09-14,
2012-09-17,
2012-09-18,
2012-09-19,
2012-09-20,
2012-09-21,
2012-09-24,
2012-09-25,
2012-09-26,
2012-09-27,
2012-09-28,
2012-10-01,
2012-10-02,
2012-10-03,
2012-10-04,
2012-10-05,
2012-10-08,
2012-10-09,
2012-10-10,
2012-10-11,
2012-10-12,
2012-10-15,
2012-10-16,
2012-10-17,
2012-10-18,
2012-10-19,
2012-10-22,
2012-10-23,
2012-10-24,
2012-10-25,
2012-10-26,
2012-10-31,
2012-11-01,
2012-11-02,
2012-11-05,
2012-11-06,
2012-11-07,
2012-11-08,
2012-11-09,
2012-11-12,
2012-11-13,
2012-11-14,
2012-11-15,
2012-11-16,
2012-11-19,
2012-11-20,
2012-11-21,
2012-11-23,
2012-11-26,
2012-11-27,
2012-11-28,
2012-11-29,
2012-11-30,
2012-12-03,
2012-12-04,
2012-12-05,
2012-12-06,
2012-12-07,
2012-12-10,
2012-12-11,
2012-12-12,
2012-12-13,
2012-12-14,
2012-12-17,
2012-12-18,
2012-12-19,
2012-12-20,
2012-12-21,
2012-12-24,
2012-12-26,
2012-12-27,
2012-12-28,
2012-12-31,
2013-01-02,
2013-01-03,
2013-01-04,
2013-01-07,
2013-01-08,
2013-01-09,
2013-01-10,
2013-01-11,
2013-01-14,
2013-01-15,
2013-01-16,
2013-01-17,
2013-01-18,
2013-01-22,
2013-01-23,
2013-01-24,
2013-01-25,
2013-01-28,
2013-01-29,
2013-01-30,
2013-01-31,
2013-02-01,28.134916305541992
2013-02-04,28.14398956298828
2013-02-05,28.162134170532227
2013-02-06,28.153064727783203
2013-02-07,29.033126831054688
2013-02-08,29.985774993896484
2013-02-11,30.176313400268555
2013-02-12,30.61181640625
2013-02-13,30.439422607421875
2013-02-14,30.185388565063477
2013-02-15,30.829561233520508
2013-02-19,30.702533721923828
2013-02-20,29.686378479003906
2013-02-21,29.54121208190918
2013-02-22,29.56843376159668
2013-02-25,29.096637725830078
2013-02-26,29.06942367553711
2013-02-27,29.323461532592773
2013-02-28,30.348695755004883
2013-03-01,31.39207649230957
2013-03-04,31.165250778198242
2013-03-05,31.11080551147461
2013-03-06,30.71160316467285
2013-03-07,31.35577392578125
2013-03-08,30.929357528686523
2013-03-11,31.01100730895996
2013-03-12,30.684389114379883
2013-03-13,30.847702026367188
2013-03-14,31.428369522094727
2013-03-15,30.339630126953125
2013-03-18,29.79524040222168
2013-03-19,29.75896453857422
2013-03-20,30.403125762939453
2013-03-21,30.3668270111084
2013-03-22,30.049285888671875
2013-03-25,29.450483322143555
2013-03-26,29.49584197998047
2013-03-27,29.70452308654785
2013-03-28,30.303325653076172
2013-04-01,29.56843376159668
2013-04-02,29.532140731811523
2013-04-03,29.513996124267578
2013-04-04,28.88796615600586
2013-04-05,28.99683952331543
2013-04-08,29.867828369140625
2013-04-09,30.339630126953125
2013-04-10,30.076505661010742
2013-04-11,30.085588455200195
2013-04-12,30.149084091186523
2013-04-15,29.250879287719727
2013-04-16,30.130937576293945
2013-04-17,29.84061622619629
2013-04-18,29.459558486938477
2013-04-19,29.67730712890625
2013-04-22,29.63194465637207
2013-04-23,28.76094627380371
2013-04-24,27.78107261657715
2013-04-25,28.624853134155273
2013-04-26,29.613798141479492
2013-04-29,29.691068649291992
2013-04-30,30.01833724975586
2013-05-01,30.354707717895508
2013-05-02,30.25470542907715
2013-05-03,30.191064834594727
2013-05-06,29.945602416992188
2013-05-07,29.891075134277344
2013-05-08,30.236530303955078
2013-05-09,30.500152587890625
2013-05-10,30.16379737854004
2013-05-13,30.036523818969727
2013-05-14,30.07288932800293
2013-05-15,29.809246063232422
2013-05-16,30.354707717895508
2013-05-17,30.818355560302734
2013-05-20,30.645610809326172
2013-05-21,30.036523818969727
2013-05-22,30.500152587890625
2013-05-23,29.85469627380371
2013-05-24,30.418350219726562
2013-05-28,31.14561653137207
2013-05-29,29.954702377319336
2013-05-30,29.309247970581055
2013-05-31,29.091064453125
2013-06-03,29.77288055419922
2013-06-04,29.45469856262207
2013-06-05,29.24560546875
2013-06-06,29.163789749145508
2013-06-07,28.636516571044922
2013-06-10,29.10015296936035
2013-06-11,28.818340301513672
2013-06-12,28.663787841796875
2013-06-13,28.336519241333008
2013-06-14,28.00014877319336
2013-06-17,28.145601272583008
2013-06-18,28.345603942871094
2013-06-19,28.181970596313477
2013-06-20,27.445606231689453
2013-06-21,27.818330764770508
2013-06-24,27.618328094482422
2013-06-25,28.627426147460938
2013-06-26,28.154701232910156
2013-06-27,28.063783645629883
2013-06-28,28.081966400146484
2013-07-01,27.827423095703125
2013-07-02,27.00013542175293
2013-07-03,26.618324279785156
2013-07-05,27.427413940429688
2013-07-08,28.127422332763672
2013-07-09,28.163780212402344
2013-07-10,28.21833610534668
2013-07-11,28.109237670898438
2013-07-12,28.500150680541992
2013-07-15,28.709245681762695
2013-07-16,28.327425003051758
2013-07-17,28.172876358032227
2013-07-18,28.018339157104492
2013-07-19,27.49105453491211
2013-07-22,27.518327713012695
2013-07-23,27.327415466308594
2013-07-24,27.18195915222168
2013-07-25,27.745603561401367
2013-07-26,27.663782119750977
2013-07-29,27.354686737060547
2013-07-30,27.368356704711914
2013-07-31,27.1588077545166
2013-08-01,27.477684020996094
2013-08-02,28.188318252563477
2013-08-05,28.470739364624023
2013-08-06,28.361417770385742
2013-08-07,28.46163558959961
2013-08-08,28.46163558959961
2013-08-09,28.16097640991211
2013-08-12,27.6325626373291
2013-08-13,27.74189567565918
2013-08-14,27.4594669342041
2013-08-15,27.35013771057129
2013-08-16,27.331911087036133
2013-08-19,27.21347427368164
2013-08-20,27.541454315185547
2013-08-21,27.19524574279785
2013-08-22,27.21347427368164
2013-08-23,27.514129638671875
2013-08-26,27.149700164794922
2013-08-27,26.603063583374023
2013-08-28,26.940156936645508
2013-08-29,26.849048614501953
2013-08-30,26.557504653930664
2013-09-03,26.812604904174805
2013-09-04,27.049480438232422
2013-09-05,27.6325626373291
2013-09-06,27.887666702270508
2013-09-09,27.869441986083984
2013-09-10,28.197431564331055
2013-09-11,28.543622970581055
2013-09-12,28.315866470336914
2013-09-13,28.288528442382812
2013-09-16,29.017385482788086
2013-09-17,29.500244140625
2013-09-18,29.81000518798828
2013-09-19,29.618684768676758
2013-09-20,29.327144622802734
2013-09-23,28.771394729614258
2013-09-24,28.68028450012207
2013-09-25,28.29764175415039
2013-09-26,28.771394729614258
2013-09-27,28.379636764526367
2013-09-30,28.352312088012695
2013-10-01,28.953601837158203
2013-10-02,29.154041290283203
2013-10-03,28.68028450012207
2013-10-04,29.199594497680664
2013-10-07,29.09026336669922
2013-10-08,28.725847244262695
2013-10-09,28.634737014770508
2013-10-10,29.48202133178711
2013-10-11,29.518465042114258
2013-10-14,29.418254852294922
2013-10-15,29.217811584472656
2013-10-16,29.964885711669922
2013-10-17,30.092424392700195
2013-10-18,30.265546798706055
2013-10-21,29.855554580688477
2013-10-22,29.618684768676758
2013-10-23,29.700685501098633
2013-10-24,29.828229904174805
2013-10-25,29.582237243652344
2013-10-28,29.13582420349121
2013-10-29,29.18137550354004
2013-10-30,29.268102645874023
2013-10-31,28.902935028076172
2013-11-01,29.067256927490234
2013-11-04,29.149425506591797
2013-11-05,28.93031883239746
2013-11-06,28.546899795532227
2013-11-07,28.33692169189453
2013-11-08,28.839033126831055
2013-11-11,29.003355026245117
2013-11-12,29.067256927490234
2013-11-13,28.957704544067383
2013-11-14,28.921194076538086
2013-11-15,29.039871215820312
2013-11-18,28.866416931152344
2013-11-19,28.683834075927734
2013-11-20,28.6381893157959
2013-11-21,28.82989501953125
2013-11-22,28.629056930541992
2013-11-25,28.565153121948242
2013-11-26,28.683834075927734
2013-11-27,28.556034088134766
2013-11-29,28.437345504760742
2013-12-02,28.437345504760742
2013-12-03,28.3825740814209
2013-12-04,28.492128372192383
2013-12-05,28.702091217041016
2013-12-06,28.79338264465332
2013-12-09,28.985097885131836
2013-12-10,28.629056930541992
2013-12-11,28.3825740814209
2013-12-12,28.455610275268555
2013-12-13,28.82989501953125
2013-12-16,29.21332550048828
2013-12-17,28.884675979614258
2013-12-18,29.368520736694336
2013-12-19,29.496328353881836
2013-12-20,29.560232162475586
2013-12-23,29.55110740661621
2013-12-24,29.55110740661621
2013-12-26,29.751953125
2013-12-27,29.82497787475586
2013-12-30,29.82497787475586
2013-12-31,29.84323501586914
2014-01-02,29.541980743408203
2014-01-03,29.25896453857422
2014-01-06,29.195072174072266
2014-01-07,29.30461883544922
2014-01-08,28.97595977783203
2014-01-09,29.176807403564453
2014-01-10,29.706300735473633
2014-01-13,29.012483596801758
2014-01-14,29.076383590698242
2014-01-15,29.039871215820312
2014-01-16,29.21332550048828
2014-01-17,28.966838836669922
2014-01-21,28.546899795532227
2014-01-22,28.72035026550293
2014-01-23,28.97595977783203
2014-01-24,28.72035026550293
2014-01-27,28.629056930541992
2014-01-28,28.768142700195312
2014-01-29,28.16423797607422
2014-01-30,28.063581466674805
2014-01-31,27.779918670654297
2014-02-03,27.789072036743164
2014-02-04,27.660972595214844
2014-02-05,27.56947135925293
2014-02-06,27.49626350402832
2014-02-07,28.091022491455078
2014-02-10,28.493635177612305
2014-02-11,26.654447555541992
2014-02-12,27.45050811767578
2014-02-13,27.148563385009766
2014-02-14,27.340713500976562
2014-02-18,27.697574615478516
2014-02-19,27.221757888793945
2014-02-20,27.423067092895508
2014-02-21,27.093660354614258
2014-02-24,27.17600440979004
2014-02-25,27.56947135925293
2014-02-26,27.8165283203125
2014-02-27,28.109329223632812
2014-02-28,28.383832931518555
2014-03-03,28.356382369995117
2014-03-04,28.264881134033203
2014-03-05,28.109329223632812
2014-03-06,28.16423797607422
2014-03-07,27.981231689453125
2014-03-10,27.77076530456543
2014-03-11,27.706724166870117
2014-03-12,27.17600440979004
2014-03-13,26.764253616333008
2014-03-14,26.919803619384766
2014-03-17,26.88321304321289
2014-03-18,26.79170799255371
2014-03-19,27.36817169189453
2014-03-20,27.532861709594727
2014-03-21,26.773406982421875
2014-03-24,26.663599014282227
2014-03-25,26.773406982421875
2014-03-26,26.7276554107666
2014-03-27,26.810001373291016
2014-03-28,26.544645309448242
2014-03-31,26.48059844970703
2014-04-01,26.855751037597656
2014-04-02,27.10280990600586
2014-04-03,27.10280990600586
2014-04-04,26.828306198120117
2014-04-07,26.53549575805664
2014-04-08,26.672754287719727
2014-04-09,26.590402603149414
2014-04-10,26.407400131225586
2014-04-11,25.986488342285156
2014-04-14,26.0596923828125
2014-04-15,26.123741149902344
2014-04-16,26.105443954467773
2014-04-17,26.169492721557617
2014-04-21,26.562957763671875
2014-04-22,27.349870681762695
2014-04-23,26.892353057861328
2014-04-24,27.417034149169922
2014-04-25,27.66469383239746
2014-04-28,27.88484001159668
2014-04-29,28.00408363342285
2014-04-30,27.756420135498047
2014-05-01,27.80228042602539
2014-05-02,28.10498046875
2014-05-05,28.00408363342285
2014-05-06,28.33429718017578
2014-05-07,28.114152908325195
2014-05-08,27.958209991455078
2014-05-09,28.013254165649414
2014-05-12,28.26091957092285
2014-05-13,28.187530517578125
2014-05-14,28.10498046875
2014-05-15,27.93987274169922
2014-05-16,28.06829261779785
2014-05-19,27.93987274169922
2014-05-20,27.77476692199707
2014-05-21,27.903179168701172
2014-05-22,27.82063102722168
2014-05-23,28.00408363342285
2014-05-27,28.16001319885254
2014-05-28,27.958209991455078
2014-05-29,28.178361892700195
2014-05-30,28.16001319885254
2014-06-02,28.36181640625
2014-06-03,28.664508819580078
2014-06-04,28.774585723876953
2014-06-05,28.994726181030273
2014-06-06,29.113969802856445
2014-06-09,29.36163330078125
2014-06-10,29.81108856201172
2014-06-11,29.47170639038086
2014-06-12,29.34328269958496
2014-06-13,29.462528228759766
2014-06-16,29.47170639038086
2014-06-17,30.09544563293457
2014-06-18,30.168827056884766
2014-06-19,29.856958389282227
2014-06-20,29.77440071105957
2014-06-23,29.939510345458984
2014-06-24,29.691844940185547
2014-06-25,29.691844940185547
2014-06-26,29.572601318359375
2014-06-27,29.701013565063477
2014-06-30,29.600126266479492
2014-07-01,29.820262908935547
2014-07-02,30.03123664855957
2014-07-03,30.18716812133789
2014-07-07,29.866132736206055
2014-07-08,29.79274559020996
2014-07-09,29.77440071105957
2014-07-10,29.829439163208008
2014-07-11,29.691844940185547
2014-07-14,30.02206039428711
2014-07-15,29.71019172668457
2014-07-16,29.93033790588379
2014-07-17,29.54508399963379
2014-07-18,29.985368728637695
2014-07-21,30.132131576538086
2014-07-22,30.150482177734375
2014-07-23,30.122961044311523
2014-07-24,30.168827056884766
2014-07-25,30.10462188720703
2014-07-28,30.14130210876465
2014-07-29,30.2972354888916
2014-07-30,30.39813804626465
2014-07-31,30.18716812133789
2014-08-01,30.03123664855957
2014-08-04,30.4898681640625
2014-08-05,29.54508399963379
2014-08-06,29.62763214111328
2014-08-07,29.15983772277832
2014-08-08,29.64598846435547
2014-08-11,29.90281867980957
2014-08-12,29.765230178833008
2014-08-13,30.150482177734375
2014-08-14,30.333934783935547
2014-08-15,30.902626037597656
2014-08-18,31.189437866210938
2014-08-19,31.731781005859375
2014-08-20,31.979963302612305
2014-08-21,32.07190704345703
2014-08-22,32.07190704345703
2014-08-25,32.08108901977539
2014-08-26,32.292518615722656
2014-08-27,32.485538482666016
2014-08-28,32.47636032104492
2014-08-29,32.57746124267578
2014-09-02,32.61425018310547
2014-09-03,32.87163162231445
2014-09-04,32.64180374145508
2014-09-05,33.12900924682617
2014-09-08,33.34961700439453
2014-09-09,33.25769805908203
2014-09-10,33.31285095214844
2014-09-11,33.34044647216797
2014-09-12,33.25769805908203
2014-09-15,33.34044647216797
2014-09-16,33.54265213012695
2014-09-17,33.68973159790039
2014-09-18,33.735687255859375
2014-09-19,34.1953125
2014-09-22,33.66215896606445
2014-09-23,32.98194122314453
2014-09-24,33.625404357910156
2014-09-25,33.36800765991211
2014-09-26,33.671348571777344
2014-09-29,33.81843185424805
2014-09-30,33.96550750732422
2014-10-01,33.50590133666992
2014-10-02,33.92873001098633
2014-10-03,34.627357482910156
2014-10-06,34.61814880371094
2014-10-07,33.744895935058594
2014-10-08,34.517051696777344
2014-10-09,34.029842376708984
2014-10-10,33.71731185913086
2014-10-13,32.69697952270508
2014-10-14,32.972740173339844
2014-10-15,32.41200637817383
2014-10-16,32.23735427856445
2014-10-17,32.513126373291016
2014-10-20,32.549888610839844
2014-10-21,33.17497634887695
2014-10-22,32.991127014160156
2014-10-23,33.19336700439453
2014-10-24,33.625404357910156
2014-10-27,33.61619567871094
2014-10-28,34.02065658569336
2014-10-29,33.66215896606445
2014-10-30,34.305625915527344
2014-10-31,34.158538818359375
2014-11-03,34.740638732910156
2014-11-04,36.03004455566406
2014-11-05,36.16819381713867
2014-11-06,36.573448181152344
2014-11-07,37.0523681640625
2014-11-10,36.987892150878906
2014-11-11,40.26669692993164
2014-11-12,39.272010803222656
2014-11-13,39.82462692260742
2014-11-14,39.732505798339844
2014-11-17,40.73641586303711
2014-11-18,40.6995849609375
2014-11-19,39.97198486328125
2014-11-20,39.741729736328125
2014-11-21,40.404842376708984
2014-11-24,41.05877685546875
2014-11-25,40.441688537597656
2014-11-26,41.14167022705078
2014-11-28,41.38113021850586
2014-12-01,40.86536407470703
2014-12-02,41.20613479614258
2014-12-03,41.33509063720703
2014-12-04,40.52459716796875
2014-12-05,40.50615692138672
2014-12-08,40.616695404052734
2014-12-09,40.35881042480469
2014-12-10,39.39174270629883
2014-12-11,39.493064880371094
2014-12-12,38.470726013183594
2014-12-15,38.443111419677734
2014-12-16,37.62339401245117
2014-12-17,37.88127517700195
2014-12-18,39.741729736328125
2014-12-19,40.07327651977539
2014-12-22,39.981201171875
2014-12-23,39.575950622558594
2014-12-24,40.377220153808594
2014-12-26,40.70878982543945
2014-12-29,40.5338020324707
2014-12-30,39.92591857910156
2014-12-31,39.631195068359375
2015-01-02,39.889095306396484
2015-01-05,39.649620056152344
2015-01-06,39.26279830932617
2015-01-07,40.07327651977539
2015-01-08,40.69037628173828
2015-01-09,40.75484085083008
2015-01-12,39.99040222167969
2015-01-13,39.428585052490234
2015-01-14,39.631195068359375
2015-01-15,39.54830551147461
2015-01-16,40.727203369140625
2015-01-20,40.194786071777344
2015-01-21,40.831478118896484
2015-01-22,41.07140350341797
2015-01-23,40.71152114868164
2015-01-26,40.683841705322266
2015-01-27,39.954872131347656
2015-01-28,39.779544830322266
2015-01-29,39.973331451416016
2015-01-30,39.42891311645508
2015-02-02,40.0286865234375
2015-02-03,40.13942337036133
2015-02-04,40.102508544921875
2015-02-05,40.047149658203125
2015-02-06,40.28706359863281
2015-02-09,39.55809020996094
2015-02-10,40.517738342285156
2015-02-11,42.23405838012695
2015-02-12,42.25251388549805
2015-02-13,41.947994232177734
2015-02-17,42.63084030151367
2015-02-18,42.30787658691406
2015-02-19,42.12333297729492
2015-02-20,42.07718276977539
2015-02-23,42.0587272644043
2015-02-24,41.89264678955078
2015-02-25,42.18791580200195
2015-02-26,43.01838302612305
2015-02-27,42.529335021972656
2015-03-02,43.65507888793945
2015-03-03,42.9445686340332
2015-03-04,42.65851974487305
2015-03-05,42.8707389831543
2015-03-06,42.2432746887207
2015-03-09,42.713871002197266
2015-03-10,42.16946792602539
2015-03-11,42.455509185791016
2015-03-12,43.22140121459961
2015-03-13,42.86151885986328
2015-03-16,43.35056686401367
2015-03-17,43.5074348449707
2015-03-18,43.83962631225586
2015-03-19,43.74737548828125
2015-03-20,43.68276596069336
2015-03-23,43.5074348449707
2015-03-24,43.38748550415039
2015-03-25,42.69542694091797
2015-03-26,42.54778289794922
2015-03-27,42.6492919921875
2015-03-30,43.29521560668945
2015-03-31,42.713871002197266
2015-04-01,42.69542694091797
2015-04-02,42.90765380859375
2015-04-06,42.75080108642578
2015-04-07,42.855255126953125
2015-04-08,42.716583251953125
2015-04-09,43.030879974365234
2015-04-10,43.60401916503906
2015-04-13,43.132564544677734
2015-04-14,43.35441970825195
2015-04-15,43.446861267089844
2015-04-16,43.57627487182617
2015-04-17,43.234249114990234
2015-04-20,43.48384094238281
2015-04-21,43.946041107177734
2015-04-22,43.47459411621094
2015-04-23,43.49308395385742
2015-04-24,44.28806686401367
2015-04-27,43.289710998535156
2015-04-28,42.27287673950195
2015-04-29,41.801422119140625
2015-04-30,41.06190872192383
2015-05-01,41.237545013427734
2015-05-04,41.96782684326172
2015-05-05,42.22665786743164
2015-05-06,41.86614227294922
2015-05-07,42.1157341003418
2015-05-08,42.43002700805664
2015-05-11,42.60566329956055
2015-05-12,42.13422393798828
2015-05-13,42.17118835449219
2015-05-14,42.781307220458984
2015-05-15,42.975425720214844
2015-05-18,43.19727325439453
2015-05-19,43.86284255981445
2015-05-20,43.70569610595703
2015-05-21,44.1863899230957
2015-05-22,44.02924346923828
2015-05-26,44.32503890991211
2015-05-27,45.71163558959961
2015-05-28,45.397369384765625
2015-05-29,46.00746154785156
2015-06-01,46.016693115234375
2015-06-02,45.831817626953125
2015-06-03,45.80409240722656
2015-06-04,45.20322036743164
2015-06-05,45.30491638183594
2015-06-08,45.11079025268555
2015-06-09,45.51753616333008
2015-06-10,45.93351364135742
2015-06-11,46.09988784790039
2015-06-12,45.36961364746094
2015-06-15,45.545249938964844
2015-06-16,45.95199966430664
2015-06-17,46.37721252441406
2015-06-18,46.6822624206543
2015-06-19,46.44192123413086
2015-06-22,46.42343521118164
2015-06-23,46.6545295715332
2015-06-24,45.95199966430664
2015-06-25,51.1933479309082
2015-06-26,44.94439697265625
2015-06-29,43.511558532714844
2015-06-30,44.574649810791016
2015-07-01,44.76875305175781
2015-07-02,44.657833099365234
2015-07-06,44.74103546142578
2015-07-07,44.26032257080078
2015-07-08,42.9661750793457
2015-07-09,43.049381256103516
2015-07-10,43.40989303588867
2015-07-13,43.48384094238281
2015-07-14,43.87207794189453
2015-07-15,43.54854202270508
2015-07-16,44.371273040771484
2015-07-17,44.1863899230957
2015-07-20,45.277164459228516
2015-07-21,45.40659713745117
2015-07-22,46.238563537597656
2015-07-23,46.08140563964844
2015-07-24,45.74862289428711
2015-07-27,45.73938751220703
2015-07-28,45.157012939453125
2015-07-29,44.74103546142578
2015-07-30,44.87968826293945
2015-07-31,45.277164459228516
2015-08-03,44.81498336791992
2015-08-04,45.157012939453125
2015-08-05,44.93514633178711
2015-08-06,44.63010025024414
2015-08-07,44.657833099365234
2015-08-10,44.731788635253906
2015-08-11,44.64195251464844
2015-08-12,44.3178596496582
2015-08-13,44.13266372680664
2015-08-14,43.95673370361328
2015-08-17,45.08644485473633
2015-08-18,44.19750213623047
2015-08-19,44.364158630371094
2015-08-20,42.9473991394043
2015-08-21,41.68806076049805
2015-08-24,40.30832290649414
2015-08-25,39.410118103027344
2015-08-26,40.97503662109375
2015-08-27,42.465877532958984
2015-08-28,42.391815185546875
2015-08-31,41.54915237426758
2015-09-01,40.72502517700195
2015-09-02,41.780643463134766
2015-09-03,41.23431396484375
2015-09-04,40.752811431884766
2015-09-08,41.567684173583984
2015-09-09,40.69725036621094
2015-09-10,41.05838394165039
2015-09-11,41.66954040527344
2015-09-14,41.17877197265625
2015-09-15,41.72509765625
2015-09-16,41.2158088684082
2015-09-17,42.60478210449219
2015-09-18,41.780643463134766
2015-09-21,41.206539154052734
2015-09-22,40.956520080566406
2015-09-23,41.03986740112305
2015-09-24,40.363887786865234
2015-09-25,39.363826751708984
2015-09-28,37.0025634765625
2015-09-29,36.71548843383789
2015-09-30,38.13224792480469
2015-10-01,38.23411560058594
2015-10-02,39.83608627319336
2015-10-05,39.67865753173828
2015-10-06,38.32672119140625
2015-10-07,39.5119743347168
2015-10-08,40.021270751953125
2015-10-09,39.63235092163086
2015-10-12,39.54902648925781
2015-10-13,39.18788528442383
2015-10-14,39.24345779418945
2015-10-15,39.81756591796875
2015-10-16,40.67874526977539
2015-10-19,40.53982925415039
2015-10-20,39.90089416503906
2015-10-21,38.576751708984375
2015-10-22,37.78036880493164
2015-10-23,39.391597747802734
2015-10-26,39.21565628051758
2015-10-27,39.57680130004883
2015-10-28,40.13239669799805
2015-10-29,40.32686233520508
2015-10-30,39.82680892944336
2015-11-02,40.96578598022461
2015-11-03,43.26006317138672
2015-11-04,43.18584060668945
2015-11-05,42.17460632324219
2015-11-06,42.647762298583984
2015-11-09,42.49004364013672
2015-11-10,42.56426239013672
2015-11-11,41.82209396362305
2015-11-12,41.311824798583984
2015-11-13,41.60871124267578
2015-11-16,42.02617263793945
2015-11-17,42.46220397949219
2015-11-18,43.77030944824219
2015-11-19,43.51054763793945
2015-11-20,43.90019607543945
2015-11-23,43.566219329833984
2015-11-24,43.53837203979492
2015-11-25,43.57549285888672
2015-11-27,43.67753601074219
2015-11-30,43.32500076293945
2015-12-01,43.61259841918945
2015-12-02,43.01885223388672
2015-12-03,41.93339538574219
2015-12-04,43.10234069824219
2015-12-07,42.59209060668945
2015-12-08,42.61992263793945
2015-12-09,41.94268035888672
2015-12-10,42.768367767333984
2015-12-11,42.51787567138672
2015-12-14,43.222957611083984
2015-12-15,43.57549285888672
2015-12-16,43.68682098388672
2015-12-17,43.35283279418945
2015-12-18,43.23223876953125
2015-12-21,43.91875076293945
2015-12-22,44.271278381347656
2015-12-23,44.51249694824219
2015-12-24,44.65165710449219
2015-12-28,44.43828582763672
2015-12-29,44.83720779418945
2015-12-30,44.77225112915039
2015-12-31,44.45683288574219
2016-01-04,43.853816986083984
2016-01-05,44.540313720703125
2016-01-06,44.54961013793945
2016-01-07,43.19511032104492
2016-01-08,42.56426239013672
2016-01-11,41.358211517333984
2016-01-12,41.72002410888672
2016-01-13,40.12433624267578
2016-01-14,40.940738677978516
2016-01-15,40.24493408203125
2016-01-19,40.1566047668457
2016-01-20,40.71446990966797
2016-01-21,40.0543327331543
2016-01-22,40.35186004638672
2016-01-25,40.1658935546875
2016-01-26,40.78884506225586
2016-01-27,40.119422912597656
2016-01-28,39.83119583129883
2016-01-29,40.02643585205078
2016-02-01,39.94275665283203
2016-02-02,38.78984069824219
2016-02-03,38.40864181518555
2016-02-04,38.62248611450195
2016-02-05,38.036739349365234
2016-02-08,37.36730194091797
2016-02-09,37.060489654541016
2016-02-10,36.56770706176758
2016-02-11,36.59561538696289
2016-02-12,37.5904541015625
2016-02-16,37.5904541015625
2016-02-17,38.86422348022461
2016-02-18,39.06878662109375
2016-02-19,38.89212417602539
2016-02-22,39.76608657836914
2016-02-23,39.39420700073242
2016-02-24,39.39420700073242
2016-02-25,39.88697814941406
2016-02-26,39.38490676879883
2016-02-29,38.17620086669922
2016-03-01,39.143165588378906
2016-03-02,38.78984069824219
2016-03-03,38.19480895996094
2016-03-04,37.93446350097656
2016-03-07,38.306365966796875
2016-03-08,37.40449523925781
2016-03-09,37.618343353271484
2016-03-10,37.10696792602539
2016-03-11,38.929325103759766
2016-03-14,38.40864181518555
2016-03-15,37.860084533691406
2016-03-16,37.618343353271484
2016-03-17,36.9303092956543
2016-03-18,37.99026107788086
2016-03-21,38.69686508178711
2016-03-22,39.74750518798828
2016-03-23,39.645240783691406
2016-03-24,39.49647521972656
2016-03-28,39.217552185058594
2016-03-29,40.09151840209961
2016-03-30,40.92831802368164
2016-03-31,41.21654510498047
2016-04-01,41.830177307128906
2016-04-04,42.54609680175781
2016-04-05,42.718467712402344
2016-04-06,44.04147720336914
2016-04-07,43.966949462890625
2016-04-08,43.73402404785156
2016-04-11,43.48246765136719
2016-04-12,43.79924392700195
2016-04-13,44.255775451660156
2016-04-14,44.414154052734375
2016-04-15,44.824119567871094
2016-04-18,45.25269317626953
2016-04-19,45.243385314941406
2016-04-20,45.159523010253906
2016-04-21,45.131568908691406
2016-04-22,45.317909240722656
2016-04-25,44.08806610107422
2016-04-26,44.35826110839844
2016-04-27,44.218509674072266
2016-04-28,43.966949462890625
2016-04-29,43.8178825378418
2016-05-02,44.74957275390625
2016-05-03,44.861385345458984
2016-05-04,43.83650588989258
2016-05-05,44.94523620605469
2016-05-06,44.10670852661133
2016-05-09,44.255775451660156
2016-05-10,43.379974365234375
2016-05-11,42.85823059082031
2016-05-12,43.09115982055664
2016-05-13,43.221588134765625
2016-05-16,43.57563781738281
2016-05-17,43.32407760620117
2016-05-18,43.75267028808594
2016-05-19,43.258853912353516
2016-05-20,43.845829010009766
2016-05-23,43.23090362548828
2016-05-24,44.06011199951172
2016-05-25,43.78992462158203
2016-05-26,44.097389221191406
2016-05-27,43.9576301574707
2016-05-31,44.181243896484375
2016-06-01,44.58187484741211
2016-06-02,44.84275436401367
2016-06-03,44.656402587890625
2016-06-06,45.103614807128906
2016-06-07,45.04771423339844
2016-06-08,45.14087677001953
2016-06-09,44.8520622253418
2016-06-10,44.153282165527344
2016-06-13,43.03522872924805
2016-06-14,43.966949462890625
2016-06-15,43.99489974975586
2016-06-16,44.03215789794922
2016-06-17,43.26818084716797
2016-06-20,43.70607376098633
2016-06-21,44.06011199951172
2016-06-22,44.097389221191406
2016-06-23,44.62845230102539
2016-06-24,43.33338928222656
2016-06-27,42.31783676147461
2016-06-28,43.340187072753906
2016-06-29,44.105777740478516
2016-06-30,44.31119155883789
2016-07-01,44.30184555053711
2016-07-05,44.34853744506836
2016-07-06,44.89939498901367
2016-07-07,44.52592849731445
2016-07-08,45.28219223022461
2016-07-11,45.08612823486328
2016-07-12,45.62764358520508
2016-07-13,45.926414489746094
2016-07-14,46.66400146484375
2016-07-15,46.38389205932617
2016-07-18,46.42124557495117
2016-07-19,46.09446334838867
2016-07-20,46.916072845458984
2016-07-21,46.81336975097656
2016-07-22,46.925411224365234
2016-07-25,46.67333984375
2016-07-26,46.60797882080078
2016-07-27,46.54261779785156
2016-07-28,46.73868942260742
2016-07-29,47.121482849121094
2016-08-01,47.056129455566406
2016-08-02,46.42124557495117
2016-08-03,47.812374114990234
2016-08-04,47.999122619628906
2016-08-05,47.70035171508789
2016-08-08,47.42958450317383
2016-08-09,47.550968170166016
2016-08-10,48.37258529663086
2016-08-11,48.61532974243164
2016-08-12,48.53129577636719
2016-08-15,48.90476608276367
2016-08-16,48.63400650024414
2016-08-17,48.830078125
2016-08-18,48.82072448730469
2016-08-19,49.054141998291016
2016-08-22,47.83106994628906
2016-08-23,47.849735260009766
2016-08-24,47.270870208740234
2016-08-25,47.121482849121094
2016-08-26,47.392242431640625
2016-08-29,47.392242431640625
2016-08-30,47.38291931152344
2016-08-31,47.709686279296875
2016-09-01,47.71902084350586
2016-09-02,47.859066009521484
2016-09-06,47.8870964050293
2016-09-07,48.587318420410156
2016-09-08,47.999122619628906
2016-09-09,47.046791076660156
2016-09-12,47.756370544433594
2016-09-13,46.981441497802734
2016-09-14,47.19618606567383
2016-09-15,47.35490798950195
2016-09-16,47.158836364746094
2016-09-19,46.981441497802734
2016-09-20,47.24285888671875
2016-09-21,47.67234802246094
2016-09-22,48.20452880859375
2016-09-23,48.09247589111328
2016-09-26,47.812374114990234
2016-09-27,48.42860794067383
2016-09-28,48.316566467285156
2016-09-29,47.63499450683594
2016-09-30,48.55931091308594
2016-10-03,48.886085510253906
2016-10-04,48.839412689208984
2016-10-05,48.71803665161133
2016-10-06,48.223209381103516
2016-10-07,48.40992736816406
2016-10-10,49.19419860839844
2016-10-11,47.578975677490234
2016-10-12,48.008445739746094
2016-10-13,47.63499450683594
2016-10-14,46.850730895996094
2016-10-17,46.710670471191406
2016-10-18,47.67234802246094
2016-10-19,47.71902084350586
2016-10-20,47.89643478393555
2016-10-21,47.56031036376953
2016-10-24,47.644317626953125
2016-10-25,46.67333984375
2016-10-26,45.53428268432617
2016-10-27,45.53428268432617
2016-10-28,45.33821105957031
2016-10-31,44.628631591796875
2016-11-01,44.202972412109375
2016-11-02,46.878536224365234
2016-11-03,45.79335021972656
2016-11-04,46.71949005126953
2016-11-07,46.756927490234375
2016-11-08,47.084346771240234
2016-11-09,47.711143493652344
2016-11-10,47.79533767700195
2016-11-11,47.34629440307617
2016-11-14,45.802696228027344
2016-11-15,45.98044967651367
2016-11-16,45.69044876098633
2016-11-17,46.036582946777344
2016-11-18,46.67272186279297
2016-11-21,46.77564239501953
2016-11-22,46.42949676513672
2016-11-23,46.94403076171875
2016-11-25,46.94403076171875
2016-11-28,46.91596603393555
2016-11-29,47.196617126464844
2016-11-30,47.131126403808594
2016-12-01,45.989803314208984
2016-12-02,45.93367004394531
2016-12-05,46.60722732543945
2016-12-06,46.981449127197266
2016-12-07,47.954376220703125
2016-12-08,48.34729766845703
2016-12-09,48.543758392333984
2016-12-12,47.63629150390625
2016-12-13,47.75791549682617
2016-12-14,47.56146240234375
2016-12-15,48.94601821899414
2016-12-16,49.076988220214844
2016-12-19,49.01150894165039
2016-12-20,49.675716400146484
2016-12-21,49.69442367553711
2016-12-22,49.825401306152344
2016-12-23,50.31187438964844
2016-12-27,50.2557373046875
2016-12-28,49.99378967285156
2016-12-29,50.16218948364258
2016-12-30,50.07799530029297
2017-01-03,50.134124755859375
2017-01-04,50.620582580566406
2017-01-05,50.452205657958984
2017-01-06,50.611228942871094
2017-01-09,50.47090530395508
2017-01-10,50.452205657958984
2017-01-11,49.87217330932617
2017-01-12,49.947017669677734
2017-01-13,50.274452209472656
2017-01-17,49.787994384765625
2017-01-18,49.96139144897461
2017-01-19,50.148868560791016
2017-01-20,50.58943176269531
2017-01-23,50.383209228515625
2017-01-24,50.41132736206055
2017-01-25,50.617549896240234
2017-01-26,50.46757507324219
2017-01-27,51.22682571411133
2017-01-30,50.87063217163086
2017-01-31,51.49867248535156
2017-02-01,51.85486602783203
2017-02-02,52.21106719970703
2017-02-03,52.41728591918945
2017-02-06,52.276676177978516
2017-02-07,52.47352981567383
2017-02-08,52.454776763916016
2017-02-09,52.454776763916016
2017-02-10,52.23918151855469
2017-02-13,51.68613815307617
2017-02-14,51.573665618896484
2017-02-15,51.695526123046875
2017-02-16,49.473968505859375
2017-02-17,49.22088623046875
2017-02-21,50.12074661254883
2017-02-22,50.03638458251953
2017-02-23,50.22386169433594
2017-02-24,50.50506591796875
2017-02-27,50.45820999145508
2017-02-28,49.97075653076172
2017-03-01,50.51443862915039
2017-03-02,50.02700424194336
2017-03-03,50.073875427246094
2017-03-06,49.75517654418945
2017-03-07,49.74579620361328
2017-03-08,49.68019485473633
2017-03-09,50.326961517333984
2017-03-10,49.9988899230957
2017-03-13,50.205108642578125
2017-03-14,50.073875427246094
2017-03-15,50.88002395629883
2017-03-16,51.02061462402344
2017-03-17,50.617549896240234
2017-03-20,50.88002395629883
2017-03-21,50.045753479003906
2017-03-22,50.495689392089844
2017-03-23,50.430076599121094
2017-03-24,50.476951599121094
2017-03-27,50.58943176269531
2017-03-28,50.76753616333008
2017-03-29,50.44881820678711
2017-03-30,50.12074661254883
2017-03-31,50.02700424194336
2017-04-03,49.839534759521484
2017-04-04,49.449764251708984
2017-04-05,49.46854019165039
2017-04-06,49.46854019165039
2017-04-07,49.3464469909668
2017-04-10,49.53429412841797
2017-04-11,49.63760757446289
2017-04-12,49.98513412475586
2017-04-13,49.872406005859375
2017-04-17,50.24809646606445
2017-04-18,50.29506301879883
2017-04-19,50.57682418823242
2017-04-20,50.990081787109375
2017-04-21,50.89616012573242
2017-04-24,51.647525787353516
2017-04-25,51.76963806152344
2017-04-26,52.19227981567383
2017-04-27,53.02817916870117
2017-04-28,52.69945526123047
2017-05-01,52.85912322998047
2017-05-02,53.03757095336914
2017-05-03,52.21106719970703
2017-05-04,55.29170608520508
2017-05-05,55.85523223876953
2017-05-08,55.2353401184082
2017-05-09,55.81766128540039
2017-05-10,56.25908660888672
2017-05-11,56.090030670166016
2017-05-12,56.24031448364258
2017-05-15,56.35300827026367
2017-05-16,56.662960052490234
2017-05-17,56.09941101074219
2017-05-18,56.26848220825195
2017-05-19,56.644161224365234
2017-05-22,56.644161224365234
2017-05-23,57.69609832763672
2017-05-24,58.513206481933594
2017-05-25,58.77619171142578
2017-05-26,58.80436325073242
2017-05-30,58.47563171386719
2017-05-31,58.49441909790039
2017-06-01,58.83254623413086
2017-06-02,58.701053619384766
2017-06-05,58.86070251464844
2017-06-06,59.151878356933594
2017-06-07,59.414859771728516
2017-06-08,58.77619171142578
2017-06-09,58.785579681396484
2017-06-12,58.09055709838867
2017-06-13,58.2928352355957
2017-06-14,58.54684829711914
2017-06-15,58.6973762512207
2017-06-16,58.8479118347168
2017-06-19,59.29949951171875
2017-06-20,59.27128601074219
2017-06-21,59.27128601074219
2017-06-22,59.7510986328125
2017-06-23,59.064292907714844
2017-06-26,59.00784683227539
2017-06-27,59.04548263549805
2017-06-28,59.224239349365234
2017-06-29,58.800880432128906
2017-06-30,58.6879768371582
2017-07-03,58.9608039855957
2017-07-05,58.8479118347168
2017-07-06,58.13289260864258
2017-07-07,58.885536193847656
2017-07-10,58.77264404296875
2017-07-11,58.52803421020508
2017-07-12,58.857322692871094
2017-07-13,59.31830978393555
2017-07-14,59.60055923461914
2017-07-17,59.33713912963867
2017-07-18,58.76324462890625
2017-07-19,58.725608825683594
2017-07-20,59.03607940673828
2017-07-21,59.421817779541016
2017-07-24,59.54411315917969
2017-07-25,57.653076171875
2017-07-26,58.38691329956055
2017-07-27,58.33987808227539
2017-07-28,58.52803421020508
2017-07-31,58.81969451904297
2017-08-01,58.584495544433594
2017-08-02,57.8976936340332
2017-08-03,58.593875885009766
2017-08-04,58.443355560302734
2017-08-07,58.17052459716797
2017-08-08,56.44883346557617
2017-08-09,57.21089172363281
2017-08-10,56.20423126220703
2017-08-11,56.19480895996094
2017-08-14,57.145042419433594
2017-08-15,57.417877197265625
2017-08-16,57.86005783081055
2017-08-17,57.29557800292969
2017-08-18,57.15445327758789
2017-08-21,57.718929290771484
2017-08-22,57.95413589477539
2017-08-23,57.72835159301758
2017-08-24,57.75657653808594
2017-08-25,57.70011901855469
2017-08-28,57.8976936340332
2017-08-29,57.86005783081055
2017-08-30,58.27402114868164
2017-08-31,58.98903274536133
2017-09-01,59.14897155761719
2017-09-05,59.43122100830078
2017-09-06,59.638187408447266
2017-09-07,61.01179122924805
2017-09-08,60.87066650390625
2017-09-11,61.41633605957031
2017-09-12,61.52924346923828
2017-09-13,61.41633605957031
2017-09-14,61.38810729980469
2017-09-15,61.341060638427734
2017-09-18,61.341060638427734
2017-09-19,60.9459228515625
2017-09-20,60.663692474365234
2017-09-21,60.43789291381836
2017-09-22,60.36262512207031
2017-09-25,59.901611328125
2017-09-26,59.581756591796875
2017-09-27,59.46885299682617
2017-09-28,59.572349548339844
2017-09-29,59.98629379272461
2017-10-02,59.976890563964844
2017-10-03,59.82636642456055
2017-10-04,59.80753707885742
2017-10-05,59.976890563964844
2017-10-06,59.976890563964844
2017-10-09,59.958065032958984
2017-10-10,60.20267868041992
2017-10-11,60.475521087646484
2017-10-12,61.068241119384766
2017-10-13,61.56686019897461
2017-10-16,61.82086944580078
2017-10-17,61.91496276855469
2017-10-18,61.67976760864258
2017-10-19,61.698577880859375
2017-10-20,62.03727340698242
2017-10-23,61.41633605957031
2017-10-24,61.13410568237305
2017-10-25,60.56959915161133
2017-10-26,59.967491149902344
2017-10-27,60.25913619995117
2017-10-30,59.497066497802734
2017-10-31,60.042747497558594
2017-11-01,60.69191360473633
2017-11-02,63.326194763183594
2017-11-03,64.62451934814453
2017-11-06,65.58415222167969
2017-11-07,64.3987045288086
2017-11-08,65.49644470214844
2017-11-09,65.29856872558594
2017-11-10,65.13838195800781
2017-11-13,64.9028091430664
2017-11-14,65.86392211914062
2017-11-15,65.60009765625
2017-11-16,66.34447479248047
2017-11-17,66.70252990722656
2017-11-20,66.8532943725586
2017-11-21,67.23963928222656
2017-11-22,66.96636962890625
2017-11-24,67.17369079589844
2017-11-27,67.40923309326172
2017-11-28,67.26787567138672
2017-11-29,67.47517395019531
2017-11-30,68.1159439086914
2017-12-01,68.12535095214844
2017-12-04,66.91925811767578
2017-12-05,66.75907897949219
2017-12-06,66.87215423583984
2017-12-07,67.50346374511719
2017-12-08,67.72962951660156
2017-12-11,67.62594604492188
2017-12-12,68.05940246582031
2017-12-13,68.20074462890625
2017-12-14,67.61652374267578
2017-12-15,67.80496978759766
2017-12-18,68.436279296875
2017-12-19,68.59648895263672
2017-12-20,68.51167297363281
2017-12-21,68.10651397705078
2017-12-22,67.83323669433594
2017-12-26,68.16302490234375
2017-12-27,68.26669311523438
2017-12-28,68.21016693115234
2017-12-29,67.88038635253906
2018-01-02,67.62594604492188
2018-01-03,67.93688201904297
2018-01-04,68.34207916259766
2018-01-05,69.12415313720703
2018-01-08,69.9533462524414
2018-01-09,70.77308654785156
2018-01-10,69.64238739013672
2018-01-11,70.28311920166016
2018-01-12,71.03695678710938
2018-01-16,71.17826080322266
2018-01-17,72.33722686767578
2018-01-18,72.04090118408203
2018-01-19,72.31460571289062
2018-01-22,73.12627410888672
2018-01-23,73.23008728027344
2018-01-24,73.92851257324219
2018-01-25,74.79681396484375
2018-01-26,75.5896224975586
2018-01-29,74.73074340820312
2018-01-30,73.94740295410156
2018-01-31,72.41842651367188
2018-02-01,73.44718933105469
2018-02-02,72.46561431884766
2018-02-05,69.68138885498047
2018-02-06,69.15283203125
2018-02-07,69.70968627929688
2018-02-08,67.49173736572266
2018-02-09,68.28451538085938
2018-02-12,69.07733917236328
2018-02-13,69.12452697753906
2018-02-14,70.27599334716797
2018-02-15,74.08895874023438
2018-02-16,75.24983978271484
2018-02-20,75.83501434326172
2018-02-21,75.97660064697266
2018-02-22,76.22197723388672
2018-02-23,78.13790130615234
2018-02-26,78.6192398071289
2018-02-27,77.08082580566406
2018-02-28,76.31636810302734
2018-03-01,75.91993713378906
2018-03-02,76.71273803710938
2018-03-05,77.28848266601562
2018-03-06,76.92984008789062
2018-03-07,77.16576385498047
2018-03-08,77.9019546508789
2018-03-09,79.77069854736328
2018-03-12,79.66687774658203
2018-03-13,79.83676147460938
2018-03-14,79.6102523803711
2018-03-15,79.93113708496094
2018-03-16,79.8462142944336
2018-03-19,78.47767639160156
2018-03-20,79.9028091430664
2018-03-21,79.37428283691406
2018-03-22,77.44890594482422
2018-03-23,76.07096099853516
2018-03-26,79.02507781982422
2018-03-27,77.2601547241211
2018-03-28,76.44850158691406
2018-03-29,78.81744384765625
2018-04-02,76.64666748046875
2018-04-03,78.21340942382812
2018-04-04,78.19453430175781
2018-04-05,78.82686614990234
2018-04-06,76.42015075683594
2018-04-09,77.26961517333984
2018-04-10,78.4210433959961
2018-04-11,78.40216827392578
2018-04-12,79.24213409423828
2018-04-13,78.87407684326172
2018-04-16,79.6574478149414
2018-04-17,80.85606384277344
2018-04-18,81.13921356201172
2018-04-19,80.72897338867188
2018-04-20,80.76679992675781
2018-04-23,80.62501525878906
2018-04-24,79.72709655761719
2018-04-25,79.93505096435547
2018-04-26,80.08626556396484
2018-04-27,80.19024658203125
2018-04-30,78.9047622680664
2018-05-01,78.82916259765625
2018-05-02,75.52098846435547
2018-05-03,75.97467803955078
2018-05-04,77.08999633789062
2018-05-07,77.64766693115234
2018-05-08,77.50589752197266
2018-05-09,77.81778717041016
2018-05-10,78.8858642578125
2018-05-11,79.82159423828125
2018-05-14,79.45299530029297
2018-05-15,78.46998596191406
2018-05-16,78.30931091308594
2018-05-17,78.40381622314453
2018-05-18,79.77436065673828
2018-05-21,80.70063018798828
2018-05-22,79.75546264648438
2018-05-23,80.2280502319336
2018-05-24,80.10519409179688
2018-05-25,79.0843734741211
2018-05-29,78.59286499023438
2018-05-30,79.82159423828125
2018-05-31,79.11270141601562
2018-06-01,80.73843383789062
2018-06-04,80.71009826660156
2018-06-05,80.11463928222656
2018-06-06,80.78571319580078
2018-06-07,80.96528625488281
2018-06-08,82.0239028930664
2018-06-11,82.2885513305664
2018-06-12,82.37364196777344
2018-06-13,82.57213592529297
2018-06-14,83.31881713867188
2018-06-15,84.31129455566406
2018-06-18,84.05608367919922
2018-06-19,82.46815490722656
2018-06-20,82.23188018798828
2018-06-21,82.25076293945312
2018-06-22,81.11652374267578
2018-06-25,80.05789947509766
2018-06-26,79.4057388305664
2018-06-27,78.79136657714844
2018-06-28,80.1807861328125
2018-06-29,80.52105712890625
2018-07-02,80.9558334350586
2018-07-03,81.35283660888672
2018-07-05,81.42842864990234
2018-07-06,82.09954071044922
2018-07-09,82.69499969482422
2018-07-10,81.49462890625
2018-07-11,79.86886596679688
2018-07-12,80.78571319580078
2018-07-13,81.41897583007812
2018-07-16,79.94449615478516
2018-07-17,81.06925964355469
2018-07-18,81.23939514160156
2018-07-19,80.85697174072266
2018-07-20,80.73393249511719
2018-07-23,79.4749526977539
2018-07-24,79.03953552246094
2018-07-25,81.06523132324219
2018-07-26,80.9705810546875
2018-07-27,80.64873504638672
2018-07-30,79.97665405273438
2018-07-31,81.86038208007812
2018-08-01,81.42494201660156
2018-08-02,86.54592895507812
2018-08-03,86.73526763916016
2018-08-06,87.634521484375
2018-08-07,87.5492935180664
2018-08-08,88.24978637695312
2018-08-09,87.4641342163086
2018-08-10,86.80152893066406
2018-08-13,86.38500213623047
2018-08-14,86.48914337158203
2018-08-15,85.9969253540039
2018-08-16,86.6500473022461
2018-08-17,86.58381652832031
2018-08-20,87.2369384765625
2018-08-21,87.17069244384766
2018-08-22,84.87995147705078
2018-08-23,84.87995147705078
2018-08-24,84.8136978149414
2018-08-27,84.6054458618164
2018-08-28,84.76637268066406
2018-08-29,85.03140258789062
2018-08-30,85.01250457763672
2018-08-31,85.76026916503906
2018-09-04,85.16393280029297
2018-09-05,84.30252838134766
2018-09-06,84.94620513916016
2018-09-07,84.65276336669922
2018-09-10,84.12268829345703
2018-09-11,83.52632141113281
2018-09-12,84.04696655273438
2018-09-13,84.90833282470703
2018-09-14,84.25521087646484
2018-09-17,83.5831527709961
2018-09-18,84.41612243652344
2018-09-19,84.32146453857422
2018-09-20,85.24913024902344
2018-09-21,85.03140258789062
2018-09-24,84.86101531982422
2018-09-25,85.43842315673828
2018-09-26,85.5331039428711
2018-09-27,86.32820892333984
2018-09-28,86.6689682006836
2018-10-01,86.76365661621094
2018-10-02,86.92455291748047
2018-10-03,88.53373718261719
2018-10-04,86.20516204833984
2018-10-05,87.03817749023438
2018-10-08,86.58381652832031
2018-10-09,87.60612487792969
2018-10-10,84.84207153320312
2018-10-11,82.35260772705078
2018-10-12,84.15107727050781
2018-10-15,85.26805877685547
2018-10-16,86.90564727783203
2018-10-17,87.83326721191406
2018-10-18,86.92455291748047
2018-10-19,86.58381652832031
2018-10-22,87.84274291992188
2018-10-23,86.58381652832031
2018-10-24,84.02801513671875
2018-10-25,85.63724517822266
2018-10-26,84.10375213623047
2018-10-29,84.86101531982422
2018-10-30,85.36270141601562
2018-10-31,85.33430480957031
2018-11-01,89.21530151367188
2018-11-02,87.81436157226562
2018-11-05,87.76703643798828
2018-11-06,87.80487823486328
2018-11-07,90.1051025390625
2018-11-08,89.83058166503906
2018-11-09,90.1808090209961
2018-11-12,89.38568878173828
2018-11-13,89.13957977294922
2018-11-14,87.53984832763672
2018-11-15,86.7258071899414
2018-11-16,87.34104919433594
2018-11-19,85.40361785888672
2018-11-20,83.80168151855469
2018-11-21,84.05762481689453
2018-11-23,84.58842468261719
2018-11-26,84.85381317138672
2018-11-27,85.49838256835938
2018-11-28,87.96287536621094
2018-11-29,87.93444061279297
2018-11-30,88.97709655761719
2018-12-03,88.69274139404297
2018-12-04,85.84912109375
2018-12-06,85.69745635986328
2018-12-07,83.49835968017578
2018-12-10,84.28511810302734
2018-12-11,85.1192398071289
2018-12-12,86.00074768066406
2018-12-13,86.19981384277344
2018-12-14,83.83961486816406
2018-12-17,80.5125732421875
2018-12-18,80.5599594116211
2018-12-19,79.09075927734375
2018-12-20,78.1239242553711
2018-12-21,77.4224853515625
2018-12-24,75.14756774902344
2018-12-26,78.59788513183594
2018-12-27,79.93436431884766
2018-12-28,80.08600616455078
2018-12-31,81.08130645751953
2019-01-02,80.07652282714844
2019-01-03,77.3087387084961
2019-01-04,80.34197235107422
2019-01-07,80.82535552978516
2019-01-08,82.02915954589844
2019-01-09,81.73533630371094
2019-01-10,81.42253112792969
2019-01-11,81.5741958618164
2019-01-14,80.09547424316406
2019-01-15,80.38934326171875
2019-01-16,78.87274169921875
2019-01-17,80.0162353515625
2019-01-18,80.33914184570312
2019-01-22,79.8642807006836
2019-01-23,79.484375
2019-01-24,79.45589447021484
2019-01-25,80.43411254882812
2019-01-28,79.4463882446289
2019-01-29,80.1681900024414
2019-01-30,80.81403350830078
2019-01-31,81.83025360107422
2019-02-01,82.76101684570312
2019-02-04,82.59955596923828
2019-02-05,82.97943878173828
2019-02-06,83.17890930175781
2019-02-07,81.87773132324219
2019-02-08,82.46658325195312
2019-02-11,81.93472290039062
2019-02-12,83.11241912841797
2019-02-13,83.81521606445312
2019-02-14,88.57347106933594
2019-02-15,90.57742309570312
2019-02-19,90.14057159423828
2019-02-20,89.64669799804688
2019-02-21,88.77290344238281
2019-02-22,89.85562896728516
2019-02-25,89.64669799804688
2019-02-26,88.7918930053711
2019-02-27,89.0863265991211
2019-02-28,89.49471282958984
2019-03-01,90.93833923339844
2019-03-04,91.05229187011719
2019-03-05,90.96678924560547
2019-03-06,89.43772888183594
2019-03-07,87.89913940429688
2019-03-08,87.76618194580078
2019-03-11,89.96961212158203
2019-03-12,90.93833923339844
2019-03-13,92.05902099609375
2019-03-14,91.36572265625
2019-03-15,92.04005432128906
2019-03-18,92.85682678222656
2019-03-19,93.75909423828125
2019-03-20,93.55014038085938
2019-03-21,94.63284301757812
2019-03-22,93.00879669189453
2019-03-25,93.00879669189453
2019-03-26,93.85404968261719
2019-03-27,93.56913757324219
2019-03-28,94.39541625976562
2019-03-29,95.6111068725586
2019-04-01,96.43737030029297
2019-04-02,96.9122314453125
2019-04-03,96.98825073242188
2019-04-04,96.85525512695312
2019-04-05,96.98825073242188
2019-04-08,97.09272003173828
2019-04-09,96.36138153076172
2019-04-10,96.23792266845703
2019-04-11,95.98147583007812
2019-04-12,96.56082916259766
2019-04-15,96.17143249511719
2019-04-16,94.18647003173828
2019-04-17,93.21041870117188
2019-04-18,94.20930480957031
2019-04-22,95.24623107910156
2019-04-23,97.00617980957031
2019-04-24,96.17855072021484
2019-04-25,96.87300109863281
2019-04-26,98.31900024414062
2019-04-29,96.33074188232422
2019-04-30,96.88251495361328
2019-05-01,96.83495330810547
2019-05-02,98.12873840332031
2019-05-03,98.69952392578125
2019-05-06,98.29999542236328
2019-05-07,96.4354019165039
2019-05-08,96.90155029296875
2019-05-09,96.72078704833984
2019-05-10,97.31059265136719
2019-05-13,96.4163589477539
2019-05-14,96.32123565673828
2019-05-15,96.88251495361328
2019-05-16,97.91944122314453
2019-05-17,97.00617980957031
2019-05-20,97.24402618408203
2019-05-21,97.39622497558594
2019-05-22,97.928955078125
2019-05-23,97.88141632080078
2019-05-24,97.41524505615234
2019-05-28,97.05374145507812
2019-05-29,96.22611236572266
2019-05-30,97.34866333007812
2019-05-31,96.13097381591797
2019-06-03,98.8897933959961
2019-06-04,102.85680389404297
2019-06-05,103.21830749511719
2019-06-06,103.58932495117188
2019-06-07,104.70238494873047
2019-06-10,104.8545913696289
2019-06-11,104.79749298095703
2019-06-12,106.01520538330078
2019-06-13,104.67382049560547
2019-06-14,105.39683532714844
2019-06-17,105.41584014892578
2019-06-18,107.8607406616211
2019-06-19,108.71695709228516
2019-06-20,107.47071075439453
2019-06-21,107.38509368896484
2019-06-24,107.9463882446289
2019-06-25,108.3173828125
2019-06-26,107.54682159423828
2019-06-27,107.27093505859375
2019-06-28,107.96539306640625
2019-07-01,108.04148864746094
2019-07-02,109.0118637084961
2019-07-03,109.72534942626953
2019-07-05,108.62179565429688
2019-07-08,108.54570770263672
2019-07-09,107.74658966064453
2019-07-10,108.9928207397461
2019-07-11,108.7835464477539
2019-07-12,107.79414367675781
2019-07-15,108.04148864746094
2019-07-16,107.95587921142578
2019-07-17,108.14616394042969
2019-07-18,109.50279235839844
2019-07-19,108.6929931640625
2019-07-22,110.45547485351562
2019-07-23,110.45547485351562
2019-07-24,109.97914123535156
2019-07-25,109.22651672363281
2019-07-26,109.66474151611328
2019-07-29,110.08394622802734
2019-07-30,110.3125991821289
2019-07-31,109.45515441894531
2019-08-01,110.22685241699219
2019-08-02,110.85560607910156
2019-08-05,107.24491119384766
2019-08-06,115.43809509277344
2019-08-07,115.17134094238281
2019-08-08,118.23902893066406
2019-08-09,119.15359497070312
2019-08-12,118.09611511230469
2019-08-13,118.80110168457031
2019-08-14,116.02877044677734
2019-08-15,117.829345703125
2019-08-16,119.43940734863281
2019-08-19,120.7541275024414
2019-08-20,120.08722686767578
2019-08-21,121.60203552246094
2019-08-22,120.64933776855469
2019-08-23,117.24821472167969
2019-08-26,120.23014068603516
2019-08-27,119.31555938720703
2019-08-28,119.82048034667969
2019-08-29,120.68741607666016
2019-08-30,120.43973541259766
2019-09-03,121.03041076660156
2019-09-04,121.55437469482422
2019-09-05,122.01171112060547
2019-09-06,122.3546371459961
2019-09-09,120.66838073730469
2019-09-10,117.21009063720703
2019-09-11,114.99032592773438
2019-09-12,115.93348693847656
2019-09-13,115.2951889038086
2019-09-16,113.98046875
2019-09-17,116.62896728515625
2019-09-18,117.41015625
2019-09-19,118.39143371582031
2019-09-20,119.67758178710938
2019-09-23,119.16312408447266
2019-09-24,119.1345443725586
2019-09-25,118.8772964477539
2019-09-26,120.09676361083984
2019-09-27,118.03893280029297
2019-09-30,118.69631958007812
2019-10-01,119.20124053955078
2019-10-02,116.50511169433594
2019-10-03,118.40094757080078
2019-10-04,121.0399398803711
2019-10-07,120.10626220703125
2019-10-08,119.44893646240234
2019-10-09,120.44926452636719
2019-10-10,121.38291931152344
2019-10-11,122.39276123046875
2019-10-14,120.60167694091797
2019-10-15,122.62140655517578
2019-10-16,121.8782958984375
2019-10-17,122.39276123046875
2019-10-18,122.0593032836914
2019-10-21,120.62271881103516
2019-10-22,117.15047454833984
2019-10-23,116.18702697753906
2019-10-24,117.28401947021484
2019-10-25,118.6290283203125
2019-10-28,119.36356353759766
2019-10-29,120.34609985351562
2019-10-30,121.71971893310547
2019-10-31,122.02497863769531
2019-11-01,119.56387329101562
2019-11-04,119.01058959960938
2019-11-05,114.70844268798828
2019-11-06,115.87222290039062
2019-11-07,115.45249938964844
2019-11-08,112.42858123779297
2019-11-11,111.63683319091797
2019-11-12,111.79900360107422
2019-11-13,111.08357238769531
2019-11-14,110.89277648925781
2019-11-15,112.48580169677734
2019-11-18,113.32526397705078
2019-11-19,114.78473663330078
2019-11-20,114.05025482177734
2019-11-21,114.6798324584961
2019-11-22,114.2886962890625
2019-11-25,115.05184936523438
2019-11-26,116.27288818359375
2019-11-27,116.02482604980469
2019-11-29,114.96600341796875
2019-12-02,114.38410949707031
2019-12-03,114.97554016113281
2019-12-04,114.22193908691406
2019-12-05,114.57486724853516
2019-12-06,116.11071014404297
2019-12-09,115.64328002929688
2019-12-10,117.1218490600586
2019-12-11,117.86588287353516
2019-12-12,118.60042572021484
2019-12-13,118.71487426757812
2019-12-16,120.63226318359375
2019-12-17,121.24275970458984
2019-12-18,121.1378402709961
2019-12-19,122.80718994140625
2019-12-20,126.56561279296875
2019-12-23,126.26988220214844
2019-12-24,126.79454803466797
2019-12-26,126.89945220947266
2019-12-27,127.10938262939453
2019-12-30,126.11729431152344
2019-12-31,126.25086212158203
2020-01-02,127.95833587646484
2020-01-03,127.97742462158203
2020-01-06,126.994873046875
2020-01-07,127.4241943359375
2020-01-08,127.14750671386719
2020-01-09,128.83592224121094
2020-01-10,129.32240295410156
2020-01-13,130.2191162109375
2020-01-14,130.94410705566406
2020-01-15,132.15557861328125
2020-01-16,133.0153350830078
2020-01-17,133.8942108154297
2020-01-21,135.58509826660156
2020-01-22,135.17428588867188
2020-01-23,132.1555633544922
2020-01-24,130.21633911132812
2020-01-27,129.8819580078125
2020-01-28,132.07913208007812
2020-01-29,132.31797790527344
2020-01-30,131.85940551757812
2020-01-31,128.21023559570312
2020-02-03,129.46163940429688
2020-02-04,132.75741577148438
2020-02-05,131.7256622314453
2020-02-06,132.75741577148438
2020-02-07,132.6905059814453
2020-02-10,136.17739868164062
2020-02-11,137.5911865234375
2020-02-12,136.58815002441406
2020-02-13,138.4605255126953
2020-02-14,137.72494506835938
2020-02-18,137.22816467285156
2020-02-19,137.619873046875
2020-02-20,137.13265991210938
2020-02-21,135.8716583251953
2020-02-24,132.2033233642578
2020-02-25,128.79293823242188
2020-02-26,130.0634307861328
2020-02-27,127.96179962158203
2020-02-28,127.27401733398438
2020-03-02,132.70008850097656
2020-03-03,131.104736328125
2020-03-04,137.19955444335938
2020-03-05,133.321044921875
2020-03-06,130.9232635498047
2020-03-09,123.92093658447266
2020-03-10,126.78681182861328
2020-03-11,124.44631958007812
2020-03-12,114.90293884277344
2020-03-13,119.87045288085938
2020-03-16,102.25483703613281
2020-03-17,106.08556365966797
2020-03-18,101.08936309814453
2020-03-19,97.75537872314453
2020-03-20,96.4275131225586
2020-03-23,88.5176773071289
2020-03-24,99.12145233154297
2020-03-25,103.37252044677734
2020-03-26,112.63890075683594
2020-03-27,106.77337646484375
2020-03-30,111.4638671875
2020-03-31,112.4287109375
2020-04-01,106.91667175292969
2020-04-02,110.84294128417969
2020-04-03,109.48641204833984
2020-04-06,121.12189483642578
2020-04-07,120.4723129272461
2020-04-08,121.56133270263672
2020-04-09,122.99427795410156
2020-04-13,117.45356750488281
2020-04-14,122.10585021972656
2020-04-15,118.27513122558594
2020-04-16,121.94938659667969
2020-04-17,125.07829284667969
2020-04-20,121.8919906616211
2020-04-21,119.31808471679688
2020-04-22,120.38018035888672
2020-04-23,118.30384063720703
2020-04-24,120.47586822509766
2020-04-27,121.92070770263672
2020-04-28,117.69146728515625
2020-04-29,120.13140869140625
2020-04-30,123.7291030883789
2020-05-01,122.02596282958984
2020-05-04,121.9398422241211
2020-05-05,125.63324737548828
2020-05-06,120.26535034179688
2020-05-07,118.87793731689453
2020-05-08,120.05486297607422
2020-05-11,120.93515014648438
2020-05-12,118.65786743164062
2020-05-13,117.72016906738281
2020-05-14,120.59068298339844
2020-05-15,121.98766326904297
2020-05-18,125.74806213378906
2020-05-19,128.5419921875
2020-05-20,127.58519744873047
2020-05-21,124.70509338378906
2020-05-22,124.49457550048828
2020-05-26,124.81991577148438
2020-05-27,129.78590393066406
2020-05-28,132.1493377685547
2020-05-29,133.37405395507812
2020-06-01,132.369384765625
2020-06-02,135.3738555908203
2020-06-03,136.37857055664062
2020-06-04,134.455322265625
2020-06-05,134.92417907714844
2020-06-08,135.20166015625
2020-06-09,132.80953979492188
2020-06-10,133.87164306640625
2020-06-11,125.40359497070312
2020-06-12,128.28370666503906
2020-06-15,127.54695892333984
2020-06-16,130.3599853515625
2020-06-17,130.8863067626953
2020-06-18,131.46995544433594
2020-06-19,131.46995544433594
2020-06-22,131.0298309326172
2020-06-23,132.1493377685547
2020-06-24,128.50375366210938
2020-06-25,129.47018432617188
2020-06-26,126.9345474243164
2020-06-29,126.28388214111328
2020-06-30,131.12547302246094
2020-07-01,131.26905822753906
2020-07-02,131.71875
2020-07-06,132.61819458007812
2020-07-07,132.46511840820312
2020-07-08,132.81907653808594
2020-07-09,131.7378692626953
2020-07-10,131.1829376220703
2020-07-13,132.34068298339844
2020-07-14,134.3404998779297
2020-07-15,136.751708984375
2020-07-16,136.96255493164062
2020-07-17,138.610595703125
2020-07-20,139.86582946777344
2020-07-21,138.94595336914062
2020-07-22,139.04177856445312
2020-07-23,138.04527282714844
2020-07-24,138.18899536132812
2020-07-27,140.77609252929688
2020-07-28,139.8753662109375
2020-07-29,141.41806030273438
2020-07-30,142.87448120117188
2020-07-31,145.3370361328125
2020-08-03,148.04867553710938
2020-08-04,149.13143920898438
2020-08-05,151.12445068359375
2020-08-06,154.58351135253906
2020-08-07,152.2359619140625
2020-08-10,151.47897338867188
2020-08-11,150.3674774169922
2020-08-12,152.6958770751953
2020-08-13,152.2263641357422
2020-08-14,150.48251342773438
2020-08-17,150.83700561523438
2020-08-18,153.47201538085938
2020-08-19,151.94850158691406
2020-08-20,151.91017150878906
2020-08-21,151.7472686767578
2020-08-24,150.20460510253906
2020-08-25,151.94850158691406
2020-08-26,153.0791473388672
2020-08-27,152.93540954589844
2020-08-28,153.3091278076172
2020-08-31,153.40496826171875
2020-09-01,155.27340698242188
2020-09-02,158.4162139892578
2020-09-03,152.1593475341797
2020-09-04,150.66452026367188
2020-09-08,147.0905303955078
2020-09-09,152.26470947265625
2020-09-10,151.48855590820312
2020-09-11,151.95809936523438
2020-09-14,154.1331024169922
2020-09-15,155.49378967285156
2020-09-16,154.50682067871094
2020-09-17,153.7594757080078
2020-09-18,154.14273071289062
2020-09-21,154.23854064941406
2020-09-22,154.75596618652344
2020-09-23,152.66712951660156
2020-09-24,151.3735809326172
2020-09-25,154.11399841308594
2020-09-28,154.5738983154297
2020-09-29,155.68540954589844
2020-09-30,158.45455932617188
2020-10-01,157.1705780029297
2020-10-02,156.71067810058594
2020-10-05,156.61480712890625
2020-10-06,154.76556396484375
2020-10-07,153.22291564941406
2020-10-08,156.34657287597656
2020-10-09,158.5120391845703
2020-10-12,161.50157165527344
2020-10-13,158.40663146972656
2020-10-14,156.81607055664062
2020-10-15,156.17410278320312
2020-10-16,156.71067810058594
2020-10-19,153.29953002929688
2020-10-20,153.20362854003906
2020-10-21,154.63307189941406
2020-10-22,155.78431701660156
2020-10-23,156.84927368164062
2020-10-26,153.9615020751953
2020-10-27,155.8706512451172
2020-10-28,152.24423217773438
2020-10-29,154.64266967773438
2020-10-30,152.1099395751953
2020-11-02,156.27362060546875
2020-11-03,156.51345825195312
2020-11-04,167.2681427001953
2020-11-05,163.95826721191406
2020-11-06,162.3753204345703
2020-11-09,158.4897918701172
2020-11-10,155.95700073242188
2020-11-11,158.2499542236328
2020-11-12,158.48023986816406
2020-11-13,159.04623413085938
2020-11-16,158.5761260986328
2020-11-17,158.71044921875
2020-11-18,156.8588409423828
2020-11-19,159.5546875
2020-11-20,159.44918823242188
2020-11-23,157.6647186279297
2020-11-24,154.51792907714844
2020-11-25,153.68328857421875
2020-11-27,154.9113006591797
2020-11-30,153.8656005859375
2020-12-01,154.80577087402344
2020-12-02,152.49365234375
2020-12-03,150.6900177001953
2020-12-04,151.53427124023438
2020-12-07,152.0139617919922
2020-12-08,152.53204345703125
2020-12-09,152.2537841796875
2020-12-10,151.69735717773438
2020-12-11,153.0501251220703
2020-12-14,153.0213165283203
2020-12-15,155.3814239501953
2020-12-16,154.09585571289062
2020-12-17,156.09129333496094
2020-12-18,156.98358154296875
2020-12-21,154.30690002441406
2020-12-22,155.25668334960938
2020-12-23,153.3571319580078
2020-12-24,154.1917724609375
2020-12-28,155.79391479492188
2020-12-29,156.4942626953125
2020-12-30,157.59756469726562
2020-12-31,158.77760314941406
2021-01-04,156.94517517089844
2021-01-05,158.0388946533203
2021-01-06,160.36058044433594
2021-01-07,160.21670532226562
2021-01-08,161.2815704345703
2021-01-11,162.50958251953125
2021-01-12,159.37240600585938
2021-01-13,155.37179565429688
2021-01-14,154.42202758789062
2021-01-15,154.99765014648438
2021-01-19,156.2083282470703
2021-01-20,156.96742248535156
2021-01-21,158.0244140625
2021-01-22,156.93858337402344
2021-01-25,155.0264892578125
2021-01-26,153.46029663085938
2021-01-27,147.15696716308594
2021-01-28,150.4046630859375
2021-01-29,148.21389770507812
2021-02-01,149.4918670654297
2021-02-02,151.23101806640625
2021-02-03,149.1555633544922
2021-02-04,150.98121643066406
2021-02-05,153.04702758789062
2021-02-08,153.7581329345703
2021-02-09,153.57554626464844
2021-02-10,154.33468627929688
2021-02-11,158.0051727294922
2021-02-12,160.1863555908203
2021-02-16,159.81163024902344
2021-02-17,162.2906494140625
2021-02-18,161.37777709960938
2021-02-19,153.73890686035156
2021-02-22,153.8926544189453
2021-02-23,153.27767944335938
2021-02-24,152.82606506347656
2021-02-25,150.35662841796875
2021-02-26,149.16517639160156
2021-03-01,151.519287109375
2021-03-02,150.9043731689453
2021-03-03,143.47683715820312
2021-03-04,138.36500549316406
2021-03-05,139.97926330566406
2021-03-08,139.47003173828125
2021-03-09,144.2647247314453
2021-03-10,145.1775360107422
2021-03-11,146.39788818359375
2021-03-12,146.59967041015625
2021-03-15,148.78082275390625
2021-03-16,148.96339416503906
2021-03-17,150.0587615966797
2021-03-18,146.4555206298828
2021-03-19,147.12811279296875
2021-03-22,149.53990173339844
2021-03-23,149.93386840820312
2021-03-24,149.34774780273438
2021-03-25,146.8975372314453
2021-03-26,150.03955078125
2021-03-29,152.19189453125
2021-03-30,150.8947296142578
2021-03-31,151.3175048828125
2021-04-01,151.7114715576172
2021-04-05,152.2111358642578
2021-04-06,149.7993621826172
2021-04-07,151.70187377929688
2021-04-08,153.73890686035156
2021-04-09,153.5948028564453
2021-04-12,156.15066528320312
2021-04-13,157.07310485839844
2021-04-14,156.69834899902344
2021-04-15,158.9756317138672
2021-04-16,161.07034301757812
2021-04-19,161.5219268798828
2021-04-20,162.3783416748047
2021-04-21,163.73521423339844
2021-04-22,162.69595336914062
2021-04-23,164.11048889160156
2021-04-26,163.3984375
2021-04-27,163.35031127929688
2021-04-28,165.2460479736328
2021-04-29,167.9404754638672
2021-04-30,166.50662231445312
2021-05-03,168.63336181640625
2021-05-04,167.21875
2021-05-05,167.3053741455078
2021-05-06,161.2043914794922
2021-05-07,165.0824432373047
2021-05-10,164.71676635742188
2021-05-11,163.8121795654297
2021-05-12,161.70480346679688
2021-05-13,164.40879821777344
2021-05-14,165.79452514648438
2021-05-17,163.85069274902344
2021-05-18,163.69671630859375
2021-05-19,164.8226318359375
2021-05-20,169.17222595214844
2021-05-21,169.38389587402344
2021-05-24,169.7495880126953
2021-05-25,169.96131896972656
2021-05-26,168.71029663085938
2021-05-27,168.0847930908203
2021-05-28,170.01905822753906
2021-06-01,167.62294006347656
2021-06-02,166.42965698242188
2021-06-03,167.26687622070312
2021-06-04,168.59483337402344
2021-06-07,168.49859619140625
2021-06-08,167.53628540039062
2021-06-09,170.02865600585938
2021-06-10,175.23468017578125
2021-06-11,175.3309326171875
2021-06-14,177.62118530273438
2021-06-15,178.67010498046875
2021-06-16,177.16893005371094
2021-06-17,179.4110870361328
2021-06-18,178.40066528320312
2021-06-21,179.56507873535156
2021-06-22,179.58428955078125
2021-06-23,179.10313415527344
2021-06-24,178.3910369873047
2021-06-25,180.1712646484375
2021-06-28,180.0269317626953
2021-06-29,180.9026336669922
2021-06-30,179.3341064453125
2021-07-01,182.15359497070312
2021-07-02,185.43505859375
2021-07-06,186.70530700683594
2021-07-07,189.95787048339844
2021-07-08,189.5345001220703
2021-07-09,190.05410766601562
2021-07-12,190.8528289794922
2021-07-13,191.7958984375
2021-07-14,193.69158935546875
2021-07-15,192.69082641601562
2021-07-16,192.1519012451172
2021-07-19,190.37167358398438
2021-07-20,192.8093719482422
2021-07-21,190.81491088867188
2021-07-22,193.2236785888672
2021-07-23,196.1623992919922
2021-07-26,193.49346923828125
2021-07-27,194.505126953125
2021-07-28,195.85406494140625
2021-07-29,196.67306518554688
2021-07-30,195.30487060546875
2021-08-02,194.73641967773438
2021-08-03,196.65382385253906
2021-08-04,197.318603515625
2021-08-05,196.4032745361328
2021-08-06,194.51478576660156
2021-08-09,192.43357849121094
2021-08-10,191.50863647460938
2021-08-11,190.20787048339844
2021-08-12,192.54922485351562
2021-08-13,194.12936401367188
2021-08-16,197.3089599609375
2021-08-17,199.06260681152344
2021-08-18,195.91189575195312
2021-08-19,198.90846252441406
2021-08-20,199.49618530273438
2021-08-23,198.93731689453125
2021-08-24,197.51133728027344
2021-08-25,196.97177124023438
2021-08-26,196.5767364501953
2021-08-27,196.38401794433594
2021-08-30,198.37847900390625
2021-08-31,197.09703063964844
2021-09-01,198.90846252441406
2021-09-02,201.58700561523438
2021-09-03,202.03988647460938
2021-09-07,200.22842407226562
2021-09-08,201.69297790527344
2021-09-09,198.5037384033203
2021-09-10,199.44798278808594
2021-09-13,197.52099609375
2021-09-14,196.12387084960938
2021-09-15,196.51890563964844
2021-09-16,195.37229919433594
2021-09-17,191.24847412109375
2021-09-20,191.37374877929688
2021-09-21,193.67654418945312
2021-09-22,194.004150390625
2021-09-23,197.24156188964844
2021-09-24,197.2607879638672
2021-09-27,190.58364868164062
2021-09-28,185.7371826171875
2021-09-29,187.8761444091797
2021-09-30,187.05718994140625
2021-10-01,189.0323944091797
2021-10-04,186.62359619140625
2021-10-05,189.2925262451172
2021-10-06,188.63734436035156
2021-10-07,191.74951171875
2021-10-08,190.66070556640625
2021-10-11,190.4391326904297
2021-10-12,189.95736694335938
2021-10-13,190.25607299804688
2021-10-14,193.07916259765625
2021-10-15,194.84237670898438
2021-10-18,195.33377075195312
2021-10-19,196.9813995361328
2021-10-20,198.7831573486328
2021-10-21,201.00889587402344
2021-10-22,200.90292358398438
2021-10-25,203.80311584472656
2021-10-26,202.839599609375
2021-10-27,201.9338836669922
2021-10-28,205.15585327148438
2021-10-29,208.56112670898438
2021-11-01,206.05303955078125
2021-11-02,204.7024688720703
2021-11-03,203.67027282714844
2021-11-04,210.07568359375
2021-11-05,209.0724334716797
2021-11-08,210.10464477539062
2021-11-09,212.4390869140625
2021-11-10,208.92770385742188
2021-11-11,208.06918334960938
2021-11-12,209.18817138671875
2021-11-15,208.42608642578125
2021-11-16,212.40049743652344
2021-11-17,214.0308074951172
2021-11-18,217.57110595703125
2021-11-19,218.42970275878906
2021-11-22,216.4135284423828
2021-11-23,215.75755310058594
2021-11-24,215.28489685058594
2021-11-26,211.57090759277344
2021-11-29,215.65147399902344
2021-11-30,214.19479370117188
2021-12-01,211.89889526367188
2021-12-02,215.30418395996094
2021-12-03,215.43922424316406
2021-12-06,215.0919647216797
2021-12-07,217.72544860839844
2021-12-08,221.5070037841797
2021-12-09,222.0279083251953
2021-12-10,223.27232360839844
2021-12-13,224.15017700195312
2021-12-14,220.01174926757812
2021-12-15,223.8800506591797
2021-12-16,224.58425903320312
2021-12-17,226.03128051757812
2021-12-20,225.98304748535156
2021-12-21,229.2436065673828
2021-12-22,233.03475952148438
2021-12-23,233.9415283203125
2021-12-27,237.80020141601562
2021-12-28,235.62008666992188
2021-12-29,238.3018341064453
2021-12-30,236.49790954589844
2021-12-31,235.40786743164062
2022-01-03,225.7611541748047
2022-01-04,217.16598510742188
2022-01-05,208.90843200683594
2022-01-06,209.73805236816406
2022-01-07,203.63168334960938
2022-01-10,205.08836364746094
2022-01-11,205.28126525878906
2022-01-12,205.2909393310547
2022-01-13,199.68621826171875
2022-01-14,198.89517211914062
2022-01-18,195.53811645507812
2022-01-19,193.80377197265625
2022-01-20,195.1371612548828
2022-01-21,193.5621795654297
2022-01-24,193.31100463867188
2022-01-25,188.65382385253906
2022-01-26,183.42657470703125
2022-01-27,181.32025146484375
2022-01-28,188.70213317871094
2022-01-31,193.0404510498047
2022-02-01,192.1515350341797
2022-02-02,195.34002685546875
2022-02-03,194.1322479248047
2022-02-04,192.7988739013672
2022-02-07,193.55258178710938
2022-02-08,194.4994354248047
2022-02-09,195.4559783935547
2022-02-10,192.63461303710938
2022-02-11,192.1515350341797
2022-02-14,189.79397583007812
2022-02-15,191.07904052734375
2022-02-16,188.49923706054688
2022-02-17,186.5474853515625
2022-02-18,184.85659790039062
2022-02-22,183.67782592773438
2022-02-23,180.74053955078125
2022-02-24,184.49908447265625
2022-02-25,188.13209533691406
2022-02-28,187.1078643798828
2022-03-01,186.03538513183594
2022-03-02,189.4461212158203
2022-03-03,189.25286865234375
2022-03-04,190.19009399414062
2022-03-07,181.7357177734375
2022-03-08,175.26205444335938
2022-03-09,183.1753692626953
2022-03-10,182.82754516601562
2022-03-11,179.0303192138672
2022-03-14,178.421630859375
2022-03-15,182.72125244140625
2022-03-16,185.4363555908203
2022-03-17,187.13687133789062
2022-03-18,189.28187561035156
2022-03-21,188.13209533691406
2022-03-22,190.228759765625
2022-03-23,184.76962280273438
2022-03-24,183.165771484375
2022-03-25,183.03042602539062
2022-03-28,182.97250366210938
2022-03-29,185.78416442871094
2022-03-30,184.85659790039062
2022-03-31,182.2188262939453
2022-04-01,184.6537322998047
2022-04-04,182.36375427246094
2022-04-05,182.03521728515625
2022-04-06,184.91458129882812
2022-04-07,191.24330139160156
2022-04-08,193.33030700683594
2022-04-11,185.99671936035156
2022-04-12,181.5618133544922
2022-04-13,183.11744689941406
2022-04-14,180.972412109375
2022-04-18,176.63412475585938
2022-04-19,179.65835571289062
2022-04-20,181.7538604736328
2022-04-21,178.79208374023438
2022-04-22,176.11094665527344
2022-04-25,174.513916015625
2022-04-26,171.29078674316406
2022-04-27,172.74264526367188
2022-04-28,175.4915008544922
2022-04-29,171.56179809570312
2022-05-02,169.0645751953125
2022-05-03,169.51951599121094
2022-05-04,171.184326171875
2022-05-05,165.94793701171875
2022-05-06,163.77981567382812
2022-05-09,156.61727905273438
2022-05-10,157.43031311035156
2022-05-11,154.7685546875
2022-05-12,157.84654235839844
2022-05-13,160.0242919921875
2022-05-16,160.18887329101562
2022-05-17,161.08900451660156
2022-05-18,153.76197814941406
2022-05-19,153.5393524169922
2022-05-20,157.34320068359375
2022-05-23,157.76910400390625
2022-05-24,157.81748962402344
2022-05-25,157.79812622070312
2022-05-26,160.57601928710938
2022-05-27,166.57705688476562
2022-05-31,165.44459533691406
2022-06-01,161.6601104736328
2022-06-02,167.15782165527344
2022-06-03,163.5862274169922
2022-06-06,165.5220489501953
2022-06-07,168.2031707763672
2022-06-08,165.7930450439453
2022-06-09,161.14715576171875
2022-06-10,156.30755615234375
2022-06-13,150.96470642089844
2022-06-14,152.73597717285156
2022-06-15,152.99732971191406
2022-06-16,152.3391571044922
2022-06-17,153.73292541503906
2022-06-21,156.8108673095703
2022-06-22,158.94029235839844
2022-06-23,163.7410888671875
2022-06-24,169.0065155029297
2022-06-27,168.0289306640625
2022-06-28,164.66061401367188
2022-06-29,168.3386688232422
2022-06-30,166.37380981445312
2022-07-01,168.61935424804688
2022-07-05,168.6580810546875
2022-07-06,172.77169799804688
2022-07-07,173.35244750976562
2022-07-08,172.26832580566406
2022-07-11,171.3585205078125
2022-07-12,168.232177734375
2022-07-13,162.42474365234375
2022-07-14,165.30911254882812
2022-07-15,168.93878173828125
2022-07-18,166.2479705810547
2022-07-19,171.72634887695312
2022-07-20,170.9069366455078
2022-07-21,175.12510681152344
2022-07-22,172.7784423828125
2022-07-25,169.86940002441406
2022-07-26,171.03302001953125
2022-07-27,172.08999633789062
2022-07-28,176.7445068359375
2022-07-29,177.0159912109375
2022-08-01,174.29115295410156
2022-08-02,173.40875244140625
2022-08-03,174.69842529296875
2022-08-04,169.02574157714844
2022-08-05,169.3166961669922
2022-08-08,168.73484802246094
2022-08-09,164.4100799560547
2022-08-10,168.78335571289062
2022-08-11,167.93002319335938
2022-08-12,170.3445281982422
2022-08-15,169.16151428222656
2022-08-16,166.5821533203125
2022-08-17,167.23187255859375
2022-08-18,165.01126098632812
2022-08-19,164.3809814453125
2022-08-22,160.0367889404297
2022-08-23,157.49623107910156
2022-08-24,157.6998748779297
2022-08-25,160.5119171142578
2022-08-26,155.0429229736328
2022-08-29,153.08413696289062
2022-08-30,152.318115234375
2022-08-31,151.78475952148438
2022-09-01,154.5774688720703
2022-09-02,152.22113037109375
2022-09-06,152.0853729248047
2022-09-07,155.53744506835938
2022-09-08,153.68536376953125
2022-09-09,159.32891845703125
2022-09-12,161.3070831298828
2022-09-13,156.10958862304688
2022-09-14,155.37261962890625
2022-09-15,154.35443115234375
2022-09-16,152.5314483642578
2022-09-19,152.42474365234375
2022-09-20,148.30360412597656
2022-09-21,146.65513610839844
2022-09-22,144.92909240722656
2022-09-23,145.50120544433594
2022-09-26,144.09519958496094
2022-09-27,144.8708953857422
2022-09-28,147.64422607421875
2022-09-29,146.37393188476562
2022-09-30,143.7945556640625
2022-10-03,146.76181030273438
2022-10-04,150.0587158203125
2022-10-05,149.90359497070312
2022-10-06,147.96420288085938
2022-10-07,142.9024658203125
2022-10-10,141.3606719970703
2022-10-11,141.81643676757812
2022-10-12,141.43824768066406
2022-10-13,144.13400268554688
2022-10-14,140.99220275878906
2022-10-17,145.24908447265625
2022-10-18,145.86000061035156
2022-10-19,143.63943481445312
2022-10-20,140.05160522460938
2022-10-21,142.747314453125
2022-10-24,144.84182739257812
2022-10-25,147.68301391601562
2022-10-26,147.0720977783203
2022-10-27,146.55819702148438
2022-10-28,148.63330078125
2022-10-31,146.51974487304688
2022-11-01,148.4049530029297
2022-11-02,143.19639587402344
2022-11-03,127.43466186523438
2022-11-04,129.89317321777344
2022-11-07,133.9647979736328
2022-11-08,132.36143493652344
2022-11-09,129.40731811523438
2022-11-10,138.58059692382812
2022-11-11,144.352783203125
2022-11-14,142.31210327148438
2022-11-15,145.58685302734375
2022-11-16,144.0903778076172
2022-11-17,139.54263305664062
2022-11-18,141.5249786376953
2022-11-21,143.16725158691406
2022-11-22,144.43048095703125
2022-11-23,146.218505859375
2022-11-25,145.8589630126953
2022-11-28,143.94464111328125
2022-11-29,143.67257690429688
2022-11-30,149.78480529785156
2022-12-01,152.2141876220703
2022-12-02,152.9721221923828
2022-12-05,150.94119262695312
2022-12-06,148.7256317138672
2022-12-07,146.0047149658203
2022-12-08,149.33779907226562
2022-12-09,149.05599975585938
2022-12-12,148.54100036621094
2022-12-13,150.5913543701172
2022-12-14,147.4915008544922
2022-12-15,144.5082550048828
2022-12-16,140.37832641601562
2022-12-19,139.1442108154297
2022-12-20,138.44454956054688
2022-12-21,140.82533264160156
2022-12-22,140.93222045898438
2022-12-23,141.64157104492188
2022-12-27,141.19459533691406
2022-12-28,139.76611328125
2022-12-29,143.96405029296875
2022-12-30,142.40927124023438
2023-01-03,142.70079040527344
2023-01-04,144.75115966796875
2023-01-05,141.34034729003906
2023-01-06,143.4684600830078
2023-01-09,142.90487670898438
2023-01-10,149.9986114501953
2023-01-11,153.43856811523438
2023-01-12,155.39181518554688
2023-01-13,156.3732452392578
2023-01-17,155.0614013671875
2023-01-18,155.45008850097656
2023-01-19,157.74391174316406
2023-01-20,159.55563354492188
2023-01-23,162.4192657470703
2023-01-24,161.5815887451172
2023-01-25,161.2114715576172
2023-01-26,163.87057495117188
2023-01-27,160.89002990722656
2023-01-30,160.4224853515625
2023-01-31,161.19200134277344
2023-02-01,163.45175170898438
2023-02-02,166.5589141845703
2023-02-03,163.44200134277344
2023-02-06,160.64651489257812
2023-02-07,161.26992797851562
2023-02-08,157.86082458496094
2023-02-09,156.633544921875
2023-02-10,154.21795654296875
2023-02-13,158.90306091308594
2023-02-14,167.4355010986328
2023-02-15,170.47450256347656
2023-02-16,169.4127960205078
2023-02-17,167.56214904785156
2023-02-21,165.42898559570312
2023-02-22,162.10755920410156
2023-02-23,165.0978546142578
2023-02-24,162.01016235351562
2023-02-27,161.17251586914062
2023-02-28,162.66278076171875
2023-03-01,163.21798706054688
2023-03-02,164.20175170898438
2023-03-03,166.1303253173828
2023-03-06,165.263427734375
2023-03-07,162.69200134277344
2023-03-08,164.26019287109375
2023-03-09,163.14004516601562
2023-03-10,157.3348388671875
2023-03-13,159.166015625
2023-03-14,160.28614807128906
2023-03-15,159.32186889648438
2023-03-16,161.99069213867188
2023-03-17,160.198486328125
2023-03-20,161.51344299316406
2023-03-21,161.9225311279297
2023-03-22,157.18875122070312
2023-03-23,157.05238342285156
2023-03-24,159.916015625
2023-03-27,161.40628051757812
2023-03-28,160.753662109375
2023-03-29,158.4355010986328
2023-03-30,159.8867950439453
2023-03-31,162.1173095703125
2023-04-03,163.30563354492188
2023-04-04,162.73097229003906
2023-04-05,163.2958984375
2023-04-06,164.55239868164062
2023-04-10,166.43228149414062
2023-04-11,166.76344299316406
2023-04-12,166.9971923828125
2023-04-13,169.0329132080078
2023-04-14,170.0653839111328
2023-04-17,170.08486938476562
2023-04-18,169.91929626464844
2023-04-19,170.43551635742188
2023-04-20,170.23541259765625
2023-04-21,172.65618896484375
2023-04-24,172.1388702392578
2023-04-25,168.8883819580078
2023-04-26,168.810302734375
2023-04-27,169.796142578125
2023-04-28,171.5824737548828
2023-05-01,175.27218627929688
2023-05-02,172.67572021484375
2023-05-03,173.4858856201172
2023-05-04,174.20823669433594
2023-05-05,181.7829132080078
2023-05-08,180.4553680419922
2023-05-09,179.9673614501953
2023-05-10,180.71896362304688
2023-05-11,180.6994171142578
2023-05-12,179.2352294921875
2023-05-15,179.4597625732422
2023-05-16,177.11705017089844
2023-05-17,174.66700744628906
2023-05-18,175.42837524414062
2023-05-19,175.26243591308594
2023-05-22,175.23316955566406
2023-05-23,168.54672241210938
2023-05-24,165.10101318359375
2023-05-25,161.2941436767578
2023-05-26,160.80609130859375
2023-05-30,157.09681701660156
2023-05-31,159.11740112304688
2023-06-01,162.0360107421875
2023-06-02,167.77561950683594
2023-06-05,167.0337371826172
2023-06-06,166.07711791992188
2023-06-07,159.67379760742188
2023-06-08,160.3765869140625
2023-06-09,159.1954803466797
2023-06-12,161.59677124023438
2023-06-13,162.04576110839844
2023-06-14,161.6943359375
2023-06-15,167.33633422851562
2023-06-16,166.66281127929688
2023-06-20,164.87652587890625
2023-06-21,165.82334899902344
2023-06-22,166.0966796875
2023-06-23,164.34939575195312
2023-06-26,163.53921508789062
2023-06-27,166.594482421875
2023-06-28,165.06198120117188
2023-06-29,167.7658233642578
2023-06-30,168.09771728515625
2023-07-03,166.16497802734375
2023-07-05,165.30599975585938
2023-07-06,164.44700622558594
2023-07-07,163.1487579345703
2023-07-10,166.1552276611328
2023-07-11,166.07711791992188
2023-07-12,167.75607299804688
2023-07-13,166.91661071777344
2023-07-14,168.0781707763672
2023-07-17,166.653076171875
2023-07-18,166.9947052001953
2023-07-19,166.80923461914062
2023-07-20,167.8804473876953
2023-07-21,179.5218048095703
2023-07-24,181.54684448242188
2023-07-25,186.01748657226562
2023-07-26,187.8273162841797
2023-07-27,184.58924865722656
2023-07-28,185.77294921875
2023-07-31,184.00228881835938
2023-08-01,181.47833251953125
2023-08-02,178.0446319580078
2023-08-03,176.94898986816406
2023-08-04,174.7478790283203
2023-08-07,176.7631072998047
2023-08-08,185.1859893798828
2023-08-09,185.2349090576172
2023-08-10,184.9903106689453
2023-08-11,186.6827392578125
2023-08-14,185.52838134765625
2023-08-15,185.03924560546875
2023-08-16,182.22181701660156
2023-08-17,178.7978973388672
2023-08-18,177.6239776611328
2023-08-21,176.8804931640625
2023-08-22,177.86856079101562
2023-08-23,180.2457275390625
2023-08-24,177.61419677734375
2023-08-25,178.84681701660156
2023-08-28,182.91639709472656
2023-08-29,188.58056640625
2023-08-30,188.5120849609375
2023-08-31,186.3696746826172
2023-09-01,188.33599853515625
2023-09-05,186.29141235351562
2023-09-06,182.79901123046875
2023-09-07,183.69900512695312
2023-09-08,181.7424774169922
2023-09-11,182.02618408203125
2023-09-12,183.62075805664062
2023-09-13,178.0446319580078
2023-09-14,178.7685546875
2023-09-15,176.33267211914062
2023-09-18,175.74569702148438
2023-09-19,178.02505493164062
2023-09-20,177.5359344482422
2023-09-21,172.79136657714844
2023-09-22,172.8402557373047
2023-09-25,173.85763549804688
2023-09-26,173.026123046875
2023-09-27,170.88369750976562
2023-09-28,170.228271484375
2023-09-29,170.19894409179688
2023-10-02,168.97607421875
2023-10-03,166.6282501220703
2023-10-04,167.27391052246094
2023-10-05,168.26197814941406
2023-10-06,171.76417541503906
2023-10-09,170.80545043945312
2023-10-10,171.81304931640625
2023-10-11,173.10438537597656
2023-10-12,170.52175903320312
2023-10-13,170.5902557373047
2023-10-16,171.3728485107422
2023-10-17,170.47283935546875
2023-10-18,165.8554229736328
2023-10-19,164.38800048828125
2023-10-20,163.4586639404297
2023-10-23,162.88148498535156
2023-10-24,163.48800659179688
2023-10-25,160.11300659179688
2023-10-26,154.63470458984375
2023-10-27,152.6390380859375
2023-10-30,153.5879669189453
2023-10-31,153.95567321777344
2023-11-01,148.5034942626953
2023-11-02,157.7898712158203
2023-11-03,159.08424377441406
2023-11-06,160.00604248046875
2023-11-07,163.91868591308594
2023-11-08,167.55673217773438
2023-11-09,167.32139587402344
2023-11-10,166.03680419921875
2023-11-13,165.55630493164062
2023-11-14,169.3022003173828
2023-11-15,171.23402404785156
2023-11-16,173.11679077148438
2023-11-17,171.41053771972656
2023-11-20,172.64608764648438
2023-11-21,175.26434326171875
2023-11-22,175.872314453125
2023-11-24,176.7156219482422
2023-11-27,175.3231658935547
2023-11-28,173.53846740722656
2023-11-29,172.38133239746094
2023-11-30,173.24427795410156
2023-12-01,175.65658569335938
2023-12-04,178.58859252929688
2023-12-05,176.16647338867188
2023-12-06,178.47091674804688
2023-12-07,178.30422973632812
2023-12-08,181.0205078125
2023-12-11,185.78627014160156
2023-12-12,187.75729370117188
2023-12-13,193.58212280273438
2023-12-14,196.2101287841797
2023-12-15,192.4838104248047
2023-12-18,192.90550231933594
2023-12-19,194.2391357421875
2023-12-20,190.8560028076172
2023-12-21,190.8854522705078
2023-12-22,191.19921875
2023-12-26,191.7091522216797
2023-12-27,193.0819854736328
2023-12-28,193.33697509765625
2023-12-29,193.54287719726562
2024-01-02,192.7584228515625
2024-01-03,189.18898010253906
2024-01-04,190.27745056152344
2024-01-05,191.07176208496094
2024-01-08,192.34652709960938
2024-01-09,192.140625
2024-01-10,194.91574096679688
2024-01-11,192.89569091796875
2024-01-12,195.0824432373047
2024-01-16,189.24783325195312
2024-01-17,187.1983184814453
2024-01-18,187.22979736328125
2024-01-19,185.14617919921875
2024-01-22,187.9177703857422
2024-01-23,184.87100219726562
2024-01-24,182.87583923339844
2024-01-25,184.1043701171875
2024-01-26,188.23228454589844
2024-01-29,189.45098876953125
2024-01-30,188.14382934570312
2024-01-31,184.5859832763672
2024-02-01,185.8931121826172
2024-02-02,185.79486083984375
2024-02-05,186.9054412841797
2024-02-06,192.77297973632812
2024-02-07,193.7066650390625
2024-02-08,192.38966369628906
2024-02-09,193.93270874023438
2024-02-12,193.3135223388672
2024-02-13,180.3401336669922
2024-02-14,180.92001342773438
2024-02-15,186.3943634033203
2024-02-16,185.15602111816406
2024-02-20,183.34759521484375
2024-02-21,185.14617919921875
2024-02-22,193.28404235839844
2024-02-23,193.82460021972656
2024-02-26,193.65753173828125
2024-02-27,195.58387756347656
2024-02-28,196.50775146484375
2024-02-29,194.9253692626953
2024-03-01,187.54429626464844
2024-03-04,184.63510131835938
2024-03-05,182.0502471923828
2024-03-06,180.37942504882812
2024-03-07,178.3941192626953
2024-03-08,179.032958984375
2024-03-11,180.3401336669922
2024-03-12,178.2368621826172
2024-03-13,173.2047576904297
2024-03-14,170.8950958251953
2024-03-15,169.60760498046875
2024-03-18,167.75987243652344
2024-03-19,169.9908905029297
2024-03-20,168.0547332763672
2024-03-21,165.4305419921875
2024-03-22,166.00057983398438
2024-03-25,164.92930603027344
2024-03-26,162.82601928710938
2024-03-27,165.6172637939453
2024-03-28,166.30526733398438
2024-04-01,164.1528778076172
2024-04-02,162.17735290527344
2024-04-03,160.17237854003906
2024-04-04,162.67860412597656
2024-04-05,163.0127716064453
2024-04-08,162.84568786621094
2024-04-09,164.2707977294922
2024-04-10,160.3984375
2024-04-11,159.93649291992188
2024-04-12,147.4053497314453
2024-04-15,147.19898986816406
2024-04-16,150.39317321777344
2024-04-17,149.33172607421875
2024-04-18,150.91070556640625
2024-04-19,144.39566040039062
2024-04-22,143.44943237304688
2024-04-23,147.41171264648438
2024-04-24,148.71275329589844
2024-04-25,151.15711975097656
2024-04-26,156.14442443847656
2024-04-29,157.4060516357422
2024-04-30,156.95266723632812
2024-05-01,156.22329711914062
2024-05-02,164.827880859375
2024-05-03,164.67019653320312
2024-05-06,163.56626892089844
2024-05-07,166.03036499023438
2024-05-08,162.55108642578125
2024-05-09,165.7149658203125
2024-05-10,166.61190795898438
2024-05-13,165.4981231689453
2024-05-14,166.4443359375
2024-05-15,170.79098510742188
2024-05-16,171.21481323242188
2024-05-17,171.55978393554688
2024-05-20,171.88504028320312
2024-05-21,170.3080291748047
2024-05-22,169.57864379882812
2024-05-23,168.4451904296875
2024-05-24,167.62710571289062
2024-05-28,168.83941650390625
2024-05-29,168.34661865234375
2024-05-30,167.00613403320312
2024-05-31,167.12442016601562
2024-06-03,169.89407348632812
2024-06-04,169.41110229492188
2024-06-05,173.2945098876953
2024-06-06,174.24072265625
2024-06-07,174.3787078857422
2024-06-10,176.26126098632812
2024-06-11,175.97543334960938
2024-06-12,173.32408142089844
2024-06-13,168.85914611816406
2024-06-14,168.1002197265625
2024-06-17,168.4451904296875
2024-06-18,167.2229766845703
2024-06-20,165.76425170898438
2024-06-21,168.6324462890625
2024-06-24,169.3716583251953
2024-06-25,165.5670928955078
2024-06-26,168.4451904296875
2024-06-27,173.92532348632812
2024-06-28,170.86984252929688
2024-07-01,170.10104370117188
2024-07-02,172.29901123046875
2024-07-03,173.07769775390625
2024-07-05,172.44688415527344
2024-07-08,172.91009521484375
2024-07-09,171.73721313476562
2024-07-10,170.9980010986328
2024-07-11,175.1869354248047
2024-07-12,176.46823120117188
2024-07-15,175.42347717285156
2024-07-16,180.2826690673828
2024-07-17,179.43502807617188
2024-07-18,177.07571411132812
2024-07-19,176.43353271484375
2024-07-22,178.58731079101562
2024-07-23,177.22393798828125
2024-07-24,177.5005645751953
2024-07-25,178.58731079101562
2024-07-26,177.6783905029297
2024-07-29,179.6444854736328
2024-07-30,179.6444854736328
2024-07-31,177.87596130371094
2024-08-01,180.2273712158203
2024-08-02,178.41937255859375
2024-08-05,172.71873474121094
2024-08-06,183.06288146972656
2024-08-07,182.5491485595703
2024-08-08,186.03672790527344
2024-08-09,183.02337646484375
2024-08-12,181.6006622314453
2024-08-13,186.11573791503906
2024-08-14,181.1758575439453
2024-08-15,181.867431640625
2024-08-16,181.5018768310547
2024-08-19,182.26260375976562
2024-08-20,181.39320373535156
2024-08-21,180.7016143798828
2024-08-22,179.98037719726562
2024-08-23,178.72564697265625
2024-08-26,179.37771606445312
2024-08-27,179.91122436523438
2024-08-28,180.71148681640625
2024-08-29,180.6917266845703
2024-08-30,181.28453063964844
2024-09-03,181.36355590820312
2024-09-04,185.07835388183594
2024-09-05,184.3472442626953
2024-09-06,186.95553588867188
2024-09-09,189.42547607421875
2024-09-10,189.05992126464844
2024-09-11,187.70640563964844
2024-09-12,188.41773986816406
2024-09-13,188.7931671142578
2024-09-16,191.91517639160156
2024-09-17,193.35763549804688
2024-09-18,194.11837768554688
2024-09-19,190.91734313964844
2024-09-20,190.3245391845703
2024-09-23,191.26312255859375
2024-09-24,191.3619384765625
2024-09-25,189.22787475585938
2024-09-26,192.52772521972656
2024-09-27,192.4684600830078
2024-09-30,193.0316162109375
2024-10-01,192.08316040039062
2024-10-02,190.14671325683594
2024-10-03,188.69436645507812
2024-10-04,187.74591064453125
2024-10-07,185.02894592285156
2024-10-08,185.1178741455078
2024-10-09,187.88421630859375
2024-10-10,187.99290466308594
2024-10-11,187.79530334472656
2024-10-14,190.33441162109375
2024-10-15,190.07752990722656
2024-10-16,192.1029052734375
2024-10-17,188.70423889160156
2024-10-18,190.95684814453125
2024-10-21,187.17286682128906
2024-10-22,187.23216247558594
2024-10-23,186.71841430664062
2024-10-24,179.3184356689453
2024-10-25,177.84634399414062
2024-10-28,180.56329345703125
2024-10-29,179.09120178222656
2024-10-30,180.5435333251953
2024-10-31,177.0496826171875
2024-11-01,180.18899536132812
2024-11-04,173.48451232910156
2024-11-05,173.5736541748047
2024-11-06,168.7210693359375
2024-11-07,172.5635223388672
2024-11-08,175.10867309570312
2024-11-11,174.4451141357422
2024-11-12,172.27633666992188
2024-11-13,175.32652282714844
2024-11-14,172.93983459472656
2024-11-15,173.4449005126953
2024-11-18,174.7125244140625
2024-11-19,173.86083984375
2024-11-20,173.9697723388672
2024-11-21,174.99972534179688
2024-11-22,175.24729919433594
2024-11-25,176.98036193847656
2024-11-26,173.99948120117188
2024-11-27,175.0294189453125
2024-11-29,173.55384826660156
2024-12-02,175.0987548828125
2024-12-03,175.22747802734375
2024-12-04,173.6231689453125
2024-12-05,173.07850646972656
2024-12-06,174.75213623046875
2024-12-09,176.42578125
2024-12-10,174.99972534179688
2024-12-11,175.45526123046875
2024-12-12,177.10910034179688
2024-12-13,176.4554901123047
2024-12-16,174.10841369628906
2024-12-17,169.1370086669922
2024-12-18,165.39358520507812
2024-12-19,161.9373779296875
2024-12-20,163.2445831298828
2024-12-23,162.6900177001953
2024-12-24,163.10595703125
2024-12-26,163.9180145263672
2024-12-27,163.00692749023438
2024-12-30,160.6697540283203
2024-12-31,161.3530731201172
